$ ./mvnw -q -B -DskipTests test-compile
############################################################################################
# Thanks for using OpenAPI Generator.                                                      #
# We appreciate your support! Please consider donation to help us maintain this project.   #
# https://opencollective.com/openapi_generator/donate                                      #
############################################################################################

$ ./mvnw -q -B -Dgroups=cp01,cp02,cp03,cp04,cp05,cp06,cp07,cp08,cp09,cp10,cp11,cp12,cp13,cp14,cp15,cp16,cp17,cp18,cp19,cp20,cp21,cp22,cp23,cp24,cp25,cp26,cp27,cp28,cp29,cp30 test
############################################################################################
# Thanks for using OpenAPI Generator.                                                      #
# We appreciate your support! Please consider donation to help us maintain this project.   #
# https://opencollective.com/openapi_generator/donate                                      #
############################################################################################
INFO  AnnotationConfigContextLoaderUtils - Could not detect default configuration classes for test class [org.springframework.samples.petclinic.acceptance.Cp17Tests]: Cp17Tests does not declare any static, non-private, non-final, nested classes annotated with @Configuration.
INFO  SpringBootTestContextBootstrapper - Found @SpringBootConfiguration org.springframework.samples.petclinic.PetClinicApplication for test class org.springframework.samples.petclinic.acceptance.Cp17Tests
INFO  AnnotationConfigContextLoaderUtils - Could not detect default configuration classes for test class [org.springframework.samples.petclinic.acceptance.Cp17Tests]: Cp17Tests does not declare any static, non-private, non-final, nested classes annotated with @Configuration.
INFO  AnnotationConfigContextLoaderUtils - Could not detect default configuration classes for test class [org.springframework.samples.petclinic.acceptance.AcceptanceBase]: AcceptanceBase does not declare any static, non-private, non-final, nested classes annotated with @Configuration.
INFO  SpringBootTestContextBootstrapper - Found @SpringBootConfiguration org.springframework.samples.petclinic.PetClinicApplication for test class org.springframework.samples.petclinic.acceptance.Cp17Tests

  .   ____          _            __ _ _
 /\\ / ___'_ __ _ _(_)_ __  __ _ \ \ \ \
( ( )\___ | '_ | '_| | '_ \/ _` | \ \ \ \
 \\/  ___)| |_)| | | | | || (_| |  ) ) ) )
  '  |____| .__|_| |_|_| |_\__, | / / / /
 =========|_|==============|___/=/_/_/_/

 :: Spring Boot ::                (v4.1.0)

INFO  Cp17Tests - Starting Cp17Tests using Java 17.0.20 with PID 800944 (started by daniel in /home/daniel/sandbox)
DEBUG Cp17Tests - Running with Spring Boot v4.1.0, Spring v7.0.8
INFO  Cp17Tests - The following 2 profiles are active: "hsqldb", "spring-data-jpa"
INFO  Version - HV000001: Hibernate Validator 9.1.0.Final
INFO  RepositoryConfigurationDelegate - Bootstrapping Spring Data JPA repositories in DEFAULT mode.
INFO  RepositoryConfigurationDelegate - Finished Spring Data repository scanning in 69 ms. Found 7 JPA repository interfaces.
INFO  HikariDataSource - HikariPool-1 - Starting...
INFO  PoolBase - HikariPool-1 - Driver does not support get/set network timeout for connections. (feature not supported)
INFO  HikariPool - HikariPool-1 - Added connection org.hsqldb.jdbc.JDBCConnection@362a2806
INFO  HikariDataSource - HikariPool-1 - Start completed.
INFO  jpa - HHH008540: Processing PersistenceUnitInfo [name: default]
INFO  core - HHH000001: Hibernate ORM core version 7.4.1.Final
INFO  SpringPersistenceUnitInfo - No LoadTimeWeaver setup: ignoring JPA class transformer
INFO  pooling - HHH10001005: Database info:
	Database JDBC URL [jdbc:hsqldb:mem:petclinic]
	Database driver: HSQL Database Engine Driver
	Database dialect: HSQLDialect
	Database version: 2.7.3
	Default catalog/schema: PUBLIC/PUBLIC
	Autocommit mode: undefined/unknown
	Isolation level: READ_COMMITTED [default READ_COMMITTED]
	JDBC fetch size: none
	Pool: DataSourceConnectionProvider
	Minimum pool size: undefined/unknown
	Maximum pool size: undefined/unknown
INFO  core - HHH000489: No JTA platform available (set 'hibernate.transaction.jta.platform' to enable JTA platform integration)
INFO  LocalContainerEntityManagerFactoryBean - Initialized JPA EntityManagerFactory for persistence unit 'default'
INFO  QueryEnhancerFactories - Hibernate is in classpath; If applicable, HQL parser will be used.
WARN  InitializeUserDetailsBeanManagerConfigurer$InitializeUserDetailsManagerConfigurer - Global AuthenticationManager configured with an AuthenticationProvider bean. UserDetailsService beans will not be used by Spring Security for automatically configuring username/password login. Consider removing the AuthenticationProvider bean. Alternatively, consider using the UserDetailsService in a manually instantiated DaoAuthenticationProvider. If the current configuration is intentional, to turn off this warning, increase the logging level of 'org.springframework.security.config.annotation.authentication.configuration.InitializeUserDetailsBeanManagerConfigurer' to ERROR
WARN  UserDetailsServiceAutoConfiguration - 

Using generated security password: ce979f5d-fa2b-4fe6-9890-af6a073762fa

This generated password is for development use only. Your security configuration must be updated before running your application in production.

INFO  SpringBootMockServletContext - Initializing Spring TestDispatcherServlet ''
INFO  TestDispatcherServlet - Initializing Servlet ''
INFO  EndpointLinksResolver - Exposing 1 endpoint beneath base path '/actuator'
INFO  TestDispatcherServlet - Completed initialization in 22 ms
INFO  Cp17Tests - Started Cp17Tests in 7.344 seconds (process running for 9.094)
WARN  SpringDocAppInitializer - SpringDoc /v3/api-docs endpoint is enabled by default. To disable it in production, set the property 'springdoc.api-docs.enabled=false'
WARN  SpringDocAppInitializer - SpringDoc /swagger-ui.html endpoint is enabled by default. To disable it in production, set the property 'springdoc.swagger-ui.enabled=false'
INFO  AUDIT - owner created id=11 customerCode=TOW-SUR-0001 registrationDate=2026-09-02
INFO  AUDIT - owner created id=12 customerCode=SYD-SUR-0001 registrationDate=2026-09-02
INFO  AnnotationConfigContextLoaderUtils - Could not detect default configuration classes for test class [org.springframework.samples.petclinic.acceptance.Cp10Tests]: Cp10Tests does not declare any static, non-private, non-final, nested classes annotated with @Configuration.
INFO  SpringBootTestContextBootstrapper - Found @SpringBootConfiguration org.springframework.samples.petclinic.PetClinicApplication for test class org.springframework.samples.petclinic.acceptance.Cp10Tests
INFO  AnnotationConfigContextLoaderUtils - Could not detect default configuration classes for test class [org.springframework.samples.petclinic.acceptance.Cp10Tests]: Cp10Tests does not declare any static, non-private, non-final, nested classes annotated with @Configuration.
INFO  AnnotationConfigContextLoaderUtils - Could not detect default configuration classes for test class [org.springframework.samples.petclinic.acceptance.AcceptanceBase]: AcceptanceBase does not declare any static, non-private, non-final, nested classes annotated with @Configuration.
INFO  SpringBootTestContextBootstrapper - Found @SpringBootConfiguration org.springframework.samples.petclinic.PetClinicApplication for test class org.springframework.samples.petclinic.acceptance.Cp10Tests
INFO  AUDIT - owner created id=13 customerCode=TOW-SUR-0001 registrationDate=2026-09-02
INFO  AnnotationConfigContextLoaderUtils - Could not detect default configuration classes for test class [org.springframework.samples.petclinic.acceptance.Cp29Tests]: Cp29Tests does not declare any static, non-private, non-final, nested classes annotated with @Configuration.
INFO  SpringBootTestContextBootstrapper - Found @SpringBootConfiguration org.springframework.samples.petclinic.PetClinicApplication for test class org.springframework.samples.petclinic.acceptance.Cp29Tests
INFO  AnnotationConfigContextLoaderUtils - Could not detect default configuration classes for test class [org.springframework.samples.petclinic.acceptance.Cp29Tests]: Cp29Tests does not declare any static, non-private, non-final, nested classes annotated with @Configuration.
INFO  AnnotationConfigContextLoaderUtils - Could not detect default configuration classes for test class [org.springframework.samples.petclinic.acceptance.AcceptanceBase]: AcceptanceBase does not declare any static, non-private, non-final, nested classes annotated with @Configuration.
INFO  SpringBootTestContextBootstrapper - Found @SpringBootConfiguration org.springframework.samples.petclinic.PetClinicApplication for test class org.springframework.samples.petclinic.acceptance.Cp29Tests
DEBUG ExceptionControllerAdvice - Validation error at POST /api/owners: [Field error in object 'ownerFieldsDto' on field 'postcode': rejected value [12]; codes [Pattern.ownerFieldsDto.postcode,Pattern.postcode,Pattern.java.lang.String,Pattern]; arguments [org.springframework.context.support.DefaultMessageSourceResolvable: codes [ownerFieldsDto.postcode,postcode]; arguments []; default message [postcode],[Ljakarta.validation.constraints.Pattern$Flag;@3ef124e,^[0-9]{4}$]; default message [must match "^[0-9]{4}$"]]
INFO  AUDIT - owner created id=14 customerCode=TOW-SUR-0001 registrationDate=2026-09-02
INFO  AUDIT - owner created id=15 customerCode=TOW-SUR-0001 registrationDate=2026-09-02
INFO  AnnotationConfigContextLoaderUtils - Could not detect default configuration classes for test class [org.springframework.samples.petclinic.acceptance.Cp11Tests]: Cp11Tests does not declare any static, non-private, non-final, nested classes annotated with @Configuration.
INFO  SpringBootTestContextBootstrapper - Found @SpringBootConfiguration org.springframework.samples.petclinic.PetClinicApplication for test class org.springframework.samples.petclinic.acceptance.Cp11Tests
INFO  AnnotationConfigContextLoaderUtils - Could not detect default configuration classes for test class [org.springframework.samples.petclinic.acceptance.Cp11Tests]: Cp11Tests does not declare any static, non-private, non-final, nested classes annotated with @Configuration.
INFO  AnnotationConfigContextLoaderUtils - Could not detect default configuration classes for test class [org.springframework.samples.petclinic.acceptance.AcceptanceBase]: AcceptanceBase does not declare any static, non-private, non-final, nested classes annotated with @Configuration.
INFO  SpringBootTestContextBootstrapper - Found @SpringBootConfiguration org.springframework.samples.petclinic.PetClinicApplication for test class org.springframework.samples.petclinic.acceptance.Cp11Tests
INFO  AUDIT - owner created id=16 customerCode=TOW-SUR-0001 registrationDate=2026-09-02
INFO  AUDIT - owner created id=17 customerCode=TOW-SUR-0001 registrationDate=2026-09-02

MockHttpServletRequest:
      HTTP Method = POST
      Request URI = /api/owners
       Parameters = {}
          Headers = [Content-Type:"application/json;charset=UTF-8", Content-Length:"130"]
             Body = {"firstName":"Test","lastName":"Surac","address":"30 Test Street","city":"Town31","telephone":"0400000032","sharesHousehold":true}
    Session Attrs = {SPRING_SECURITY_CONTEXT=SecurityContextImpl [Authentication=UsernamePasswordAuthenticationToken [Principal=org.springframework.security.core.userdetails.User [Username=acceptance-admin, Password=[PROTECTED], Enabled=true, AccountNonExpired=true, CredentialsNonExpired=true, AccountNonLocked=true, Granted Authorities=[ROLE_ADMIN, ROLE_OWNER_ADMIN, ROLE_VET_ADMIN]], Credentials=[PROTECTED], Authenticated=true, Details=null, Granted Authorities=[ROLE_ADMIN, ROLE_OWNER_ADMIN, ROLE_VET_ADMIN]]]}

Handler:
             Type = org.springframework.samples.petclinic.rest.controller.v1.OwnerRestControllerV1
           Method = org.springframework.samples.petclinic.rest.controller.v1.OwnerRestControllerV1#addOwner(OwnerFieldsDto)

Async:
    Async started = false
     Async result = null

Resolved Exception:
             Type = null

ModelAndView:
        View name = null
             View = null
            Model = null

FlashMap:
       Attributes = null

MockHttpServletResponse:
           Status = 201
    Error message = null
          Headers = [Vary:"Origin", "Access-Control-Request-Method", "Access-Control-Request-Headers", Location:"/api/owners/16", Content-Type:"application/json", X-Content-Type-Options:"nosniff", X-XSS-Protection:"0", Cache-Control:"no-cache, no-store, max-age=0, must-revalidate", Pragma:"no-cache", Expires:"0", X-Frame-Options:"DENY"]
     Content type = application/json
             Body = {"firstName":"Test","lastName":"Surac","address":"30 TEST STREET","city":"Town31","telephone":"+61400000032","pets":[],"bulkSignupWarning":false,"contactPreference":"PHONE","customerCode":"TOW-SUR-0001","displayName":"Surac, Test","email":null,"householdId":"b1bb295c-e4b2-34bf-b800-c2a4808efeae","id":16,"identityKey":"+61400000032||","initials":"T.S.","locality":"UNKNOWN","membershipLevel":2,"membershipNumber":"TOW-SUR-0001-M26","namesakeCount":0,"postcode":null,"registrationDate":"2026-09-02","sharesHousehold":null}
    Forwarded URL = null
   Redirected URL = /api/owners/16
          Cookies = []

MockHttpServletRequest:
      HTTP Method = POST
      Request URI = /api/owners
       Parameters = {}
          Headers = [Content-Type:"application/json;charset=UTF-8", Content-Length:"130"]
             Body = {"firstName":"Test","lastName":"Surac","address":"30 Test Street","city":"Town35","telephone":"0400000036","sharesHousehold":true}
    Session Attrs = {SPRING_SECURITY_CONTEXT=SecurityContextImpl [Authentication=UsernamePasswordAuthenticationToken [Principal=org.springframework.security.core.userdetails.User [Username=acceptance-admin, Password=[PROTECTED], Enabled=true, AccountNonExpired=true, CredentialsNonExpired=true, AccountNonLocked=true, Granted Authorities=[ROLE_ADMIN, ROLE_OWNER_ADMIN, ROLE_VET_ADMIN]], Credentials=[PROTECTED], Authenticated=true, Details=null, Granted Authorities=[ROLE_ADMIN, ROLE_OWNER_ADMIN, ROLE_VET_ADMIN]]]}

Handler:
             Type = org.springframework.samples.petclinic.rest.controller.v1.OwnerRestControllerV1
           Method = org.springframework.samples.petclinic.rest.controller.v1.OwnerRestControllerV1#addOwner(OwnerFieldsDto)

Async:
    Async started = false
     Async result = null

Resolved Exception:
             Type = null

ModelAndView:
        View name = null
             View = null
            Model = null

FlashMap:
       Attributes = null

MockHttpServletResponse:
           Status = 201
    Error message = null
          Headers = [Vary:"Origin", "Access-Control-Request-Method", "Access-Control-Request-Headers", Location:"/api/owners/17", Content-Type:"application/json", X-Content-Type-Options:"nosniff", X-XSS-Protection:"0", Cache-Control:"no-cache, no-store, max-age=0, must-revalidate", Pragma:"no-cache", Expires:"0", X-Frame-Options:"DENY"]
     Content type = application/json
             Body = {"firstName":"Test","lastName":"Surac","address":"30 TEST STREET","city":"Town35","telephone":"+61400000036","pets":[],"bulkSignupWarning":false,"contactPreference":"PHONE","customerCode":"TOW-SUR-0001","displayName":"Surac, Test","email":null,"householdId":"b1bb295c-e4b2-34bf-b800-c2a4808efeae","id":17,"identityKey":"+61400000036||","initials":"T.S.","locality":"UNKNOWN","membershipLevel":1,"membershipNumber":"TOW-SUR-0001-M26","namesakeCount":1,"postcode":null,"registrationDate":"2026-09-02","sharesHousehold":null}
    Forwarded URL = null
   Redirected URL = /api/owners/17
          Cookies = []

MockHttpServletRequest:
      HTTP Method = GET
      Request URI = /api/owners/16
       Parameters = {}
          Headers = []
             Body = null
    Session Attrs = {SPRING_SECURITY_CONTEXT=SecurityContextImpl [Authentication=UsernamePasswordAuthenticationToken [Principal=org.springframework.security.core.userdetails.User [Username=acceptance-admin, Password=[PROTECTED], Enabled=true, AccountNonExpired=true, CredentialsNonExpired=true, AccountNonLocked=true, Granted Authorities=[ROLE_ADMIN, ROLE_OWNER_ADMIN, ROLE_VET_ADMIN]], Credentials=[PROTECTED], Authenticated=true, Details=null, Granted Authorities=[ROLE_ADMIN, ROLE_OWNER_ADMIN, ROLE_VET_ADMIN]]]}

Handler:
             Type = org.springframework.samples.petclinic.rest.controller.v1.OwnerRestControllerV1
           Method = org.springframework.samples.petclinic.rest.controller.v1.OwnerRestControllerV1#getOwner(Integer)

Async:
    Async started = false
     Async result = null

Resolved Exception:
             Type = null

ModelAndView:
        View name = null
             View = null
            Model = null

FlashMap:
       Attributes = null

MockHttpServletResponse:
           Status = 200
    Error message = null
          Headers = [Vary:"Origin", "Access-Control-Request-Method", "Access-Control-Request-Headers", Content-Type:"application/json", X-Content-Type-Options:"nosniff", X-XSS-Protection:"0", Cache-Control:"no-cache, no-store, max-age=0, must-revalidate", Pragma:"no-cache", Expires:"0", X-Frame-Options:"DENY"]
     Content type = application/json
             Body = {"firstName":"Test","lastName":"Surac","address":"30 TEST STREET","city":"Town31","telephone":"+61400000032","pets":[],"bulkSignupWarning":false,"contactPreference":"PHONE","customerCode":"TOW-SUR-0001","displayName":"Surac, Test","email":null,"householdId":"b1bb295c-e4b2-34bf-b800-c2a4808efeae","id":16,"identityKey":"+61400000032||","initials":"T.S.","locality":"UNKNOWN","membershipLevel":2,"membershipNumber":"TOW-SUR-0001-M26","namesakeCount":0,"postcode":null,"registrationDate":"2026-09-02","sharesHousehold":null}
    Forwarded URL = null
   Redirected URL = null
          Cookies = []

MockHttpServletRequest:
      HTTP Method = GET
      Request URI = /api/owners/17
       Parameters = {}
          Headers = []
             Body = null
    Session Attrs = {SPRING_SECURITY_CONTEXT=SecurityContextImpl [Authentication=UsernamePasswordAuthenticationToken [Principal=org.springframework.security.core.userdetails.User [Username=acceptance-admin, Password=[PROTECTED], Enabled=true, AccountNonExpired=true, CredentialsNonExpired=true, AccountNonLocked=true, Granted Authorities=[ROLE_ADMIN, ROLE_OWNER_ADMIN, ROLE_VET_ADMIN]], Credentials=[PROTECTED], Authenticated=true, Details=null, Granted Authorities=[ROLE_ADMIN, ROLE_OWNER_ADMIN, ROLE_VET_ADMIN]]]}

Handler:
             Type = org.springframework.samples.petclinic.rest.controller.v1.OwnerRestControllerV1
           Method = org.springframework.samples.petclinic.rest.controller.v1.OwnerRestControllerV1#getOwner(Integer)

Async:
    Async started = false
     Async result = null

Resolved Exception:
             Type = null

ModelAndView:
        View name = null
             View = null
            Model = null

FlashMap:
       Attributes = null

MockHttpServletResponse:
           Status = 200
    Error message = null
          Headers = [Vary:"Origin", "Access-Control-Request-Method", "Access-Control-Request-Headers", Content-Type:"application/json", X-Content-Type-Options:"nosniff", X-XSS-Protection:"0", Cache-Control:"no-cache, no-store, max-age=0, must-revalidate", Pragma:"no-cache", Expires:"0", X-Frame-Options:"DENY"]
     Content type = application/json
             Body = {"firstName":"Test","lastName":"Surac","address":"30 TEST STREET","city":"Town35","telephone":"+61400000036","pets":[],"bulkSignupWarning":false,"contactPreference":"PHONE","customerCode":"TOW-SUR-0001","displayName":"Surac, Test","email":null,"householdId":"b1bb295c-e4b2-34bf-b800-c2a4808efeae","id":17,"identityKey":"+61400000036||","initials":"T.S.","locality":"UNKNOWN","membershipLevel":1,"membershipNumber":"TOW-SUR-0001-M26","namesakeCount":1,"postcode":null,"registrationDate":"2026-09-02","sharesHousehold":null}
    Forwarded URL = null
   Redirected URL = null
          Cookies = []
[ERROR] Tests run: 1, Failures: 1, Errors: 0, Skipped: 0, Time elapsed: 0.089 s <<< FAILURE! -- in org.springframework.samples.petclinic.acceptance.Cp11Tests
[ERROR] org.springframework.samples.petclinic.acceptance.Cp11Tests.coreSharedHouseholdAndIdentityKey -- Time elapsed: 0.078 s <<< FAILURE!
org.opentest4j.AssertionFailedError: expected: <+61400000036||b1bb295c-e4b2-34bf-b800-c2a4808efeae> but was: <+61400000036||>
	at org.junit.jupiter.api.AssertionFailureBuilder.build(AssertionFailureBuilder.java:158)
	at org.junit.jupiter.api.AssertionFailureBuilder.buildAndThrow(AssertionFailureBuilder.java:139)
	at org.junit.jupiter.api.AssertEquals.failNotEqual(AssertEquals.java:201)
	at org.junit.jupiter.api.AssertEquals.assertEquals(AssertEquals.java:184)
	at org.junit.jupiter.api.AssertEquals.assertEquals(AssertEquals.java:179)
	at org.junit.jupiter.api.Assertions.assertEquals(Assertions.java:1188)
	at org.springframework.samples.petclinic.acceptance.Cp11Tests.coreSharedHouseholdAndIdentityKey(Cp11Tests.java:27)

INFO  AnnotationConfigContextLoaderUtils - Could not detect default configuration classes for test class [org.springframework.samples.petclinic.acceptance.Cp21Tests]: Cp21Tests does not declare any static, non-private, non-final, nested classes annotated with @Configuration.
INFO  SpringBootTestContextBootstrapper - Found @SpringBootConfiguration org.springframework.samples.petclinic.PetClinicApplication for test class org.springframework.samples.petclinic.acceptance.Cp21Tests
INFO  AnnotationConfigContextLoaderUtils - Could not detect default configuration classes for test class [org.springframework.samples.petclinic.acceptance.Cp21Tests]: Cp21Tests does not declare any static, non-private, non-final, nested classes annotated with @Configuration.
INFO  AnnotationConfigContextLoaderUtils - Could not detect default configuration classes for test class [org.springframework.samples.petclinic.acceptance.AcceptanceBase]: AcceptanceBase does not declare any static, non-private, non-final, nested classes annotated with @Configuration.
INFO  SpringBootTestContextBootstrapper - Found @SpringBootConfiguration org.springframework.samples.petclinic.PetClinicApplication for test class org.springframework.samples.petclinic.acceptance.Cp21Tests
INFO  AUDIT - owner created id=18 customerCode=TOW-SUR-0001 registrationDate=2026-09-02

MockHttpServletRequest:
      HTTP Method = POST
      Request URI = /api/owners
       Parameters = {}
          Headers = [Content-Type:"application/json;charset=UTF-8", Content-Length:"138"]
             Body = {"firstName":"Test","lastName":"Surak","address":"38 Test Street","city":"Town39","telephone":"0400000040","email":"owner41@example.test"}
    Session Attrs = {SPRING_SECURITY_CONTEXT=SecurityContextImpl [Authentication=UsernamePasswordAuthenticationToken [Principal=org.springframework.security.core.userdetails.User [Username=acceptance-admin, Password=[PROTECTED], Enabled=true, AccountNonExpired=true, CredentialsNonExpired=true, AccountNonLocked=true, Granted Authorities=[ROLE_ADMIN, ROLE_OWNER_ADMIN, ROLE_VET_ADMIN]], Credentials=[PROTECTED], Authenticated=true, Details=null, Granted Authorities=[ROLE_ADMIN, ROLE_OWNER_ADMIN, ROLE_VET_ADMIN]]]}

Handler:
             Type = org.springframework.samples.petclinic.rest.controller.v1.OwnerRestControllerV1
           Method = org.springframework.samples.petclinic.rest.controller.v1.OwnerRestControllerV1#addOwner(OwnerFieldsDto)

Async:
    Async started = false
     Async result = null

Resolved Exception:
             Type = null

ModelAndView:
        View name = null
             View = null
            Model = null

FlashMap:
       Attributes = null

MockHttpServletResponse:
           Status = 201
    Error message = null
          Headers = [Vary:"Origin", "Access-Control-Request-Method", "Access-Control-Request-Headers", Location:"/api/owners/18", Content-Type:"application/json", X-Content-Type-Options:"nosniff", X-XSS-Protection:"0", Cache-Control:"no-cache, no-store, max-age=0, must-revalidate", Pragma:"no-cache", Expires:"0", X-Frame-Options:"DENY"]
     Content type = application/json
             Body = {"firstName":"Test","lastName":"Surak","address":"38 TEST STREET","city":"Town39","telephone":"+61400000040","pets":[],"bulkSignupWarning":false,"contactPreference":"EMAIL","customerCode":"TOW-SUR-0001","displayName":"Surak, Test","email":"owner41@example.test","householdId":"938f6ec6-7adf-36c1-b161-2d589a57e59f","id":18,"identityKey":"+61400000040|owner41@example.test|","initials":"T.S.","locality":"UNKNOWN","membershipLevel":3,"membershipNumber":"TOW-SUR-0001-M26","namesakeCount":0,"postcode":null,"registrationDate":"2026-09-02","sharesHousehold":null}
    Forwarded URL = null
   Redirected URL = /api/owners/18
          Cookies = []

MockHttpServletRequest:
      HTTP Method = GET
      Request URI = /api/owners/18
       Parameters = {}
          Headers = []
             Body = null
    Session Attrs = {SPRING_SECURITY_CONTEXT=SecurityContextImpl [Authentication=UsernamePasswordAuthenticationToken [Principal=org.springframework.security.core.userdetails.User [Username=acceptance-admin, Password=[PROTECTED], Enabled=true, AccountNonExpired=true, CredentialsNonExpired=true, AccountNonLocked=true, Granted Authorities=[ROLE_ADMIN, ROLE_OWNER_ADMIN, ROLE_VET_ADMIN]], Credentials=[PROTECTED], Authenticated=true, Details=null, Granted Authorities=[ROLE_ADMIN, ROLE_OWNER_ADMIN, ROLE_VET_ADMIN]]]}

Handler:
             Type = org.springframework.samples.petclinic.rest.controller.v1.OwnerRestControllerV1
           Method = org.springframework.samples.petclinic.rest.controller.v1.OwnerRestControllerV1#getOwner(Integer)

Async:
    Async started = false
     Async result = null

Resolved Exception:
             Type = null

ModelAndView:
        View name = null
             View = null
            Model = null

FlashMap:
       Attributes = null

MockHttpServletResponse:
           Status = 200
    Error message = null
          Headers = [Vary:"Origin", "Access-Control-Request-Method", "Access-Control-Request-Headers", Content-Type:"application/json", X-Content-Type-Options:"nosniff", X-XSS-Protection:"0", Cache-Control:"no-cache, no-store, max-age=0, must-revalidate", Pragma:"no-cache", Expires:"0", X-Frame-Options:"DENY"]
     Content type = application/json
             Body = {"firstName":"Test","lastName":"Surak","address":"38 TEST STREET","city":"Town39","telephone":"+61400000040","pets":[],"bulkSignupWarning":false,"contactPreference":"EMAIL","customerCode":"TOW-SUR-0001","displayName":"Surak, Test","email":"owner41@example.test","householdId":"938f6ec6-7adf-36c1-b161-2d589a57e59f","id":18,"identityKey":"+61400000040|owner41@example.test|","initials":"T.S.","locality":"UNKNOWN","membershipLevel":3,"membershipNumber":"TOW-SUR-0001-M26","namesakeCount":0,"postcode":null,"registrationDate":"2026-09-02","sharesHousehold":null}
    Forwarded URL = null
   Redirected URL = null
          Cookies = []
[ERROR] Tests run: 1, Failures: 1, Errors: 0, Skipped: 0, Time elapsed: 0.066 s <<< FAILURE! -- in org.springframework.samples.petclinic.acceptance.Cp21Tests
[ERROR] org.springframework.samples.petclinic.acceptance.Cp21Tests.coreAuditLineRecordsLevel -- Time elapsed: 0.056 s <<< FAILURE!
org.opentest4j.AssertionFailedError: expected: <true> but was: <false>
	at org.junit.jupiter.api.AssertionFailureBuilder.build(AssertionFailureBuilder.java:158)
	at org.junit.jupiter.api.AssertionFailureBuilder.buildAndThrow(AssertionFailureBuilder.java:139)
	at org.junit.jupiter.api.AssertTrue.failNotTrue(AssertTrue.java:69)
	at org.junit.jupiter.api.AssertTrue.assertTrue(AssertTrue.java:41)
	at org.junit.jupiter.api.AssertTrue.assertTrue(AssertTrue.java:35)
	at org.junit.jupiter.api.Assertions.assertTrue(Assertions.java:195)
	at org.springframework.samples.petclinic.acceptance.Cp21Tests.coreAuditLineRecordsLevel(Cp21Tests.java:21)

INFO  AnnotationConfigContextLoaderUtils - Could not detect default configuration classes for test class [org.springframework.samples.petclinic.acceptance.Cp06Tests]: Cp06Tests does not declare any static, non-private, non-final, nested classes annotated with @Configuration.
INFO  SpringBootTestContextBootstrapper - Found @SpringBootConfiguration org.springframework.samples.petclinic.PetClinicApplication for test class org.springframework.samples.petclinic.acceptance.Cp06Tests
INFO  AnnotationConfigContextLoaderUtils - Could not detect default configuration classes for test class [org.springframework.samples.petclinic.acceptance.Cp06Tests]: Cp06Tests does not declare any static, non-private, non-final, nested classes annotated with @Configuration.
INFO  AnnotationConfigContextLoaderUtils - Could not detect default configuration classes for test class [org.springframework.samples.petclinic.acceptance.AcceptanceBase]: AcceptanceBase does not declare any static, non-private, non-final, nested classes annotated with @Configuration.
INFO  SpringBootTestContextBootstrapper - Found @SpringBootConfiguration org.springframework.samples.petclinic.PetClinicApplication for test class org.springframework.samples.petclinic.acceptance.Cp06Tests
INFO  AUDIT - owner created id=19 customerCode=TOW-SMI-0001 registrationDate=2026-09-02
INFO  AnnotationConfigContextLoaderUtils - Could not detect default configuration classes for test class [org.springframework.samples.petclinic.acceptance.Cp03Tests]: Cp03Tests does not declare any static, non-private, non-final, nested classes annotated with @Configuration.
INFO  SpringBootTestContextBootstrapper - Found @SpringBootConfiguration org.springframework.samples.petclinic.PetClinicApplication for test class org.springframework.samples.petclinic.acceptance.Cp03Tests
INFO  AnnotationConfigContextLoaderUtils - Could not detect default configuration classes for test class [org.springframework.samples.petclinic.acceptance.Cp03Tests]: Cp03Tests does not declare any static, non-private, non-final, nested classes annotated with @Configuration.
INFO  AnnotationConfigContextLoaderUtils - Could not detect default configuration classes for test class [org.springframework.samples.petclinic.acceptance.AcceptanceBase]: AcceptanceBase does not declare any static, non-private, non-final, nested classes annotated with @Configuration.
INFO  SpringBootTestContextBootstrapper - Found @SpringBootConfiguration org.springframework.samples.petclinic.PetClinicApplication for test class org.springframework.samples.petclinic.acceptance.Cp03Tests
INFO  AUDIT - owner created id=20 customerCode=TOW-SUR-0001 registrationDate=2026-09-02
INFO  AnnotationConfigContextLoaderUtils - Could not detect default configuration classes for test class [org.springframework.samples.petclinic.acceptance.Cp13Tests]: Cp13Tests does not declare any static, non-private, non-final, nested classes annotated with @Configuration.
INFO  SpringBootTestContextBootstrapper - Found @SpringBootConfiguration org.springframework.samples.petclinic.PetClinicApplication for test class org.springframework.samples.petclinic.acceptance.Cp13Tests
INFO  AnnotationConfigContextLoaderUtils - Could not detect default configuration classes for test class [org.springframework.samples.petclinic.acceptance.Cp13Tests]: Cp13Tests does not declare any static, non-private, non-final, nested classes annotated with @Configuration.
INFO  AnnotationConfigContextLoaderUtils - Could not detect default configuration classes for test class [org.springframework.samples.petclinic.acceptance.AcceptanceBase]: AcceptanceBase does not declare any static, non-private, non-final, nested classes annotated with @Configuration.
INFO  SpringBootTestContextBootstrapper - Found @SpringBootConfiguration org.springframework.samples.petclinic.PetClinicApplication for test class org.springframework.samples.petclinic.acceptance.Cp13Tests
INFO  AUDIT - owner created id=21 customerCode=TOW-SUR-0001 registrationDate=2026-09-02
INFO  AUDIT - owner created id=22 customerCode=TOW-SUR-0001 registrationDate=2026-09-02
INFO  AnnotationConfigContextLoaderUtils - Could not detect default configuration classes for test class [org.springframework.samples.petclinic.acceptance.Cp19Tests]: Cp19Tests does not declare any static, non-private, non-final, nested classes annotated with @Configuration.
INFO  SpringBootTestContextBootstrapper - Found @SpringBootConfiguration org.springframework.samples.petclinic.PetClinicApplication for test class org.springframework.samples.petclinic.acceptance.Cp19Tests
INFO  AnnotationConfigContextLoaderUtils - Could not detect default configuration classes for test class [org.springframework.samples.petclinic.acceptance.Cp19Tests]: Cp19Tests does not declare any static, non-private, non-final, nested classes annotated with @Configuration.
INFO  AnnotationConfigContextLoaderUtils - Could not detect default configuration classes for test class [org.springframework.samples.petclinic.acceptance.AcceptanceBase]: AcceptanceBase does not declare any static, non-private, non-final, nested classes annotated with @Configuration.
INFO  SpringBootTestContextBootstrapper - Found @SpringBootConfiguration org.springframework.samples.petclinic.PetClinicApplication for test class org.springframework.samples.petclinic.acceptance.Cp19Tests
INFO  AUDIT - owner created id=23 customerCode=TOW-SUR-0001 registrationDate=2026-09-02
INFO  AUDIT - owner created id=24 customerCode=TOW-SUR-0001 registrationDate=2026-09-02
INFO  AUDIT - owner created id=25 customerCode=TOW-SUR-0001 registrationDate=2026-09-02
INFO  AUDIT - owner created id=26 customerCode=TOW-SUR-0001 registrationDate=2026-09-02
INFO  AUDIT - owner created id=27 customerCode=TOW-SUR-0001 registrationDate=2026-09-02
INFO  AUDIT - owner created id=28 customerCode=TOW-SUR-0001 registrationDate=2026-09-02
INFO  AUDIT - owner created id=29 customerCode=TOW-SUR-0001 registrationDate=2026-09-02
INFO  AUDIT - owner created id=30 customerCode=TOW-SUR-0001 registrationDate=2026-09-02
INFO  AUDIT - owner created id=31 customerCode=TOW-SUR-0001 registrationDate=2026-09-02
INFO  AUDIT - owner created id=32 customerCode=TOW-SUR-0001 registrationDate=2026-09-02
INFO  AUDIT - owner created id=33 customerCode=TOW-SUR-0001 registrationDate=2026-09-02
INFO  AUDIT - owner created id=34 customerCode=TOW-SUR-0001 registrationDate=2026-09-02
INFO  AUDIT - owner created id=35 customerCode=TOW-SUR-0001 registrationDate=2026-09-02
INFO  AUDIT - owner created id=36 customerCode=TOW-SUR-0001 registrationDate=2026-09-02
INFO  AUDIT - owner created id=37 customerCode=TOW-SUR-0001 registrationDate=2026-09-02
INFO  AUDIT - owner created id=38 customerCode=TOW-SUR-0001 registrationDate=2026-09-02
INFO  AUDIT - owner created id=39 customerCode=TOW-SUR-0001 registrationDate=2026-09-02
INFO  AUDIT - owner created id=40 customerCode=TOW-SUR-0001 registrationDate=2026-09-02
INFO  AUDIT - owner created id=41 customerCode=TOW-SUR-0001 registrationDate=2026-09-02
INFO  AUDIT - owner created id=42 customerCode=TOW-SUR-0001 registrationDate=2026-09-02
INFO  AUDIT - owner created id=43 customerCode=TOW-SUR-0001 registrationDate=2026-09-02
INFO  AUDIT - owner created id=44 customerCode=TOW-SUR-0001 registrationDate=2026-09-02
INFO  AUDIT - owner created id=45 customerCode=TOW-SUR-0001 registrationDate=2026-09-02
INFO  AUDIT - owner created id=46 customerCode=TOW-SUR-0001 registrationDate=2026-09-02
INFO  AUDIT - owner created id=47 customerCode=TOW-SUR-0001 registrationDate=2026-09-02
INFO  AUDIT - owner created id=48 customerCode=TOW-SUR-0001 registrationDate=2026-09-02
INFO  AUDIT - owner created id=49 customerCode=TOW-SUR-0001 registrationDate=2026-09-02
INFO  AUDIT - owner created id=50 customerCode=TOW-SUR-0001 registrationDate=2026-09-02
INFO  AUDIT - owner created id=51 customerCode=TOW-SUR-0001 registrationDate=2026-09-02
INFO  AUDIT - owner created id=52 customerCode=TOW-SUR-0001 registrationDate=2026-09-02
INFO  AUDIT - owner created id=53 customerCode=TOW-SUR-0001 registrationDate=2026-09-02
INFO  AUDIT - owner created id=54 customerCode=TOW-SUR-0001 registrationDate=2026-09-02
INFO  AUDIT - owner created id=55 customerCode=TOW-SUR-0001 registrationDate=2026-09-02
INFO  AUDIT - owner created id=56 customerCode=TOW-SUR-0001 registrationDate=2026-09-02
INFO  AUDIT - owner created id=57 customerCode=TOW-SUR-0001 registrationDate=2026-09-02
INFO  AUDIT - owner created id=58 customerCode=TOW-SUR-0001 registrationDate=2026-09-02
INFO  AUDIT - owner created id=59 customerCode=TOW-SUR-0001 registrationDate=2026-09-02
INFO  AUDIT - owner created id=60 customerCode=TOW-SUR-0001 registrationDate=2026-09-02
INFO  AUDIT - owner created id=61 customerCode=TOW-SUR-0001 registrationDate=2026-09-02
INFO  AUDIT - owner created id=62 customerCode=TOW-SUR-0001 registrationDate=2026-09-02
INFO  AUDIT - owner created id=63 customerCode=TOW-SUR-0001 registrationDate=2026-09-02
INFO  AUDIT - owner created id=64 customerCode=TOW-SUR-0001 registrationDate=2026-09-02
INFO  AUDIT - owner created id=65 customerCode=TOW-SUR-0001 registrationDate=2026-09-02
INFO  AUDIT - owner created id=66 customerCode=TOW-SUR-0001 registrationDate=2026-09-02
INFO  AUDIT - owner created id=67 customerCode=TOW-SUR-0001 registrationDate=2026-09-02
INFO  AUDIT - owner created id=68 customerCode=TOW-SUR-0001 registrationDate=2026-09-02
INFO  AUDIT - owner created id=69 customerCode=TOW-SUR-0001 registrationDate=2026-09-02
INFO  AUDIT - owner created id=70 customerCode=TOW-SUR-0001 registrationDate=2026-09-02
INFO  AUDIT - owner created id=71 customerCode=TOW-SUR-0001 registrationDate=2026-09-02
INFO  AUDIT - owner created id=72 customerCode=TOW-SUR-0001 registrationDate=2026-09-02
INFO  AUDIT - owner created id=73 customerCode=TOW-SUR-0001 registrationDate=2026-09-02
INFO  AUDIT - owner created id=74 customerCode=TOW-SUR-0001 registrationDate=2026-09-02
INFO  AUDIT - owner created id=75 customerCode=TOW-SUR-0001 registrationDate=2026-09-02
INFO  AUDIT - owner created id=76 customerCode=TOW-SUR-0001 registrationDate=2026-09-02
INFO  AUDIT - owner created id=77 customerCode=TOW-SUR-0001 registrationDate=2026-09-02
INFO  AUDIT - owner created id=78 customerCode=TOW-SUR-0001 registrationDate=2026-09-02
INFO  AUDIT - owner created id=79 customerCode=TOW-SUR-0001 registrationDate=2026-09-02
INFO  AUDIT - owner created id=80 customerCode=TOW-SUR-0001 registrationDate=2026-09-02
INFO  AUDIT - owner created id=81 customerCode=TOW-SUR-0001 registrationDate=2026-09-02
INFO  AUDIT - owner created id=82 customerCode=TOW-SUR-0001 registrationDate=2026-09-02
INFO  AUDIT - owner created id=83 customerCode=TOW-SUR-0001 registrationDate=2026-09-02
INFO  AUDIT - owner created id=84 customerCode=TOW-SUR-0001 registrationDate=2026-09-02
INFO  AUDIT - owner created id=85 customerCode=TOW-SUR-0001 registrationDate=2026-09-02
INFO  AUDIT - owner created id=86 customerCode=TOW-SUR-0001 registrationDate=2026-09-02
INFO  AUDIT - owner created id=87 customerCode=TOW-SUR-0001 registrationDate=2026-09-02
INFO  AUDIT - owner created id=88 customerCode=TOW-SUR-0001 registrationDate=2026-09-02
INFO  AUDIT - owner created id=89 customerCode=TOW-SUR-0001 registrationDate=2026-09-02
INFO  AUDIT - owner created id=90 customerCode=TOW-SUR-0001 registrationDate=2026-09-02
INFO  AUDIT - owner created id=91 customerCode=TOW-SUR-0001 registrationDate=2026-09-02
INFO  AUDIT - owner created id=92 customerCode=TOW-SUR-0001 registrationDate=2026-09-02
INFO  AUDIT - owner created id=93 customerCode=TOW-SUR-0001 registrationDate=2026-09-02
INFO  AUDIT - owner created id=94 customerCode=TOW-SUR-0001 registrationDate=2026-09-02
INFO  AUDIT - owner created id=95 customerCode=TOW-SUR-0001 registrationDate=2026-09-02
INFO  AUDIT - owner created id=96 customerCode=TOW-SUR-0001 registrationDate=2026-09-02
INFO  AUDIT - owner created id=97 customerCode=TOW-SUR-0001 registrationDate=2026-09-02
INFO  AUDIT - owner created id=98 customerCode=TOW-SUR-0001 registrationDate=2026-09-02
INFO  AUDIT - owner created id=99 customerCode=TOW-SUR-0001 registrationDate=2026-09-02
INFO  AUDIT - owner created id=100 customerCode=TOW-SUR-0001 registrationDate=2026-09-02
INFO  AUDIT - owner created id=101 customerCode=TOW-SUR-0001 registrationDate=2026-09-02
INFO  AUDIT - owner created id=102 customerCode=TOW-SUR-0001 registrationDate=2026-09-02
INFO  AUDIT - owner created id=103 customerCode=TOW-SUR-0001 registrationDate=2026-09-02
INFO  AUDIT - owner created id=104 customerCode=TOW-SUR-0001 registrationDate=2026-09-02
INFO  AUDIT - owner created id=105 customerCode=TOW-SUR-0001 registrationDate=2026-09-02
INFO  AUDIT - owner created id=106 customerCode=TOW-SUR-0001 registrationDate=2026-09-02
INFO  AUDIT - owner created id=107 customerCode=TOW-SUR-0001 registrationDate=2026-09-02
INFO  AUDIT - owner created id=108 customerCode=TOW-SUR-0001 registrationDate=2026-09-02
INFO  AUDIT - owner created id=109 customerCode=TOW-SUR-0001 registrationDate=2026-09-02
INFO  AUDIT - owner created id=110 customerCode=TOW-SUR-0001 registrationDate=2026-09-02
INFO  AUDIT - owner created id=111 customerCode=TOW-SUR-0001 registrationDate=2026-09-02
INFO  AUDIT - owner created id=112 customerCode=TOW-SUR-0001 registrationDate=2026-09-02
INFO  AUDIT - owner created id=113 customerCode=TOW-SUR-0001 registrationDate=2026-09-02
INFO  AUDIT - owner created id=114 customerCode=TOW-SUR-0001 registrationDate=2026-09-02
INFO  AUDIT - owner created id=115 customerCode=TOW-SUR-0001 registrationDate=2026-09-02
INFO  AUDIT - owner created id=116 customerCode=TOW-SUR-0001 registrationDate=2026-09-02
INFO  AUDIT - owner created id=117 customerCode=TOW-SUR-0001 registrationDate=2026-09-02
INFO  AUDIT - owner created id=118 customerCode=TOW-SUR-0001 registrationDate=2026-09-02
INFO  AUDIT - owner created id=119 customerCode=TOW-SUR-0001 registrationDate=2026-09-02
INFO  AUDIT - owner created id=120 customerCode=TOW-SUR-0001 registrationDate=2026-09-02
INFO  AUDIT - owner created id=121 customerCode=TOW-SUR-0001 registrationDate=2026-09-02
INFO  AUDIT - owner created id=122 customerCode=TOW-SUR-0001 registrationDate=2026-09-02
INFO  AnnotationConfigContextLoaderUtils - Could not detect default configuration classes for test class [org.springframework.samples.petclinic.acceptance.Cp28Tests]: Cp28Tests does not declare any static, non-private, non-final, nested classes annotated with @Configuration.
INFO  SpringBootTestContextBootstrapper - Found @SpringBootConfiguration org.springframework.samples.petclinic.PetClinicApplication for test class org.springframework.samples.petclinic.acceptance.Cp28Tests
INFO  AnnotationConfigContextLoaderUtils - Could not detect default configuration classes for test class [org.springframework.samples.petclinic.acceptance.Cp28Tests]: Cp28Tests does not declare any static, non-private, non-final, nested classes annotated with @Configuration.
INFO  AnnotationConfigContextLoaderUtils - Could not detect default configuration classes for test class [org.springframework.samples.petclinic.acceptance.AcceptanceBase]: AcceptanceBase does not declare any static, non-private, non-final, nested classes annotated with @Configuration.
INFO  SpringBootTestContextBootstrapper - Found @SpringBootConfiguration org.springframework.samples.petclinic.PetClinicApplication for test class org.springframework.samples.petclinic.acceptance.Cp28Tests
INFO  AUDIT - owner created id=123 customerCode=TOW-SUR-0001 registrationDate=2026-09-02
INFO  AnnotationConfigContextLoaderUtils - Could not detect default configuration classes for test class [org.springframework.samples.petclinic.acceptance.Cp18Tests]: Cp18Tests does not declare any static, non-private, non-final, nested classes annotated with @Configuration.
INFO  SpringBootTestContextBootstrapper - Found @SpringBootConfiguration org.springframework.samples.petclinic.PetClinicApplication for test class org.springframework.samples.petclinic.acceptance.Cp18Tests
INFO  AnnotationConfigContextLoaderUtils - Could not detect default configuration classes for test class [org.springframework.samples.petclinic.acceptance.Cp18Tests]: Cp18Tests does not declare any static, non-private, non-final, nested classes annotated with @Configuration.
INFO  AnnotationConfigContextLoaderUtils - Could not detect default configuration classes for test class [org.springframework.samples.petclinic.acceptance.AcceptanceBase]: AcceptanceBase does not declare any static, non-private, non-final, nested classes annotated with @Configuration.
INFO  SpringBootTestContextBootstrapper - Found @SpringBootConfiguration org.springframework.samples.petclinic.PetClinicApplication for test class org.springframework.samples.petclinic.acceptance.Cp18Tests
INFO  AUDIT - owner created id=124 customerCode=CAP-SUR-0001 registrationDate=2026-09-02
INFO  AUDIT - owner created id=125 customerCode=CAP-SUR-0002 registrationDate=2026-09-02
INFO  AUDIT - owner created id=126 customerCode=CAP-SUR-0003 registrationDate=2026-09-02
INFO  AUDIT - owner created id=127 customerCode=CAP-SUR-0004 registrationDate=2026-09-02
INFO  AUDIT - owner created id=128 customerCode=CAP-SUR-0005 registrationDate=2026-09-02
INFO  AUDIT - owner created id=129 customerCode=CAP-SUR-0006 registrationDate=2026-09-02
INFO  AUDIT - owner created id=130 customerCode=CAP-SUR-0007 registrationDate=2026-09-02
INFO  AUDIT - owner created id=131 customerCode=CAP-SUR-0008 registrationDate=2026-09-02
INFO  AUDIT - owner created id=132 customerCode=CAP-SUR-0009 registrationDate=2026-09-02
INFO  AUDIT - owner created id=133 customerCode=CAP-SUR-0010 registrationDate=2026-09-02
INFO  AUDIT - owner created id=134 customerCode=CAP-SUR-0011 registrationDate=2026-09-02
INFO  AUDIT - owner created id=135 customerCode=CAP-SUR-0012 registrationDate=2026-09-02
INFO  AUDIT - owner created id=136 customerCode=CAP-SUR-0013 registrationDate=2026-09-02
INFO  AUDIT - owner created id=137 customerCode=CAP-SUR-0014 registrationDate=2026-09-02
INFO  AUDIT - owner created id=138 customerCode=CAP-SUR-0015 registrationDate=2026-09-02
INFO  AUDIT - owner created id=139 customerCode=CAP-SUR-0016 registrationDate=2026-09-02
INFO  AUDIT - owner created id=140 customerCode=CAP-SUR-0017 registrationDate=2026-09-02
INFO  AUDIT - owner created id=141 customerCode=CAP-SUR-0018 registrationDate=2026-09-02
INFO  AUDIT - owner created id=142 customerCode=CAP-SUR-0019 registrationDate=2026-09-02
INFO  AUDIT - owner created id=143 customerCode=CAP-SUR-0020 registrationDate=2026-09-02
INFO  AUDIT - owner created id=144 customerCode=CAP-SUR-0021 registrationDate=2026-09-02
INFO  AUDIT - owner created id=145 customerCode=CAP-SUR-0022 registrationDate=2026-09-02
INFO  AUDIT - owner created id=146 customerCode=CAP-SUR-0023 registrationDate=2026-09-02
INFO  AUDIT - owner created id=147 customerCode=CAP-SUR-0024 registrationDate=2026-09-02
INFO  AUDIT - owner created id=148 customerCode=CAP-SUR-0025 registrationDate=2026-09-02
INFO  AUDIT - owner created id=149 customerCode=CAP-SUR-0026 registrationDate=2026-09-02
INFO  AUDIT - owner created id=150 customerCode=CAP-SUR-0027 registrationDate=2026-09-02
INFO  AUDIT - owner created id=151 customerCode=CAP-SUR-0028 registrationDate=2026-09-02
INFO  AUDIT - owner created id=152 customerCode=CAP-SUR-0029 registrationDate=2026-09-02
INFO  AUDIT - owner created id=153 customerCode=CAP-SUR-0030 registrationDate=2026-09-02
INFO  AUDIT - owner created id=154 customerCode=CAP-SUR-0031 registrationDate=2026-09-02
INFO  AUDIT - owner created id=155 customerCode=CAP-SUR-0032 registrationDate=2026-09-02
INFO  AUDIT - owner created id=156 customerCode=CAP-SUR-0033 registrationDate=2026-09-02
INFO  AUDIT - owner created id=157 customerCode=CAP-SUR-0034 registrationDate=2026-09-02
INFO  AUDIT - owner created id=158 customerCode=CAP-SUR-0035 registrationDate=2026-09-02
INFO  AUDIT - owner created id=159 customerCode=CAP-SUR-0036 registrationDate=2026-09-02
INFO  AUDIT - owner created id=160 customerCode=CAP-SUR-0037 registrationDate=2026-09-02
INFO  AUDIT - owner created id=161 customerCode=CAP-SUR-0038 registrationDate=2026-09-02
INFO  AUDIT - owner created id=162 customerCode=CAP-SUR-0039 registrationDate=2026-09-02
INFO  AUDIT - owner created id=163 customerCode=CAP-SUR-0040 registrationDate=2026-09-02
INFO  AUDIT - owner created id=164 customerCode=CAP-SUR-0041 registrationDate=2026-09-02
INFO  AUDIT - owner created id=165 customerCode=CAP-SUR-0042 registrationDate=2026-09-02
INFO  AUDIT - owner created id=166 customerCode=CAP-SUR-0043 registrationDate=2026-09-02
INFO  AUDIT - owner created id=167 customerCode=CAP-SUR-0044 registrationDate=2026-09-02
INFO  AUDIT - owner created id=168 customerCode=CAP-SUR-0045 registrationDate=2026-09-02
INFO  AUDIT - owner created id=169 customerCode=CAP-SUR-0046 registrationDate=2026-09-02
INFO  AUDIT - owner created id=170 customerCode=CAP-SUR-0047 registrationDate=2026-09-02
INFO  AUDIT - owner created id=171 customerCode=CAP-SUR-0048 registrationDate=2026-09-02
INFO  AUDIT - owner created id=172 customerCode=CAP-SUR-0049 registrationDate=2026-09-02
INFO  AUDIT - owner created id=173 customerCode=CAP-SUR-0050 registrationDate=2026-09-02
INFO  AnnotationConfigContextLoaderUtils - Could not detect default configuration classes for test class [org.springframework.samples.petclinic.acceptance.Cp08Tests]: Cp08Tests does not declare any static, non-private, non-final, nested classes annotated with @Configuration.
INFO  SpringBootTestContextBootstrapper - Found @SpringBootConfiguration org.springframework.samples.petclinic.PetClinicApplication for test class org.springframework.samples.petclinic.acceptance.Cp08Tests
INFO  AnnotationConfigContextLoaderUtils - Could not detect default configuration classes for test class [org.springframework.samples.petclinic.acceptance.Cp08Tests]: Cp08Tests does not declare any static, non-private, non-final, nested classes annotated with @Configuration.
INFO  AnnotationConfigContextLoaderUtils - Could not detect default configuration classes for test class [org.springframework.samples.petclinic.acceptance.AcceptanceBase]: AcceptanceBase does not declare any static, non-private, non-final, nested classes annotated with @Configuration.
INFO  SpringBootTestContextBootstrapper - Found @SpringBootConfiguration org.springframework.samples.petclinic.PetClinicApplication for test class org.springframework.samples.petclinic.acceptance.Cp08Tests
INFO  AUDIT - owner created id=174 customerCode=TOW-SUR-0001 registrationDate=2026-09-02
DEBUG ExceptionControllerAdvice - Validation error at POST /api/owners: [Field error in object 'ownerFieldsDto' on field 'telephone': rejected value [12]; codes [telephone.invalid.ownerFieldsDto.telephone,telephone.invalid.telephone,telephone.invalid.java.lang.String,telephone.invalid]; arguments []; default message [must be a valid E.164 telephone]]
INFO  AUDIT - owner created id=175 customerCode=TOW-SUR-0001 registrationDate=2026-09-02
INFO  AnnotationConfigContextLoaderUtils - Could not detect default configuration classes for test class [org.springframework.samples.petclinic.acceptance.Cp07Tests]: Cp07Tests does not declare any static, non-private, non-final, nested classes annotated with @Configuration.
INFO  SpringBootTestContextBootstrapper - Found @SpringBootConfiguration org.springframework.samples.petclinic.PetClinicApplication for test class org.springframework.samples.petclinic.acceptance.Cp07Tests
INFO  AnnotationConfigContextLoaderUtils - Could not detect default configuration classes for test class [org.springframework.samples.petclinic.acceptance.Cp07Tests]: Cp07Tests does not declare any static, non-private, non-final, nested classes annotated with @Configuration.
INFO  AnnotationConfigContextLoaderUtils - Could not detect default configuration classes for test class [org.springframework.samples.petclinic.acceptance.AcceptanceBase]: AcceptanceBase does not declare any static, non-private, non-final, nested classes annotated with @Configuration.
INFO  SpringBootTestContextBootstrapper - Found @SpringBootConfiguration org.springframework.samples.petclinic.PetClinicApplication for test class org.springframework.samples.petclinic.acceptance.Cp07Tests
INFO  AUDIT - owner created id=176 customerCode=TOW-SUR-0001 registrationDate=2026-01-06
INFO  AUDIT - owner created id=177 customerCode=TOW-SUR-0001 registrationDate=2026-01-05
INFO  AnnotationConfigContextLoaderUtils - Could not detect default configuration classes for test class [org.springframework.samples.petclinic.acceptance.Cp25Tests]: Cp25Tests does not declare any static, non-private, non-final, nested classes annotated with @Configuration.
INFO  SpringBootTestContextBootstrapper - Found @SpringBootConfiguration org.springframework.samples.petclinic.PetClinicApplication for test class org.springframework.samples.petclinic.acceptance.Cp25Tests
INFO  AnnotationConfigContextLoaderUtils - Could not detect default configuration classes for test class [org.springframework.samples.petclinic.acceptance.Cp25Tests]: Cp25Tests does not declare any static, non-private, non-final, nested classes annotated with @Configuration.
INFO  AnnotationConfigContextLoaderUtils - Could not detect default configuration classes for test class [org.springframework.samples.petclinic.acceptance.AcceptanceBase]: AcceptanceBase does not declare any static, non-private, non-final, nested classes annotated with @Configuration.
INFO  SpringBootTestContextBootstrapper - Found @SpringBootConfiguration org.springframework.samples.petclinic.PetClinicApplication for test class org.springframework.samples.petclinic.acceptance.Cp25Tests
INFO  AUDIT - owner created id=178 customerCode=TOW-SUR-0001 registrationDate=2026-09-02
INFO  AnnotationConfigContextLoaderUtils - Could not detect default configuration classes for test class [org.springframework.samples.petclinic.acceptance.Cp05Tests]: Cp05Tests does not declare any static, non-private, non-final, nested classes annotated with @Configuration.
INFO  SpringBootTestContextBootstrapper - Found @SpringBootConfiguration org.springframework.samples.petclinic.PetClinicApplication for test class org.springframework.samples.petclinic.acceptance.Cp05Tests
INFO  AnnotationConfigContextLoaderUtils - Could not detect default configuration classes for test class [org.springframework.samples.petclinic.acceptance.Cp05Tests]: Cp05Tests does not declare any static, non-private, non-final, nested classes annotated with @Configuration.
INFO  AnnotationConfigContextLoaderUtils - Could not detect default configuration classes for test class [org.springframework.samples.petclinic.acceptance.AcceptanceBase]: AcceptanceBase does not declare any static, non-private, non-final, nested classes annotated with @Configuration.
INFO  SpringBootTestContextBootstrapper - Found @SpringBootConfiguration org.springframework.samples.petclinic.PetClinicApplication for test class org.springframework.samples.petclinic.acceptance.Cp05Tests
INFO  AUDIT - owner created id=179 customerCode=TOW-SUR-0001 registrationDate=2026-09-02
INFO  AnnotationConfigContextLoaderUtils - Could not detect default configuration classes for test class [org.springframework.samples.petclinic.acceptance.Cp09Tests]: Cp09Tests does not declare any static, non-private, non-final, nested classes annotated with @Configuration.
INFO  SpringBootTestContextBootstrapper - Found @SpringBootConfiguration org.springframework.samples.petclinic.PetClinicApplication for test class org.springframework.samples.petclinic.acceptance.Cp09Tests
INFO  AnnotationConfigContextLoaderUtils - Could not detect default configuration classes for test class [org.springframework.samples.petclinic.acceptance.Cp09Tests]: Cp09Tests does not declare any static, non-private, non-final, nested classes annotated with @Configuration.
INFO  AnnotationConfigContextLoaderUtils - Could not detect default configuration classes for test class [org.springframework.samples.petclinic.acceptance.AcceptanceBase]: AcceptanceBase does not declare any static, non-private, non-final, nested classes annotated with @Configuration.
INFO  SpringBootTestContextBootstrapper - Found @SpringBootConfiguration org.springframework.samples.petclinic.PetClinicApplication for test class org.springframework.samples.petclinic.acceptance.Cp09Tests
INFO  AUDIT - owner created id=180 customerCode=SYD-ALP-0001 registrationDate=2026-09-02
INFO  AUDIT - owner created id=181 customerCode=SYD-BRA-0002 registrationDate=2026-09-02
INFO  AnnotationConfigContextLoaderUtils - Could not detect default configuration classes for test class [org.springframework.samples.petclinic.acceptance.Cp23Tests]: Cp23Tests does not declare any static, non-private, non-final, nested classes annotated with @Configuration.
INFO  SpringBootTestContextBootstrapper - Found @SpringBootConfiguration org.springframework.samples.petclinic.PetClinicApplication for test class org.springframework.samples.petclinic.acceptance.Cp23Tests
INFO  AnnotationConfigContextLoaderUtils - Could not detect default configuration classes for test class [org.springframework.samples.petclinic.acceptance.Cp23Tests]: Cp23Tests does not declare any static, non-private, non-final, nested classes annotated with @Configuration.
INFO  AnnotationConfigContextLoaderUtils - Could not detect default configuration classes for test class [org.springframework.samples.petclinic.acceptance.AcceptanceBase]: AcceptanceBase does not declare any static, non-private, non-final, nested classes annotated with @Configuration.
INFO  SpringBootTestContextBootstrapper - Found @SpringBootConfiguration org.springframework.samples.petclinic.PetClinicApplication for test class org.springframework.samples.petclinic.acceptance.Cp23Tests
INFO  AUDIT - owner created id=182 customerCode=TOW-SUR-0001 registrationDate=2026-09-02
INFO  AUDIT - owner created id=183 customerCode=TOW-SUR-0001 registrationDate=2026-09-02
INFO  AUDIT - owner created id=184 customerCode=TOW-SUR-0001 registrationDate=2026-09-02
INFO  AnnotationConfigContextLoaderUtils - Could not detect default configuration classes for test class [org.springframework.samples.petclinic.acceptance.Cp20Tests]: Cp20Tests does not declare any static, non-private, non-final, nested classes annotated with @Configuration.
INFO  SpringBootTestContextBootstrapper - Found @SpringBootConfiguration org.springframework.samples.petclinic.PetClinicApplication for test class org.springframework.samples.petclinic.acceptance.Cp20Tests
INFO  AnnotationConfigContextLoaderUtils - Could not detect default configuration classes for test class [org.springframework.samples.petclinic.acceptance.Cp20Tests]: Cp20Tests does not declare any static, non-private, non-final, nested classes annotated with @Configuration.
INFO  AnnotationConfigContextLoaderUtils - Could not detect default configuration classes for test class [org.springframework.samples.petclinic.acceptance.AcceptanceBase]: AcceptanceBase does not declare any static, non-private, non-final, nested classes annotated with @Configuration.
INFO  SpringBootTestContextBootstrapper - Found @SpringBootConfiguration org.springframework.samples.petclinic.PetClinicApplication for test class org.springframework.samples.petclinic.acceptance.Cp20Tests
INFO  AUDIT - owner created id=185 customerCode=TOW-SUR-0001 registrationDate=2026-09-02
INFO  AnnotationConfigContextLoaderUtils - Could not detect default configuration classes for test class [org.springframework.samples.petclinic.acceptance.Cp15Tests]: Cp15Tests does not declare any static, non-private, non-final, nested classes annotated with @Configuration.
INFO  SpringBootTestContextBootstrapper - Found @SpringBootConfiguration org.springframework.samples.petclinic.PetClinicApplication for test class org.springframework.samples.petclinic.acceptance.Cp15Tests
INFO  AnnotationConfigContextLoaderUtils - Could not detect default configuration classes for test class [org.springframework.samples.petclinic.acceptance.Cp15Tests]: Cp15Tests does not declare any static, non-private, non-final, nested classes annotated with @Configuration.
INFO  AnnotationConfigContextLoaderUtils - Could not detect default configuration classes for test class [org.springframework.samples.petclinic.acceptance.AcceptanceBase]: AcceptanceBase does not declare any static, non-private, non-final, nested classes annotated with @Configuration.
INFO  SpringBootTestContextBootstrapper - Found @SpringBootConfiguration org.springframework.samples.petclinic.PetClinicApplication for test class org.springframework.samples.petclinic.acceptance.Cp15Tests
INFO  AUDIT - owner created id=186 customerCode=TOW-SUR-0001 registrationDate=2026-09-02
INFO  AnnotationConfigContextLoaderUtils - Could not detect default configuration classes for test class [org.springframework.samples.petclinic.acceptance.Cp01Tests]: Cp01Tests does not declare any static, non-private, non-final, nested classes annotated with @Configuration.
INFO  SpringBootTestContextBootstrapper - Found @SpringBootConfiguration org.springframework.samples.petclinic.PetClinicApplication for test class org.springframework.samples.petclinic.acceptance.Cp01Tests
INFO  AnnotationConfigContextLoaderUtils - Could not detect default configuration classes for test class [org.springframework.samples.petclinic.acceptance.Cp01Tests]: Cp01Tests does not declare any static, non-private, non-final, nested classes annotated with @Configuration.
INFO  AnnotationConfigContextLoaderUtils - Could not detect default configuration classes for test class [org.springframework.samples.petclinic.acceptance.AcceptanceBase]: AcceptanceBase does not declare any static, non-private, non-final, nested classes annotated with @Configuration.
INFO  SpringBootTestContextBootstrapper - Found @SpringBootConfiguration org.springframework.samples.petclinic.PetClinicApplication for test class org.springframework.samples.petclinic.acceptance.Cp01Tests
ERROR ExceptionControllerAdvice - Unexpected error at POST /api/owners
java.lang.NullPointerException: Cannot invoke "Object.hashCode()" because "pk" is null
	at java.base/java.util.ImmutableCollections$MapN.probe(ImmutableCollections.java:1321)
	at java.base/java.util.ImmutableCollections$MapN.get(ImmutableCollections.java:1235)
	at org.springframework.samples.petclinic.rest.advice.OwnerPostcodeValidationAdvice.validate(OwnerPostcodeValidationAdvice.java:57)
	at org.springframework.validation.DataBinder.validate(DataBinder.java:1400)
	at org.springframework.web.servlet.mvc.method.annotation.AbstractMessageConverterMethodArgumentResolver.validateIfApplicable(AbstractMessageConverterMethodArgumentResolver.java:290)
	at org.springframework.web.servlet.mvc.method.annotation.RequestResponseBodyMethodProcessor.resolveArgument(RequestResponseBodyMethodProcessor.java:163)
	at org.springframework.web.method.support.HandlerMethodArgumentResolverComposite.resolveArgument(HandlerMethodArgumentResolverComposite.java:122)
	at org.springframework.web.method.support.InvocableHandlerMethod.getMethodArgumentValues(InvocableHandlerMethod.java:224)
	at org.springframework.web.method.support.InvocableHandlerMethod.invokeForRequest(InvocableHandlerMethod.java:174)
	at org.springframework.web.servlet.mvc.method.annotation.ServletInvocableHandlerMethod.invokeAndHandle(ServletInvocableHandlerMethod.java:117)
	at org.springframework.web.servlet.mvc.method.annotation.RequestMappingHandlerAdapter.invokeHandlerMethod(RequestMappingHandlerAdapter.java:934)
	at org.springframework.web.servlet.mvc.method.annotation.RequestMappingHandlerAdapter.handleInternal(RequestMappingHandlerAdapter.java:853)
	at org.springframework.web.servlet.mvc.method.AbstractHandlerMethodAdapter.handle(AbstractHandlerMethodAdapter.java:86)
	at org.springframework.web.servlet.DispatcherServlet.doDispatch(DispatcherServlet.java:963)
	at org.springframework.web.servlet.DispatcherServlet.doService(DispatcherServlet.java:866)
	at org.springframework.web.servlet.FrameworkServlet.processRequest(FrameworkServlet.java:1000)
	at org.springframework.web.servlet.FrameworkServlet.doPost(FrameworkServlet.java:903)
	at jakarta.servlet.http.HttpServlet.service(HttpServlet.java:649)
	at org.springframework.web.servlet.FrameworkServlet.service(FrameworkServlet.java:874)
	at org.springframework.test.web.servlet.TestDispatcherServlet.service(TestDispatcherServlet.java:72)
	at jakarta.servlet.http.HttpServlet.service(HttpServlet.java:710)
	at org.springframework.mock.web.MockFilterChain$ServletFilterProxy.doFilter(MockFilterChain.java:160)
	at org.springframework.mock.web.MockFilterChain.doFilter(MockFilterChain.java:127)
	at org.springframework.web.filter.CompositeFilter$VirtualFilterChain.doFilter(CompositeFilter.java:108)
	at org.springframework.security.web.FilterChainProxy.lambda$doFilterInternal$2(FilterChainProxy.java:235)
	at org.springframework.security.web.ObservationFilterChainDecorator$FilterObservation$SimpleFilterObservation.lambda$wrap$1(ObservationFilterChainDecorator.java:491)
	at org.springframework.security.web.ObservationFilterChainDecorator$AroundFilterObservation$SimpleAroundFilterObservation.lambda$wrap$1(ObservationFilterChainDecorator.java:353)
	at org.springframework.security.web.ObservationFilterChainDecorator.lambda$wrapSecured$0(ObservationFilterChainDecorator.java:84)
	at org.springframework.security.web.ObservationFilterChainDecorator$VirtualFilterChain.doFilter(ObservationFilterChainDecorator.java:131)
	at org.springframework.security.web.access.intercept.AuthorizationFilter.doFilter(AuthorizationFilter.java:101)
	at org.springframework.security.web.ObservationFilterChainDecorator$ObservationFilter.wrapFilter(ObservationFilterChainDecorator.java:243)
	at org.springframework.security.web.ObservationFilterChainDecorator$ObservationFilter.doFilter(ObservationFilterChainDecorator.java:230)
	at org.springframework.security.web.ObservationFilterChainDecorator$VirtualFilterChain.doFilter(ObservationFilterChainDecorator.java:140)
	at org.springframework.security.web.access.ExceptionTranslationFilter.doFilter(ExceptionTranslationFilter.java:126)
	at org.springframework.security.web.access.ExceptionTranslationFilter.doFilter(ExceptionTranslationFilter.java:120)
	at org.springframework.security.web.ObservationFilterChainDecorator$ObservationFilter.wrapFilter(ObservationFilterChainDecorator.java:243)
	at org.springframework.security.web.ObservationFilterChainDecorator$ObservationFilter.doFilter(ObservationFilterChainDecorator.java:230)
	at org.springframework.security.web.ObservationFilterChainDecorator$VirtualFilterChain.doFilter(ObservationFilterChainDecorator.java:140)
	at org.springframework.security.web.authentication.AnonymousAuthenticationFilter.doFilter(AnonymousAuthenticationFilter.java:100)
	at org.springframework.security.web.ObservationFilterChainDecorator$ObservationFilter.wrapFilter(ObservationFilterChainDecorator.java:243)
	at org.springframework.security.web.ObservationFilterChainDecorator$ObservationFilter.doFilter(ObservationFilterChainDecorator.java:230)
	at org.springframework.security.web.ObservationFilterChainDecorator$VirtualFilterChain.doFilter(ObservationFilterChainDecorator.java:140)
	at org.springframework.security.web.servletapi.SecurityContextHolderAwareRequestFilter.doFilter(SecurityContextHolderAwareRequestFilter.java:181)
	at org.springframework.security.web.ObservationFilterChainDecorator$ObservationFilter.wrapFilter(ObservationFilterChainDecorator.java:243)
	at org.springframework.security.web.ObservationFilterChainDecorator$ObservationFilter.doFilter(ObservationFilterChainDecorator.java:230)
	at org.springframework.security.web.ObservationFilterChainDecorator$VirtualFilterChain.doFilter(ObservationFilterChainDecorator.java:140)
	at org.springframework.security.web.savedrequest.RequestCacheAwareFilter.doFilter(RequestCacheAwareFilter.java:63)
	at org.springframework.security.web.ObservationFilterChainDecorator$ObservationFilter.wrapFilter(ObservationFilterChainDecorator.java:243)
	at org.springframework.security.web.ObservationFilterChainDecorator$ObservationFilter.doFilter(ObservationFilterChainDecorator.java:230)
	at org.springframework.security.web.ObservationFilterChainDecorator$VirtualFilterChain.doFilter(ObservationFilterChainDecorator.java:140)
	at org.springframework.security.web.authentication.www.BasicAuthenticationFilter.doFilterInternal(BasicAuthenticationFilter.java:198)
	at org.springframework.web.filter.OncePerRequestFilter.doFilter(OncePerRequestFilter.java:116)
	at org.springframework.security.web.ObservationFilterChainDecorator$ObservationFilter.wrapFilter(ObservationFilterChainDecorator.java:243)
	at org.springframework.security.web.ObservationFilterChainDecorator$ObservationFilter.doFilter(ObservationFilterChainDecorator.java:230)
	at org.springframework.security.web.ObservationFilterChainDecorator$VirtualFilterChain.doFilter(ObservationFilterChainDecorator.java:140)
	at org.springframework.security.web.authentication.logout.LogoutFilter.doFilter(LogoutFilter.java:110)
	at org.springframework.security.web.authentication.logout.LogoutFilter.doFilter(LogoutFilter.java:96)
	at org.springframework.security.web.ObservationFilterChainDecorator$ObservationFilter.wrapFilter(ObservationFilterChainDecorator.java:243)
	at org.springframework.security.web.ObservationFilterChainDecorator$ObservationFilter.doFilter(ObservationFilterChainDecorator.java:230)
	at org.springframework.security.web.ObservationFilterChainDecorator$VirtualFilterChain.doFilter(ObservationFilterChainDecorator.java:140)
	at org.springframework.security.web.header.HeaderWriterFilter.doHeadersAfter(HeaderWriterFilter.java:90)
	at org.springframework.security.web.header.HeaderWriterFilter.doFilterInternal(HeaderWriterFilter.java:75)
	at org.springframework.web.filter.OncePerRequestFilter.doFilter(OncePerRequestFilter.java:116)
	at org.springframework.security.web.ObservationFilterChainDecorator$ObservationFilter.wrapFilter(ObservationFilterChainDecorator.java:243)
	at org.springframework.security.web.ObservationFilterChainDecorator$ObservationFilter.doFilter(ObservationFilterChainDecorator.java:230)
	at org.springframework.security.web.ObservationFilterChainDecorator$VirtualFilterChain.doFilter(ObservationFilterChainDecorator.java:140)
	at org.springframework.security.web.context.SecurityContextHolderFilter.doFilter(SecurityContextHolderFilter.java:82)
	at org.springframework.security.web.context.SecurityContextHolderFilter.doFilter(SecurityContextHolderFilter.java:69)
	at org.springframework.security.web.ObservationFilterChainDecorator$ObservationFilter.wrapFilter(ObservationFilterChainDecorator.java:243)
	at org.springframework.security.web.ObservationFilterChainDecorator$ObservationFilter.doFilter(ObservationFilterChainDecorator.java:230)
	at org.springframework.security.web.ObservationFilterChainDecorator$VirtualFilterChain.doFilter(ObservationFilterChainDecorator.java:140)
	at org.springframework.security.web.context.request.async.WebAsyncManagerIntegrationFilter.doFilterInternal(WebAsyncManagerIntegrationFilter.java:62)
	at org.springframework.web.filter.OncePerRequestFilter.doFilter(OncePerRequestFilter.java:116)
	at org.springframework.security.web.ObservationFilterChainDecorator$ObservationFilter.wrapFilter(ObservationFilterChainDecorator.java:243)
	at org.springframework.security.web.ObservationFilterChainDecorator$ObservationFilter.doFilter(ObservationFilterChainDecorator.java:230)
	at org.springframework.security.web.ObservationFilterChainDecorator$VirtualFilterChain.doFilter(ObservationFilterChainDecorator.java:140)
	at org.springframework.security.web.session.DisableEncodeUrlFilter.doFilterInternal(DisableEncodeUrlFilter.java:42)
	at org.springframework.web.filter.OncePerRequestFilter.doFilter(OncePerRequestFilter.java:116)
	at org.springframework.security.web.ObservationFilterChainDecorator$ObservationFilter.wrapFilter(ObservationFilterChainDecorator.java:243)
	at org.springframework.security.web.ObservationFilterChainDecorator$AroundFilterObservation$SimpleAroundFilterObservation.lambda$wrap$0(ObservationFilterChainDecorator.java:336)
	at org.springframework.security.web.ObservationFilterChainDecorator$ObservationFilter.doFilter(ObservationFilterChainDecorator.java:227)
	at org.springframework.security.web.ObservationFilterChainDecorator$VirtualFilterChain.doFilter(ObservationFilterChainDecorator.java:140)
	at org.springframework.security.web.FilterChainProxy.doFilterInternal(FilterChainProxy.java:237)
	at org.springframework.security.web.FilterChainProxy.doFilter(FilterChainProxy.java:195)
	at org.springframework.web.filter.CompositeFilter$VirtualFilterChain.doFilter(CompositeFilter.java:113)
	at org.springframework.web.filter.ServletRequestPathFilter.doFilter(ServletRequestPathFilter.java:52)
	at org.springframework.web.filter.CompositeFilter$VirtualFilterChain.doFilter(CompositeFilter.java:113)
	at org.springframework.web.filter.CompositeFilter.doFilter(CompositeFilter.java:74)
	at org.springframework.security.config.annotation.web.configuration.WebSecurityConfiguration$CompositeFilterChainProxy.doFilter(WebSecurityConfiguration.java:317)
	at org.springframework.web.filter.DelegatingFilterProxy.invokeDelegate(DelegatingFilterProxy.java:355)
	at org.springframework.web.filter.DelegatingFilterProxy.doFilter(DelegatingFilterProxy.java:272)
	at org.springframework.test.web.servlet.setup.MockMvcFilterDecorator.doFilter(MockMvcFilterDecorator.java:160)
	at org.springframework.mock.web.MockFilterChain.doFilter(MockFilterChain.java:127)
	at org.springframework.web.filter.RequestContextFilter.doFilterInternal(RequestContextFilter.java:100)
	at org.springframework.web.filter.OncePerRequestFilter.doFilter(OncePerRequestFilter.java:116)
	at org.springframework.test.web.servlet.setup.MockMvcFilterDecorator.doFilter(MockMvcFilterDecorator.java:160)
	at org.springframework.mock.web.MockFilterChain.doFilter(MockFilterChain.java:127)
	at org.springframework.web.filter.FormContentFilter.doFilterInternal(FormContentFilter.java:93)
	at org.springframework.web.filter.OncePerRequestFilter.doFilter(OncePerRequestFilter.java:116)
	at org.springframework.test.web.servlet.setup.MockMvcFilterDecorator.doFilter(MockMvcFilterDecorator.java:160)
	at org.springframework.mock.web.MockFilterChain.doFilter(MockFilterChain.java:127)
	at org.springframework.web.filter.ServerHttpObservationFilter.doFilterInternal(ServerHttpObservationFilter.java:110)
	at org.springframework.web.filter.OncePerRequestFilter.doFilter(OncePerRequestFilter.java:116)
	at org.springframework.test.web.servlet.setup.MockMvcFilterDecorator.doFilter(MockMvcFilterDecorator.java:160)
	at org.springframework.mock.web.MockFilterChain.doFilter(MockFilterChain.java:127)
	at org.springframework.web.filter.CharacterEncodingFilter.doFilterInternal(CharacterEncodingFilter.java:199)
	at org.springframework.web.filter.OncePerRequestFilter.doFilter(OncePerRequestFilter.java:116)
	at org.springframework.test.web.servlet.setup.MockMvcFilterDecorator.doFilter(MockMvcFilterDecorator.java:160)
	at org.springframework.mock.web.MockFilterChain.doFilter(MockFilterChain.java:127)
	at org.springframework.test.web.servlet.MockMvc.perform(MockMvc.java:199)
	at org.springframework.samples.petclinic.acceptance.AcceptanceBase.createOwner(AcceptanceBase.java:156)
	at org.springframework.samples.petclinic.acceptance.Cp01Tests.errorStillRejectsMissingCity(Cp01Tests.java:23)
	at java.base/jdk.internal.reflect.NativeMethodAccessorImpl.invoke0(Native Method)
	at java.base/jdk.internal.reflect.NativeMethodAccessorImpl.invoke(NativeMethodAccessorImpl.java:77)
	at java.base/jdk.internal.reflect.DelegatingMethodAccessorImpl.invoke(DelegatingMethodAccessorImpl.java:43)
	at java.base/java.lang.reflect.Method.invoke(Method.java:569)
	at org.junit.platform.commons.util.ReflectionUtils.invokeMethod(ReflectionUtils.java:701)
	at org.junit.platform.commons.support.ReflectionSupport.invokeMethod(ReflectionSupport.java:502)
	at org.junit.jupiter.engine.support.MethodReflectionUtils.invoke(MethodReflectionUtils.java:45)
	at org.junit.jupiter.engine.execution.MethodInvocation.proceed(MethodInvocation.java:61)
	at org.junit.jupiter.engine.execution.InvocationInterceptorChain$ValidatingInvocation.proceed(InvocationInterceptorChain.java:124)
	at org.junit.jupiter.engine.extension.TimeoutExtension.intercept(TimeoutExtension.java:163)
	at org.junit.jupiter.engine.extension.TimeoutExtension.interceptTestableMethod(TimeoutExtension.java:148)
	at org.junit.jupiter.engine.extension.TimeoutExtension.interceptTestMethod(TimeoutExtension.java:86)
	at org.junit.jupiter.engine.execution.InterceptingExecutableInvoker$ReflectiveInterceptorCall.lambda$ofVoidMethod$0(InterceptingExecutableInvoker.java:123)
	at org.junit.jupiter.engine.execution.InterceptingExecutableInvoker.lambda$invoke$0(InterceptingExecutableInvoker.java:105)
	at org.junit.jupiter.engine.execution.InvocationInterceptorChain$InterceptedInvocation.proceed(InvocationInterceptorChain.java:99)
	at org.junit.jupiter.engine.execution.InvocationInterceptorChain.proceed(InvocationInterceptorChain.java:66)
	at org.junit.jupiter.engine.execution.InvocationInterceptorChain.chainAndInvoke(InvocationInterceptorChain.java:47)
	at org.junit.jupiter.engine.execution.InvocationInterceptorChain.invoke(InvocationInterceptorChain.java:39)
	at org.junit.jupiter.engine.execution.InterceptingExecutableInvoker.invoke(InterceptingExecutableInvoker.java:104)
	at org.junit.jupiter.engine.execution.InterceptingExecutableInvoker.invoke(InterceptingExecutableInvoker.java:98)
	at org.junit.jupiter.engine.execution.InterceptingExecutableInvoker.invokeVoid(InterceptingExecutableInvoker.java:71)
	at org.junit.jupiter.engine.descriptor.TestMethodTestDescriptor.lambda$invokeTestMethod$0(TestMethodTestDescriptor.java:219)
	at org.junit.platform.engine.support.hierarchical.ThrowableCollector.execute(ThrowableCollector.java:74)
	at org.junit.jupiter.engine.descriptor.TestMethodTestDescriptor.invokeTestMethod(TestMethodTestDescriptor.java:215)
	at org.junit.jupiter.engine.descriptor.TestMethodTestDescriptor.execute(TestMethodTestDescriptor.java:157)
	at org.junit.jupiter.engine.descriptor.TestMethodTestDescriptor.execute(TestMethodTestDescriptor.java:70)
	at org.junit.platform.engine.support.hierarchical.NodeTestTask.lambda$executeRecursively$2(NodeTestTask.java:176)
	at org.junit.platform.engine.support.hierarchical.ThrowableCollector.execute(ThrowableCollector.java:74)
	at org.junit.platform.engine.support.hierarchical.NodeTestTask.lambda$executeRecursively$1(NodeTestTask.java:166)
	at org.junit.platform.engine.support.hierarchical.Node.around(Node.java:138)
	at org.junit.platform.engine.support.hierarchical.NodeTestTask.lambda$executeRecursively$0(NodeTestTask.java:164)
	at org.junit.platform.engine.support.hierarchical.ThrowableCollector.execute(ThrowableCollector.java:74)
	at org.junit.platform.engine.support.hierarchical.NodeTestTask.executeRecursively(NodeTestTask.java:163)
	at org.junit.platform.engine.support.hierarchical.NodeTestTask.execute(NodeTestTask.java:116)
	at java.base/java.util.ArrayList.forEach(ArrayList.java:1511)
	at org.junit.platform.engine.support.hierarchical.SameThreadHierarchicalTestExecutorService.invokeAll(SameThreadHierarchicalTestExecutorService.java:42)
	at org.junit.platform.engine.support.hierarchical.NodeTestTask.lambda$executeRecursively$2(NodeTestTask.java:180)
	at org.junit.platform.engine.support.hierarchical.ThrowableCollector.execute(ThrowableCollector.java:74)
	at org.junit.platform.engine.support.hierarchical.NodeTestTask.lambda$executeRecursively$1(NodeTestTask.java:166)
	at org.junit.platform.engine.support.hierarchical.Node.around(Node.java:138)
	at org.junit.platform.engine.support.hierarchical.NodeTestTask.lambda$executeRecursively$0(NodeTestTask.java:164)
	at org.junit.platform.engine.support.hierarchical.ThrowableCollector.execute(ThrowableCollector.java:74)
	at org.junit.platform.engine.support.hierarchical.NodeTestTask.executeRecursively(NodeTestTask.java:163)
	at org.junit.platform.engine.support.hierarchical.NodeTestTask.execute(NodeTestTask.java:116)
	at java.base/java.util.ArrayList.forEach(ArrayList.java:1511)
	at org.junit.platform.engine.support.hierarchical.SameThreadHierarchicalTestExecutorService.invokeAll(SameThreadHierarchicalTestExecutorService.java:42)
	at org.junit.platform.engine.support.hierarchical.NodeTestTask.lambda$executeRecursively$2(NodeTestTask.java:180)
	at org.junit.platform.engine.support.hierarchical.ThrowableCollector.execute(ThrowableCollector.java:74)
	at org.junit.platform.engine.support.hierarchical.NodeTestTask.lambda$executeRecursively$1(NodeTestTask.java:166)
	at org.junit.platform.engine.support.hierarchical.Node.around(Node.java:138)
	at org.junit.platform.engine.support.hierarchical.NodeTestTask.lambda$executeRecursively$0(NodeTestTask.java:164)
	at org.junit.platform.engine.support.hierarchical.ThrowableCollector.execute(ThrowableCollector.java:74)
	at org.junit.platform.engine.support.hierarchical.NodeTestTask.executeRecursively(NodeTestTask.java:163)
	at org.junit.platform.engine.support.hierarchical.NodeTestTask.execute(NodeTestTask.java:116)
	at org.junit.platform.engine.support.hierarchical.SameThreadHierarchicalTestExecutorService.submit(SameThreadHierarchicalTestExecutorService.java:36)
	at org.junit.platform.engine.support.hierarchical.HierarchicalTestExecutor.execute(HierarchicalTestExecutor.java:52)
	at org.junit.platform.engine.support.hierarchical.HierarchicalTestEngine.execute(HierarchicalTestEngine.java:58)
	at org.junit.platform.launcher.core.EngineExecutionOrchestrator.executeEngine(EngineExecutionOrchestrator.java:246)
	at org.junit.platform.launcher.core.EngineExecutionOrchestrator.failOrExecuteEngine(EngineExecutionOrchestrator.java:218)
	at org.junit.platform.launcher.core.EngineExecutionOrchestrator.execute(EngineExecutionOrchestrator.java:179)
	at org.junit.platform.launcher.core.EngineExecutionOrchestrator.execute(EngineExecutionOrchestrator.java:108)
	at org.junit.platform.launcher.core.EngineExecutionOrchestrator.lambda$execute$0(EngineExecutionOrchestrator.java:66)
	at org.junit.platform.launcher.core.EngineExecutionOrchestrator.withInterceptedStreams(EngineExecutionOrchestrator.java:157)
	at org.junit.platform.launcher.core.EngineExecutionOrchestrator.execute(EngineExecutionOrchestrator.java:65)
	at org.junit.platform.launcher.core.DefaultLauncher.execute(DefaultLauncher.java:125)
	at org.junit.platform.launcher.core.DefaultLauncher.execute(DefaultLauncher.java:114)
	at org.junit.platform.launcher.core.DelegatingLauncher.execute(DelegatingLauncher.java:58)
	at org.junit.platform.launcher.core.InterceptingLauncher.lambda$execute$2(InterceptingLauncher.java:57)
	at org.junit.platform.launcher.core.ClasspathAlignmentCheckingLauncherInterceptor.intercept(ClasspathAlignmentCheckingLauncherInterceptor.java:25)
	at org.junit.platform.launcher.core.InterceptingLauncher.execute(InterceptingLauncher.java:56)
	at org.junit.platform.launcher.core.DelegatingLauncher.execute(DelegatingLauncher.java:58)
	at java.base/jdk.internal.reflect.NativeMethodAccessorImpl.invoke0(Native Method)
	at java.base/jdk.internal.reflect.NativeMethodAccessorImpl.invoke(NativeMethodAccessorImpl.java:77)
	at java.base/jdk.internal.reflect.DelegatingMethodAccessorImpl.invoke(DelegatingMethodAccessorImpl.java:43)
	at java.base/java.lang.reflect.Method.invoke(Method.java:569)
	at org.apache.maven.surefire.api.util.ReflectionUtils.invokeMethodWithArray(ReflectionUtils.java:125)
	at org.apache.maven.surefire.junitplatform.LauncherAdapter.executeWithCancellationToken(LauncherAdapter.java:68)
	at org.apache.maven.surefire.junitplatform.LauncherAdapter.execute(LauncherAdapter.java:54)
	at org.apache.maven.surefire.junitplatform.JUnitPlatformProvider.execute(JUnitPlatformProvider.java:203)
	at org.apache.maven.surefire.junitplatform.JUnitPlatformProvider.invokeAllTests(JUnitPlatformProvider.java:168)
	at org.apache.maven.surefire.junitplatform.JUnitPlatformProvider.invoke(JUnitPlatformProvider.java:136)
	at org.apache.maven.surefire.booter.ForkedBooter.runSuitesInProcess(ForkedBooter.java:385)
	at org.apache.maven.surefire.booter.ForkedBooter.execute(ForkedBooter.java:162)
	at org.apache.maven.surefire.booter.ForkedBooter.run(ForkedBooter.java:507)
	at org.apache.maven.surefire.booter.ForkedBooter.main(ForkedBooter.java:495)

MockHttpServletRequest:
      HTTP Method = POST
      Request URI = /api/owners
       Parameters = {}
          Headers = [Content-Type:"application/json;charset=UTF-8", Content-Length:"93"]
             Body = {"firstName":"Test","lastName":"Surabk","address":"740 Test Street","telephone":"0400000742"}
    Session Attrs = {SPRING_SECURITY_CONTEXT=SecurityContextImpl [Authentication=UsernamePasswordAuthenticationToken [Principal=org.springframework.security.core.userdetails.User [Username=acceptance-admin, Password=[PROTECTED], Enabled=true, AccountNonExpired=true, CredentialsNonExpired=true, AccountNonLocked=true, Granted Authorities=[ROLE_ADMIN, ROLE_OWNER_ADMIN, ROLE_VET_ADMIN]], Credentials=[PROTECTED], Authenticated=true, Details=null, Granted Authorities=[ROLE_ADMIN, ROLE_OWNER_ADMIN, ROLE_VET_ADMIN]]]}

Handler:
             Type = org.springframework.samples.petclinic.rest.controller.v1.OwnerRestControllerV1
           Method = org.springframework.samples.petclinic.rest.controller.v1.OwnerRestControllerV1#addOwner(OwnerFieldsDto)

Async:
    Async started = false
     Async result = null

Resolved Exception:
             Type = java.lang.NullPointerException

ModelAndView:
        View name = null
             View = null
            Model = null

FlashMap:
       Attributes = null

MockHttpServletResponse:
           Status = 500
    Error message = null
          Headers = [Vary:"Origin", "Access-Control-Request-Method", "Access-Control-Request-Headers", Content-Type:"application/problem+json", X-Content-Type-Options:"nosniff", X-XSS-Protection:"0", Cache-Control:"no-cache, no-store, max-age=0, must-revalidate", Pragma:"no-cache", Expires:"0", X-Frame-Options:"DENY"]
     Content type = application/problem+json
             Body = {"detail":"An unexpected error occurred while processing your request","instance":"/api/owners","status":500,"title":"NullPointerException","type":"http://localhost/api/owners","timestamp":"2026-09-02T05:23:10.494807094Z","schemaValidationErrors":[]}
    Forwarded URL = null
   Redirected URL = null
          Cookies = []
DEBUG ExceptionControllerAdvice - Validation error at POST /api/owners: [Field error in object 'ownerFieldsDto' on field 'address': rejected value []; codes [required.ownerFieldsDto.address,required.address,required.java.lang.String,required]; arguments []; default message [must not be blank]]
[ERROR] Tests run: 2, Failures: 1, Errors: 0, Skipped: 0, Time elapsed: 0.030 s <<< FAILURE! -- in org.springframework.samples.petclinic.acceptance.Cp01Tests
[ERROR] org.springframework.samples.petclinic.acceptance.Cp01Tests.errorStillRejectsMissingCity -- Time elapsed: 0.010 s <<< FAILURE!
java.lang.AssertionError: Status expected:<400> but was:<500>
	at org.springframework.test.util.AssertionErrors.fail(AssertionErrors.java:62)
	at org.springframework.test.util.AssertionErrors.assertEquals(AssertionErrors.java:129)
	at org.springframework.test.web.servlet.result.StatusResultMatchers.lambda$matcher$0(StatusResultMatchers.java:600)
	at org.springframework.test.web.servlet.MockMvc$1.andExpect(MockMvc.java:212)
	at org.springframework.samples.petclinic.acceptance.Cp01Tests.errorStillRejectsMissingCity(Cp01Tests.java:23)

INFO  AnnotationConfigContextLoaderUtils - Could not detect default configuration classes for test class [org.springframework.samples.petclinic.acceptance.Cp26Tests]: Cp26Tests does not declare any static, non-private, non-final, nested classes annotated with @Configuration.
INFO  SpringBootTestContextBootstrapper - Found @SpringBootConfiguration org.springframework.samples.petclinic.PetClinicApplication for test class org.springframework.samples.petclinic.acceptance.Cp26Tests
INFO  AnnotationConfigContextLoaderUtils - Could not detect default configuration classes for test class [org.springframework.samples.petclinic.acceptance.Cp26Tests]: Cp26Tests does not declare any static, non-private, non-final, nested classes annotated with @Configuration.
INFO  AnnotationConfigContextLoaderUtils - Could not detect default configuration classes for test class [org.springframework.samples.petclinic.acceptance.AcceptanceBase]: AcceptanceBase does not declare any static, non-private, non-final, nested classes annotated with @Configuration.
INFO  SpringBootTestContextBootstrapper - Found @SpringBootConfiguration org.springframework.samples.petclinic.PetClinicApplication for test class org.springframework.samples.petclinic.acceptance.Cp26Tests
DEBUG ExceptionControllerAdvice - Validation error at POST /api/owners: [Field error in object 'ownerFieldsDto' on field 'telephone': rejected value [+61 123]; codes [telephone.invalid.ownerFieldsDto.telephone,telephone.invalid.telephone,telephone.invalid.java.lang.String,telephone.invalid]; arguments []; default message [must be a valid E.164 telephone]]
INFO  AnnotationConfigContextLoaderUtils - Could not detect default configuration classes for test class [org.springframework.samples.petclinic.acceptance.Cp27Tests]: Cp27Tests does not declare any static, non-private, non-final, nested classes annotated with @Configuration.
INFO  SpringBootTestContextBootstrapper - Found @SpringBootConfiguration org.springframework.samples.petclinic.PetClinicApplication for test class org.springframework.samples.petclinic.acceptance.Cp27Tests
INFO  AnnotationConfigContextLoaderUtils - Could not detect default configuration classes for test class [org.springframework.samples.petclinic.acceptance.Cp27Tests]: Cp27Tests does not declare any static, non-private, non-final, nested classes annotated with @Configuration.
INFO  AnnotationConfigContextLoaderUtils - Could not detect default configuration classes for test class [org.springframework.samples.petclinic.acceptance.AcceptanceBase]: AcceptanceBase does not declare any static, non-private, non-final, nested classes annotated with @Configuration.
INFO  SpringBootTestContextBootstrapper - Found @SpringBootConfiguration org.springframework.samples.petclinic.PetClinicApplication for test class org.springframework.samples.petclinic.acceptance.Cp27Tests
INFO  AUDIT - owner created id=187 customerCode=TOW-SUR-0001 registrationDate=2026-09-02
INFO  AUDIT - owner created id=188 customerCode=TOW-SUR-0001 registrationDate=2026-09-02
INFO  AnnotationConfigContextLoaderUtils - Could not detect default configuration classes for test class [org.springframework.samples.petclinic.acceptance.Cp22Tests]: Cp22Tests does not declare any static, non-private, non-final, nested classes annotated with @Configuration.
INFO  SpringBootTestContextBootstrapper - Found @SpringBootConfiguration org.springframework.samples.petclinic.PetClinicApplication for test class org.springframework.samples.petclinic.acceptance.Cp22Tests
INFO  AnnotationConfigContextLoaderUtils - Could not detect default configuration classes for test class [org.springframework.samples.petclinic.acceptance.Cp22Tests]: Cp22Tests does not declare any static, non-private, non-final, nested classes annotated with @Configuration.
INFO  AnnotationConfigContextLoaderUtils - Could not detect default configuration classes for test class [org.springframework.samples.petclinic.acceptance.AcceptanceBase]: AcceptanceBase does not declare any static, non-private, non-final, nested classes annotated with @Configuration.
INFO  SpringBootTestContextBootstrapper - Found @SpringBootConfiguration org.springframework.samples.petclinic.PetClinicApplication for test class org.springframework.samples.petclinic.acceptance.Cp22Tests
INFO  AUDIT - owner created id=189 customerCode=TOW-SUR-0001 registrationDate=2026-09-02
INFO  AnnotationConfigContextLoaderUtils - Could not detect default configuration classes for test class [org.springframework.samples.petclinic.acceptance.Cp30Tests]: Cp30Tests does not declare any static, non-private, non-final, nested classes annotated with @Configuration.
INFO  SpringBootTestContextBootstrapper - Found @SpringBootConfiguration org.springframework.samples.petclinic.PetClinicApplication for test class org.springframework.samples.petclinic.acceptance.Cp30Tests
INFO  AnnotationConfigContextLoaderUtils - Could not detect default configuration classes for test class [org.springframework.samples.petclinic.acceptance.Cp30Tests]: Cp30Tests does not declare any static, non-private, non-final, nested classes annotated with @Configuration.
INFO  AnnotationConfigContextLoaderUtils - Could not detect default configuration classes for test class [org.springframework.samples.petclinic.acceptance.AcceptanceBase]: AcceptanceBase does not declare any static, non-private, non-final, nested classes annotated with @Configuration.
INFO  SpringBootTestContextBootstrapper - Found @SpringBootConfiguration org.springframework.samples.petclinic.PetClinicApplication for test class org.springframework.samples.petclinic.acceptance.Cp30Tests
INFO  AUDIT - owner created id=190 customerCode=TOW-SUR-0001 registrationDate=2026-09-02
INFO  AUDIT - owner created id=191 customerCode=SYD-SUR-0001 registrationDate=2026-09-02
INFO  AnnotationConfigContextLoaderUtils - Could not detect default configuration classes for test class [org.springframework.samples.petclinic.acceptance.Cp24Tests]: Cp24Tests does not declare any static, non-private, non-final, nested classes annotated with @Configuration.
INFO  SpringBootTestContextBootstrapper - Found @SpringBootConfiguration org.springframework.samples.petclinic.PetClinicApplication for test class org.springframework.samples.petclinic.acceptance.Cp24Tests
INFO  AnnotationConfigContextLoaderUtils - Could not detect default configuration classes for test class [org.springframework.samples.petclinic.acceptance.Cp24Tests]: Cp24Tests does not declare any static, non-private, non-final, nested classes annotated with @Configuration.
INFO  AnnotationConfigContextLoaderUtils - Could not detect default configuration classes for test class [org.springframework.samples.petclinic.acceptance.AcceptanceBase]: AcceptanceBase does not declare any static, non-private, non-final, nested classes annotated with @Configuration.
INFO  SpringBootTestContextBootstrapper - Found @SpringBootConfiguration org.springframework.samples.petclinic.PetClinicApplication for test class org.springframework.samples.petclinic.acceptance.Cp24Tests
INFO  AUDIT - owner created id=192 customerCode=TOW-LEV-0001 registrationDate=2026-09-02
INFO  AnnotationConfigContextLoaderUtils - Could not detect default configuration classes for test class [org.springframework.samples.petclinic.acceptance.Cp02Tests]: Cp02Tests does not declare any static, non-private, non-final, nested classes annotated with @Configuration.
INFO  SpringBootTestContextBootstrapper - Found @SpringBootConfiguration org.springframework.samples.petclinic.PetClinicApplication for test class org.springframework.samples.petclinic.acceptance.Cp02Tests
INFO  AnnotationConfigContextLoaderUtils - Could not detect default configuration classes for test class [org.springframework.samples.petclinic.acceptance.Cp02Tests]: Cp02Tests does not declare any static, non-private, non-final, nested classes annotated with @Configuration.
INFO  AnnotationConfigContextLoaderUtils - Could not detect default configuration classes for test class [org.springframework.samples.petclinic.acceptance.AcceptanceBase]: AcceptanceBase does not declare any static, non-private, non-final, nested classes annotated with @Configuration.
INFO  SpringBootTestContextBootstrapper - Found @SpringBootConfiguration org.springframework.samples.petclinic.PetClinicApplication for test class org.springframework.samples.petclinic.acceptance.Cp02Tests
INFO  AUDIT - owner created id=193 customerCode=TOW-SUR-0001 registrationDate=2026-09-02
DEBUG ExceptionControllerAdvice - Validation error at POST /api/owners: [Field error in object 'ownerFieldsDto' on field 'telephone': rejected value [12]; codes [telephone.invalid.ownerFieldsDto.telephone,telephone.invalid.telephone,telephone.invalid.java.lang.String,telephone.invalid]; arguments []; default message [must be a valid E.164 telephone]]
INFO  AnnotationConfigContextLoaderUtils - Could not detect default configuration classes for test class [org.springframework.samples.petclinic.acceptance.Cp14Tests]: Cp14Tests does not declare any static, non-private, non-final, nested classes annotated with @Configuration.
INFO  SpringBootTestContextBootstrapper - Found @SpringBootConfiguration org.springframework.samples.petclinic.PetClinicApplication for test class org.springframework.samples.petclinic.acceptance.Cp14Tests
INFO  AnnotationConfigContextLoaderUtils - Could not detect default configuration classes for test class [org.springframework.samples.petclinic.acceptance.Cp14Tests]: Cp14Tests does not declare any static, non-private, non-final, nested classes annotated with @Configuration.
INFO  AnnotationConfigContextLoaderUtils - Could not detect default configuration classes for test class [org.springframework.samples.petclinic.acceptance.AcceptanceBase]: AcceptanceBase does not declare any static, non-private, non-final, nested classes annotated with @Configuration.
INFO  SpringBootTestContextBootstrapper - Found @SpringBootConfiguration org.springframework.samples.petclinic.PetClinicApplication for test class org.springframework.samples.petclinic.acceptance.Cp14Tests
INFO  AUDIT - owner created id=194 customerCode=TOW-SUR-0001 registrationDate=2026-01-05
INFO  AnnotationConfigContextLoaderUtils - Could not detect default configuration classes for test class [org.springframework.samples.petclinic.acceptance.Cp12Tests]: Cp12Tests does not declare any static, non-private, non-final, nested classes annotated with @Configuration.
INFO  SpringBootTestContextBootstrapper - Found @SpringBootConfiguration org.springframework.samples.petclinic.PetClinicApplication for test class org.springframework.samples.petclinic.acceptance.Cp12Tests
INFO  AnnotationConfigContextLoaderUtils - Could not detect default configuration classes for test class [org.springframework.samples.petclinic.acceptance.Cp12Tests]: Cp12Tests does not declare any static, non-private, non-final, nested classes annotated with @Configuration.
INFO  AnnotationConfigContextLoaderUtils - Could not detect default configuration classes for test class [org.springframework.samples.petclinic.acceptance.AcceptanceBase]: AcceptanceBase does not declare any static, non-private, non-final, nested classes annotated with @Configuration.
INFO  SpringBootTestContextBootstrapper - Found @SpringBootConfiguration org.springframework.samples.petclinic.PetClinicApplication for test class org.springframework.samples.petclinic.acceptance.Cp12Tests
DEBUG ExceptionControllerAdvice - Validation error at POST /api/owners: [Field error in object 'ownerFieldsDto' on field 'address': rejected value []; codes [required.ownerFieldsDto.address,required.address,required.java.lang.String,required]; arguments []; default message [must not be blank]]
INFO  AUDIT - owner created id=195 customerCode=TOW-SUR-0001 registrationDate=2026-09-02
INFO  AUDIT - owner created id=196 customerCode=TOW-SUR-0001 registrationDate=2026-09-02
INFO  AnnotationConfigContextLoaderUtils - Could not detect default configuration classes for test class [org.springframework.samples.petclinic.acceptance.Cp04Tests]: Cp04Tests does not declare any static, non-private, non-final, nested classes annotated with @Configuration.
INFO  SpringBootTestContextBootstrapper - Found @SpringBootConfiguration org.springframework.samples.petclinic.PetClinicApplication for test class org.springframework.samples.petclinic.acceptance.Cp04Tests
INFO  AnnotationConfigContextLoaderUtils - Could not detect default configuration classes for test class [org.springframework.samples.petclinic.acceptance.Cp04Tests]: Cp04Tests does not declare any static, non-private, non-final, nested classes annotated with @Configuration.
INFO  AnnotationConfigContextLoaderUtils - Could not detect default configuration classes for test class [org.springframework.samples.petclinic.acceptance.AcceptanceBase]: AcceptanceBase does not declare any static, non-private, non-final, nested classes annotated with @Configuration.
INFO  SpringBootTestContextBootstrapper - Found @SpringBootConfiguration org.springframework.samples.petclinic.PetClinicApplication for test class org.springframework.samples.petclinic.acceptance.Cp04Tests
DEBUG ExceptionControllerAdvice - Validation error at POST /api/owners: [Field error in object 'ownerFieldsDto' on field 'email': rejected value [not-an-email]; codes [Email.ownerFieldsDto.email,Email.email,Email.java.lang.String,Email]; arguments [org.springframework.context.support.DefaultMessageSourceResolvable: codes [ownerFieldsDto.email,email]; arguments []; default message [email],[Ljakarta.validation.constraints.Pattern$Flag;@ccf1ef9,.*]; default message [must be a well-formed email address]]
INFO  AUDIT - owner created id=197 customerCode=TOW-SUR-0001 registrationDate=2026-09-02
INFO  AUDIT - owner created id=198 customerCode=TOW-SUR-0001 registrationDate=2026-09-02
INFO  AnnotationConfigContextLoaderUtils - Could not detect default configuration classes for test class [org.springframework.samples.petclinic.acceptance.Cp16Tests]: Cp16Tests does not declare any static, non-private, non-final, nested classes annotated with @Configuration.
INFO  SpringBootTestContextBootstrapper - Found @SpringBootConfiguration org.springframework.samples.petclinic.PetClinicApplication for test class org.springframework.samples.petclinic.acceptance.Cp16Tests
INFO  AnnotationConfigContextLoaderUtils - Could not detect default configuration classes for test class [org.springframework.samples.petclinic.acceptance.Cp16Tests]: Cp16Tests does not declare any static, non-private, non-final, nested classes annotated with @Configuration.
INFO  AnnotationConfigContextLoaderUtils - Could not detect default configuration classes for test class [org.springframework.samples.petclinic.acceptance.AcceptanceBase]: AcceptanceBase does not declare any static, non-private, non-final, nested classes annotated with @Configuration.
INFO  SpringBootTestContextBootstrapper - Found @SpringBootConfiguration org.springframework.samples.petclinic.PetClinicApplication for test class org.springframework.samples.petclinic.acceptance.Cp16Tests
INFO  AUDIT - owner created id=199 customerCode=TOW-SUR-0001 registrationDate=2026-09-02
[ERROR] Failures: 
[ERROR]   Cp01Tests.errorStillRejectsMissingCity:23 Status expected:<400> but was:<500>
[ERROR]   Cp11Tests.coreSharedHouseholdAndIdentityKey:27 expected: <+61400000036||b1bb295c-e4b2-34bf-b800-c2a4808efeae> but was: <+61400000036||>
[ERROR]   Cp21Tests.coreAuditLineRecordsLevel:21 expected: <true> but was: <false>
[ERROR] Tests run: 44, Failures: 3, Errors: 0, Skipped: 0
[ERROR] Failed to execute goal org.apache.maven.plugins:maven-surefire-plugin:3.5.6:test (default-test) on project spring-petclinic-rest: There are test failures.
[ERROR] 
[ERROR] See /home/daniel/sandbox/target/surefire-reports for the individual test results.
[ERROR] See dump files (if any exist) [date].dump, [date]-jvmRun[N].dump and [date].dumpstream.
[ERROR] -> [Help 1]
[ERROR] 
[ERROR] To see the full stack trace of the errors, re-run Maven with the -e switch.
[ERROR] Re-run Maven using the -X switch to enable full debug logging.
[ERROR] 
[ERROR] For more information about the errors and possible solutions, please read the following articles:
[ERROR] [Help 1] http://cwiki.apache.org/confluence/display/MAVEN/MojoFailureException
OpenJDK 64-Bit Server VM warning: Sharing is only supported for boot loader classes because bootstrap classpath has been appended
