$ ./mvnw -q -B -DskipTests test-compile
############################################################################################
# Thanks for using OpenAPI Generator.                                                      #
# We appreciate your support! Please consider donation to help us maintain this project.   #
# https://opencollective.com/openapi_generator/donate                                      #
############################################################################################

$ ./mvnw -q -B -Dgroups=cp01,cp02,cp03,cp04,cp05,cp06,cp07,cp08,cp09,cp10,cp11,cp12,cp13,cp14,cp15,cp16,cp17,cp18,cp19,cp20,cp21,cp22,cp23,cp24,cp25,cp26,cp27,cp28,cp29,cp30,cp31,cp32,cp33,cp34,cp35,cp36,cp37,cp38,cp39,cp40,cp41,cp42,cp43 test
############################################################################################
# Thanks for using OpenAPI Generator.                                                      #
# We appreciate your support! Please consider donation to help us maintain this project.   #
# https://opencollective.com/openapi_generator/donate                                      #
############################################################################################
INFO  AnnotationConfigContextLoaderUtils - Could not detect default configuration classes for test class [org.springframework.samples.petclinic.acceptance.Cp17Tests]: Cp17Tests does not declare any static, non-private, non-final, nested classes annotated with @Configuration.
INFO  SpringBootTestContextBootstrapper - Found @SpringBootConfiguration org.springframework.samples.petclinic.PetClinicApplication for test class org.springframework.samples.petclinic.acceptance.Cp17Tests
INFO  AnnotationConfigContextLoaderUtils - Could not detect default configuration classes for test class [org.springframework.samples.petclinic.acceptance.Cp17Tests]: Cp17Tests does not declare any static, non-private, non-final, nested classes annotated with @Configuration.
INFO  AnnotationConfigContextLoaderUtils - Could not detect default configuration classes for test class [org.springframework.samples.petclinic.acceptance.AcceptanceBase]: AcceptanceBase does not declare any static, non-private, non-final, nested classes annotated with @Configuration.
INFO  SpringBootTestContextBootstrapper - Found @SpringBootConfiguration org.springframework.samples.petclinic.PetClinicApplication for test class org.springframework.samples.petclinic.acceptance.Cp17Tests

  .   ____          _            __ _ _
 /\\ / ___'_ __ _ _(_)_ __  __ _ \ \ \ \
( ( )\___ | '_ | '_| | '_ \/ _` | \ \ \ \
 \\/  ___)| |_)| | | | | || (_| |  ) ) ) )
  '  |____| .__|_| |_|_| |_\__, | / / / /
 =========|_|==============|___/=/_/_/_/

 :: Spring Boot ::                (v4.1.0)

INFO  Cp17Tests - Starting Cp17Tests using Java 17.0.20 with PID 2375048 (started by daniel in /home/daniel/sandbox)
DEBUG Cp17Tests - Running with Spring Boot v4.1.0, Spring v7.0.8
INFO  Cp17Tests - The following 2 profiles are active: "hsqldb", "spring-data-jpa"
INFO  Version - HV000001: Hibernate Validator 9.1.0.Final
INFO  RepositoryConfigurationDelegate - Bootstrapping Spring Data JPA repositories in DEFAULT mode.
INFO  RepositoryConfigurationDelegate - Finished Spring Data repository scanning in 67 ms. Found 7 JPA repository interfaces.
INFO  HikariDataSource - HikariPool-1 - Starting...
INFO  PoolBase - HikariPool-1 - Driver does not support get/set network timeout for connections. (feature not supported)
INFO  HikariPool - HikariPool-1 - Added connection org.hsqldb.jdbc.JDBCConnection@55d0650e
INFO  HikariDataSource - HikariPool-1 - Start completed.
INFO  jpa - HHH008540: Processing PersistenceUnitInfo [name: default]
INFO  core - HHH000001: Hibernate ORM core version 7.4.1.Final
INFO  SpringPersistenceUnitInfo - No LoadTimeWeaver setup: ignoring JPA class transformer
INFO  pooling - HHH10001005: Database info:
	Database JDBC URL [jdbc:hsqldb:mem:petclinic]
	Database driver: HSQL Database Engine Driver
	Database dialect: HSQLDialect
	Database version: 2.7.3
	Default catalog/schema: PUBLIC/PUBLIC
	Autocommit mode: undefined/unknown
	Isolation level: READ_COMMITTED [default READ_COMMITTED]
	JDBC fetch size: none
	Pool: DataSourceConnectionProvider
	Minimum pool size: undefined/unknown
	Maximum pool size: undefined/unknown
INFO  core - HHH000489: No JTA platform available (set 'hibernate.transaction.jta.platform' to enable JTA platform integration)
INFO  LocalContainerEntityManagerFactoryBean - Initialized JPA EntityManagerFactory for persistence unit 'default'
WARN  InitializeUserDetailsBeanManagerConfigurer$InitializeUserDetailsManagerConfigurer - Global AuthenticationManager configured with an AuthenticationProvider bean. UserDetailsService beans will not be used by Spring Security for automatically configuring username/password login. Consider removing the AuthenticationProvider bean. Alternatively, consider using the UserDetailsService in a manually instantiated DaoAuthenticationProvider. If the current configuration is intentional, to turn off this warning, increase the logging level of 'org.springframework.security.config.annotation.authentication.configuration.InitializeUserDetailsBeanManagerConfigurer' to ERROR
INFO  QueryEnhancerFactories - Hibernate is in classpath; If applicable, HQL parser will be used.
INFO  OFFICE - Loading REST endpoints:
INFO  OFFICE -   GET /
INFO  OFFICE -   GET /api/pets
INFO  OFFICE -   GET /api/vets
INFO  OFFICE -   POST /api/vets
INFO  OFFICE -   POST /api/users
INFO  OFFICE -   GET /api/owners
INFO  OFFICE -   POST /api/owners
INFO  OFFICE -   GET /api/visits
INFO  OFFICE -   POST /api/visits
INFO  OFFICE -   GET /api/v2/pets
INFO  OFFICE -   GET /api/pettypes
INFO  OFFICE -   POST /api/pettypes
INFO  OFFICE -   GET /api/v2/owners
INFO  OFFICE -   GET /api/specialties
INFO  OFFICE -   POST /api/specialties
INFO  OFFICE -   DELETE /api/pets/{petId}
INFO  OFFICE -   GET /api/pets/{petId}
INFO  OFFICE -   PUT /api/pets/{petId}
INFO  OFFICE -   DELETE /api/vets/{vetId}
INFO  OFFICE -   GET /api/vets/{vetId}
INFO  OFFICE -   PUT /api/vets/{vetId}
INFO  OFFICE -   DELETE /api/owners/{ownerId}
INFO  OFFICE -   GET /api/owners/{ownerId}
INFO  OFFICE -   PUT /api/owners/{ownerId}
INFO  OFFICE -   DELETE /api/visits/{visitId}
INFO  OFFICE -   GET /api/visits/{visitId}
INFO  OFFICE -   PUT /api/visits/{visitId}
INFO  OFFICE -   DELETE /api/pettypes/{petTypeId}
INFO  OFFICE -   GET /api/pettypes/{petTypeId}
INFO  OFFICE -   PUT /api/pettypes/{petTypeId}
INFO  OFFICE -   POST /api/owners/{ownerId}/pets
INFO  OFFICE -   DELETE /api/specialties/{specialtyId}
INFO  OFFICE -   GET /api/specialties/{specialtyId}
INFO  OFFICE -   PUT /api/specialties/{specialtyId}
INFO  OFFICE -   GET /api/owners/{ownerId}/pets/{petId}
INFO  OFFICE -   PUT /api/owners/{ownerId}/pets/{petId}
INFO  OFFICE -   POST /api/owners/{ownerId}/pets/{petId}/visits
INFO  OFFICE - OfficeFloor bridging Spring Security
WARN  UserDetailsServiceAutoConfiguration - 

Using generated security password: a67e4329-9a14-4ef3-9d0b-987aebf0e8be

This generated password is for development use only. Your security configuration must be updated before running your application in production.

INFO  SpringBootMockServletContext - Initializing Spring TestDispatcherServlet ''
INFO  TestDispatcherServlet - Initializing Servlet ''
INFO  EndpointLinksResolver - Exposing 1 endpoint beneath base path '/actuator'
INFO  TestDispatcherServlet - Completed initialization in 19 ms
INFO  Cp17Tests - Started Cp17Tests in 13.258 seconds (process running for 15.164)
WARN  SpringDocAppInitializer - SpringDoc /v3/api-docs endpoint is enabled by default. To disable it in production, set the property 'springdoc.api-docs.enabled=false'
WARN  SpringDocAppInitializer - SpringDoc /swagger-ui.html endpoint is enabled by default. To disable it in production, set the property 'springdoc.swagger-ui.enabled=false'
INFO  AUDIT - Created owner id=11 customerCode=NSW-16E6609E registrationDate=2026-09-07 membershipLevel=1 membershipNumber=NSW-16E6609E-M26
INFO  AnnotationConfigContextLoaderUtils - Could not detect default configuration classes for test class [org.springframework.samples.petclinic.acceptance.Cp10Tests]: Cp10Tests does not declare any static, non-private, non-final, nested classes annotated with @Configuration.
INFO  SpringBootTestContextBootstrapper - Found @SpringBootConfiguration org.springframework.samples.petclinic.PetClinicApplication for test class org.springframework.samples.petclinic.acceptance.Cp10Tests
INFO  AnnotationConfigContextLoaderUtils - Could not detect default configuration classes for test class [org.springframework.samples.petclinic.acceptance.Cp10Tests]: Cp10Tests does not declare any static, non-private, non-final, nested classes annotated with @Configuration.
INFO  AnnotationConfigContextLoaderUtils - Could not detect default configuration classes for test class [org.springframework.samples.petclinic.acceptance.AcceptanceBase]: AcceptanceBase does not declare any static, non-private, non-final, nested classes annotated with @Configuration.
INFO  SpringBootTestContextBootstrapper - Found @SpringBootConfiguration org.springframework.samples.petclinic.PetClinicApplication for test class org.springframework.samples.petclinic.acceptance.Cp10Tests
INFO  AUDIT - Created owner id=12 customerCode=NSW-2311369A registrationDate=2026-09-07 membershipLevel=1 membershipNumber=NSW-2311369A-M26
INFO  AnnotationConfigContextLoaderUtils - Could not detect default configuration classes for test class [org.springframework.samples.petclinic.acceptance.Cp29Tests]: Cp29Tests does not declare any static, non-private, non-final, nested classes annotated with @Configuration.
INFO  SpringBootTestContextBootstrapper - Found @SpringBootConfiguration org.springframework.samples.petclinic.PetClinicApplication for test class org.springframework.samples.petclinic.acceptance.Cp29Tests
INFO  AnnotationConfigContextLoaderUtils - Could not detect default configuration classes for test class [org.springframework.samples.petclinic.acceptance.Cp29Tests]: Cp29Tests does not declare any static, non-private, non-final, nested classes annotated with @Configuration.
INFO  AnnotationConfigContextLoaderUtils - Could not detect default configuration classes for test class [org.springframework.samples.petclinic.acceptance.AcceptanceBase]: AcceptanceBase does not declare any static, non-private, non-final, nested classes annotated with @Configuration.
INFO  SpringBootTestContextBootstrapper - Found @SpringBootConfiguration org.springframework.samples.petclinic.PetClinicApplication for test class org.springframework.samples.petclinic.acceptance.Cp29Tests
INFO  AUDIT - Created owner id=13 customerCode=NSW-E64BA08C registrationDate=2026-09-07 membershipLevel=1 membershipNumber=NSW-E64BA08C-M26
INFO  AUDIT - Created owner id=14 customerCode=UNKNOWN-9CD68E3A registrationDate=2026-09-07 membershipLevel=1 membershipNumber=UNKNOWN-9CD68E3A-M26
INFO  AnnotationConfigContextLoaderUtils - Could not detect default configuration classes for test class [org.springframework.samples.petclinic.acceptance.Cp11Tests]: Cp11Tests does not declare any static, non-private, non-final, nested classes annotated with @Configuration.
INFO  SpringBootTestContextBootstrapper - Found @SpringBootConfiguration org.springframework.samples.petclinic.PetClinicApplication for test class org.springframework.samples.petclinic.acceptance.Cp11Tests
INFO  AnnotationConfigContextLoaderUtils - Could not detect default configuration classes for test class [org.springframework.samples.petclinic.acceptance.Cp11Tests]: Cp11Tests does not declare any static, non-private, non-final, nested classes annotated with @Configuration.
INFO  AnnotationConfigContextLoaderUtils - Could not detect default configuration classes for test class [org.springframework.samples.petclinic.acceptance.AcceptanceBase]: AcceptanceBase does not declare any static, non-private, non-final, nested classes annotated with @Configuration.
INFO  SpringBootTestContextBootstrapper - Found @SpringBootConfiguration org.springframework.samples.petclinic.PetClinicApplication for test class org.springframework.samples.petclinic.acceptance.Cp11Tests
INFO  AUDIT - Created owner id=15 customerCode=NSW-D75F394E registrationDate=2026-09-07 membershipLevel=1 membershipNumber=NSW-D75F394E-M26
INFO  AUDIT - Created owner id=16 customerCode=NSW-DEF041A9 registrationDate=2026-09-07 membershipLevel=1 membershipNumber=NSW-DEF041A9-M26
INFO  AnnotationConfigContextLoaderUtils - Could not detect default configuration classes for test class [org.springframework.samples.petclinic.acceptance.Cp21Tests]: Cp21Tests does not declare any static, non-private, non-final, nested classes annotated with @Configuration.
INFO  SpringBootTestContextBootstrapper - Found @SpringBootConfiguration org.springframework.samples.petclinic.PetClinicApplication for test class org.springframework.samples.petclinic.acceptance.Cp21Tests
INFO  AnnotationConfigContextLoaderUtils - Could not detect default configuration classes for test class [org.springframework.samples.petclinic.acceptance.Cp21Tests]: Cp21Tests does not declare any static, non-private, non-final, nested classes annotated with @Configuration.
INFO  AnnotationConfigContextLoaderUtils - Could not detect default configuration classes for test class [org.springframework.samples.petclinic.acceptance.AcceptanceBase]: AcceptanceBase does not declare any static, non-private, non-final, nested classes annotated with @Configuration.
INFO  SpringBootTestContextBootstrapper - Found @SpringBootConfiguration org.springframework.samples.petclinic.PetClinicApplication for test class org.springframework.samples.petclinic.acceptance.Cp21Tests
INFO  AUDIT - Created owner id=17 customerCode=NSW-FA3D07B2 registrationDate=2026-09-07 membershipLevel=1 membershipNumber=NSW-FA3D07B2-M26
INFO  AnnotationConfigContextLoaderUtils - Could not detect default configuration classes for test class [org.springframework.samples.petclinic.acceptance.Cp06Tests]: Cp06Tests does not declare any static, non-private, non-final, nested classes annotated with @Configuration.
INFO  SpringBootTestContextBootstrapper - Found @SpringBootConfiguration org.springframework.samples.petclinic.PetClinicApplication for test class org.springframework.samples.petclinic.acceptance.Cp06Tests
INFO  AnnotationConfigContextLoaderUtils - Could not detect default configuration classes for test class [org.springframework.samples.petclinic.acceptance.Cp06Tests]: Cp06Tests does not declare any static, non-private, non-final, nested classes annotated with @Configuration.
INFO  AnnotationConfigContextLoaderUtils - Could not detect default configuration classes for test class [org.springframework.samples.petclinic.acceptance.AcceptanceBase]: AcceptanceBase does not declare any static, non-private, non-final, nested classes annotated with @Configuration.
INFO  SpringBootTestContextBootstrapper - Found @SpringBootConfiguration org.springframework.samples.petclinic.PetClinicApplication for test class org.springframework.samples.petclinic.acceptance.Cp06Tests
INFO  AUDIT - Created owner id=18 customerCode=UNKNOWN-933FA7E2 registrationDate=2026-09-07 membershipLevel=1 membershipNumber=UNKNOWN-933FA7E2-M26
INFO  AnnotationConfigContextLoaderUtils - Could not detect default configuration classes for test class [org.springframework.samples.petclinic.acceptance.Cp03Tests]: Cp03Tests does not declare any static, non-private, non-final, nested classes annotated with @Configuration.
INFO  SpringBootTestContextBootstrapper - Found @SpringBootConfiguration org.springframework.samples.petclinic.PetClinicApplication for test class org.springframework.samples.petclinic.acceptance.Cp03Tests
INFO  AnnotationConfigContextLoaderUtils - Could not detect default configuration classes for test class [org.springframework.samples.petclinic.acceptance.Cp03Tests]: Cp03Tests does not declare any static, non-private, non-final, nested classes annotated with @Configuration.
INFO  AnnotationConfigContextLoaderUtils - Could not detect default configuration classes for test class [org.springframework.samples.petclinic.acceptance.AcceptanceBase]: AcceptanceBase does not declare any static, non-private, non-final, nested classes annotated with @Configuration.
INFO  SpringBootTestContextBootstrapper - Found @SpringBootConfiguration org.springframework.samples.petclinic.PetClinicApplication for test class org.springframework.samples.petclinic.acceptance.Cp03Tests
INFO  AUDIT - Created owner id=19 customerCode=UNKNOWN-F0BB90A6 registrationDate=2026-09-07 membershipLevel=1 membershipNumber=UNKNOWN-F0BB90A6-M26
INFO  AnnotationConfigContextLoaderUtils - Could not detect default configuration classes for test class [org.springframework.samples.petclinic.acceptance.Cp13Tests]: Cp13Tests does not declare any static, non-private, non-final, nested classes annotated with @Configuration.
INFO  SpringBootTestContextBootstrapper - Found @SpringBootConfiguration org.springframework.samples.petclinic.PetClinicApplication for test class org.springframework.samples.petclinic.acceptance.Cp13Tests
INFO  AnnotationConfigContextLoaderUtils - Could not detect default configuration classes for test class [org.springframework.samples.petclinic.acceptance.Cp13Tests]: Cp13Tests does not declare any static, non-private, non-final, nested classes annotated with @Configuration.
INFO  AnnotationConfigContextLoaderUtils - Could not detect default configuration classes for test class [org.springframework.samples.petclinic.acceptance.AcceptanceBase]: AcceptanceBase does not declare any static, non-private, non-final, nested classes annotated with @Configuration.
INFO  SpringBootTestContextBootstrapper - Found @SpringBootConfiguration org.springframework.samples.petclinic.PetClinicApplication for test class org.springframework.samples.petclinic.acceptance.Cp13Tests
INFO  AUDIT - Created owner id=20 customerCode=NSW-66F25C63 registrationDate=2026-09-07 membershipLevel=1 membershipNumber=NSW-66F25C63-M26
INFO  AUDIT - Created owner id=21 customerCode=NSW-898D1EA9 registrationDate=2026-09-07 membershipLevel=1 membershipNumber=NSW-898D1EA9-M26

MockHttpServletRequest:
      HTTP Method = POST
      Request URI = /api/owners
       Parameters = {}
          Headers = [Content-Type:"application/json;charset=UTF-8", Content-Length:"124"]
             Body = {"firstName":"Ann","lastName":"Surau","address":"49 Test Street","city":"Town50","telephone":"0400000051","postcode":"2000"}
    Session Attrs = {SPRING_SECURITY_CONTEXT=SecurityContextImpl [Authentication=UsernamePasswordAuthenticationToken [Principal=org.springframework.security.core.userdetails.User [Username=acceptance-admin, Password=[PROTECTED], Enabled=true, AccountNonExpired=true, CredentialsNonExpired=true, AccountNonLocked=true, Granted Authorities=[ROLE_ADMIN, ROLE_OWNER_ADMIN, ROLE_VET_ADMIN]], Credentials=[PROTECTED], Authenticated=true, Details=null, Granted Authorities=[ROLE_ADMIN, ROLE_OWNER_ADMIN, ROLE_VET_ADMIN]]]}

Handler:
             Type = org.springframework.web.servlet.resource.ResourceHttpRequestHandler

Async:
    Async started = false
     Async result = null

Resolved Exception:
             Type = null

ModelAndView:
        View name = null
             View = null
            Model = null

FlashMap:
       Attributes = null

MockHttpServletResponse:
           Status = 201
    Error message = null
          Headers = [Location:"/api/owners/20", Content-Type:"application/json", X-Content-Type-Options:"nosniff", X-XSS-Protection:"0", Cache-Control:"no-cache, no-store, max-age=0, must-revalidate", Pragma:"no-cache", Expires:"0", X-Frame-Options:"DENY"]
     Content type = application/json
             Body = {"firstName":"Ann","lastName":"Surau","address":"49 TEST STREET","city":"Town50","telephone":"+61400000051","pets":[],"ageBand":null,"birthDate":null,"bulkSignupWarning":false,"checkDigit":6,"contactPreference":"PHONE","customerCode":"NSW-66F25C63","displayName":"Surau, Ann","email":null,"householdId":"f50e8acff54f","id":20,"identityKey":"+61400000051||f50e8acff54f","initials":"A.S.","locality":"NSW","membershipLevel":1,"membershipNumber":"NSW-66F25C63-M26","membershipPoints":1,"namesakeCount":0,"possibleDuplicate":false,"possibleDuplicateOf":null,"postcode":"2000","registrationDate":"2026-09-07","sharesHousehold":null,"telephoneDisplay":"+61 400 000 051","timezone":"Australia/Sydney"}
    Forwarded URL = null
   Redirected URL = /api/owners/20
          Cookies = []

MockHttpServletRequest:
      HTTP Method = POST
      Request URI = /api/owners
       Parameters = {}
          Headers = [Content-Type:"application/json;charset=UTF-8", Content-Length:"124"]
             Body = {"firstName":"Ann","lastName":"Surau","address":"53 Test Street","city":"Town54","telephone":"0400000055","postcode":"2001"}
    Session Attrs = {SPRING_SECURITY_CONTEXT=SecurityContextImpl [Authentication=UsernamePasswordAuthenticationToken [Principal=org.springframework.security.core.userdetails.User [Username=acceptance-admin, Password=[PROTECTED], Enabled=true, AccountNonExpired=true, CredentialsNonExpired=true, AccountNonLocked=true, Granted Authorities=[ROLE_ADMIN, ROLE_OWNER_ADMIN, ROLE_VET_ADMIN]], Credentials=[PROTECTED], Authenticated=true, Details=null, Granted Authorities=[ROLE_ADMIN, ROLE_OWNER_ADMIN, ROLE_VET_ADMIN]]]}

Handler:
             Type = org.springframework.web.servlet.resource.ResourceHttpRequestHandler

Async:
    Async started = false
     Async result = null

Resolved Exception:
             Type = null

ModelAndView:
        View name = null
             View = null
            Model = null

FlashMap:
       Attributes = null

MockHttpServletResponse:
           Status = 201
    Error message = null
          Headers = [Location:"/api/owners/21", Content-Type:"application/json", X-Content-Type-Options:"nosniff", X-XSS-Protection:"0", Cache-Control:"no-cache, no-store, max-age=0, must-revalidate", Pragma:"no-cache", Expires:"0", X-Frame-Options:"DENY"]
     Content type = application/json
             Body = {"firstName":"Ann","lastName":"Surau","address":"53 TEST STREET","city":"Town54","telephone":"+61400000055","pets":[],"ageBand":null,"birthDate":null,"bulkSignupWarning":false,"checkDigit":7,"contactPreference":"PHONE","customerCode":"NSW-898D1EA9","displayName":"Surau, Ann","email":null,"householdId":"98129d1cc7f0","id":21,"identityKey":"+61400000055||98129d1cc7f0","initials":"A.S.","locality":"NSW","membershipLevel":1,"membershipNumber":"NSW-898D1EA9-M26","membershipPoints":1,"namesakeCount":0,"possibleDuplicate":false,"possibleDuplicateOf":null,"postcode":"2001","registrationDate":"2026-09-07","sharesHousehold":null,"telephoneDisplay":"+61 400 000 055","timezone":"Australia/Sydney"}
    Forwarded URL = null
   Redirected URL = /api/owners/21
          Cookies = []

MockHttpServletRequest:
      HTTP Method = GET
      Request URI = /api/owners/21
       Parameters = {}
          Headers = []
             Body = null
    Session Attrs = {SPRING_SECURITY_CONTEXT=SecurityContextImpl [Authentication=UsernamePasswordAuthenticationToken [Principal=org.springframework.security.core.userdetails.User [Username=acceptance-admin, Password=[PROTECTED], Enabled=true, AccountNonExpired=true, CredentialsNonExpired=true, AccountNonLocked=true, Granted Authorities=[ROLE_ADMIN, ROLE_OWNER_ADMIN, ROLE_VET_ADMIN]], Credentials=[PROTECTED], Authenticated=true, Details=null, Granted Authorities=[ROLE_ADMIN, ROLE_OWNER_ADMIN, ROLE_VET_ADMIN]]]}

Handler:
             Type = org.springframework.web.servlet.resource.ResourceHttpRequestHandler

Async:
    Async started = false
     Async result = null

Resolved Exception:
             Type = null

ModelAndView:
        View name = null
             View = null
            Model = null

FlashMap:
       Attributes = null

MockHttpServletResponse:
           Status = 200
    Error message = null
          Headers = [Content-Type:"application/json", X-Content-Type-Options:"nosniff", X-XSS-Protection:"0", Cache-Control:"no-cache, no-store, max-age=0, must-revalidate", Pragma:"no-cache", Expires:"0", X-Frame-Options:"DENY"]
     Content type = application/json
             Body = {"firstName":"Ann","lastName":"Surau","address":"53 TEST STREET","city":"Town54","telephone":"+61400000055","pets":[],"ageBand":null,"birthDate":null,"bulkSignupWarning":false,"checkDigit":7,"contactPreference":"PHONE","customerCode":"NSW-898D1EA9","displayName":"Surau, Ann","email":null,"householdId":"98129d1cc7f0","id":21,"identityKey":"+61400000055||98129d1cc7f0","initials":"A.S.","locality":"NSW","membershipLevel":1,"membershipNumber":"NSW-898D1EA9-M26","membershipPoints":1,"namesakeCount":0,"possibleDuplicate":false,"possibleDuplicateOf":null,"postcode":"2001","registrationDate":"2026-09-07","sharesHousehold":null,"telephoneDisplay":"+61 400 000 055","timezone":"Australia/Sydney"}
    Forwarded URL = null
   Redirected URL = null
          Cookies = []
[ERROR] Tests run: 1, Failures: 1, Errors: 0, Skipped: 0, Time elapsed: 0.124 s <<< FAILURE! -- in org.springframework.samples.petclinic.acceptance.Cp13Tests
[ERROR] org.springframework.samples.petclinic.acceptance.Cp13Tests.coreCountsNamesakes -- Time elapsed: 0.094 s <<< FAILURE!
java.lang.AssertionError: JSON path "$.namesakeCount" expected:<1> but was:<0>
	at org.springframework.test.util.AssertionErrors.fail(AssertionErrors.java:62)
	at org.springframework.test.util.AssertionErrors.assertEquals(AssertionErrors.java:129)
	at org.springframework.test.util.JsonPathExpectationsHelper.assertValue(JsonPathExpectationsHelper.java:172)
	at org.springframework.test.web.servlet.result.JsonPathResultMatchers.lambda$value$2(JsonPathResultMatchers.java:111)
	at org.springframework.test.web.servlet.MockMvc$1.andExpect(MockMvc.java:212)
	at org.springframework.samples.petclinic.acceptance.Cp13Tests.coreCountsNamesakes(Cp13Tests.java:24)

INFO  AnnotationConfigContextLoaderUtils - Could not detect default configuration classes for test class [org.springframework.samples.petclinic.acceptance.Cp19Tests]: Cp19Tests does not declare any static, non-private, non-final, nested classes annotated with @Configuration.
INFO  SpringBootTestContextBootstrapper - Found @SpringBootConfiguration org.springframework.samples.petclinic.PetClinicApplication for test class org.springframework.samples.petclinic.acceptance.Cp19Tests
INFO  AnnotationConfigContextLoaderUtils - Could not detect default configuration classes for test class [org.springframework.samples.petclinic.acceptance.Cp19Tests]: Cp19Tests does not declare any static, non-private, non-final, nested classes annotated with @Configuration.
INFO  AnnotationConfigContextLoaderUtils - Could not detect default configuration classes for test class [org.springframework.samples.petclinic.acceptance.AcceptanceBase]: AcceptanceBase does not declare any static, non-private, non-final, nested classes annotated with @Configuration.
INFO  SpringBootTestContextBootstrapper - Found @SpringBootConfiguration org.springframework.samples.petclinic.PetClinicApplication for test class org.springframework.samples.petclinic.acceptance.Cp19Tests
INFO  AUDIT - Created owner id=22 customerCode=UNKNOWN-33BB1C31 registrationDate=2026-09-07 membershipLevel=1 membershipNumber=UNKNOWN-33BB1C31-M26
INFO  AUDIT - Created owner id=23 customerCode=UNKNOWN-C76EDE2D registrationDate=2026-09-07 membershipLevel=1 membershipNumber=UNKNOWN-C76EDE2D-M26
INFO  AUDIT - Created owner id=24 customerCode=UNKNOWN-AA45DBC7 registrationDate=2026-09-07 membershipLevel=1 membershipNumber=UNKNOWN-AA45DBC7-M26
INFO  AUDIT - Created owner id=25 customerCode=UNKNOWN-4433B2D7 registrationDate=2026-09-07 membershipLevel=1 membershipNumber=UNKNOWN-4433B2D7-M26
INFO  AUDIT - Created owner id=26 customerCode=UNKNOWN-92BD52A8 registrationDate=2026-09-07 membershipLevel=1 membershipNumber=UNKNOWN-92BD52A8-M26
INFO  AUDIT - Created owner id=27 customerCode=UNKNOWN-E95C8E74 registrationDate=2026-09-07 membershipLevel=1 membershipNumber=UNKNOWN-E95C8E74-M26
INFO  AUDIT - Created owner id=28 customerCode=UNKNOWN-51B5496A registrationDate=2026-09-07 membershipLevel=1 membershipNumber=UNKNOWN-51B5496A-M26
INFO  AUDIT - Created owner id=29 customerCode=UNKNOWN-85A8142E registrationDate=2026-09-07 membershipLevel=1 membershipNumber=UNKNOWN-85A8142E-M26
INFO  AUDIT - Created owner id=30 customerCode=UNKNOWN-3FAD054F registrationDate=2026-09-07 membershipLevel=1 membershipNumber=UNKNOWN-3FAD054F-M26
INFO  AUDIT - Created owner id=31 customerCode=UNKNOWN-428C0A93 registrationDate=2026-09-07 membershipLevel=1 membershipNumber=UNKNOWN-428C0A93-M26
INFO  AUDIT - Created owner id=32 customerCode=UNKNOWN-F57FC58B registrationDate=2026-09-07 membershipLevel=1 membershipNumber=UNKNOWN-F57FC58B-M26
INFO  AUDIT - Created owner id=33 customerCode=UNKNOWN-76811EB2 registrationDate=2026-09-07 membershipLevel=1 membershipNumber=UNKNOWN-76811EB2-M26
INFO  AUDIT - Created owner id=34 customerCode=UNKNOWN-B26417C1 registrationDate=2026-09-07 membershipLevel=1 membershipNumber=UNKNOWN-B26417C1-M26
INFO  AUDIT - Created owner id=35 customerCode=UNKNOWN-C493C16D registrationDate=2026-09-07 membershipLevel=1 membershipNumber=UNKNOWN-C493C16D-M26
INFO  AUDIT - Created owner id=36 customerCode=UNKNOWN-23F961A7 registrationDate=2026-09-07 membershipLevel=1 membershipNumber=UNKNOWN-23F961A7-M26
INFO  AUDIT - Created owner id=37 customerCode=UNKNOWN-E8F27F9D registrationDate=2026-09-07 membershipLevel=1 membershipNumber=UNKNOWN-E8F27F9D-M26
INFO  AUDIT - Created owner id=38 customerCode=UNKNOWN-C69823C0 registrationDate=2026-09-07 membershipLevel=1 membershipNumber=UNKNOWN-C69823C0-M26
INFO  AUDIT - Created owner id=39 customerCode=UNKNOWN-CA3A83EA registrationDate=2026-09-07 membershipLevel=1 membershipNumber=UNKNOWN-CA3A83EA-M26
INFO  AUDIT - Created owner id=40 customerCode=UNKNOWN-A01F92C0 registrationDate=2026-09-07 membershipLevel=1 membershipNumber=UNKNOWN-A01F92C0-M26
INFO  AUDIT - Created owner id=41 customerCode=UNKNOWN-04D17242 registrationDate=2026-09-07 membershipLevel=1 membershipNumber=UNKNOWN-04D17242-M26
INFO  AUDIT - Created owner id=42 customerCode=UNKNOWN-51CECC84 registrationDate=2026-09-07 membershipLevel=1 membershipNumber=UNKNOWN-51CECC84-M26
INFO  AUDIT - Created owner id=43 customerCode=UNKNOWN-A84F713B registrationDate=2026-09-07 membershipLevel=1 membershipNumber=UNKNOWN-A84F713B-M26
INFO  AUDIT - Created owner id=44 customerCode=UNKNOWN-FC21E9AD registrationDate=2026-09-07 membershipLevel=1 membershipNumber=UNKNOWN-FC21E9AD-M26
INFO  AUDIT - Created owner id=45 customerCode=UNKNOWN-8BC7E59B registrationDate=2026-09-07 membershipLevel=1 membershipNumber=UNKNOWN-8BC7E59B-M26
INFO  AUDIT - Created owner id=46 customerCode=UNKNOWN-663D25C8 registrationDate=2026-09-07 membershipLevel=1 membershipNumber=UNKNOWN-663D25C8-M26
INFO  AUDIT - Created owner id=47 customerCode=UNKNOWN-BC72DFC2 registrationDate=2026-09-07 membershipLevel=1 membershipNumber=UNKNOWN-BC72DFC2-M26
INFO  AUDIT - Created owner id=48 customerCode=UNKNOWN-87F415CE registrationDate=2026-09-07 membershipLevel=1 membershipNumber=UNKNOWN-87F415CE-M26
INFO  AUDIT - Created owner id=49 customerCode=UNKNOWN-6525BF8E registrationDate=2026-09-07 membershipLevel=1 membershipNumber=UNKNOWN-6525BF8E-M26
INFO  AUDIT - Created owner id=50 customerCode=UNKNOWN-236EEB97 registrationDate=2026-09-07 membershipLevel=1 membershipNumber=UNKNOWN-236EEB97-M26
INFO  AUDIT - Created owner id=51 customerCode=UNKNOWN-609E6349 registrationDate=2026-09-07 membershipLevel=1 membershipNumber=UNKNOWN-609E6349-M26
INFO  AUDIT - Created owner id=52 customerCode=UNKNOWN-1E3D13CA registrationDate=2026-09-07 membershipLevel=1 membershipNumber=UNKNOWN-1E3D13CA-M26
INFO  AUDIT - Created owner id=53 customerCode=UNKNOWN-FCAA2D6F registrationDate=2026-09-07 membershipLevel=1 membershipNumber=UNKNOWN-FCAA2D6F-M26
INFO  AUDIT - Created owner id=54 customerCode=UNKNOWN-4EC50D8B registrationDate=2026-09-07 membershipLevel=1 membershipNumber=UNKNOWN-4EC50D8B-M26
INFO  AUDIT - Created owner id=55 customerCode=UNKNOWN-409E2310 registrationDate=2026-09-07 membershipLevel=1 membershipNumber=UNKNOWN-409E2310-M26
INFO  AUDIT - Created owner id=56 customerCode=UNKNOWN-5BBC5BAD registrationDate=2026-09-07 membershipLevel=1 membershipNumber=UNKNOWN-5BBC5BAD-M26
INFO  AUDIT - Created owner id=57 customerCode=UNKNOWN-93744860 registrationDate=2026-09-07 membershipLevel=1 membershipNumber=UNKNOWN-93744860-M26
INFO  AUDIT - Created owner id=58 customerCode=UNKNOWN-433415A2 registrationDate=2026-09-07 membershipLevel=1 membershipNumber=UNKNOWN-433415A2-M26
INFO  AUDIT - Created owner id=59 customerCode=UNKNOWN-2D1AA66C registrationDate=2026-09-07 membershipLevel=1 membershipNumber=UNKNOWN-2D1AA66C-M26
INFO  AUDIT - Created owner id=60 customerCode=UNKNOWN-D0335655 registrationDate=2026-09-07 membershipLevel=1 membershipNumber=UNKNOWN-D0335655-M26
INFO  AUDIT - Created owner id=61 customerCode=UNKNOWN-803FDE4E registrationDate=2026-09-07 membershipLevel=1 membershipNumber=UNKNOWN-803FDE4E-M26
INFO  AUDIT - Created owner id=62 customerCode=UNKNOWN-9EEEF39F registrationDate=2026-09-07 membershipLevel=1 membershipNumber=UNKNOWN-9EEEF39F-M26
INFO  AUDIT - Created owner id=63 customerCode=UNKNOWN-A30CDCB6 registrationDate=2026-09-07 membershipLevel=1 membershipNumber=UNKNOWN-A30CDCB6-M26
INFO  AUDIT - Created owner id=64 customerCode=UNKNOWN-F1CE0F36 registrationDate=2026-09-07 membershipLevel=1 membershipNumber=UNKNOWN-F1CE0F36-M26
INFO  AUDIT - Created owner id=65 customerCode=UNKNOWN-9267E57F registrationDate=2026-09-07 membershipLevel=1 membershipNumber=UNKNOWN-9267E57F-M26
INFO  AUDIT - Created owner id=66 customerCode=UNKNOWN-E0094254 registrationDate=2026-09-07 membershipLevel=1 membershipNumber=UNKNOWN-E0094254-M26
INFO  AUDIT - Created owner id=67 customerCode=UNKNOWN-F130EC23 registrationDate=2026-09-07 membershipLevel=1 membershipNumber=UNKNOWN-F130EC23-M26
INFO  AUDIT - Created owner id=68 customerCode=UNKNOWN-A57861CB registrationDate=2026-09-07 membershipLevel=1 membershipNumber=UNKNOWN-A57861CB-M26
INFO  AUDIT - Created owner id=69 customerCode=UNKNOWN-32BCA90B registrationDate=2026-09-07 membershipLevel=1 membershipNumber=UNKNOWN-32BCA90B-M26
INFO  AUDIT - Created owner id=70 customerCode=UNKNOWN-5A2B86E1 registrationDate=2026-09-07 membershipLevel=1 membershipNumber=UNKNOWN-5A2B86E1-M26
INFO  AUDIT - Created owner id=71 customerCode=UNKNOWN-C7D9ED7B registrationDate=2026-09-07 membershipLevel=1 membershipNumber=UNKNOWN-C7D9ED7B-M26
INFO  AUDIT - Created owner id=72 customerCode=UNKNOWN-0FA7AF5C registrationDate=2026-09-07 membershipLevel=1 membershipNumber=UNKNOWN-0FA7AF5C-M26
INFO  AUDIT - Created owner id=73 customerCode=UNKNOWN-17732EBB registrationDate=2026-09-07 membershipLevel=1 membershipNumber=UNKNOWN-17732EBB-M26
INFO  AUDIT - Created owner id=74 customerCode=UNKNOWN-3CD22D70 registrationDate=2026-09-07 membershipLevel=1 membershipNumber=UNKNOWN-3CD22D70-M26
INFO  AUDIT - Created owner id=75 customerCode=UNKNOWN-D5F294E7 registrationDate=2026-09-07 membershipLevel=1 membershipNumber=UNKNOWN-D5F294E7-M26
INFO  AUDIT - Created owner id=76 customerCode=UNKNOWN-8F7E4B5F registrationDate=2026-09-07 membershipLevel=1 membershipNumber=UNKNOWN-8F7E4B5F-M26
INFO  AUDIT - Created owner id=77 customerCode=UNKNOWN-1806A7A7 registrationDate=2026-09-07 membershipLevel=1 membershipNumber=UNKNOWN-1806A7A7-M26
INFO  AUDIT - Created owner id=78 customerCode=UNKNOWN-B7583818 registrationDate=2026-09-07 membershipLevel=1 membershipNumber=UNKNOWN-B7583818-M26
INFO  AUDIT - Created owner id=79 customerCode=UNKNOWN-E2AC6C4B registrationDate=2026-09-07 membershipLevel=1 membershipNumber=UNKNOWN-E2AC6C4B-M26
INFO  AUDIT - Created owner id=80 customerCode=UNKNOWN-CEEC2F0C registrationDate=2026-09-07 membershipLevel=1 membershipNumber=UNKNOWN-CEEC2F0C-M26
INFO  AUDIT - Created owner id=81 customerCode=UNKNOWN-6871E848 registrationDate=2026-09-07 membershipLevel=1 membershipNumber=UNKNOWN-6871E848-M26
INFO  AUDIT - Created owner id=82 customerCode=UNKNOWN-4313AD0F registrationDate=2026-09-07 membershipLevel=1 membershipNumber=UNKNOWN-4313AD0F-M26
INFO  AUDIT - Created owner id=83 customerCode=UNKNOWN-FB86C8FE registrationDate=2026-09-07 membershipLevel=1 membershipNumber=UNKNOWN-FB86C8FE-M26
INFO  AUDIT - Created owner id=84 customerCode=UNKNOWN-59E4C5E0 registrationDate=2026-09-07 membershipLevel=1 membershipNumber=UNKNOWN-59E4C5E0-M26
INFO  AUDIT - Created owner id=85 customerCode=UNKNOWN-264D80F5 registrationDate=2026-09-07 membershipLevel=1 membershipNumber=UNKNOWN-264D80F5-M26
INFO  AUDIT - Created owner id=86 customerCode=UNKNOWN-46C5A7CA registrationDate=2026-09-07 membershipLevel=1 membershipNumber=UNKNOWN-46C5A7CA-M26
INFO  AUDIT - Created owner id=87 customerCode=UNKNOWN-726E1CEF registrationDate=2026-09-07 membershipLevel=1 membershipNumber=UNKNOWN-726E1CEF-M26
INFO  AUDIT - Created owner id=88 customerCode=UNKNOWN-4FE7BCDD registrationDate=2026-09-07 membershipLevel=1 membershipNumber=UNKNOWN-4FE7BCDD-M26
INFO  AUDIT - Created owner id=89 customerCode=UNKNOWN-8FB3D039 registrationDate=2026-09-07 membershipLevel=1 membershipNumber=UNKNOWN-8FB3D039-M26
INFO  AUDIT - Created owner id=90 customerCode=UNKNOWN-149F043D registrationDate=2026-09-07 membershipLevel=1 membershipNumber=UNKNOWN-149F043D-M26
INFO  AUDIT - Created owner id=91 customerCode=UNKNOWN-9DAA7DC3 registrationDate=2026-09-07 membershipLevel=1 membershipNumber=UNKNOWN-9DAA7DC3-M26
INFO  AUDIT - Created owner id=92 customerCode=UNKNOWN-F93631C8 registrationDate=2026-09-07 membershipLevel=1 membershipNumber=UNKNOWN-F93631C8-M26
INFO  AUDIT - Created owner id=93 customerCode=UNKNOWN-1BDC95A0 registrationDate=2026-09-07 membershipLevel=1 membershipNumber=UNKNOWN-1BDC95A0-M26
INFO  AUDIT - Created owner id=94 customerCode=UNKNOWN-8B03DD1F registrationDate=2026-09-07 membershipLevel=1 membershipNumber=UNKNOWN-8B03DD1F-M26
INFO  AUDIT - Created owner id=95 customerCode=UNKNOWN-FD31948F registrationDate=2026-09-07 membershipLevel=1 membershipNumber=UNKNOWN-FD31948F-M26
INFO  AUDIT - Created owner id=96 customerCode=UNKNOWN-1FE8D9BB registrationDate=2026-09-07 membershipLevel=1 membershipNumber=UNKNOWN-1FE8D9BB-M26
INFO  AUDIT - Created owner id=97 customerCode=UNKNOWN-529EC06F registrationDate=2026-09-07 membershipLevel=1 membershipNumber=UNKNOWN-529EC06F-M26
INFO  AUDIT - Created owner id=98 customerCode=UNKNOWN-BE115AFA registrationDate=2026-09-07 membershipLevel=1 membershipNumber=UNKNOWN-BE115AFA-M26
INFO  AUDIT - Created owner id=99 customerCode=UNKNOWN-CF83970F registrationDate=2026-09-07 membershipLevel=1 membershipNumber=UNKNOWN-CF83970F-M26
INFO  AUDIT - Created owner id=100 customerCode=UNKNOWN-55217EA9 registrationDate=2026-09-07 membershipLevel=1 membershipNumber=UNKNOWN-55217EA9-M26
INFO  AUDIT - Created owner id=101 customerCode=UNKNOWN-ABB9E8E4 registrationDate=2026-09-07 membershipLevel=1 membershipNumber=UNKNOWN-ABB9E8E4-M26
INFO  AUDIT - Created owner id=102 customerCode=UNKNOWN-D41A0A7D registrationDate=2026-09-07 membershipLevel=1 membershipNumber=UNKNOWN-D41A0A7D-M26
INFO  AUDIT - Created owner id=103 customerCode=UNKNOWN-3B26E067 registrationDate=2026-09-07 membershipLevel=1 membershipNumber=UNKNOWN-3B26E067-M26
INFO  AUDIT - Created owner id=104 customerCode=UNKNOWN-813ADA06 registrationDate=2026-09-07 membershipLevel=1 membershipNumber=UNKNOWN-813ADA06-M26
INFO  AUDIT - Created owner id=105 customerCode=UNKNOWN-7D59CF8B registrationDate=2026-09-07 membershipLevel=1 membershipNumber=UNKNOWN-7D59CF8B-M26
INFO  AUDIT - Created owner id=106 customerCode=UNKNOWN-12125B65 registrationDate=2026-09-07 membershipLevel=1 membershipNumber=UNKNOWN-12125B65-M26
INFO  AUDIT - Created owner id=107 customerCode=UNKNOWN-2547FC16 registrationDate=2026-09-07 membershipLevel=1 membershipNumber=UNKNOWN-2547FC16-M26
INFO  AUDIT - Created owner id=108 customerCode=UNKNOWN-55FC1F22 registrationDate=2026-09-07 membershipLevel=1 membershipNumber=UNKNOWN-55FC1F22-M26
INFO  AUDIT - Created owner id=109 customerCode=UNKNOWN-E10839FD registrationDate=2026-09-07 membershipLevel=1 membershipNumber=UNKNOWN-E10839FD-M26
INFO  AUDIT - Created owner id=110 customerCode=UNKNOWN-12810B66 registrationDate=2026-09-07 membershipLevel=1 membershipNumber=UNKNOWN-12810B66-M26
INFO  AUDIT - Created owner id=111 customerCode=UNKNOWN-A20F658D registrationDate=2026-09-07 membershipLevel=1 membershipNumber=UNKNOWN-A20F658D-M26
INFO  AUDIT - Created owner id=112 customerCode=UNKNOWN-AAA6E049 registrationDate=2026-09-07 membershipLevel=1 membershipNumber=UNKNOWN-AAA6E049-M26
INFO  AUDIT - Created owner id=113 customerCode=UNKNOWN-4C6669B8 registrationDate=2026-09-07 membershipLevel=1 membershipNumber=UNKNOWN-4C6669B8-M26
INFO  AUDIT - Created owner id=114 customerCode=UNKNOWN-225009C6 registrationDate=2026-09-07 membershipLevel=1 membershipNumber=UNKNOWN-225009C6-M26
INFO  AUDIT - Created owner id=115 customerCode=UNKNOWN-C7F844B9 registrationDate=2026-09-07 membershipLevel=1 membershipNumber=UNKNOWN-C7F844B9-M26
INFO  AUDIT - Created owner id=116 customerCode=UNKNOWN-9071210A registrationDate=2026-09-07 membershipLevel=1 membershipNumber=UNKNOWN-9071210A-M26
INFO  AUDIT - Created owner id=117 customerCode=UNKNOWN-8C95896F registrationDate=2026-09-07 membershipLevel=1 membershipNumber=UNKNOWN-8C95896F-M26
INFO  AUDIT - Created owner id=118 customerCode=UNKNOWN-457B4AC0 registrationDate=2026-09-07 membershipLevel=1 membershipNumber=UNKNOWN-457B4AC0-M26
INFO  AUDIT - Created owner id=119 customerCode=UNKNOWN-F88FE582 registrationDate=2026-09-07 membershipLevel=1 membershipNumber=UNKNOWN-F88FE582-M26
INFO  AUDIT - Created owner id=120 customerCode=UNKNOWN-E25648A0 registrationDate=2026-09-07 membershipLevel=1 membershipNumber=UNKNOWN-E25648A0-M26
INFO  AUDIT - Created owner id=121 customerCode=UNKNOWN-DECE9083 registrationDate=2026-09-07 membershipLevel=1 membershipNumber=UNKNOWN-DECE9083-M26
INFO  AnnotationConfigContextLoaderUtils - Could not detect default configuration classes for test class [org.springframework.samples.petclinic.acceptance.Cp28Tests]: Cp28Tests does not declare any static, non-private, non-final, nested classes annotated with @Configuration.
INFO  SpringBootTestContextBootstrapper - Found @SpringBootConfiguration org.springframework.samples.petclinic.PetClinicApplication for test class org.springframework.samples.petclinic.acceptance.Cp28Tests
INFO  AnnotationConfigContextLoaderUtils - Could not detect default configuration classes for test class [org.springframework.samples.petclinic.acceptance.Cp28Tests]: Cp28Tests does not declare any static, non-private, non-final, nested classes annotated with @Configuration.
INFO  AnnotationConfigContextLoaderUtils - Could not detect default configuration classes for test class [org.springframework.samples.petclinic.acceptance.AcceptanceBase]: AcceptanceBase does not declare any static, non-private, non-final, nested classes annotated with @Configuration.
INFO  SpringBootTestContextBootstrapper - Found @SpringBootConfiguration org.springframework.samples.petclinic.PetClinicApplication for test class org.springframework.samples.petclinic.acceptance.Cp28Tests
INFO  AUDIT - Created owner id=122 customerCode=NSW-0CBB2884 registrationDate=2026-09-07 membershipLevel=1 membershipNumber=NSW-0CBB2884-M26
INFO  AnnotationConfigContextLoaderUtils - Could not detect default configuration classes for test class [org.springframework.samples.petclinic.acceptance.Cp18Tests]: Cp18Tests does not declare any static, non-private, non-final, nested classes annotated with @Configuration.
INFO  SpringBootTestContextBootstrapper - Found @SpringBootConfiguration org.springframework.samples.petclinic.PetClinicApplication for test class org.springframework.samples.petclinic.acceptance.Cp18Tests
INFO  AnnotationConfigContextLoaderUtils - Could not detect default configuration classes for test class [org.springframework.samples.petclinic.acceptance.Cp18Tests]: Cp18Tests does not declare any static, non-private, non-final, nested classes annotated with @Configuration.
INFO  AnnotationConfigContextLoaderUtils - Could not detect default configuration classes for test class [org.springframework.samples.petclinic.acceptance.AcceptanceBase]: AcceptanceBase does not declare any static, non-private, non-final, nested classes annotated with @Configuration.
INFO  SpringBootTestContextBootstrapper - Found @SpringBootConfiguration org.springframework.samples.petclinic.PetClinicApplication for test class org.springframework.samples.petclinic.acceptance.Cp18Tests
INFO  AUDIT - Created owner id=123 customerCode=UNKNOWN-9EC434D4 registrationDate=2026-09-07 membershipLevel=1 membershipNumber=UNKNOWN-9EC434D4-M26
INFO  AUDIT - Created owner id=124 customerCode=UNKNOWN-AA771E49 registrationDate=2026-09-07 membershipLevel=1 membershipNumber=UNKNOWN-AA771E49-M26
INFO  AUDIT - Created owner id=125 customerCode=UNKNOWN-DD931513 registrationDate=2026-09-07 membershipLevel=1 membershipNumber=UNKNOWN-DD931513-M26
INFO  AUDIT - Created owner id=126 customerCode=UNKNOWN-EDB36FBB registrationDate=2026-09-07 membershipLevel=1 membershipNumber=UNKNOWN-EDB36FBB-M26
INFO  AUDIT - Created owner id=127 customerCode=UNKNOWN-A1B7EA06 registrationDate=2026-09-07 membershipLevel=1 membershipNumber=UNKNOWN-A1B7EA06-M26
INFO  AUDIT - Created owner id=128 customerCode=UNKNOWN-7C267430 registrationDate=2026-09-07 membershipLevel=1 membershipNumber=UNKNOWN-7C267430-M26
INFO  AUDIT - Created owner id=129 customerCode=UNKNOWN-B3C1202E registrationDate=2026-09-07 membershipLevel=1 membershipNumber=UNKNOWN-B3C1202E-M26
INFO  AUDIT - Created owner id=130 customerCode=UNKNOWN-649DB92D registrationDate=2026-09-07 membershipLevel=1 membershipNumber=UNKNOWN-649DB92D-M26
INFO  AUDIT - Created owner id=131 customerCode=UNKNOWN-657A1BD1 registrationDate=2026-09-07 membershipLevel=1 membershipNumber=UNKNOWN-657A1BD1-M26
INFO  AUDIT - Created owner id=132 customerCode=UNKNOWN-DDFC257E registrationDate=2026-09-07 membershipLevel=1 membershipNumber=UNKNOWN-DDFC257E-M26
INFO  AUDIT - Created owner id=133 customerCode=UNKNOWN-F3A60E04 registrationDate=2026-09-07 membershipLevel=1 membershipNumber=UNKNOWN-F3A60E04-M26
INFO  AUDIT - Created owner id=134 customerCode=UNKNOWN-3BF29EE4 registrationDate=2026-09-07 membershipLevel=1 membershipNumber=UNKNOWN-3BF29EE4-M26
INFO  AUDIT - Created owner id=135 customerCode=UNKNOWN-6E47171F registrationDate=2026-09-07 membershipLevel=1 membershipNumber=UNKNOWN-6E47171F-M26
INFO  AUDIT - Created owner id=136 customerCode=UNKNOWN-2CE25673 registrationDate=2026-09-07 membershipLevel=1 membershipNumber=UNKNOWN-2CE25673-M26
INFO  AUDIT - Created owner id=137 customerCode=UNKNOWN-3C3BCD90 registrationDate=2026-09-07 membershipLevel=1 membershipNumber=UNKNOWN-3C3BCD90-M26
INFO  AUDIT - Created owner id=138 customerCode=UNKNOWN-7711F7F0 registrationDate=2026-09-07 membershipLevel=1 membershipNumber=UNKNOWN-7711F7F0-M26
INFO  AUDIT - Created owner id=139 customerCode=UNKNOWN-B6D21152 registrationDate=2026-09-07 membershipLevel=1 membershipNumber=UNKNOWN-B6D21152-M26
INFO  AUDIT - Created owner id=140 customerCode=UNKNOWN-7306E5B1 registrationDate=2026-09-07 membershipLevel=1 membershipNumber=UNKNOWN-7306E5B1-M26
INFO  AUDIT - Created owner id=141 customerCode=UNKNOWN-711CE495 registrationDate=2026-09-07 membershipLevel=1 membershipNumber=UNKNOWN-711CE495-M26
INFO  AUDIT - Created owner id=142 customerCode=UNKNOWN-1D6AEE95 registrationDate=2026-09-07 membershipLevel=1 membershipNumber=UNKNOWN-1D6AEE95-M26
INFO  AUDIT - Created owner id=143 customerCode=UNKNOWN-4F8D30B8 registrationDate=2026-09-07 membershipLevel=1 membershipNumber=UNKNOWN-4F8D30B8-M26
INFO  AUDIT - Created owner id=144 customerCode=UNKNOWN-C07BBA7F registrationDate=2026-09-07 membershipLevel=1 membershipNumber=UNKNOWN-C07BBA7F-M26
INFO  AUDIT - Created owner id=145 customerCode=UNKNOWN-F22F08F0 registrationDate=2026-09-07 membershipLevel=1 membershipNumber=UNKNOWN-F22F08F0-M26
INFO  AUDIT - Created owner id=146 customerCode=UNKNOWN-5C4541F1 registrationDate=2026-09-07 membershipLevel=1 membershipNumber=UNKNOWN-5C4541F1-M26
INFO  AUDIT - Created owner id=147 customerCode=UNKNOWN-70E3F088 registrationDate=2026-09-07 membershipLevel=1 membershipNumber=UNKNOWN-70E3F088-M26
INFO  AUDIT - Created owner id=148 customerCode=UNKNOWN-CC149EB1 registrationDate=2026-09-07 membershipLevel=1 membershipNumber=UNKNOWN-CC149EB1-M26
INFO  AUDIT - Created owner id=149 customerCode=UNKNOWN-6071D098 registrationDate=2026-09-07 membershipLevel=1 membershipNumber=UNKNOWN-6071D098-M26
INFO  AUDIT - Created owner id=150 customerCode=UNKNOWN-A7245348 registrationDate=2026-09-07 membershipLevel=1 membershipNumber=UNKNOWN-A7245348-M26
INFO  AUDIT - Created owner id=151 customerCode=UNKNOWN-B2CE0697 registrationDate=2026-09-07 membershipLevel=1 membershipNumber=UNKNOWN-B2CE0697-M26
INFO  AUDIT - Created owner id=152 customerCode=UNKNOWN-186198E7 registrationDate=2026-09-07 membershipLevel=1 membershipNumber=UNKNOWN-186198E7-M26
INFO  AUDIT - Created owner id=153 customerCode=UNKNOWN-2C1B4C3B registrationDate=2026-09-07 membershipLevel=1 membershipNumber=UNKNOWN-2C1B4C3B-M26
INFO  AUDIT - Created owner id=154 customerCode=UNKNOWN-ACA20FF3 registrationDate=2026-09-07 membershipLevel=1 membershipNumber=UNKNOWN-ACA20FF3-M26
INFO  AUDIT - Created owner id=155 customerCode=UNKNOWN-BD686857 registrationDate=2026-09-07 membershipLevel=1 membershipNumber=UNKNOWN-BD686857-M26
INFO  AUDIT - Created owner id=156 customerCode=UNKNOWN-CA29D710 registrationDate=2026-09-07 membershipLevel=1 membershipNumber=UNKNOWN-CA29D710-M26
INFO  AUDIT - Created owner id=157 customerCode=UNKNOWN-E952EFA6 registrationDate=2026-09-07 membershipLevel=1 membershipNumber=UNKNOWN-E952EFA6-M26
INFO  AUDIT - Created owner id=158 customerCode=UNKNOWN-70799067 registrationDate=2026-09-07 membershipLevel=1 membershipNumber=UNKNOWN-70799067-M26
INFO  AUDIT - Created owner id=159 customerCode=UNKNOWN-3123884A registrationDate=2026-09-07 membershipLevel=1 membershipNumber=UNKNOWN-3123884A-M26
INFO  AUDIT - Created owner id=160 customerCode=UNKNOWN-47C58784 registrationDate=2026-09-07 membershipLevel=1 membershipNumber=UNKNOWN-47C58784-M26
INFO  AUDIT - Created owner id=161 customerCode=UNKNOWN-ADC8331E registrationDate=2026-09-07 membershipLevel=1 membershipNumber=UNKNOWN-ADC8331E-M26
INFO  AUDIT - Created owner id=162 customerCode=UNKNOWN-72A0D679 registrationDate=2026-09-07 membershipLevel=1 membershipNumber=UNKNOWN-72A0D679-M26
INFO  AUDIT - Created owner id=163 customerCode=UNKNOWN-48F4AFF4 registrationDate=2026-09-07 membershipLevel=1 membershipNumber=UNKNOWN-48F4AFF4-M26
INFO  AUDIT - Created owner id=164 customerCode=UNKNOWN-AD07A156 registrationDate=2026-09-07 membershipLevel=1 membershipNumber=UNKNOWN-AD07A156-M26
INFO  AUDIT - Created owner id=165 customerCode=UNKNOWN-354A33BC registrationDate=2026-09-07 membershipLevel=1 membershipNumber=UNKNOWN-354A33BC-M26
INFO  AUDIT - Created owner id=166 customerCode=UNKNOWN-ED0A40B8 registrationDate=2026-09-07 membershipLevel=1 membershipNumber=UNKNOWN-ED0A40B8-M26
INFO  AUDIT - Created owner id=167 customerCode=UNKNOWN-E68A2053 registrationDate=2026-09-07 membershipLevel=1 membershipNumber=UNKNOWN-E68A2053-M26
INFO  AUDIT - Created owner id=168 customerCode=UNKNOWN-57A38568 registrationDate=2026-09-07 membershipLevel=1 membershipNumber=UNKNOWN-57A38568-M26
INFO  AUDIT - Created owner id=169 customerCode=UNKNOWN-707A9958 registrationDate=2026-09-07 membershipLevel=1 membershipNumber=UNKNOWN-707A9958-M26
INFO  AUDIT - Created owner id=170 customerCode=UNKNOWN-56754408 registrationDate=2026-09-07 membershipLevel=1 membershipNumber=UNKNOWN-56754408-M26
INFO  AUDIT - Created owner id=171 customerCode=UNKNOWN-357D6304 registrationDate=2026-09-07 membershipLevel=1 membershipNumber=UNKNOWN-357D6304-M26
INFO  AUDIT - Created owner id=172 customerCode=UNKNOWN-5D8E2AF9 registrationDate=2026-09-07 membershipLevel=1 membershipNumber=UNKNOWN-5D8E2AF9-M26
INFO  AnnotationConfigContextLoaderUtils - Could not detect default configuration classes for test class [org.springframework.samples.petclinic.acceptance.Cp08Tests]: Cp08Tests does not declare any static, non-private, non-final, nested classes annotated with @Configuration.
INFO  SpringBootTestContextBootstrapper - Found @SpringBootConfiguration org.springframework.samples.petclinic.PetClinicApplication for test class org.springframework.samples.petclinic.acceptance.Cp08Tests
INFO  AnnotationConfigContextLoaderUtils - Could not detect default configuration classes for test class [org.springframework.samples.petclinic.acceptance.Cp08Tests]: Cp08Tests does not declare any static, non-private, non-final, nested classes annotated with @Configuration.
INFO  AnnotationConfigContextLoaderUtils - Could not detect default configuration classes for test class [org.springframework.samples.petclinic.acceptance.AcceptanceBase]: AcceptanceBase does not declare any static, non-private, non-final, nested classes annotated with @Configuration.
INFO  SpringBootTestContextBootstrapper - Found @SpringBootConfiguration org.springframework.samples.petclinic.PetClinicApplication for test class org.springframework.samples.petclinic.acceptance.Cp08Tests
INFO  AUDIT - Created owner id=173 customerCode=UNKNOWN-672B1242 registrationDate=2026-09-07 membershipLevel=1 membershipNumber=UNKNOWN-672B1242-M26
INFO  AUDIT - Created owner id=174 customerCode=UNKNOWN-D286570F registrationDate=2026-09-07 membershipLevel=1 membershipNumber=UNKNOWN-D286570F-M26
INFO  AnnotationConfigContextLoaderUtils - Could not detect default configuration classes for test class [org.springframework.samples.petclinic.acceptance.Cp07Tests]: Cp07Tests does not declare any static, non-private, non-final, nested classes annotated with @Configuration.
INFO  SpringBootTestContextBootstrapper - Found @SpringBootConfiguration org.springframework.samples.petclinic.PetClinicApplication for test class org.springframework.samples.petclinic.acceptance.Cp07Tests
INFO  AnnotationConfigContextLoaderUtils - Could not detect default configuration classes for test class [org.springframework.samples.petclinic.acceptance.Cp07Tests]: Cp07Tests does not declare any static, non-private, non-final, nested classes annotated with @Configuration.
INFO  AnnotationConfigContextLoaderUtils - Could not detect default configuration classes for test class [org.springframework.samples.petclinic.acceptance.AcceptanceBase]: AcceptanceBase does not declare any static, non-private, non-final, nested classes annotated with @Configuration.
INFO  SpringBootTestContextBootstrapper - Found @SpringBootConfiguration org.springframework.samples.petclinic.PetClinicApplication for test class org.springframework.samples.petclinic.acceptance.Cp07Tests
INFO  AUDIT - Created owner id=175 customerCode=UNKNOWN-1A221EB4 registrationDate=2026-01-06 membershipLevel=1 membershipNumber=UNKNOWN-1A221EB4-M26
INFO  AUDIT - Created owner id=176 customerCode=UNKNOWN-46D52422 registrationDate=2026-01-05 membershipLevel=1 membershipNumber=UNKNOWN-46D52422-M26
INFO  AnnotationConfigContextLoaderUtils - Could not detect default configuration classes for test class [org.springframework.samples.petclinic.acceptance.Cp36Tests]: Cp36Tests does not declare any static, non-private, non-final, nested classes annotated with @Configuration.
INFO  SpringBootTestContextBootstrapper - Found @SpringBootConfiguration org.springframework.samples.petclinic.PetClinicApplication for test class org.springframework.samples.petclinic.acceptance.Cp36Tests
INFO  AnnotationConfigContextLoaderUtils - Could not detect default configuration classes for test class [org.springframework.samples.petclinic.acceptance.Cp36Tests]: Cp36Tests does not declare any static, non-private, non-final, nested classes annotated with @Configuration.
INFO  AnnotationConfigContextLoaderUtils - Could not detect default configuration classes for test class [org.springframework.samples.petclinic.acceptance.AcceptanceBase]: AcceptanceBase does not declare any static, non-private, non-final, nested classes annotated with @Configuration.
INFO  SpringBootTestContextBootstrapper - Found @SpringBootConfiguration org.springframework.samples.petclinic.PetClinicApplication for test class org.springframework.samples.petclinic.acceptance.Cp36Tests
INFO  AUDIT - Created owner id=177 customerCode=NSW-C3D86E74 registrationDate=2026-09-07 membershipLevel=1 membershipNumber=NSW-C3D86E74-M26
INFO  AUDIT - Created owner id=178 customerCode=NSW-8EFD5582 registrationDate=2026-09-07 membershipLevel=1 membershipNumber=NSW-8EFD5582-M26
INFO  AUDIT - Created owner id=179 customerCode=NSW-1B888C56 registrationDate=2026-09-07 membershipLevel=1 membershipNumber=NSW-1B888C56-M26
INFO  AnnotationConfigContextLoaderUtils - Could not detect default configuration classes for test class [org.springframework.samples.petclinic.acceptance.Cp37Tests]: Cp37Tests does not declare any static, non-private, non-final, nested classes annotated with @Configuration.
INFO  SpringBootTestContextBootstrapper - Found @SpringBootConfiguration org.springframework.samples.petclinic.PetClinicApplication for test class org.springframework.samples.petclinic.acceptance.Cp37Tests
INFO  AnnotationConfigContextLoaderUtils - Could not detect default configuration classes for test class [org.springframework.samples.petclinic.acceptance.Cp37Tests]: Cp37Tests does not declare any static, non-private, non-final, nested classes annotated with @Configuration.
INFO  AnnotationConfigContextLoaderUtils - Could not detect default configuration classes for test class [org.springframework.samples.petclinic.acceptance.AcceptanceBase]: AcceptanceBase does not declare any static, non-private, non-final, nested classes annotated with @Configuration.
INFO  SpringBootTestContextBootstrapper - Found @SpringBootConfiguration org.springframework.samples.petclinic.PetClinicApplication for test class org.springframework.samples.petclinic.acceptance.Cp37Tests
INFO  AUDIT - Created owner id=180 customerCode=UNKNOWN-7993B44B registrationDate=2026-09-07 membershipLevel=1 membershipNumber=UNKNOWN-7993B44B-M26
INFO  AnnotationConfigContextLoaderUtils - Could not detect default configuration classes for test class [org.springframework.samples.petclinic.acceptance.Cp40Tests]: Cp40Tests does not declare any static, non-private, non-final, nested classes annotated with @Configuration.
INFO  SpringBootTestContextBootstrapper - Found @SpringBootConfiguration org.springframework.samples.petclinic.PetClinicApplication for test class org.springframework.samples.petclinic.acceptance.Cp40Tests
INFO  AnnotationConfigContextLoaderUtils - Could not detect default configuration classes for test class [org.springframework.samples.petclinic.acceptance.Cp40Tests]: Cp40Tests does not declare any static, non-private, non-final, nested classes annotated with @Configuration.
INFO  AnnotationConfigContextLoaderUtils - Could not detect default configuration classes for test class [org.springframework.samples.petclinic.acceptance.AcceptanceBase]: AcceptanceBase does not declare any static, non-private, non-final, nested classes annotated with @Configuration.
INFO  SpringBootTestContextBootstrapper - Found @SpringBootConfiguration org.springframework.samples.petclinic.PetClinicApplication for test class org.springframework.samples.petclinic.acceptance.Cp40Tests
INFO  AUDIT - Created owner id=181 customerCode=NSW-EDAD915F registrationDate=2026-09-07 membershipLevel=2 membershipNumber=NSW-EDAD915F-M26
INFO  AnnotationConfigContextLoaderUtils - Could not detect default configuration classes for test class [org.springframework.samples.petclinic.acceptance.Cp25Tests]: Cp25Tests does not declare any static, non-private, non-final, nested classes annotated with @Configuration.
INFO  SpringBootTestContextBootstrapper - Found @SpringBootConfiguration org.springframework.samples.petclinic.PetClinicApplication for test class org.springframework.samples.petclinic.acceptance.Cp25Tests
INFO  AnnotationConfigContextLoaderUtils - Could not detect default configuration classes for test class [org.springframework.samples.petclinic.acceptance.Cp25Tests]: Cp25Tests does not declare any static, non-private, non-final, nested classes annotated with @Configuration.
INFO  AnnotationConfigContextLoaderUtils - Could not detect default configuration classes for test class [org.springframework.samples.petclinic.acceptance.AcceptanceBase]: AcceptanceBase does not declare any static, non-private, non-final, nested classes annotated with @Configuration.
INFO  SpringBootTestContextBootstrapper - Found @SpringBootConfiguration org.springframework.samples.petclinic.PetClinicApplication for test class org.springframework.samples.petclinic.acceptance.Cp25Tests
INFO  AUDIT - Created owner id=182 customerCode=UNKNOWN-B507609E registrationDate=2026-09-07 membershipLevel=2 membershipNumber=UNKNOWN-B507609E-M26
INFO  AnnotationConfigContextLoaderUtils - Could not detect default configuration classes for test class [org.springframework.samples.petclinic.acceptance.Cp35Tests]: Cp35Tests does not declare any static, non-private, non-final, nested classes annotated with @Configuration.
INFO  SpringBootTestContextBootstrapper - Found @SpringBootConfiguration org.springframework.samples.petclinic.PetClinicApplication for test class org.springframework.samples.petclinic.acceptance.Cp35Tests
INFO  AnnotationConfigContextLoaderUtils - Could not detect default configuration classes for test class [org.springframework.samples.petclinic.acceptance.Cp35Tests]: Cp35Tests does not declare any static, non-private, non-final, nested classes annotated with @Configuration.
INFO  AnnotationConfigContextLoaderUtils - Could not detect default configuration classes for test class [org.springframework.samples.petclinic.acceptance.AcceptanceBase]: AcceptanceBase does not declare any static, non-private, non-final, nested classes annotated with @Configuration.
INFO  SpringBootTestContextBootstrapper - Found @SpringBootConfiguration org.springframework.samples.petclinic.PetClinicApplication for test class org.springframework.samples.petclinic.acceptance.Cp35Tests
INFO  AUDIT - Created owner id=183 customerCode=NSW-CEB20296 registrationDate=2026-09-07 membershipLevel=1 membershipNumber=NSW-CEB20296-M26
INFO  AUDIT - Created owner id=184 customerCode=NSW-6FEAEF1A registrationDate=2026-09-07 membershipLevel=1 membershipNumber=NSW-6FEAEF1A-M26
INFO  AUDIT - Created owner id=185 customerCode=NSW-682A4104 registrationDate=2026-09-07 membershipLevel=1 membershipNumber=NSW-682A4104-M26
INFO  AnnotationConfigContextLoaderUtils - Could not detect default configuration classes for test class [org.springframework.samples.petclinic.acceptance.Cp05Tests]: Cp05Tests does not declare any static, non-private, non-final, nested classes annotated with @Configuration.
INFO  SpringBootTestContextBootstrapper - Found @SpringBootConfiguration org.springframework.samples.petclinic.PetClinicApplication for test class org.springframework.samples.petclinic.acceptance.Cp05Tests
INFO  AnnotationConfigContextLoaderUtils - Could not detect default configuration classes for test class [org.springframework.samples.petclinic.acceptance.Cp05Tests]: Cp05Tests does not declare any static, non-private, non-final, nested classes annotated with @Configuration.
INFO  AnnotationConfigContextLoaderUtils - Could not detect default configuration classes for test class [org.springframework.samples.petclinic.acceptance.AcceptanceBase]: AcceptanceBase does not declare any static, non-private, non-final, nested classes annotated with @Configuration.
INFO  SpringBootTestContextBootstrapper - Found @SpringBootConfiguration org.springframework.samples.petclinic.PetClinicApplication for test class org.springframework.samples.petclinic.acceptance.Cp05Tests
INFO  AUDIT - Created owner id=186 customerCode=UNKNOWN-F6B28FA0 registrationDate=2026-09-07 membershipLevel=1 membershipNumber=UNKNOWN-F6B28FA0-M26
INFO  AnnotationConfigContextLoaderUtils - Could not detect default configuration classes for test class [org.springframework.samples.petclinic.acceptance.Cp09Tests]: Cp09Tests does not declare any static, non-private, non-final, nested classes annotated with @Configuration.
INFO  SpringBootTestContextBootstrapper - Found @SpringBootConfiguration org.springframework.samples.petclinic.PetClinicApplication for test class org.springframework.samples.petclinic.acceptance.Cp09Tests
INFO  AnnotationConfigContextLoaderUtils - Could not detect default configuration classes for test class [org.springframework.samples.petclinic.acceptance.Cp09Tests]: Cp09Tests does not declare any static, non-private, non-final, nested classes annotated with @Configuration.
INFO  AnnotationConfigContextLoaderUtils - Could not detect default configuration classes for test class [org.springframework.samples.petclinic.acceptance.AcceptanceBase]: AcceptanceBase does not declare any static, non-private, non-final, nested classes annotated with @Configuration.
INFO  SpringBootTestContextBootstrapper - Found @SpringBootConfiguration org.springframework.samples.petclinic.PetClinicApplication for test class org.springframework.samples.petclinic.acceptance.Cp09Tests
INFO  AUDIT - Created owner id=187 customerCode=NSW-1CE54BC4 registrationDate=2026-09-07 membershipLevel=1 membershipNumber=NSW-1CE54BC4-M26
INFO  AnnotationConfigContextLoaderUtils - Could not detect default configuration classes for test class [org.springframework.samples.petclinic.acceptance.Cp23Tests]: Cp23Tests does not declare any static, non-private, non-final, nested classes annotated with @Configuration.
INFO  SpringBootTestContextBootstrapper - Found @SpringBootConfiguration org.springframework.samples.petclinic.PetClinicApplication for test class org.springframework.samples.petclinic.acceptance.Cp23Tests
INFO  AnnotationConfigContextLoaderUtils - Could not detect default configuration classes for test class [org.springframework.samples.petclinic.acceptance.Cp23Tests]: Cp23Tests does not declare any static, non-private, non-final, nested classes annotated with @Configuration.
INFO  AnnotationConfigContextLoaderUtils - Could not detect default configuration classes for test class [org.springframework.samples.petclinic.acceptance.AcceptanceBase]: AcceptanceBase does not declare any static, non-private, non-final, nested classes annotated with @Configuration.
INFO  SpringBootTestContextBootstrapper - Found @SpringBootConfiguration org.springframework.samples.petclinic.PetClinicApplication for test class org.springframework.samples.petclinic.acceptance.Cp23Tests
INFO  AUDIT - Created owner id=188 customerCode=NSW-D2FB6AA2 registrationDate=2026-09-07 membershipLevel=1 membershipNumber=NSW-D2FB6AA2-M26
INFO  AUDIT - Created owner id=189 customerCode=NSW-25D3AB44 registrationDate=2026-09-07 membershipLevel=1 membershipNumber=NSW-25D3AB44-M26
INFO  AUDIT - Created owner id=190 customerCode=NSW-94D382B1 registrationDate=2026-09-07 membershipLevel=3 membershipNumber=NSW-94D382B1-M26

MockHttpServletRequest:
      HTTP Method = POST
      Request URI = /api/owners
       Parameters = {}
          Headers = [Content-Type:"application/json;charset=UTF-8", Content-Length:"152"]
             Body = {"firstName":"Fnabs","lastName":"Surabn","address":"744 Test Street","city":"Town745","telephone":"0400000746","postcode":"2000","sharesHousehold":true}
    Session Attrs = {SPRING_SECURITY_CONTEXT=SecurityContextImpl [Authentication=UsernamePasswordAuthenticationToken [Principal=org.springframework.security.core.userdetails.User [Username=acceptance-admin, Password=[PROTECTED], Enabled=true, AccountNonExpired=true, CredentialsNonExpired=true, AccountNonLocked=true, Granted Authorities=[ROLE_ADMIN, ROLE_OWNER_ADMIN, ROLE_VET_ADMIN]], Credentials=[PROTECTED], Authenticated=true, Details=null, Granted Authorities=[ROLE_ADMIN, ROLE_OWNER_ADMIN, ROLE_VET_ADMIN]]]}

Handler:
             Type = org.springframework.web.servlet.resource.ResourceHttpRequestHandler

Async:
    Async started = false
     Async result = null

Resolved Exception:
             Type = null

ModelAndView:
        View name = null
             View = null
            Model = null

FlashMap:
       Attributes = null

MockHttpServletResponse:
           Status = 201
    Error message = null
          Headers = [Location:"/api/owners/188", Content-Type:"application/json", X-Content-Type-Options:"nosniff", X-XSS-Protection:"0", Cache-Control:"no-cache, no-store, max-age=0, must-revalidate", Pragma:"no-cache", Expires:"0", X-Frame-Options:"DENY"]
     Content type = application/json
             Body = {"firstName":"Fnabs","lastName":"Surabn","address":"744 TEST STREET","city":"Town745","telephone":"+61400000746","pets":[],"ageBand":null,"birthDate":null,"bulkSignupWarning":false,"checkDigit":6,"contactPreference":"PHONE","customerCode":"NSW-D2FB6AA2","displayName":"Surabn, Fnabs","email":null,"householdId":"86264cbeaa59","id":188,"identityKey":"+61400000746||86264cbeaa59","initials":"F.S.","locality":"NSW","membershipLevel":1,"membershipNumber":"NSW-D2FB6AA2-M26","membershipPoints":1,"namesakeCount":0,"possibleDuplicate":false,"possibleDuplicateOf":null,"postcode":"2000","registrationDate":"2026-09-07","sharesHousehold":null,"telephoneDisplay":"+61 400 000 746","timezone":"Australia/Sydney"}
    Forwarded URL = null
   Redirected URL = /api/owners/188
          Cookies = []

MockHttpServletRequest:
      HTTP Method = POST
      Request URI = /api/owners
       Parameters = {}
          Headers = [Content-Type:"application/json;charset=UTF-8", Content-Length:"152"]
             Body = {"firstName":"Fnabx","lastName":"Surabn","address":"749 Test Street","city":"Town750","telephone":"0400000751","postcode":"2000","sharesHousehold":true}
    Session Attrs = {SPRING_SECURITY_CONTEXT=SecurityContextImpl [Authentication=UsernamePasswordAuthenticationToken [Principal=org.springframework.security.core.userdetails.User [Username=acceptance-admin, Password=[PROTECTED], Enabled=true, AccountNonExpired=true, CredentialsNonExpired=true, AccountNonLocked=true, Granted Authorities=[ROLE_ADMIN, ROLE_OWNER_ADMIN, ROLE_VET_ADMIN]], Credentials=[PROTECTED], Authenticated=true, Details=null, Granted Authorities=[ROLE_ADMIN, ROLE_OWNER_ADMIN, ROLE_VET_ADMIN]]]}

Handler:
             Type = org.springframework.web.servlet.resource.ResourceHttpRequestHandler

Async:
    Async started = false
     Async result = null

Resolved Exception:
             Type = null

ModelAndView:
        View name = null
             View = null
            Model = null

FlashMap:
       Attributes = null

MockHttpServletResponse:
           Status = 201
    Error message = null
          Headers = [Location:"/api/owners/189", Content-Type:"application/json", X-Content-Type-Options:"nosniff", X-XSS-Protection:"0", Cache-Control:"no-cache, no-store, max-age=0, must-revalidate", Pragma:"no-cache", Expires:"0", X-Frame-Options:"DENY"]
     Content type = application/json
             Body = {"firstName":"Fnabx","lastName":"Surabn","address":"749 TEST STREET","city":"Town750","telephone":"+61400000751","pets":[],"ageBand":null,"birthDate":null,"bulkSignupWarning":false,"checkDigit":3,"contactPreference":"PHONE","customerCode":"NSW-25D3AB44","displayName":"Surabn, Fnabx","email":null,"householdId":"86264cbeaa59","id":189,"identityKey":"+61400000751||86264cbeaa59","initials":"F.S.","locality":"NSW","membershipLevel":1,"membershipNumber":"NSW-25D3AB44-M26","membershipPoints":0,"namesakeCount":1,"possibleDuplicate":false,"possibleDuplicateOf":null,"postcode":"2000","registrationDate":"2026-09-07","sharesHousehold":null,"telephoneDisplay":"+61 400 000 751","timezone":"Australia/Sydney"}
    Forwarded URL = null
   Redirected URL = /api/owners/189
          Cookies = []

MockHttpServletRequest:
      HTTP Method = POST
      Request URI = /api/owners
       Parameters = {}
          Headers = [Content-Type:"application/json;charset=UTF-8", Content-Length:"184"]
             Body = {"firstName":"Fnacc","lastName":"Surabn","address":"754 Test Street","city":"Town755","telephone":"0400000756","postcode":"2000","sharesHousehold":true,"email":"owner758@example.test"}
    Session Attrs = {SPRING_SECURITY_CONTEXT=SecurityContextImpl [Authentication=UsernamePasswordAuthenticationToken [Principal=org.springframework.security.core.userdetails.User [Username=acceptance-admin, Password=[PROTECTED], Enabled=true, AccountNonExpired=true, CredentialsNonExpired=true, AccountNonLocked=true, Granted Authorities=[ROLE_ADMIN, ROLE_OWNER_ADMIN, ROLE_VET_ADMIN]], Credentials=[PROTECTED], Authenticated=true, Details=null, Granted Authorities=[ROLE_ADMIN, ROLE_OWNER_ADMIN, ROLE_VET_ADMIN]]]}

Handler:
             Type = org.springframework.web.servlet.resource.ResourceHttpRequestHandler

Async:
    Async started = false
     Async result = null

Resolved Exception:
             Type = null

ModelAndView:
        View name = null
             View = null
            Model = null

FlashMap:
       Attributes = null

MockHttpServletResponse:
           Status = 201
    Error message = null
          Headers = [Location:"/api/owners/190", Content-Type:"application/json", X-Content-Type-Options:"nosniff", X-XSS-Protection:"0", Cache-Control:"no-cache, no-store, max-age=0, must-revalidate", Pragma:"no-cache", Expires:"0", X-Frame-Options:"DENY"]
     Content type = application/json
             Body = {"firstName":"Fnacc","lastName":"Surabn","address":"754 TEST STREET","city":"Town755","telephone":"+61400000756","pets":[],"ageBand":null,"birthDate":null,"bulkSignupWarning":false,"checkDigit":9,"contactPreference":"EMAIL","customerCode":"NSW-94D382B1","displayName":"Surabn, Fnacc","email":"owner758@example.test","householdId":"86264cbeaa59","id":190,"identityKey":"+61400000756|owner758@example.test|86264cbeaa59","initials":"F.S.","locality":"NSW","membershipLevel":3,"membershipNumber":"NSW-94D382B1-M26","membershipPoints":4,"namesakeCount":2,"possibleDuplicate":false,"possibleDuplicateOf":null,"postcode":"2000","registrationDate":"2026-09-07","sharesHousehold":null,"telephoneDisplay":"+61 400 000 756","timezone":"Australia/Sydney"}
    Forwarded URL = null
   Redirected URL = /api/owners/190
          Cookies = []

MockHttpServletRequest:
      HTTP Method = GET
      Request URI = /api/owners/190
       Parameters = {}
          Headers = []
             Body = null
    Session Attrs = {SPRING_SECURITY_CONTEXT=SecurityContextImpl [Authentication=UsernamePasswordAuthenticationToken [Principal=org.springframework.security.core.userdetails.User [Username=acceptance-admin, Password=[PROTECTED], Enabled=true, AccountNonExpired=true, CredentialsNonExpired=true, AccountNonLocked=true, Granted Authorities=[ROLE_ADMIN, ROLE_OWNER_ADMIN, ROLE_VET_ADMIN]], Credentials=[PROTECTED], Authenticated=true, Details=null, Granted Authorities=[ROLE_ADMIN, ROLE_OWNER_ADMIN, ROLE_VET_ADMIN]]]}

Handler:
             Type = org.springframework.web.servlet.resource.ResourceHttpRequestHandler

Async:
    Async started = false
     Async result = null

Resolved Exception:
             Type = null

ModelAndView:
        View name = null
             View = null
            Model = null

FlashMap:
       Attributes = null

MockHttpServletResponse:
           Status = 200
    Error message = null
          Headers = [Content-Type:"application/json", X-Content-Type-Options:"nosniff", X-XSS-Protection:"0", Cache-Control:"no-cache, no-store, max-age=0, must-revalidate", Pragma:"no-cache", Expires:"0", X-Frame-Options:"DENY"]
     Content type = application/json
             Body = {"firstName":"Fnacc","lastName":"Surabn","address":"754 TEST STREET","city":"Town755","telephone":"+61400000756","pets":[],"ageBand":null,"birthDate":null,"bulkSignupWarning":false,"checkDigit":9,"contactPreference":"EMAIL","customerCode":"NSW-94D382B1","displayName":"Surabn, Fnacc","email":"owner758@example.test","householdId":"86264cbeaa59","id":190,"identityKey":"+61400000756|owner758@example.test|86264cbeaa59","initials":"F.S.","locality":"NSW","membershipLevel":3,"membershipNumber":"NSW-94D382B1-M26","membershipPoints":4,"namesakeCount":2,"possibleDuplicate":false,"possibleDuplicateOf":null,"postcode":"2000","registrationDate":"2026-09-07","sharesHousehold":null,"telephoneDisplay":"+61 400 000 756","timezone":"Australia/Sydney"}
    Forwarded URL = null
   Redirected URL = null
          Cookies = []
[ERROR] Tests run: 1, Failures: 1, Errors: 0, Skipped: 0, Time elapsed: 0.047 s <<< FAILURE! -- in org.springframework.samples.petclinic.acceptance.Cp23Tests
[ERROR] org.springframework.samples.petclinic.acceptance.Cp23Tests.coreHouseholdAddsPoints -- Time elapsed: 0.040 s <<< FAILURE!
java.lang.AssertionError: JSON path "$.membershipPoints" expected:<5> but was:<4>
	at org.springframework.test.util.AssertionErrors.fail(AssertionErrors.java:62)
	at org.springframework.test.util.AssertionErrors.assertEquals(AssertionErrors.java:129)
	at org.springframework.test.util.JsonPathExpectationsHelper.assertValue(JsonPathExpectationsHelper.java:172)
	at org.springframework.test.web.servlet.result.JsonPathResultMatchers.lambda$value$2(JsonPathResultMatchers.java:111)
	at org.springframework.test.web.servlet.MockMvc$1.andExpect(MockMvc.java:212)
	at org.springframework.samples.petclinic.acceptance.Cp23Tests.coreHouseholdAddsPoints(Cp23Tests.java:28)

INFO  AnnotationConfigContextLoaderUtils - Could not detect default configuration classes for test class [org.springframework.samples.petclinic.acceptance.Cp33Tests]: Cp33Tests does not declare any static, non-private, non-final, nested classes annotated with @Configuration.
INFO  SpringBootTestContextBootstrapper - Found @SpringBootConfiguration org.springframework.samples.petclinic.PetClinicApplication for test class org.springframework.samples.petclinic.acceptance.Cp33Tests
INFO  AnnotationConfigContextLoaderUtils - Could not detect default configuration classes for test class [org.springframework.samples.petclinic.acceptance.Cp33Tests]: Cp33Tests does not declare any static, non-private, non-final, nested classes annotated with @Configuration.
INFO  AnnotationConfigContextLoaderUtils - Could not detect default configuration classes for test class [org.springframework.samples.petclinic.acceptance.AcceptanceBase]: AcceptanceBase does not declare any static, non-private, non-final, nested classes annotated with @Configuration.
INFO  SpringBootTestContextBootstrapper - Found @SpringBootConfiguration org.springframework.samples.petclinic.PetClinicApplication for test class org.springframework.samples.petclinic.acceptance.Cp33Tests
INFO  AnnotationConfigContextLoaderUtils - Could not detect default configuration classes for test class [org.springframework.samples.petclinic.acceptance.Cp20Tests]: Cp20Tests does not declare any static, non-private, non-final, nested classes annotated with @Configuration.
INFO  SpringBootTestContextBootstrapper - Found @SpringBootConfiguration org.springframework.samples.petclinic.PetClinicApplication for test class org.springframework.samples.petclinic.acceptance.Cp20Tests
INFO  AnnotationConfigContextLoaderUtils - Could not detect default configuration classes for test class [org.springframework.samples.petclinic.acceptance.Cp20Tests]: Cp20Tests does not declare any static, non-private, non-final, nested classes annotated with @Configuration.
INFO  AnnotationConfigContextLoaderUtils - Could not detect default configuration classes for test class [org.springframework.samples.petclinic.acceptance.AcceptanceBase]: AcceptanceBase does not declare any static, non-private, non-final, nested classes annotated with @Configuration.
INFO  SpringBootTestContextBootstrapper - Found @SpringBootConfiguration org.springframework.samples.petclinic.PetClinicApplication for test class org.springframework.samples.petclinic.acceptance.Cp20Tests
INFO  AUDIT - Created owner id=191 customerCode=UNKNOWN-F4788DCD registrationDate=2026-09-07 membershipLevel=1 membershipNumber=UNKNOWN-F4788DCD-M26
INFO  AnnotationConfigContextLoaderUtils - Could not detect default configuration classes for test class [org.springframework.samples.petclinic.acceptance.Cp15Tests]: Cp15Tests does not declare any static, non-private, non-final, nested classes annotated with @Configuration.
INFO  SpringBootTestContextBootstrapper - Found @SpringBootConfiguration org.springframework.samples.petclinic.PetClinicApplication for test class org.springframework.samples.petclinic.acceptance.Cp15Tests
INFO  AnnotationConfigContextLoaderUtils - Could not detect default configuration classes for test class [org.springframework.samples.petclinic.acceptance.Cp15Tests]: Cp15Tests does not declare any static, non-private, non-final, nested classes annotated with @Configuration.
INFO  AnnotationConfigContextLoaderUtils - Could not detect default configuration classes for test class [org.springframework.samples.petclinic.acceptance.AcceptanceBase]: AcceptanceBase does not declare any static, non-private, non-final, nested classes annotated with @Configuration.
INFO  SpringBootTestContextBootstrapper - Found @SpringBootConfiguration org.springframework.samples.petclinic.PetClinicApplication for test class org.springframework.samples.petclinic.acceptance.Cp15Tests
INFO  AUDIT - Created owner id=192 customerCode=UNKNOWN-9EFA7469 registrationDate=2026-09-07 membershipLevel=2 membershipNumber=UNKNOWN-9EFA7469-M26
INFO  AnnotationConfigContextLoaderUtils - Could not detect default configuration classes for test class [org.springframework.samples.petclinic.acceptance.Cp31Tests]: Cp31Tests does not declare any static, non-private, non-final, nested classes annotated with @Configuration.
INFO  SpringBootTestContextBootstrapper - Found @SpringBootConfiguration org.springframework.samples.petclinic.PetClinicApplication for test class org.springframework.samples.petclinic.acceptance.Cp31Tests
INFO  AnnotationConfigContextLoaderUtils - Could not detect default configuration classes for test class [org.springframework.samples.petclinic.acceptance.Cp31Tests]: Cp31Tests does not declare any static, non-private, non-final, nested classes annotated with @Configuration.
INFO  AnnotationConfigContextLoaderUtils - Could not detect default configuration classes for test class [org.springframework.samples.petclinic.acceptance.AcceptanceBase]: AcceptanceBase does not declare any static, non-private, non-final, nested classes annotated with @Configuration.
INFO  SpringBootTestContextBootstrapper - Found @SpringBootConfiguration org.springframework.samples.petclinic.PetClinicApplication for test class org.springframework.samples.petclinic.acceptance.Cp31Tests
INFO  AUDIT - Created owner id=193 customerCode=NSW-779D69B5 registrationDate=2026-09-07 membershipLevel=1 membershipNumber=NSW-779D69B5-M26
INFO  AnnotationConfigContextLoaderUtils - Could not detect default configuration classes for test class [org.springframework.samples.petclinic.acceptance.Cp01Tests]: Cp01Tests does not declare any static, non-private, non-final, nested classes annotated with @Configuration.
INFO  SpringBootTestContextBootstrapper - Found @SpringBootConfiguration org.springframework.samples.petclinic.PetClinicApplication for test class org.springframework.samples.petclinic.acceptance.Cp01Tests
INFO  AnnotationConfigContextLoaderUtils - Could not detect default configuration classes for test class [org.springframework.samples.petclinic.acceptance.Cp01Tests]: Cp01Tests does not declare any static, non-private, non-final, nested classes annotated with @Configuration.
INFO  AnnotationConfigContextLoaderUtils - Could not detect default configuration classes for test class [org.springframework.samples.petclinic.acceptance.AcceptanceBase]: AcceptanceBase does not declare any static, non-private, non-final, nested classes annotated with @Configuration.
INFO  SpringBootTestContextBootstrapper - Found @SpringBootConfiguration org.springframework.samples.petclinic.PetClinicApplication for test class org.springframework.samples.petclinic.acceptance.Cp01Tests
INFO  AnnotationConfigContextLoaderUtils - Could not detect default configuration classes for test class [org.springframework.samples.petclinic.acceptance.Cp26Tests]: Cp26Tests does not declare any static, non-private, non-final, nested classes annotated with @Configuration.
INFO  SpringBootTestContextBootstrapper - Found @SpringBootConfiguration org.springframework.samples.petclinic.PetClinicApplication for test class org.springframework.samples.petclinic.acceptance.Cp26Tests
INFO  AnnotationConfigContextLoaderUtils - Could not detect default configuration classes for test class [org.springframework.samples.petclinic.acceptance.Cp26Tests]: Cp26Tests does not declare any static, non-private, non-final, nested classes annotated with @Configuration.
INFO  AnnotationConfigContextLoaderUtils - Could not detect default configuration classes for test class [org.springframework.samples.petclinic.acceptance.AcceptanceBase]: AcceptanceBase does not declare any static, non-private, non-final, nested classes annotated with @Configuration.
INFO  SpringBootTestContextBootstrapper - Found @SpringBootConfiguration org.springframework.samples.petclinic.PetClinicApplication for test class org.springframework.samples.petclinic.acceptance.Cp26Tests
INFO  AnnotationConfigContextLoaderUtils - Could not detect default configuration classes for test class [org.springframework.samples.petclinic.acceptance.Cp27Tests]: Cp27Tests does not declare any static, non-private, non-final, nested classes annotated with @Configuration.
INFO  SpringBootTestContextBootstrapper - Found @SpringBootConfiguration org.springframework.samples.petclinic.PetClinicApplication for test class org.springframework.samples.petclinic.acceptance.Cp27Tests
INFO  AnnotationConfigContextLoaderUtils - Could not detect default configuration classes for test class [org.springframework.samples.petclinic.acceptance.Cp27Tests]: Cp27Tests does not declare any static, non-private, non-final, nested classes annotated with @Configuration.
INFO  AnnotationConfigContextLoaderUtils - Could not detect default configuration classes for test class [org.springframework.samples.petclinic.acceptance.AcceptanceBase]: AcceptanceBase does not declare any static, non-private, non-final, nested classes annotated with @Configuration.
INFO  SpringBootTestContextBootstrapper - Found @SpringBootConfiguration org.springframework.samples.petclinic.PetClinicApplication for test class org.springframework.samples.petclinic.acceptance.Cp27Tests
INFO  AUDIT - Created owner id=194 customerCode=UNKNOWN-B2EF5657 registrationDate=2026-09-07 membershipLevel=2 membershipNumber=UNKNOWN-B2EF5657-M26
INFO  AUDIT - Created owner id=195 customerCode=UNKNOWN-9AF3C23C registrationDate=2026-09-07 membershipLevel=1 membershipNumber=UNKNOWN-9AF3C23C-M26
INFO  AnnotationConfigContextLoaderUtils - Could not detect default configuration classes for test class [org.springframework.samples.petclinic.acceptance.Cp22Tests]: Cp22Tests does not declare any static, non-private, non-final, nested classes annotated with @Configuration.
INFO  SpringBootTestContextBootstrapper - Found @SpringBootConfiguration org.springframework.samples.petclinic.PetClinicApplication for test class org.springframework.samples.petclinic.acceptance.Cp22Tests
INFO  AnnotationConfigContextLoaderUtils - Could not detect default configuration classes for test class [org.springframework.samples.petclinic.acceptance.Cp22Tests]: Cp22Tests does not declare any static, non-private, non-final, nested classes annotated with @Configuration.
INFO  AnnotationConfigContextLoaderUtils - Could not detect default configuration classes for test class [org.springframework.samples.petclinic.acceptance.AcceptanceBase]: AcceptanceBase does not declare any static, non-private, non-final, nested classes annotated with @Configuration.
INFO  SpringBootTestContextBootstrapper - Found @SpringBootConfiguration org.springframework.samples.petclinic.PetClinicApplication for test class org.springframework.samples.petclinic.acceptance.Cp22Tests
INFO  AUDIT - Created owner id=196 customerCode=UNKNOWN-4ADF9120 registrationDate=2026-09-07 membershipLevel=1 membershipNumber=UNKNOWN-4ADF9120-M26
INFO  AnnotationConfigContextLoaderUtils - Could not detect default configuration classes for test class [org.springframework.samples.petclinic.acceptance.Cp30Tests]: Cp30Tests does not declare any static, non-private, non-final, nested classes annotated with @Configuration.
INFO  SpringBootTestContextBootstrapper - Found @SpringBootConfiguration org.springframework.samples.petclinic.PetClinicApplication for test class org.springframework.samples.petclinic.acceptance.Cp30Tests
INFO  AnnotationConfigContextLoaderUtils - Could not detect default configuration classes for test class [org.springframework.samples.petclinic.acceptance.Cp30Tests]: Cp30Tests does not declare any static, non-private, non-final, nested classes annotated with @Configuration.
INFO  AnnotationConfigContextLoaderUtils - Could not detect default configuration classes for test class [org.springframework.samples.petclinic.acceptance.AcceptanceBase]: AcceptanceBase does not declare any static, non-private, non-final, nested classes annotated with @Configuration.
INFO  SpringBootTestContextBootstrapper - Found @SpringBootConfiguration org.springframework.samples.petclinic.PetClinicApplication for test class org.springframework.samples.petclinic.acceptance.Cp30Tests
INFO  AUDIT - Created owner id=197 customerCode=VIC-B7EF6264 registrationDate=2026-09-07 membershipLevel=1 membershipNumber=VIC-B7EF6264-M26
INFO  AUDIT - Created owner id=198 customerCode=NSW-16D21E2C registrationDate=2026-09-07 membershipLevel=1 membershipNumber=NSW-16D21E2C-M26
INFO  AnnotationConfigContextLoaderUtils - Could not detect default configuration classes for test class [org.springframework.samples.petclinic.acceptance.Cp24Tests]: Cp24Tests does not declare any static, non-private, non-final, nested classes annotated with @Configuration.
INFO  SpringBootTestContextBootstrapper - Found @SpringBootConfiguration org.springframework.samples.petclinic.PetClinicApplication for test class org.springframework.samples.petclinic.acceptance.Cp24Tests
INFO  AnnotationConfigContextLoaderUtils - Could not detect default configuration classes for test class [org.springframework.samples.petclinic.acceptance.Cp24Tests]: Cp24Tests does not declare any static, non-private, non-final, nested classes annotated with @Configuration.
INFO  AnnotationConfigContextLoaderUtils - Could not detect default configuration classes for test class [org.springframework.samples.petclinic.acceptance.AcceptanceBase]: AcceptanceBase does not declare any static, non-private, non-final, nested classes annotated with @Configuration.
INFO  SpringBootTestContextBootstrapper - Found @SpringBootConfiguration org.springframework.samples.petclinic.PetClinicApplication for test class org.springframework.samples.petclinic.acceptance.Cp24Tests
INFO  AUDIT - Created owner id=199 customerCode=NSW-2C66F4AC registrationDate=2026-09-07 membershipLevel=2 membershipNumber=NSW-2C66F4AC-M26
INFO  AnnotationConfigContextLoaderUtils - Could not detect default configuration classes for test class [org.springframework.samples.petclinic.acceptance.Cp42Tests]: Cp42Tests does not declare any static, non-private, non-final, nested classes annotated with @Configuration.
INFO  SpringBootTestContextBootstrapper - Found @SpringBootConfiguration org.springframework.samples.petclinic.PetClinicApplication for test class org.springframework.samples.petclinic.acceptance.Cp42Tests
INFO  AnnotationConfigContextLoaderUtils - Could not detect default configuration classes for test class [org.springframework.samples.petclinic.acceptance.Cp42Tests]: Cp42Tests does not declare any static, non-private, non-final, nested classes annotated with @Configuration.
INFO  AnnotationConfigContextLoaderUtils - Could not detect default configuration classes for test class [org.springframework.samples.petclinic.acceptance.AcceptanceBase]: AcceptanceBase does not declare any static, non-private, non-final, nested classes annotated with @Configuration.
INFO  SpringBootTestContextBootstrapper - Found @SpringBootConfiguration org.springframework.samples.petclinic.PetClinicApplication for test class org.springframework.samples.petclinic.acceptance.Cp42Tests
INFO  AUDIT - Created owner id=200 customerCode=NSW-22E79146 registrationDate=2026-09-07 membershipLevel=1 membershipNumber=NSW-22E79146-M26
INFO  AnnotationConfigContextLoaderUtils - Could not detect default configuration classes for test class [org.springframework.samples.petclinic.acceptance.Cp41Tests]: Cp41Tests does not declare any static, non-private, non-final, nested classes annotated with @Configuration.
INFO  SpringBootTestContextBootstrapper - Found @SpringBootConfiguration org.springframework.samples.petclinic.PetClinicApplication for test class org.springframework.samples.petclinic.acceptance.Cp41Tests
INFO  AnnotationConfigContextLoaderUtils - Could not detect default configuration classes for test class [org.springframework.samples.petclinic.acceptance.Cp41Tests]: Cp41Tests does not declare any static, non-private, non-final, nested classes annotated with @Configuration.
INFO  AnnotationConfigContextLoaderUtils - Could not detect default configuration classes for test class [org.springframework.samples.petclinic.acceptance.AcceptanceBase]: AcceptanceBase does not declare any static, non-private, non-final, nested classes annotated with @Configuration.
INFO  SpringBootTestContextBootstrapper - Found @SpringBootConfiguration org.springframework.samples.petclinic.PetClinicApplication for test class org.springframework.samples.petclinic.acceptance.Cp41Tests
INFO  AUDIT - Created owner id=201 customerCode=NSW-DDD1FC1C registrationDate=2026-09-07 membershipLevel=1 membershipNumber=NSW-DDD1FC1C-M26
INFO  AUDIT - Created owner id=202 customerCode=NSW-6089382B registrationDate=2026-09-07 membershipLevel=1 membershipNumber=NSW-6089382B-M26
INFO  AnnotationConfigContextLoaderUtils - Could not detect default configuration classes for test class [org.springframework.samples.petclinic.acceptance.Cp32Tests]: Cp32Tests does not declare any static, non-private, non-final, nested classes annotated with @Configuration.
INFO  SpringBootTestContextBootstrapper - Found @SpringBootConfiguration org.springframework.samples.petclinic.PetClinicApplication for test class org.springframework.samples.petclinic.acceptance.Cp32Tests
INFO  AnnotationConfigContextLoaderUtils - Could not detect default configuration classes for test class [org.springframework.samples.petclinic.acceptance.Cp32Tests]: Cp32Tests does not declare any static, non-private, non-final, nested classes annotated with @Configuration.
INFO  AnnotationConfigContextLoaderUtils - Could not detect default configuration classes for test class [org.springframework.samples.petclinic.acceptance.AcceptanceBase]: AcceptanceBase does not declare any static, non-private, non-final, nested classes annotated with @Configuration.
INFO  SpringBootTestContextBootstrapper - Found @SpringBootConfiguration org.springframework.samples.petclinic.PetClinicApplication for test class org.springframework.samples.petclinic.acceptance.Cp32Tests
INFO  AUDIT - Created owner id=203 customerCode=NSW-F1F4E07C registrationDate=2026-09-07 membershipLevel=1 membershipNumber=NSW-F1F4E07C-M26
INFO  AnnotationConfigContextLoaderUtils - Could not detect default configuration classes for test class [org.springframework.samples.petclinic.acceptance.Cp38Tests]: Cp38Tests does not declare any static, non-private, non-final, nested classes annotated with @Configuration.
INFO  SpringBootTestContextBootstrapper - Found @SpringBootConfiguration org.springframework.samples.petclinic.PetClinicApplication for test class org.springframework.samples.petclinic.acceptance.Cp38Tests
INFO  AnnotationConfigContextLoaderUtils - Could not detect default configuration classes for test class [org.springframework.samples.petclinic.acceptance.Cp38Tests]: Cp38Tests does not declare any static, non-private, non-final, nested classes annotated with @Configuration.
INFO  AnnotationConfigContextLoaderUtils - Could not detect default configuration classes for test class [org.springframework.samples.petclinic.acceptance.AcceptanceBase]: AcceptanceBase does not declare any static, non-private, non-final, nested classes annotated with @Configuration.
INFO  SpringBootTestContextBootstrapper - Found @SpringBootConfiguration org.springframework.samples.petclinic.PetClinicApplication for test class org.springframework.samples.petclinic.acceptance.Cp38Tests
INFO  AnnotationConfigContextLoaderUtils - Could not detect default configuration classes for test class [org.springframework.samples.petclinic.acceptance.Cp02Tests]: Cp02Tests does not declare any static, non-private, non-final, nested classes annotated with @Configuration.
INFO  SpringBootTestContextBootstrapper - Found @SpringBootConfiguration org.springframework.samples.petclinic.PetClinicApplication for test class org.springframework.samples.petclinic.acceptance.Cp02Tests
INFO  AnnotationConfigContextLoaderUtils - Could not detect default configuration classes for test class [org.springframework.samples.petclinic.acceptance.Cp02Tests]: Cp02Tests does not declare any static, non-private, non-final, nested classes annotated with @Configuration.
INFO  AnnotationConfigContextLoaderUtils - Could not detect default configuration classes for test class [org.springframework.samples.petclinic.acceptance.AcceptanceBase]: AcceptanceBase does not declare any static, non-private, non-final, nested classes annotated with @Configuration.
INFO  SpringBootTestContextBootstrapper - Found @SpringBootConfiguration org.springframework.samples.petclinic.PetClinicApplication for test class org.springframework.samples.petclinic.acceptance.Cp02Tests
INFO  AUDIT - Created owner id=204 customerCode=UNKNOWN-401A8321 registrationDate=2026-09-07 membershipLevel=1 membershipNumber=UNKNOWN-401A8321-M26
INFO  AnnotationConfigContextLoaderUtils - Could not detect default configuration classes for test class [org.springframework.samples.petclinic.acceptance.Cp14Tests]: Cp14Tests does not declare any static, non-private, non-final, nested classes annotated with @Configuration.
INFO  SpringBootTestContextBootstrapper - Found @SpringBootConfiguration org.springframework.samples.petclinic.PetClinicApplication for test class org.springframework.samples.petclinic.acceptance.Cp14Tests
INFO  AnnotationConfigContextLoaderUtils - Could not detect default configuration classes for test class [org.springframework.samples.petclinic.acceptance.Cp14Tests]: Cp14Tests does not declare any static, non-private, non-final, nested classes annotated with @Configuration.
INFO  AnnotationConfigContextLoaderUtils - Could not detect default configuration classes for test class [org.springframework.samples.petclinic.acceptance.AcceptanceBase]: AcceptanceBase does not declare any static, non-private, non-final, nested classes annotated with @Configuration.
INFO  SpringBootTestContextBootstrapper - Found @SpringBootConfiguration org.springframework.samples.petclinic.PetClinicApplication for test class org.springframework.samples.petclinic.acceptance.Cp14Tests
INFO  AUDIT - Created owner id=205 customerCode=NSW-3006BE33 registrationDate=2026-09-07 membershipLevel=1 membershipNumber=NSW-3006BE33-M26
INFO  AnnotationConfigContextLoaderUtils - Could not detect default configuration classes for test class [org.springframework.samples.petclinic.acceptance.Cp12Tests]: Cp12Tests does not declare any static, non-private, non-final, nested classes annotated with @Configuration.
INFO  SpringBootTestContextBootstrapper - Found @SpringBootConfiguration org.springframework.samples.petclinic.PetClinicApplication for test class org.springframework.samples.petclinic.acceptance.Cp12Tests
INFO  AnnotationConfigContextLoaderUtils - Could not detect default configuration classes for test class [org.springframework.samples.petclinic.acceptance.Cp12Tests]: Cp12Tests does not declare any static, non-private, non-final, nested classes annotated with @Configuration.
INFO  AnnotationConfigContextLoaderUtils - Could not detect default configuration classes for test class [org.springframework.samples.petclinic.acceptance.AcceptanceBase]: AcceptanceBase does not declare any static, non-private, non-final, nested classes annotated with @Configuration.
INFO  SpringBootTestContextBootstrapper - Found @SpringBootConfiguration org.springframework.samples.petclinic.PetClinicApplication for test class org.springframework.samples.petclinic.acceptance.Cp12Tests
INFO  AUDIT - Created owner id=206 customerCode=UNKNOWN-8A8A2A12 registrationDate=2026-09-07 membershipLevel=1 membershipNumber=UNKNOWN-8A8A2A12-M26
INFO  AUDIT - Created owner id=207 customerCode=UNKNOWN-B5E2FB96 registrationDate=2026-09-07 membershipLevel=1 membershipNumber=UNKNOWN-B5E2FB96-M26
INFO  AnnotationConfigContextLoaderUtils - Could not detect default configuration classes for test class [org.springframework.samples.petclinic.acceptance.Cp39Tests]: Cp39Tests does not declare any static, non-private, non-final, nested classes annotated with @Configuration.
INFO  SpringBootTestContextBootstrapper - Found @SpringBootConfiguration org.springframework.samples.petclinic.PetClinicApplication for test class org.springframework.samples.petclinic.acceptance.Cp39Tests
INFO  AnnotationConfigContextLoaderUtils - Could not detect default configuration classes for test class [org.springframework.samples.petclinic.acceptance.Cp39Tests]: Cp39Tests does not declare any static, non-private, non-final, nested classes annotated with @Configuration.
INFO  AnnotationConfigContextLoaderUtils - Could not detect default configuration classes for test class [org.springframework.samples.petclinic.acceptance.AcceptanceBase]: AcceptanceBase does not declare any static, non-private, non-final, nested classes annotated with @Configuration.
INFO  SpringBootTestContextBootstrapper - Found @SpringBootConfiguration org.springframework.samples.petclinic.PetClinicApplication for test class org.springframework.samples.petclinic.acceptance.Cp39Tests
INFO  AUDIT - Created owner id=208 customerCode=NSW-2A27DC5F registrationDate=2026-09-07 membershipLevel=1 membershipNumber=NSW-2A27DC5F-M26
INFO  AUDIT - Created owner id=209 customerCode=NSW-4473F827 registrationDate=2026-09-07 membershipLevel=1 membershipNumber=NSW-4473F827-M26
INFO  AUDIT - Created owner id=210 customerCode=NSW-1480D987 registrationDate=2026-09-07 membershipLevel=3 membershipNumber=NSW-1480D987-M26
INFO  AnnotationConfigContextLoaderUtils - Could not detect default configuration classes for test class [org.springframework.samples.petclinic.acceptance.Cp34Tests]: Cp34Tests does not declare any static, non-private, non-final, nested classes annotated with @Configuration.
INFO  SpringBootTestContextBootstrapper - Found @SpringBootConfiguration org.springframework.samples.petclinic.PetClinicApplication for test class org.springframework.samples.petclinic.acceptance.Cp34Tests
INFO  AnnotationConfigContextLoaderUtils - Could not detect default configuration classes for test class [org.springframework.samples.petclinic.acceptance.Cp34Tests]: Cp34Tests does not declare any static, non-private, non-final, nested classes annotated with @Configuration.
INFO  AnnotationConfigContextLoaderUtils - Could not detect default configuration classes for test class [org.springframework.samples.petclinic.acceptance.AcceptanceBase]: AcceptanceBase does not declare any static, non-private, non-final, nested classes annotated with @Configuration.
INFO  SpringBootTestContextBootstrapper - Found @SpringBootConfiguration org.springframework.samples.petclinic.PetClinicApplication for test class org.springframework.samples.petclinic.acceptance.Cp34Tests
INFO  AUDIT - Created owner id=211 customerCode=UNKNOWN-F3C59C3F registrationDate=2026-09-07 membershipLevel=1 membershipNumber=UNKNOWN-F3C59C3F-M26
INFO  AnnotationConfigContextLoaderUtils - Could not detect default configuration classes for test class [org.springframework.samples.petclinic.acceptance.Cp04Tests]: Cp04Tests does not declare any static, non-private, non-final, nested classes annotated with @Configuration.
INFO  SpringBootTestContextBootstrapper - Found @SpringBootConfiguration org.springframework.samples.petclinic.PetClinicApplication for test class org.springframework.samples.petclinic.acceptance.Cp04Tests
INFO  AnnotationConfigContextLoaderUtils - Could not detect default configuration classes for test class [org.springframework.samples.petclinic.acceptance.Cp04Tests]: Cp04Tests does not declare any static, non-private, non-final, nested classes annotated with @Configuration.
INFO  AnnotationConfigContextLoaderUtils - Could not detect default configuration classes for test class [org.springframework.samples.petclinic.acceptance.AcceptanceBase]: AcceptanceBase does not declare any static, non-private, non-final, nested classes annotated with @Configuration.
INFO  SpringBootTestContextBootstrapper - Found @SpringBootConfiguration org.springframework.samples.petclinic.PetClinicApplication for test class org.springframework.samples.petclinic.acceptance.Cp04Tests
INFO  AUDIT - Created owner id=212 customerCode=UNKNOWN-92430EF8 registrationDate=2026-09-07 membershipLevel=1 membershipNumber=UNKNOWN-92430EF8-M26
INFO  AUDIT - Created owner id=213 customerCode=UNKNOWN-768623B9 registrationDate=2026-09-07 membershipLevel=2 membershipNumber=UNKNOWN-768623B9-M26
INFO  AnnotationConfigContextLoaderUtils - Could not detect default configuration classes for test class [org.springframework.samples.petclinic.acceptance.Cp16Tests]: Cp16Tests does not declare any static, non-private, non-final, nested classes annotated with @Configuration.
INFO  SpringBootTestContextBootstrapper - Found @SpringBootConfiguration org.springframework.samples.petclinic.PetClinicApplication for test class org.springframework.samples.petclinic.acceptance.Cp16Tests
INFO  AnnotationConfigContextLoaderUtils - Could not detect default configuration classes for test class [org.springframework.samples.petclinic.acceptance.Cp16Tests]: Cp16Tests does not declare any static, non-private, non-final, nested classes annotated with @Configuration.
INFO  AnnotationConfigContextLoaderUtils - Could not detect default configuration classes for test class [org.springframework.samples.petclinic.acceptance.AcceptanceBase]: AcceptanceBase does not declare any static, non-private, non-final, nested classes annotated with @Configuration.
INFO  SpringBootTestContextBootstrapper - Found @SpringBootConfiguration org.springframework.samples.petclinic.PetClinicApplication for test class org.springframework.samples.petclinic.acceptance.Cp16Tests
INFO  AUDIT - Created owner id=214 customerCode=NSW-432EA9AA registrationDate=2026-09-07 membershipLevel=1 membershipNumber=NSW-432EA9AA-M26
INFO  AnnotationConfigContextLoaderUtils - Could not detect default configuration classes for test class [org.springframework.samples.petclinic.acceptance.Cp43Tests]: Cp43Tests does not declare any static, non-private, non-final, nested classes annotated with @Configuration.
INFO  SpringBootTestContextBootstrapper - Found @SpringBootConfiguration org.springframework.samples.petclinic.PetClinicApplication for test class org.springframework.samples.petclinic.acceptance.Cp43Tests
INFO  AnnotationConfigContextLoaderUtils - Could not detect default configuration classes for test class [org.springframework.samples.petclinic.acceptance.Cp43Tests]: Cp43Tests does not declare any static, non-private, non-final, nested classes annotated with @Configuration.
INFO  AnnotationConfigContextLoaderUtils - Could not detect default configuration classes for test class [org.springframework.samples.petclinic.acceptance.AcceptanceBase]: AcceptanceBase does not declare any static, non-private, non-final, nested classes annotated with @Configuration.
INFO  SpringBootTestContextBootstrapper - Found @SpringBootConfiguration org.springframework.samples.petclinic.PetClinicApplication for test class org.springframework.samples.petclinic.acceptance.Cp43Tests
INFO  AUDIT - Created owner id=215 customerCode=NSW-D50A98FF registrationDate=2026-09-07 membershipLevel=2 membershipNumber=NSW-D50A98FF-M26
[ERROR] Failures: 
[ERROR]   Cp13Tests.coreCountsNamesakes:24 JSON path "$.namesakeCount" expected:<1> but was:<0>
[ERROR]   Cp23Tests.coreHouseholdAddsPoints:28 JSON path "$.membershipPoints" expected:<5> but was:<4>
[ERROR] Tests run: 57, Failures: 2, Errors: 0, Skipped: 0
[ERROR] Failed to execute goal org.apache.maven.plugins:maven-surefire-plugin:3.5.6:test (default-test) on project spring-petclinic-rest: There are test failures.
[ERROR] 
[ERROR] See /home/daniel/sandbox/target/surefire-reports for the individual test results.
[ERROR] See dump files (if any exist) [date].dump, [date]-jvmRun[N].dump and [date].dumpstream.
[ERROR] -> [Help 1]
[ERROR] 
[ERROR] To see the full stack trace of the errors, re-run Maven with the -e switch.
[ERROR] Re-run Maven using the -X switch to enable full debug logging.
[ERROR] 
[ERROR] For more information about the errors and possible solutions, please read the following articles:
[ERROR] [Help 1] http://cwiki.apache.org/confluence/display/MAVEN/MojoFailureException
OpenJDK 64-Bit Server VM warning: Sharing is only supported for boot loader classes because bootstrap classpath has been appended
