$ ./mvnw -q -B -DskipTests test-compile
############################################################################################
# Thanks for using OpenAPI Generator.                                                      #
# We appreciate your support! Please consider donation to help us maintain this project.   #
# https://opencollective.com/openapi_generator/donate                                      #
############################################################################################

$ ./mvnw -q -B -Dgroups=cp01,cp02,cp03,cp04,cp05,cp06,cp07,cp08,cp09,cp10,cp11,cp12,cp13,cp14,cp15,cp16,cp17,cp18,cp19,cp20,cp21,cp22,cp23,cp24,cp25,cp26,cp27,cp28,cp29,cp30,cp31,cp32,cp33,cp34,cp35,cp36,cp37,cp38,cp39,cp40,cp41,cp42,cp43,cp44,cp45,cp46 test
############################################################################################
# Thanks for using OpenAPI Generator.                                                      #
# We appreciate your support! Please consider donation to help us maintain this project.   #
# https://opencollective.com/openapi_generator/donate                                      #
############################################################################################
INFO  AnnotationConfigContextLoaderUtils - Could not detect default configuration classes for test class [org.springframework.samples.petclinic.acceptance.Cp17Tests]: Cp17Tests does not declare any static, non-private, non-final, nested classes annotated with @Configuration.
INFO  SpringBootTestContextBootstrapper - Found @SpringBootConfiguration org.springframework.samples.petclinic.PetClinicApplication for test class org.springframework.samples.petclinic.acceptance.Cp17Tests
INFO  AnnotationConfigContextLoaderUtils - Could not detect default configuration classes for test class [org.springframework.samples.petclinic.acceptance.Cp17Tests]: Cp17Tests does not declare any static, non-private, non-final, nested classes annotated with @Configuration.
INFO  AnnotationConfigContextLoaderUtils - Could not detect default configuration classes for test class [org.springframework.samples.petclinic.acceptance.AcceptanceBase]: AcceptanceBase does not declare any static, non-private, non-final, nested classes annotated with @Configuration.
INFO  SpringBootTestContextBootstrapper - Found @SpringBootConfiguration org.springframework.samples.petclinic.PetClinicApplication for test class org.springframework.samples.petclinic.acceptance.Cp17Tests

  .   ____          _            __ _ _
 /\\ / ___'_ __ _ _(_)_ __  __ _ \ \ \ \
( ( )\___ | '_ | '_| | '_ \/ _` | \ \ \ \
 \\/  ___)| |_)| | | | | || (_| |  ) ) ) )
  '  |____| .__|_| |_|_| |_\__, | / / / /
 =========|_|==============|___/=/_/_/_/

 :: Spring Boot ::                (v4.1.0)

INFO  Cp17Tests - Starting Cp17Tests using Java 17.0.20 with PID 482121 (started by daniel in /home/daniel/sandbox)
DEBUG Cp17Tests - Running with Spring Boot v4.1.0, Spring v7.0.8
INFO  Cp17Tests - The following 2 profiles are active: "hsqldb", "spring-data-jpa"
INFO  Version - HV000001: Hibernate Validator 9.1.0.Final
INFO  RepositoryConfigurationDelegate - Bootstrapping Spring Data JPA repositories in DEFAULT mode.
INFO  RepositoryConfigurationDelegate - Finished Spring Data repository scanning in 89 ms. Found 7 JPA repository interfaces.
INFO  HikariDataSource - HikariPool-1 - Starting...
INFO  PoolBase - HikariPool-1 - Driver does not support get/set network timeout for connections. (feature not supported)
INFO  HikariPool - HikariPool-1 - Added connection org.hsqldb.jdbc.JDBCConnection@6c2dec7f
INFO  HikariDataSource - HikariPool-1 - Start completed.
INFO  jpa - HHH008540: Processing PersistenceUnitInfo [name: default]
INFO  core - HHH000001: Hibernate ORM core version 7.4.1.Final
INFO  SpringPersistenceUnitInfo - No LoadTimeWeaver setup: ignoring JPA class transformer
INFO  pooling - HHH10001005: Database info:
	Database JDBC URL [jdbc:hsqldb:mem:petclinic]
	Database driver: HSQL Database Engine Driver
	Database dialect: HSQLDialect
	Database version: 2.7.3
	Default catalog/schema: PUBLIC/PUBLIC
	Autocommit mode: undefined/unknown
	Isolation level: READ_COMMITTED [default READ_COMMITTED]
	JDBC fetch size: none
	Pool: DataSourceConnectionProvider
	Minimum pool size: undefined/unknown
	Maximum pool size: undefined/unknown
INFO  core - HHH000489: No JTA platform available (set 'hibernate.transaction.jta.platform' to enable JTA platform integration)
INFO  LocalContainerEntityManagerFactoryBean - Initialized JPA EntityManagerFactory for persistence unit 'default'
WARN  InitializeUserDetailsBeanManagerConfigurer$InitializeUserDetailsManagerConfigurer - Global AuthenticationManager configured with an AuthenticationProvider bean. UserDetailsService beans will not be used by Spring Security for automatically configuring username/password login. Consider removing the AuthenticationProvider bean. Alternatively, consider using the UserDetailsService in a manually instantiated DaoAuthenticationProvider. If the current configuration is intentional, to turn off this warning, increase the logging level of 'org.springframework.security.config.annotation.authentication.configuration.InitializeUserDetailsBeanManagerConfigurer' to ERROR
INFO  QueryEnhancerFactories - Hibernate is in classpath; If applicable, HQL parser will be used.
INFO  OFFICE - Loading REST endpoints:
INFO  OFFICE -   GET /
INFO  OFFICE -   GET /api/pets
INFO  OFFICE -   GET /api/vets
INFO  OFFICE -   POST /api/vets
INFO  OFFICE -   POST /api/users
INFO  OFFICE -   GET /api/owners
INFO  OFFICE -   POST /api/owners
INFO  OFFICE -   GET /api/visits
INFO  OFFICE -   POST /api/visits
INFO  OFFICE -   GET /api/v2/pets
INFO  OFFICE -   GET /api/pettypes
INFO  OFFICE -   POST /api/pettypes
INFO  OFFICE -   GET /api/v2/owners
INFO  OFFICE -   GET /api/specialties
INFO  OFFICE -   POST /api/specialties
INFO  OFFICE -   DELETE /api/pets/{petId}
INFO  OFFICE -   GET /api/pets/{petId}
INFO  OFFICE -   PUT /api/pets/{petId}
INFO  OFFICE -   DELETE /api/vets/{vetId}
INFO  OFFICE -   GET /api/vets/{vetId}
INFO  OFFICE -   PUT /api/vets/{vetId}
INFO  OFFICE -   DELETE /api/owners/{ownerId}
INFO  OFFICE -   GET /api/owners/{ownerId}
INFO  OFFICE -   PUT /api/owners/{ownerId}
INFO  OFFICE -   DELETE /api/visits/{visitId}
INFO  OFFICE -   GET /api/visits/{visitId}
INFO  OFFICE -   PUT /api/visits/{visitId}
INFO  OFFICE -   DELETE /api/pettypes/{petTypeId}
INFO  OFFICE -   GET /api/pettypes/{petTypeId}
INFO  OFFICE -   PUT /api/pettypes/{petTypeId}
INFO  OFFICE -   POST /api/owners/{ownerId}/pets
INFO  OFFICE -   DELETE /api/specialties/{specialtyId}
INFO  OFFICE -   GET /api/specialties/{specialtyId}
INFO  OFFICE -   PUT /api/specialties/{specialtyId}
INFO  OFFICE -   GET /api/owners/{ownerId}/pets/{petId}
INFO  OFFICE -   PUT /api/owners/{ownerId}/pets/{petId}
INFO  OFFICE -   POST /api/owners/{ownerId}/pets/{petId}/visits
INFO  OFFICE - OfficeFloor bridging Spring Security
WARN  UserDetailsServiceAutoConfiguration - 

Using generated security password: 8b1dc35a-dce0-42a2-9cae-5aece6575597

This generated password is for development use only. Your security configuration must be updated before running your application in production.

INFO  SpringBootMockServletContext - Initializing Spring TestDispatcherServlet ''
INFO  TestDispatcherServlet - Initializing Servlet ''
INFO  EndpointLinksResolver - Exposing 1 endpoint beneath base path '/actuator'
INFO  TestDispatcherServlet - Completed initialization in 23 ms
INFO  Cp17Tests - Started Cp17Tests in 13.431 seconds (process running for 15.332)
WARN  SpringDocAppInitializer - SpringDoc /v3/api-docs endpoint is enabled by default. To disable it in production, set the property 'springdoc.api-docs.enabled=false'
WARN  SpringDocAppInitializer - SpringDoc /swagger-ui.html endpoint is enabled by default. To disable it in production, set the property 'springdoc.swagger-ui.enabled=false'
INFO  AUDIT - owner created id=11 customerCode=NSW-16E6609E registrationDate=2026-09-01 membershipLevel=1 membershipNumber=NSW-16E6609E-M26
INFO  AnnotationConfigContextLoaderUtils - Could not detect default configuration classes for test class [org.springframework.samples.petclinic.acceptance.Cp10Tests]: Cp10Tests does not declare any static, non-private, non-final, nested classes annotated with @Configuration.
INFO  SpringBootTestContextBootstrapper - Found @SpringBootConfiguration org.springframework.samples.petclinic.PetClinicApplication for test class org.springframework.samples.petclinic.acceptance.Cp10Tests
INFO  AnnotationConfigContextLoaderUtils - Could not detect default configuration classes for test class [org.springframework.samples.petclinic.acceptance.Cp10Tests]: Cp10Tests does not declare any static, non-private, non-final, nested classes annotated with @Configuration.
INFO  AnnotationConfigContextLoaderUtils - Could not detect default configuration classes for test class [org.springframework.samples.petclinic.acceptance.AcceptanceBase]: AcceptanceBase does not declare any static, non-private, non-final, nested classes annotated with @Configuration.
INFO  SpringBootTestContextBootstrapper - Found @SpringBootConfiguration org.springframework.samples.petclinic.PetClinicApplication for test class org.springframework.samples.petclinic.acceptance.Cp10Tests
INFO  AUDIT - owner created id=12 customerCode=NSW-2311369A registrationDate=2026-09-01 membershipLevel=1 membershipNumber=NSW-2311369A-M26
INFO  AnnotationConfigContextLoaderUtils - Could not detect default configuration classes for test class [org.springframework.samples.petclinic.acceptance.Cp29Tests]: Cp29Tests does not declare any static, non-private, non-final, nested classes annotated with @Configuration.
INFO  SpringBootTestContextBootstrapper - Found @SpringBootConfiguration org.springframework.samples.petclinic.PetClinicApplication for test class org.springframework.samples.petclinic.acceptance.Cp29Tests
INFO  AnnotationConfigContextLoaderUtils - Could not detect default configuration classes for test class [org.springframework.samples.petclinic.acceptance.Cp29Tests]: Cp29Tests does not declare any static, non-private, non-final, nested classes annotated with @Configuration.
INFO  AnnotationConfigContextLoaderUtils - Could not detect default configuration classes for test class [org.springframework.samples.petclinic.acceptance.AcceptanceBase]: AcceptanceBase does not declare any static, non-private, non-final, nested classes annotated with @Configuration.
INFO  SpringBootTestContextBootstrapper - Found @SpringBootConfiguration org.springframework.samples.petclinic.PetClinicApplication for test class org.springframework.samples.petclinic.acceptance.Cp29Tests
INFO  AUDIT - owner created id=13 customerCode=NSW-1F04417F registrationDate=2026-09-01 membershipLevel=1 membershipNumber=NSW-1F04417F-M26
INFO  AnnotationConfigContextLoaderUtils - Could not detect default configuration classes for test class [org.springframework.samples.petclinic.acceptance.Cp11Tests]: Cp11Tests does not declare any static, non-private, non-final, nested classes annotated with @Configuration.
INFO  SpringBootTestContextBootstrapper - Found @SpringBootConfiguration org.springframework.samples.petclinic.PetClinicApplication for test class org.springframework.samples.petclinic.acceptance.Cp11Tests
INFO  AnnotationConfigContextLoaderUtils - Could not detect default configuration classes for test class [org.springframework.samples.petclinic.acceptance.Cp11Tests]: Cp11Tests does not declare any static, non-private, non-final, nested classes annotated with @Configuration.
INFO  AnnotationConfigContextLoaderUtils - Could not detect default configuration classes for test class [org.springframework.samples.petclinic.acceptance.AcceptanceBase]: AcceptanceBase does not declare any static, non-private, non-final, nested classes annotated with @Configuration.
INFO  SpringBootTestContextBootstrapper - Found @SpringBootConfiguration org.springframework.samples.petclinic.PetClinicApplication for test class org.springframework.samples.petclinic.acceptance.Cp11Tests
INFO  AUDIT - owner created id=14 customerCode=NSW-9644A64C registrationDate=2026-09-01 membershipLevel=1 membershipNumber=NSW-9644A64C-M26
INFO  AUDIT - owner created id=15 customerCode=NSW-172820B4 registrationDate=2026-09-01 membershipLevel=1 membershipNumber=NSW-172820B4-M26
INFO  AnnotationConfigContextLoaderUtils - Could not detect default configuration classes for test class [org.springframework.samples.petclinic.acceptance.Cp21Tests]: Cp21Tests does not declare any static, non-private, non-final, nested classes annotated with @Configuration.
INFO  SpringBootTestContextBootstrapper - Found @SpringBootConfiguration org.springframework.samples.petclinic.PetClinicApplication for test class org.springframework.samples.petclinic.acceptance.Cp21Tests
INFO  AnnotationConfigContextLoaderUtils - Could not detect default configuration classes for test class [org.springframework.samples.petclinic.acceptance.Cp21Tests]: Cp21Tests does not declare any static, non-private, non-final, nested classes annotated with @Configuration.
INFO  AnnotationConfigContextLoaderUtils - Could not detect default configuration classes for test class [org.springframework.samples.petclinic.acceptance.AcceptanceBase]: AcceptanceBase does not declare any static, non-private, non-final, nested classes annotated with @Configuration.
INFO  SpringBootTestContextBootstrapper - Found @SpringBootConfiguration org.springframework.samples.petclinic.PetClinicApplication for test class org.springframework.samples.petclinic.acceptance.Cp21Tests
INFO  AUDIT - owner created id=16 customerCode=NSW-3C70EBD8 registrationDate=2026-09-01 membershipLevel=1 membershipNumber=NSW-3C70EBD8-M26
INFO  AnnotationConfigContextLoaderUtils - Could not detect default configuration classes for test class [org.springframework.samples.petclinic.acceptance.Cp06Tests]: Cp06Tests does not declare any static, non-private, non-final, nested classes annotated with @Configuration.
INFO  SpringBootTestContextBootstrapper - Found @SpringBootConfiguration org.springframework.samples.petclinic.PetClinicApplication for test class org.springframework.samples.petclinic.acceptance.Cp06Tests
INFO  AnnotationConfigContextLoaderUtils - Could not detect default configuration classes for test class [org.springframework.samples.petclinic.acceptance.Cp06Tests]: Cp06Tests does not declare any static, non-private, non-final, nested classes annotated with @Configuration.
INFO  AnnotationConfigContextLoaderUtils - Could not detect default configuration classes for test class [org.springframework.samples.petclinic.acceptance.AcceptanceBase]: AcceptanceBase does not declare any static, non-private, non-final, nested classes annotated with @Configuration.
INFO  SpringBootTestContextBootstrapper - Found @SpringBootConfiguration org.springframework.samples.petclinic.PetClinicApplication for test class org.springframework.samples.petclinic.acceptance.Cp06Tests
INFO  AUDIT - owner created id=17 customerCode=UNKNOWN-D1D393A1 registrationDate=2026-09-01 membershipLevel=1 membershipNumber=UNKNOWN-D1D393A1-M26
INFO  AnnotationConfigContextLoaderUtils - Could not detect default configuration classes for test class [org.springframework.samples.petclinic.acceptance.Cp03Tests]: Cp03Tests does not declare any static, non-private, non-final, nested classes annotated with @Configuration.
INFO  SpringBootTestContextBootstrapper - Found @SpringBootConfiguration org.springframework.samples.petclinic.PetClinicApplication for test class org.springframework.samples.petclinic.acceptance.Cp03Tests
INFO  AnnotationConfigContextLoaderUtils - Could not detect default configuration classes for test class [org.springframework.samples.petclinic.acceptance.Cp03Tests]: Cp03Tests does not declare any static, non-private, non-final, nested classes annotated with @Configuration.
INFO  AnnotationConfigContextLoaderUtils - Could not detect default configuration classes for test class [org.springframework.samples.petclinic.acceptance.AcceptanceBase]: AcceptanceBase does not declare any static, non-private, non-final, nested classes annotated with @Configuration.
INFO  SpringBootTestContextBootstrapper - Found @SpringBootConfiguration org.springframework.samples.petclinic.PetClinicApplication for test class org.springframework.samples.petclinic.acceptance.Cp03Tests
INFO  AUDIT - owner created id=18 customerCode=UNKNOWN-D8AB4AA4 registrationDate=2026-09-01 membershipLevel=1 membershipNumber=UNKNOWN-D8AB4AA4-M26
INFO  AnnotationConfigContextLoaderUtils - Could not detect default configuration classes for test class [org.springframework.samples.petclinic.acceptance.Cp13Tests]: Cp13Tests does not declare any static, non-private, non-final, nested classes annotated with @Configuration.
INFO  SpringBootTestContextBootstrapper - Found @SpringBootConfiguration org.springframework.samples.petclinic.PetClinicApplication for test class org.springframework.samples.petclinic.acceptance.Cp13Tests
INFO  AnnotationConfigContextLoaderUtils - Could not detect default configuration classes for test class [org.springframework.samples.petclinic.acceptance.Cp13Tests]: Cp13Tests does not declare any static, non-private, non-final, nested classes annotated with @Configuration.
INFO  AnnotationConfigContextLoaderUtils - Could not detect default configuration classes for test class [org.springframework.samples.petclinic.acceptance.AcceptanceBase]: AcceptanceBase does not declare any static, non-private, non-final, nested classes annotated with @Configuration.
INFO  SpringBootTestContextBootstrapper - Found @SpringBootConfiguration org.springframework.samples.petclinic.PetClinicApplication for test class org.springframework.samples.petclinic.acceptance.Cp13Tests
INFO  AUDIT - owner created id=19 customerCode=NSW-DF3D8043 registrationDate=2026-09-01 membershipLevel=1 membershipNumber=NSW-DF3D8043-M26
INFO  AUDIT - owner created id=20 customerCode=NSW-9694390C registrationDate=2026-09-01 membershipLevel=1 membershipNumber=NSW-9694390C-M26
INFO  AnnotationConfigContextLoaderUtils - Could not detect default configuration classes for test class [org.springframework.samples.petclinic.acceptance.Cp19Tests]: Cp19Tests does not declare any static, non-private, non-final, nested classes annotated with @Configuration.
INFO  SpringBootTestContextBootstrapper - Found @SpringBootConfiguration org.springframework.samples.petclinic.PetClinicApplication for test class org.springframework.samples.petclinic.acceptance.Cp19Tests
INFO  AnnotationConfigContextLoaderUtils - Could not detect default configuration classes for test class [org.springframework.samples.petclinic.acceptance.Cp19Tests]: Cp19Tests does not declare any static, non-private, non-final, nested classes annotated with @Configuration.
INFO  AnnotationConfigContextLoaderUtils - Could not detect default configuration classes for test class [org.springframework.samples.petclinic.acceptance.AcceptanceBase]: AcceptanceBase does not declare any static, non-private, non-final, nested classes annotated with @Configuration.
INFO  SpringBootTestContextBootstrapper - Found @SpringBootConfiguration org.springframework.samples.petclinic.PetClinicApplication for test class org.springframework.samples.petclinic.acceptance.Cp19Tests
INFO  AUDIT - owner created id=21 customerCode=UNKNOWN-BD4FBDF7 registrationDate=2026-09-01 membershipLevel=1 membershipNumber=UNKNOWN-BD4FBDF7-M26
INFO  AUDIT - owner created id=22 customerCode=UNKNOWN-AAC762D5 registrationDate=2026-09-01 membershipLevel=1 membershipNumber=UNKNOWN-AAC762D5-M26
INFO  AUDIT - owner created id=23 customerCode=UNKNOWN-3586509B registrationDate=2026-09-01 membershipLevel=1 membershipNumber=UNKNOWN-3586509B-M26
INFO  AUDIT - owner created id=24 customerCode=UNKNOWN-46C5727F registrationDate=2026-09-01 membershipLevel=1 membershipNumber=UNKNOWN-46C5727F-M26
INFO  AUDIT - owner created id=25 customerCode=UNKNOWN-3123707F registrationDate=2026-09-01 membershipLevel=1 membershipNumber=UNKNOWN-3123707F-M26
INFO  AUDIT - owner created id=26 customerCode=UNKNOWN-0EEBE2CE registrationDate=2026-09-01 membershipLevel=1 membershipNumber=UNKNOWN-0EEBE2CE-M26
INFO  AUDIT - owner created id=27 customerCode=UNKNOWN-66CB7B28 registrationDate=2026-09-01 membershipLevel=1 membershipNumber=UNKNOWN-66CB7B28-M26
INFO  AUDIT - owner created id=28 customerCode=UNKNOWN-3FE304F8 registrationDate=2026-09-01 membershipLevel=1 membershipNumber=UNKNOWN-3FE304F8-M26
INFO  AUDIT - owner created id=29 customerCode=UNKNOWN-310F679D registrationDate=2026-09-01 membershipLevel=1 membershipNumber=UNKNOWN-310F679D-M26
INFO  AUDIT - owner created id=30 customerCode=UNKNOWN-CD4B43FB registrationDate=2026-09-01 membershipLevel=1 membershipNumber=UNKNOWN-CD4B43FB-M26
INFO  AUDIT - owner created id=31 customerCode=UNKNOWN-7F6E07BD registrationDate=2026-09-01 membershipLevel=1 membershipNumber=UNKNOWN-7F6E07BD-M26
INFO  AUDIT - owner created id=32 customerCode=UNKNOWN-8AC38604 registrationDate=2026-09-01 membershipLevel=1 membershipNumber=UNKNOWN-8AC38604-M26
INFO  AUDIT - owner created id=33 customerCode=UNKNOWN-BBCDCE4F registrationDate=2026-09-01 membershipLevel=1 membershipNumber=UNKNOWN-BBCDCE4F-M26
INFO  AUDIT - owner created id=34 customerCode=UNKNOWN-A584662B registrationDate=2026-09-01 membershipLevel=1 membershipNumber=UNKNOWN-A584662B-M26
INFO  AUDIT - owner created id=35 customerCode=UNKNOWN-4251A05D registrationDate=2026-09-01 membershipLevel=1 membershipNumber=UNKNOWN-4251A05D-M26
INFO  AUDIT - owner created id=36 customerCode=UNKNOWN-DB6D45E5 registrationDate=2026-09-01 membershipLevel=1 membershipNumber=UNKNOWN-DB6D45E5-M26
INFO  AUDIT - owner created id=37 customerCode=UNKNOWN-E059CE15 registrationDate=2026-09-01 membershipLevel=1 membershipNumber=UNKNOWN-E059CE15-M26
INFO  AUDIT - owner created id=38 customerCode=UNKNOWN-4298387B registrationDate=2026-09-01 membershipLevel=1 membershipNumber=UNKNOWN-4298387B-M26
INFO  AUDIT - owner created id=39 customerCode=UNKNOWN-BB3695F7 registrationDate=2026-09-01 membershipLevel=1 membershipNumber=UNKNOWN-BB3695F7-M26
INFO  AUDIT - owner created id=40 customerCode=UNKNOWN-7692DCDA registrationDate=2026-09-01 membershipLevel=1 membershipNumber=UNKNOWN-7692DCDA-M26
INFO  AUDIT - owner created id=41 customerCode=UNKNOWN-F33D7F3E registrationDate=2026-09-01 membershipLevel=1 membershipNumber=UNKNOWN-F33D7F3E-M26
INFO  AUDIT - owner created id=42 customerCode=UNKNOWN-425DE87E registrationDate=2026-09-01 membershipLevel=1 membershipNumber=UNKNOWN-425DE87E-M26
INFO  AUDIT - owner created id=43 customerCode=UNKNOWN-91B1606E registrationDate=2026-09-01 membershipLevel=1 membershipNumber=UNKNOWN-91B1606E-M26
INFO  AUDIT - owner created id=44 customerCode=UNKNOWN-E3EDDA01 registrationDate=2026-09-01 membershipLevel=1 membershipNumber=UNKNOWN-E3EDDA01-M26
INFO  AUDIT - owner created id=45 customerCode=UNKNOWN-740558C7 registrationDate=2026-09-01 membershipLevel=1 membershipNumber=UNKNOWN-740558C7-M26
INFO  AUDIT - owner created id=46 customerCode=UNKNOWN-A5588F09 registrationDate=2026-09-01 membershipLevel=1 membershipNumber=UNKNOWN-A5588F09-M26
INFO  AUDIT - owner created id=47 customerCode=UNKNOWN-A4118957 registrationDate=2026-09-01 membershipLevel=1 membershipNumber=UNKNOWN-A4118957-M26
INFO  AUDIT - owner created id=48 customerCode=UNKNOWN-29EBF669 registrationDate=2026-09-01 membershipLevel=1 membershipNumber=UNKNOWN-29EBF669-M26
INFO  AUDIT - owner created id=49 customerCode=UNKNOWN-B51CAA96 registrationDate=2026-09-01 membershipLevel=1 membershipNumber=UNKNOWN-B51CAA96-M26
INFO  AUDIT - owner created id=50 customerCode=UNKNOWN-EC5BD7B5 registrationDate=2026-09-01 membershipLevel=1 membershipNumber=UNKNOWN-EC5BD7B5-M26
INFO  AUDIT - owner created id=51 customerCode=UNKNOWN-BE3788CE registrationDate=2026-09-01 membershipLevel=1 membershipNumber=UNKNOWN-BE3788CE-M26
INFO  AUDIT - owner created id=52 customerCode=UNKNOWN-54BB7CB3 registrationDate=2026-09-01 membershipLevel=1 membershipNumber=UNKNOWN-54BB7CB3-M26
INFO  AUDIT - owner created id=53 customerCode=UNKNOWN-B1CC34FD registrationDate=2026-09-01 membershipLevel=1 membershipNumber=UNKNOWN-B1CC34FD-M26
INFO  AUDIT - owner created id=54 customerCode=UNKNOWN-FAED1507 registrationDate=2026-09-01 membershipLevel=1 membershipNumber=UNKNOWN-FAED1507-M26
INFO  AUDIT - owner created id=55 customerCode=UNKNOWN-EAD71F41 registrationDate=2026-09-01 membershipLevel=1 membershipNumber=UNKNOWN-EAD71F41-M26
INFO  AUDIT - owner created id=56 customerCode=UNKNOWN-6E1BF428 registrationDate=2026-09-01 membershipLevel=1 membershipNumber=UNKNOWN-6E1BF428-M26
INFO  AUDIT - owner created id=57 customerCode=UNKNOWN-933DE6B3 registrationDate=2026-09-01 membershipLevel=1 membershipNumber=UNKNOWN-933DE6B3-M26
INFO  AUDIT - owner created id=58 customerCode=UNKNOWN-28E8311D registrationDate=2026-09-01 membershipLevel=1 membershipNumber=UNKNOWN-28E8311D-M26
INFO  AUDIT - owner created id=59 customerCode=UNKNOWN-48E11A01 registrationDate=2026-09-01 membershipLevel=1 membershipNumber=UNKNOWN-48E11A01-M26
INFO  AUDIT - owner created id=60 customerCode=UNKNOWN-AC59B6E2 registrationDate=2026-09-01 membershipLevel=1 membershipNumber=UNKNOWN-AC59B6E2-M26
INFO  AUDIT - owner created id=61 customerCode=UNKNOWN-7E7FDE6F registrationDate=2026-09-01 membershipLevel=1 membershipNumber=UNKNOWN-7E7FDE6F-M26
INFO  AUDIT - owner created id=62 customerCode=UNKNOWN-597A8622 registrationDate=2026-09-01 membershipLevel=1 membershipNumber=UNKNOWN-597A8622-M26
INFO  AUDIT - owner created id=63 customerCode=UNKNOWN-F85265DF registrationDate=2026-09-01 membershipLevel=1 membershipNumber=UNKNOWN-F85265DF-M26
INFO  AUDIT - owner created id=64 customerCode=UNKNOWN-6642F4CE registrationDate=2026-09-01 membershipLevel=1 membershipNumber=UNKNOWN-6642F4CE-M26
INFO  AUDIT - owner created id=65 customerCode=UNKNOWN-F2DE4704 registrationDate=2026-09-01 membershipLevel=1 membershipNumber=UNKNOWN-F2DE4704-M26
INFO  AUDIT - owner created id=66 customerCode=UNKNOWN-82FD995A registrationDate=2026-09-01 membershipLevel=1 membershipNumber=UNKNOWN-82FD995A-M26
INFO  AUDIT - owner created id=67 customerCode=UNKNOWN-848BA44D registrationDate=2026-09-01 membershipLevel=1 membershipNumber=UNKNOWN-848BA44D-M26
INFO  AUDIT - owner created id=68 customerCode=UNKNOWN-C60CDFC4 registrationDate=2026-09-01 membershipLevel=1 membershipNumber=UNKNOWN-C60CDFC4-M26
INFO  AUDIT - owner created id=69 customerCode=UNKNOWN-98D05CFA registrationDate=2026-09-01 membershipLevel=1 membershipNumber=UNKNOWN-98D05CFA-M26
INFO  AUDIT - owner created id=70 customerCode=UNKNOWN-2BC3574B registrationDate=2026-09-01 membershipLevel=1 membershipNumber=UNKNOWN-2BC3574B-M26
INFO  AUDIT - owner created id=71 customerCode=UNKNOWN-FC76B5E5 registrationDate=2026-09-01 membershipLevel=1 membershipNumber=UNKNOWN-FC76B5E5-M26
INFO  AUDIT - owner created id=72 customerCode=UNKNOWN-F2905EB5 registrationDate=2026-09-01 membershipLevel=1 membershipNumber=UNKNOWN-F2905EB5-M26
INFO  AUDIT - owner created id=73 customerCode=UNKNOWN-3BD72B85 registrationDate=2026-09-01 membershipLevel=1 membershipNumber=UNKNOWN-3BD72B85-M26
INFO  AUDIT - owner created id=74 customerCode=UNKNOWN-01081DA6 registrationDate=2026-09-01 membershipLevel=1 membershipNumber=UNKNOWN-01081DA6-M26
INFO  AUDIT - owner created id=75 customerCode=UNKNOWN-8378BC13 registrationDate=2026-09-01 membershipLevel=1 membershipNumber=UNKNOWN-8378BC13-M26
INFO  AUDIT - owner created id=76 customerCode=UNKNOWN-AC91E560 registrationDate=2026-09-01 membershipLevel=1 membershipNumber=UNKNOWN-AC91E560-M26
INFO  AUDIT - owner created id=77 customerCode=UNKNOWN-A2D12C2B registrationDate=2026-09-01 membershipLevel=1 membershipNumber=UNKNOWN-A2D12C2B-M26
INFO  AUDIT - owner created id=78 customerCode=UNKNOWN-D78B4F88 registrationDate=2026-09-01 membershipLevel=1 membershipNumber=UNKNOWN-D78B4F88-M26
INFO  AUDIT - owner created id=79 customerCode=UNKNOWN-ED38F842 registrationDate=2026-09-01 membershipLevel=1 membershipNumber=UNKNOWN-ED38F842-M26
INFO  AUDIT - owner created id=80 customerCode=UNKNOWN-B5B1D482 registrationDate=2026-09-01 membershipLevel=1 membershipNumber=UNKNOWN-B5B1D482-M26
INFO  AUDIT - owner created id=81 customerCode=UNKNOWN-BC5785AE registrationDate=2026-09-01 membershipLevel=1 membershipNumber=UNKNOWN-BC5785AE-M26
INFO  AUDIT - owner created id=82 customerCode=UNKNOWN-A572CBB7 registrationDate=2026-09-01 membershipLevel=1 membershipNumber=UNKNOWN-A572CBB7-M26
INFO  AUDIT - owner created id=83 customerCode=UNKNOWN-DA2DEFCE registrationDate=2026-09-01 membershipLevel=1 membershipNumber=UNKNOWN-DA2DEFCE-M26
INFO  AUDIT - owner created id=84 customerCode=UNKNOWN-0B086A46 registrationDate=2026-09-01 membershipLevel=1 membershipNumber=UNKNOWN-0B086A46-M26
INFO  AUDIT - owner created id=85 customerCode=UNKNOWN-0BBA6A05 registrationDate=2026-09-01 membershipLevel=1 membershipNumber=UNKNOWN-0BBA6A05-M26
INFO  AUDIT - owner created id=86 customerCode=UNKNOWN-67D3F596 registrationDate=2026-09-01 membershipLevel=1 membershipNumber=UNKNOWN-67D3F596-M26
INFO  AUDIT - owner created id=87 customerCode=UNKNOWN-A40331F0 registrationDate=2026-09-01 membershipLevel=1 membershipNumber=UNKNOWN-A40331F0-M26
INFO  AUDIT - owner created id=88 customerCode=UNKNOWN-4842D4B5 registrationDate=2026-09-01 membershipLevel=1 membershipNumber=UNKNOWN-4842D4B5-M26
INFO  AUDIT - owner created id=89 customerCode=UNKNOWN-FF828AB8 registrationDate=2026-09-01 membershipLevel=1 membershipNumber=UNKNOWN-FF828AB8-M26
INFO  AUDIT - owner created id=90 customerCode=UNKNOWN-D2225BBF registrationDate=2026-09-01 membershipLevel=1 membershipNumber=UNKNOWN-D2225BBF-M26
INFO  AUDIT - owner created id=91 customerCode=UNKNOWN-5D6F4E87 registrationDate=2026-09-01 membershipLevel=1 membershipNumber=UNKNOWN-5D6F4E87-M26
INFO  AUDIT - owner created id=92 customerCode=UNKNOWN-DD3FCED5 registrationDate=2026-09-01 membershipLevel=1 membershipNumber=UNKNOWN-DD3FCED5-M26
INFO  AUDIT - owner created id=93 customerCode=UNKNOWN-E25B8BA8 registrationDate=2026-09-01 membershipLevel=1 membershipNumber=UNKNOWN-E25B8BA8-M26
INFO  AUDIT - owner created id=94 customerCode=UNKNOWN-5BAB0281 registrationDate=2026-09-01 membershipLevel=1 membershipNumber=UNKNOWN-5BAB0281-M26
INFO  AUDIT - owner created id=95 customerCode=UNKNOWN-00706CAE registrationDate=2026-09-01 membershipLevel=1 membershipNumber=UNKNOWN-00706CAE-M26
INFO  AUDIT - owner created id=96 customerCode=UNKNOWN-3D710DA5 registrationDate=2026-09-01 membershipLevel=1 membershipNumber=UNKNOWN-3D710DA5-M26
INFO  AUDIT - owner created id=97 customerCode=UNKNOWN-9717C0CF registrationDate=2026-09-01 membershipLevel=1 membershipNumber=UNKNOWN-9717C0CF-M26
INFO  AUDIT - owner created id=98 customerCode=UNKNOWN-71FF1452 registrationDate=2026-09-01 membershipLevel=1 membershipNumber=UNKNOWN-71FF1452-M26
INFO  AUDIT - owner created id=99 customerCode=UNKNOWN-364A07EF registrationDate=2026-09-01 membershipLevel=1 membershipNumber=UNKNOWN-364A07EF-M26
INFO  AUDIT - owner created id=100 customerCode=UNKNOWN-32679F92 registrationDate=2026-09-01 membershipLevel=1 membershipNumber=UNKNOWN-32679F92-M26
INFO  AUDIT - owner created id=101 customerCode=UNKNOWN-471A75AA registrationDate=2026-09-01 membershipLevel=1 membershipNumber=UNKNOWN-471A75AA-M26
INFO  AUDIT - owner created id=102 customerCode=UNKNOWN-82466573 registrationDate=2026-09-01 membershipLevel=1 membershipNumber=UNKNOWN-82466573-M26
INFO  AUDIT - owner created id=103 customerCode=UNKNOWN-8C511437 registrationDate=2026-09-01 membershipLevel=1 membershipNumber=UNKNOWN-8C511437-M26
INFO  AUDIT - owner created id=104 customerCode=UNKNOWN-BD963974 registrationDate=2026-09-01 membershipLevel=1 membershipNumber=UNKNOWN-BD963974-M26
INFO  AUDIT - owner created id=105 customerCode=UNKNOWN-C2405D0F registrationDate=2026-09-01 membershipLevel=1 membershipNumber=UNKNOWN-C2405D0F-M26
INFO  AUDIT - owner created id=106 customerCode=UNKNOWN-9D142190 registrationDate=2026-09-01 membershipLevel=1 membershipNumber=UNKNOWN-9D142190-M26
INFO  AUDIT - owner created id=107 customerCode=UNKNOWN-225C391E registrationDate=2026-09-01 membershipLevel=1 membershipNumber=UNKNOWN-225C391E-M26
INFO  AUDIT - owner created id=108 customerCode=UNKNOWN-F27965E2 registrationDate=2026-09-01 membershipLevel=1 membershipNumber=UNKNOWN-F27965E2-M26
INFO  AUDIT - owner created id=109 customerCode=UNKNOWN-8C6A894C registrationDate=2026-09-01 membershipLevel=1 membershipNumber=UNKNOWN-8C6A894C-M26
INFO  AUDIT - owner created id=110 customerCode=UNKNOWN-415DC089 registrationDate=2026-09-01 membershipLevel=1 membershipNumber=UNKNOWN-415DC089-M26
INFO  AUDIT - owner created id=111 customerCode=UNKNOWN-28B105E9 registrationDate=2026-09-01 membershipLevel=1 membershipNumber=UNKNOWN-28B105E9-M26
INFO  AUDIT - owner created id=112 customerCode=UNKNOWN-30170AE3 registrationDate=2026-09-01 membershipLevel=1 membershipNumber=UNKNOWN-30170AE3-M26
INFO  AUDIT - owner created id=113 customerCode=UNKNOWN-9AF0292A registrationDate=2026-09-01 membershipLevel=1 membershipNumber=UNKNOWN-9AF0292A-M26
INFO  AUDIT - owner created id=114 customerCode=UNKNOWN-CC4DA9C9 registrationDate=2026-09-01 membershipLevel=1 membershipNumber=UNKNOWN-CC4DA9C9-M26
INFO  AUDIT - owner created id=115 customerCode=UNKNOWN-42854F35 registrationDate=2026-09-01 membershipLevel=1 membershipNumber=UNKNOWN-42854F35-M26
INFO  AUDIT - owner created id=116 customerCode=UNKNOWN-79B436B3 registrationDate=2026-09-01 membershipLevel=1 membershipNumber=UNKNOWN-79B436B3-M26
INFO  AUDIT - owner created id=117 customerCode=UNKNOWN-9EE04ABE registrationDate=2026-09-01 membershipLevel=1 membershipNumber=UNKNOWN-9EE04ABE-M26
INFO  AUDIT - owner created id=118 customerCode=UNKNOWN-3AFD652A registrationDate=2026-09-01 membershipLevel=1 membershipNumber=UNKNOWN-3AFD652A-M26
INFO  AUDIT - owner created id=119 customerCode=UNKNOWN-4A466936 registrationDate=2026-09-01 membershipLevel=1 membershipNumber=UNKNOWN-4A466936-M26
INFO  AUDIT - owner created id=120 customerCode=UNKNOWN-B91E002F registrationDate=2026-09-01 membershipLevel=1 membershipNumber=UNKNOWN-B91E002F-M26
INFO  AnnotationConfigContextLoaderUtils - Could not detect default configuration classes for test class [org.springframework.samples.petclinic.acceptance.Cp28Tests]: Cp28Tests does not declare any static, non-private, non-final, nested classes annotated with @Configuration.
INFO  SpringBootTestContextBootstrapper - Found @SpringBootConfiguration org.springframework.samples.petclinic.PetClinicApplication for test class org.springframework.samples.petclinic.acceptance.Cp28Tests
INFO  AnnotationConfigContextLoaderUtils - Could not detect default configuration classes for test class [org.springframework.samples.petclinic.acceptance.Cp28Tests]: Cp28Tests does not declare any static, non-private, non-final, nested classes annotated with @Configuration.
INFO  AnnotationConfigContextLoaderUtils - Could not detect default configuration classes for test class [org.springframework.samples.petclinic.acceptance.AcceptanceBase]: AcceptanceBase does not declare any static, non-private, non-final, nested classes annotated with @Configuration.
INFO  SpringBootTestContextBootstrapper - Found @SpringBootConfiguration org.springframework.samples.petclinic.PetClinicApplication for test class org.springframework.samples.petclinic.acceptance.Cp28Tests
INFO  AUDIT - owner created id=121 customerCode=NSW-9356F591 registrationDate=2026-09-01 membershipLevel=1 membershipNumber=NSW-9356F591-M26
INFO  AnnotationConfigContextLoaderUtils - Could not detect default configuration classes for test class [org.springframework.samples.petclinic.acceptance.Cp18Tests]: Cp18Tests does not declare any static, non-private, non-final, nested classes annotated with @Configuration.
INFO  SpringBootTestContextBootstrapper - Found @SpringBootConfiguration org.springframework.samples.petclinic.PetClinicApplication for test class org.springframework.samples.petclinic.acceptance.Cp18Tests
INFO  AnnotationConfigContextLoaderUtils - Could not detect default configuration classes for test class [org.springframework.samples.petclinic.acceptance.Cp18Tests]: Cp18Tests does not declare any static, non-private, non-final, nested classes annotated with @Configuration.
INFO  AnnotationConfigContextLoaderUtils - Could not detect default configuration classes for test class [org.springframework.samples.petclinic.acceptance.AcceptanceBase]: AcceptanceBase does not declare any static, non-private, non-final, nested classes annotated with @Configuration.
INFO  SpringBootTestContextBootstrapper - Found @SpringBootConfiguration org.springframework.samples.petclinic.PetClinicApplication for test class org.springframework.samples.petclinic.acceptance.Cp18Tests
INFO  AUDIT - owner created id=122 customerCode=UNKNOWN-8D3B974D registrationDate=2026-09-01 membershipLevel=1 membershipNumber=UNKNOWN-8D3B974D-M26
INFO  AUDIT - owner created id=123 customerCode=UNKNOWN-F27F2B8F registrationDate=2026-09-01 membershipLevel=1 membershipNumber=UNKNOWN-F27F2B8F-M26
INFO  AUDIT - owner created id=124 customerCode=UNKNOWN-87A1F3FC registrationDate=2026-09-01 membershipLevel=1 membershipNumber=UNKNOWN-87A1F3FC-M26
INFO  AUDIT - owner created id=125 customerCode=UNKNOWN-1B3508E1 registrationDate=2026-09-01 membershipLevel=1 membershipNumber=UNKNOWN-1B3508E1-M26
INFO  AUDIT - owner created id=126 customerCode=UNKNOWN-75AA5B45 registrationDate=2026-09-01 membershipLevel=1 membershipNumber=UNKNOWN-75AA5B45-M26
INFO  AUDIT - owner created id=127 customerCode=UNKNOWN-9CF5B67E registrationDate=2026-09-01 membershipLevel=1 membershipNumber=UNKNOWN-9CF5B67E-M26
INFO  AUDIT - owner created id=128 customerCode=UNKNOWN-678D7CE8 registrationDate=2026-09-01 membershipLevel=1 membershipNumber=UNKNOWN-678D7CE8-M26
INFO  AUDIT - owner created id=129 customerCode=UNKNOWN-2C743DF6 registrationDate=2026-09-01 membershipLevel=1 membershipNumber=UNKNOWN-2C743DF6-M26
INFO  AUDIT - owner created id=130 customerCode=UNKNOWN-374892AD registrationDate=2026-09-01 membershipLevel=1 membershipNumber=UNKNOWN-374892AD-M26
INFO  AUDIT - owner created id=131 customerCode=UNKNOWN-2F8F8969 registrationDate=2026-09-01 membershipLevel=1 membershipNumber=UNKNOWN-2F8F8969-M26
INFO  AUDIT - owner created id=132 customerCode=UNKNOWN-5201080C registrationDate=2026-09-01 membershipLevel=1 membershipNumber=UNKNOWN-5201080C-M26
INFO  AUDIT - owner created id=133 customerCode=UNKNOWN-88467690 registrationDate=2026-09-01 membershipLevel=1 membershipNumber=UNKNOWN-88467690-M26
INFO  AUDIT - owner created id=134 customerCode=UNKNOWN-971D252F registrationDate=2026-09-01 membershipLevel=1 membershipNumber=UNKNOWN-971D252F-M26
INFO  AUDIT - owner created id=135 customerCode=UNKNOWN-DEF3BE57 registrationDate=2026-09-01 membershipLevel=1 membershipNumber=UNKNOWN-DEF3BE57-M26
INFO  AUDIT - owner created id=136 customerCode=UNKNOWN-6D732164 registrationDate=2026-09-01 membershipLevel=1 membershipNumber=UNKNOWN-6D732164-M26
INFO  AUDIT - owner created id=137 customerCode=UNKNOWN-CB193A8A registrationDate=2026-09-01 membershipLevel=1 membershipNumber=UNKNOWN-CB193A8A-M26
INFO  AUDIT - owner created id=138 customerCode=UNKNOWN-89E82A6A registrationDate=2026-09-01 membershipLevel=1 membershipNumber=UNKNOWN-89E82A6A-M26
INFO  AUDIT - owner created id=139 customerCode=UNKNOWN-7B09977E registrationDate=2026-09-01 membershipLevel=1 membershipNumber=UNKNOWN-7B09977E-M26
INFO  AUDIT - owner created id=140 customerCode=UNKNOWN-46FB857B registrationDate=2026-09-01 membershipLevel=1 membershipNumber=UNKNOWN-46FB857B-M26
INFO  AUDIT - owner created id=141 customerCode=UNKNOWN-6F0AC094 registrationDate=2026-09-01 membershipLevel=1 membershipNumber=UNKNOWN-6F0AC094-M26
INFO  AUDIT - owner created id=142 customerCode=UNKNOWN-99DAC704 registrationDate=2026-09-01 membershipLevel=1 membershipNumber=UNKNOWN-99DAC704-M26
INFO  AUDIT - owner created id=143 customerCode=UNKNOWN-595717A9 registrationDate=2026-09-01 membershipLevel=1 membershipNumber=UNKNOWN-595717A9-M26
INFO  AUDIT - owner created id=144 customerCode=UNKNOWN-C928376B registrationDate=2026-09-01 membershipLevel=1 membershipNumber=UNKNOWN-C928376B-M26
INFO  AUDIT - owner created id=145 customerCode=UNKNOWN-C5845D7A registrationDate=2026-09-01 membershipLevel=1 membershipNumber=UNKNOWN-C5845D7A-M26
INFO  AUDIT - owner created id=146 customerCode=UNKNOWN-1AEE1FC9 registrationDate=2026-09-01 membershipLevel=1 membershipNumber=UNKNOWN-1AEE1FC9-M26
INFO  AUDIT - owner created id=147 customerCode=UNKNOWN-7C7BF1EF registrationDate=2026-09-01 membershipLevel=1 membershipNumber=UNKNOWN-7C7BF1EF-M26
INFO  AUDIT - owner created id=148 customerCode=UNKNOWN-7BAE43B9 registrationDate=2026-09-01 membershipLevel=1 membershipNumber=UNKNOWN-7BAE43B9-M26
INFO  AUDIT - owner created id=149 customerCode=UNKNOWN-B8ED1638 registrationDate=2026-09-01 membershipLevel=1 membershipNumber=UNKNOWN-B8ED1638-M26
INFO  AUDIT - owner created id=150 customerCode=UNKNOWN-F0C5521B registrationDate=2026-09-01 membershipLevel=1 membershipNumber=UNKNOWN-F0C5521B-M26
INFO  AUDIT - owner created id=151 customerCode=UNKNOWN-8F10B83E registrationDate=2026-09-01 membershipLevel=1 membershipNumber=UNKNOWN-8F10B83E-M26
INFO  AUDIT - owner created id=152 customerCode=UNKNOWN-3323560A registrationDate=2026-09-01 membershipLevel=1 membershipNumber=UNKNOWN-3323560A-M26
INFO  AUDIT - owner created id=153 customerCode=UNKNOWN-B29B452D registrationDate=2026-09-01 membershipLevel=1 membershipNumber=UNKNOWN-B29B452D-M26
INFO  AUDIT - owner created id=154 customerCode=UNKNOWN-E4E5E627 registrationDate=2026-09-01 membershipLevel=1 membershipNumber=UNKNOWN-E4E5E627-M26
INFO  AUDIT - owner created id=155 customerCode=UNKNOWN-787E9C1D registrationDate=2026-09-01 membershipLevel=1 membershipNumber=UNKNOWN-787E9C1D-M26
INFO  AUDIT - owner created id=156 customerCode=UNKNOWN-0B72AEB8 registrationDate=2026-09-01 membershipLevel=1 membershipNumber=UNKNOWN-0B72AEB8-M26
INFO  AUDIT - owner created id=157 customerCode=UNKNOWN-7D52828E registrationDate=2026-09-01 membershipLevel=1 membershipNumber=UNKNOWN-7D52828E-M26
INFO  AUDIT - owner created id=158 customerCode=UNKNOWN-5BAAC815 registrationDate=2026-09-01 membershipLevel=1 membershipNumber=UNKNOWN-5BAAC815-M26
INFO  AUDIT - owner created id=159 customerCode=UNKNOWN-36A6471E registrationDate=2026-09-01 membershipLevel=1 membershipNumber=UNKNOWN-36A6471E-M26
INFO  AUDIT - owner created id=160 customerCode=UNKNOWN-E700638E registrationDate=2026-09-01 membershipLevel=1 membershipNumber=UNKNOWN-E700638E-M26
INFO  AUDIT - owner created id=161 customerCode=UNKNOWN-FA1C2377 registrationDate=2026-09-01 membershipLevel=1 membershipNumber=UNKNOWN-FA1C2377-M26
INFO  AUDIT - owner created id=162 customerCode=UNKNOWN-F0FF9D8E registrationDate=2026-09-01 membershipLevel=1 membershipNumber=UNKNOWN-F0FF9D8E-M26
INFO  AUDIT - owner created id=163 customerCode=UNKNOWN-16C8475B registrationDate=2026-09-01 membershipLevel=1 membershipNumber=UNKNOWN-16C8475B-M26
INFO  AUDIT - owner created id=164 customerCode=UNKNOWN-127604A1 registrationDate=2026-09-01 membershipLevel=1 membershipNumber=UNKNOWN-127604A1-M26
INFO  AUDIT - owner created id=165 customerCode=UNKNOWN-2BBD7D99 registrationDate=2026-09-01 membershipLevel=1 membershipNumber=UNKNOWN-2BBD7D99-M26
INFO  AUDIT - owner created id=166 customerCode=UNKNOWN-658263A2 registrationDate=2026-09-01 membershipLevel=1 membershipNumber=UNKNOWN-658263A2-M26
INFO  AUDIT - owner created id=167 customerCode=UNKNOWN-9D23935D registrationDate=2026-09-01 membershipLevel=1 membershipNumber=UNKNOWN-9D23935D-M26
INFO  AUDIT - owner created id=168 customerCode=UNKNOWN-232B760D registrationDate=2026-09-01 membershipLevel=1 membershipNumber=UNKNOWN-232B760D-M26
INFO  AUDIT - owner created id=169 customerCode=UNKNOWN-405C18A9 registrationDate=2026-09-01 membershipLevel=1 membershipNumber=UNKNOWN-405C18A9-M26
INFO  AUDIT - owner created id=170 customerCode=UNKNOWN-C157BDF3 registrationDate=2026-09-01 membershipLevel=1 membershipNumber=UNKNOWN-C157BDF3-M26
INFO  AUDIT - owner created id=171 customerCode=UNKNOWN-B701880A registrationDate=2026-09-01 membershipLevel=1 membershipNumber=UNKNOWN-B701880A-M26
INFO  AnnotationConfigContextLoaderUtils - Could not detect default configuration classes for test class [org.springframework.samples.petclinic.acceptance.Cp08Tests]: Cp08Tests does not declare any static, non-private, non-final, nested classes annotated with @Configuration.
INFO  SpringBootTestContextBootstrapper - Found @SpringBootConfiguration org.springframework.samples.petclinic.PetClinicApplication for test class org.springframework.samples.petclinic.acceptance.Cp08Tests
INFO  AnnotationConfigContextLoaderUtils - Could not detect default configuration classes for test class [org.springframework.samples.petclinic.acceptance.Cp08Tests]: Cp08Tests does not declare any static, non-private, non-final, nested classes annotated with @Configuration.
INFO  AnnotationConfigContextLoaderUtils - Could not detect default configuration classes for test class [org.springframework.samples.petclinic.acceptance.AcceptanceBase]: AcceptanceBase does not declare any static, non-private, non-final, nested classes annotated with @Configuration.
INFO  SpringBootTestContextBootstrapper - Found @SpringBootConfiguration org.springframework.samples.petclinic.PetClinicApplication for test class org.springframework.samples.petclinic.acceptance.Cp08Tests
INFO  AUDIT - owner created id=172 customerCode=UNKNOWN-39C2CE94 registrationDate=2026-09-01 membershipLevel=1 membershipNumber=UNKNOWN-39C2CE94-M26
INFO  AUDIT - owner created id=173 customerCode=UNKNOWN-77624AD9 registrationDate=2026-09-01 membershipLevel=1 membershipNumber=UNKNOWN-77624AD9-M26
INFO  AnnotationConfigContextLoaderUtils - Could not detect default configuration classes for test class [org.springframework.samples.petclinic.acceptance.Cp07Tests]: Cp07Tests does not declare any static, non-private, non-final, nested classes annotated with @Configuration.
INFO  SpringBootTestContextBootstrapper - Found @SpringBootConfiguration org.springframework.samples.petclinic.PetClinicApplication for test class org.springframework.samples.petclinic.acceptance.Cp07Tests
INFO  AnnotationConfigContextLoaderUtils - Could not detect default configuration classes for test class [org.springframework.samples.petclinic.acceptance.Cp07Tests]: Cp07Tests does not declare any static, non-private, non-final, nested classes annotated with @Configuration.
INFO  AnnotationConfigContextLoaderUtils - Could not detect default configuration classes for test class [org.springframework.samples.petclinic.acceptance.AcceptanceBase]: AcceptanceBase does not declare any static, non-private, non-final, nested classes annotated with @Configuration.
INFO  SpringBootTestContextBootstrapper - Found @SpringBootConfiguration org.springframework.samples.petclinic.PetClinicApplication for test class org.springframework.samples.petclinic.acceptance.Cp07Tests
INFO  AUDIT - owner created id=174 customerCode=UNKNOWN-50918E0D registrationDate=2026-01-06 membershipLevel=1 membershipNumber=UNKNOWN-50918E0D-M26
INFO  AUDIT - owner created id=175 customerCode=UNKNOWN-6BECC873 registrationDate=2026-01-05 membershipLevel=1 membershipNumber=UNKNOWN-6BECC873-M26
INFO  AnnotationConfigContextLoaderUtils - Could not detect default configuration classes for test class [org.springframework.samples.petclinic.acceptance.Cp36Tests]: Cp36Tests does not declare any static, non-private, non-final, nested classes annotated with @Configuration.
INFO  SpringBootTestContextBootstrapper - Found @SpringBootConfiguration org.springframework.samples.petclinic.PetClinicApplication for test class org.springframework.samples.petclinic.acceptance.Cp36Tests
INFO  AnnotationConfigContextLoaderUtils - Could not detect default configuration classes for test class [org.springframework.samples.petclinic.acceptance.Cp36Tests]: Cp36Tests does not declare any static, non-private, non-final, nested classes annotated with @Configuration.
INFO  AnnotationConfigContextLoaderUtils - Could not detect default configuration classes for test class [org.springframework.samples.petclinic.acceptance.AcceptanceBase]: AcceptanceBase does not declare any static, non-private, non-final, nested classes annotated with @Configuration.
INFO  SpringBootTestContextBootstrapper - Found @SpringBootConfiguration org.springframework.samples.petclinic.PetClinicApplication for test class org.springframework.samples.petclinic.acceptance.Cp36Tests
INFO  AUDIT - owner created id=176 customerCode=NSW-C5F1EA14 registrationDate=2026-09-01 membershipLevel=1 membershipNumber=NSW-C5F1EA14-M26
INFO  AUDIT - owner created id=177 customerCode=NSW-2B66D6C5 registrationDate=2026-09-01 membershipLevel=1 membershipNumber=NSW-2B66D6C5-M26
INFO  AnnotationConfigContextLoaderUtils - Could not detect default configuration classes for test class [org.springframework.samples.petclinic.acceptance.Cp37Tests]: Cp37Tests does not declare any static, non-private, non-final, nested classes annotated with @Configuration.
INFO  SpringBootTestContextBootstrapper - Found @SpringBootConfiguration org.springframework.samples.petclinic.PetClinicApplication for test class org.springframework.samples.petclinic.acceptance.Cp37Tests
INFO  AnnotationConfigContextLoaderUtils - Could not detect default configuration classes for test class [org.springframework.samples.petclinic.acceptance.Cp37Tests]: Cp37Tests does not declare any static, non-private, non-final, nested classes annotated with @Configuration.
INFO  AnnotationConfigContextLoaderUtils - Could not detect default configuration classes for test class [org.springframework.samples.petclinic.acceptance.AcceptanceBase]: AcceptanceBase does not declare any static, non-private, non-final, nested classes annotated with @Configuration.
INFO  SpringBootTestContextBootstrapper - Found @SpringBootConfiguration org.springframework.samples.petclinic.PetClinicApplication for test class org.springframework.samples.petclinic.acceptance.Cp37Tests
INFO  AUDIT - owner created id=178 customerCode=UNKNOWN-951C045F registrationDate=2026-09-01 membershipLevel=1 membershipNumber=UNKNOWN-951C045F-M26
INFO  AnnotationConfigContextLoaderUtils - Could not detect default configuration classes for test class [org.springframework.samples.petclinic.acceptance.Cp40Tests]: Cp40Tests does not declare any static, non-private, non-final, nested classes annotated with @Configuration.
INFO  SpringBootTestContextBootstrapper - Found @SpringBootConfiguration org.springframework.samples.petclinic.PetClinicApplication for test class org.springframework.samples.petclinic.acceptance.Cp40Tests
INFO  AnnotationConfigContextLoaderUtils - Could not detect default configuration classes for test class [org.springframework.samples.petclinic.acceptance.Cp40Tests]: Cp40Tests does not declare any static, non-private, non-final, nested classes annotated with @Configuration.
INFO  AnnotationConfigContextLoaderUtils - Could not detect default configuration classes for test class [org.springframework.samples.petclinic.acceptance.AcceptanceBase]: AcceptanceBase does not declare any static, non-private, non-final, nested classes annotated with @Configuration.
INFO  SpringBootTestContextBootstrapper - Found @SpringBootConfiguration org.springframework.samples.petclinic.PetClinicApplication for test class org.springframework.samples.petclinic.acceptance.Cp40Tests
INFO  AUDIT - owner created id=179 customerCode=NSW-C80C269E registrationDate=2026-09-01 membershipLevel=2 membershipNumber=NSW-C80C269E-M26
INFO  AnnotationConfigContextLoaderUtils - Could not detect default configuration classes for test class [org.springframework.samples.petclinic.acceptance.Cp25Tests]: Cp25Tests does not declare any static, non-private, non-final, nested classes annotated with @Configuration.
INFO  SpringBootTestContextBootstrapper - Found @SpringBootConfiguration org.springframework.samples.petclinic.PetClinicApplication for test class org.springframework.samples.petclinic.acceptance.Cp25Tests
INFO  AnnotationConfigContextLoaderUtils - Could not detect default configuration classes for test class [org.springframework.samples.petclinic.acceptance.Cp25Tests]: Cp25Tests does not declare any static, non-private, non-final, nested classes annotated with @Configuration.
INFO  AnnotationConfigContextLoaderUtils - Could not detect default configuration classes for test class [org.springframework.samples.petclinic.acceptance.AcceptanceBase]: AcceptanceBase does not declare any static, non-private, non-final, nested classes annotated with @Configuration.
INFO  SpringBootTestContextBootstrapper - Found @SpringBootConfiguration org.springframework.samples.petclinic.PetClinicApplication for test class org.springframework.samples.petclinic.acceptance.Cp25Tests
INFO  AUDIT - owner created id=180 customerCode=UNKNOWN-EC678163 registrationDate=2026-09-01 membershipLevel=2 membershipNumber=UNKNOWN-EC678163-M26
INFO  AnnotationConfigContextLoaderUtils - Could not detect default configuration classes for test class [org.springframework.samples.petclinic.acceptance.Cp35Tests]: Cp35Tests does not declare any static, non-private, non-final, nested classes annotated with @Configuration.
INFO  SpringBootTestContextBootstrapper - Found @SpringBootConfiguration org.springframework.samples.petclinic.PetClinicApplication for test class org.springframework.samples.petclinic.acceptance.Cp35Tests
INFO  AnnotationConfigContextLoaderUtils - Could not detect default configuration classes for test class [org.springframework.samples.petclinic.acceptance.Cp35Tests]: Cp35Tests does not declare any static, non-private, non-final, nested classes annotated with @Configuration.
INFO  AnnotationConfigContextLoaderUtils - Could not detect default configuration classes for test class [org.springframework.samples.petclinic.acceptance.AcceptanceBase]: AcceptanceBase does not declare any static, non-private, non-final, nested classes annotated with @Configuration.
INFO  SpringBootTestContextBootstrapper - Found @SpringBootConfiguration org.springframework.samples.petclinic.PetClinicApplication for test class org.springframework.samples.petclinic.acceptance.Cp35Tests
INFO  AUDIT - owner created id=181 customerCode=NSW-87BC428B registrationDate=2026-09-01 membershipLevel=1 membershipNumber=NSW-87BC428B-M26
INFO  AUDIT - owner created id=182 customerCode=NSW-FBCD7DE5 registrationDate=2026-09-01 membershipLevel=1 membershipNumber=NSW-FBCD7DE5-M26
INFO  AUDIT - owner created id=183 customerCode=NSW-91876DF9 registrationDate=2026-09-01 membershipLevel=1 membershipNumber=NSW-91876DF9-M26
INFO  AnnotationConfigContextLoaderUtils - Could not detect default configuration classes for test class [org.springframework.samples.petclinic.acceptance.Cp05Tests]: Cp05Tests does not declare any static, non-private, non-final, nested classes annotated with @Configuration.
INFO  SpringBootTestContextBootstrapper - Found @SpringBootConfiguration org.springframework.samples.petclinic.PetClinicApplication for test class org.springframework.samples.petclinic.acceptance.Cp05Tests
INFO  AnnotationConfigContextLoaderUtils - Could not detect default configuration classes for test class [org.springframework.samples.petclinic.acceptance.Cp05Tests]: Cp05Tests does not declare any static, non-private, non-final, nested classes annotated with @Configuration.
INFO  AnnotationConfigContextLoaderUtils - Could not detect default configuration classes for test class [org.springframework.samples.petclinic.acceptance.AcceptanceBase]: AcceptanceBase does not declare any static, non-private, non-final, nested classes annotated with @Configuration.
INFO  SpringBootTestContextBootstrapper - Found @SpringBootConfiguration org.springframework.samples.petclinic.PetClinicApplication for test class org.springframework.samples.petclinic.acceptance.Cp05Tests
INFO  AUDIT - owner created id=184 customerCode=UNKNOWN-17E873ED registrationDate=2026-09-01 membershipLevel=1 membershipNumber=UNKNOWN-17E873ED-M26
INFO  AnnotationConfigContextLoaderUtils - Could not detect default configuration classes for test class [org.springframework.samples.petclinic.acceptance.Cp09Tests]: Cp09Tests does not declare any static, non-private, non-final, nested classes annotated with @Configuration.
INFO  SpringBootTestContextBootstrapper - Found @SpringBootConfiguration org.springframework.samples.petclinic.PetClinicApplication for test class org.springframework.samples.petclinic.acceptance.Cp09Tests
INFO  AnnotationConfigContextLoaderUtils - Could not detect default configuration classes for test class [org.springframework.samples.petclinic.acceptance.Cp09Tests]: Cp09Tests does not declare any static, non-private, non-final, nested classes annotated with @Configuration.
INFO  AnnotationConfigContextLoaderUtils - Could not detect default configuration classes for test class [org.springframework.samples.petclinic.acceptance.AcceptanceBase]: AcceptanceBase does not declare any static, non-private, non-final, nested classes annotated with @Configuration.
INFO  SpringBootTestContextBootstrapper - Found @SpringBootConfiguration org.springframework.samples.petclinic.PetClinicApplication for test class org.springframework.samples.petclinic.acceptance.Cp09Tests
INFO  AUDIT - owner created id=185 customerCode=NSW-F6B28FA0 registrationDate=2026-09-01 membershipLevel=1 membershipNumber=NSW-F6B28FA0-M26
INFO  AnnotationConfigContextLoaderUtils - Could not detect default configuration classes for test class [org.springframework.samples.petclinic.acceptance.Cp23Tests]: Cp23Tests does not declare any static, non-private, non-final, nested classes annotated with @Configuration.
INFO  SpringBootTestContextBootstrapper - Found @SpringBootConfiguration org.springframework.samples.petclinic.PetClinicApplication for test class org.springframework.samples.petclinic.acceptance.Cp23Tests
INFO  AnnotationConfigContextLoaderUtils - Could not detect default configuration classes for test class [org.springframework.samples.petclinic.acceptance.Cp23Tests]: Cp23Tests does not declare any static, non-private, non-final, nested classes annotated with @Configuration.
INFO  AnnotationConfigContextLoaderUtils - Could not detect default configuration classes for test class [org.springframework.samples.petclinic.acceptance.AcceptanceBase]: AcceptanceBase does not declare any static, non-private, non-final, nested classes annotated with @Configuration.
INFO  SpringBootTestContextBootstrapper - Found @SpringBootConfiguration org.springframework.samples.petclinic.PetClinicApplication for test class org.springframework.samples.petclinic.acceptance.Cp23Tests
INFO  AUDIT - owner created id=186 customerCode=NSW-6181F4E6 registrationDate=2026-09-01 membershipLevel=1 membershipNumber=NSW-6181F4E6-M26
INFO  AUDIT - owner created id=187 customerCode=NSW-8E81A343 registrationDate=2026-09-01 membershipLevel=1 membershipNumber=NSW-8E81A343-M26
INFO  AUDIT - owner created id=188 customerCode=NSW-FB2837B1 registrationDate=2026-09-01 membershipLevel=2 membershipNumber=NSW-FB2837B1-M26

MockHttpServletRequest:
      HTTP Method = POST
      Request URI = /api/owners
       Parameters = {}
          Headers = [Content-Type:"application/json;charset=UTF-8", Content-Length:"152"]
             Body = {"firstName":"Fnabo","lastName":"Surabj","address":"740 Test Street","city":"Town741","telephone":"0400000742","postcode":"2000","sharesHousehold":true}
    Session Attrs = {SPRING_SECURITY_CONTEXT=SecurityContextImpl [Authentication=UsernamePasswordAuthenticationToken [Principal=org.springframework.security.core.userdetails.User [Username=acceptance-admin, Password=[PROTECTED], Enabled=true, AccountNonExpired=true, CredentialsNonExpired=true, AccountNonLocked=true, Granted Authorities=[ROLE_ADMIN, ROLE_OWNER_ADMIN, ROLE_VET_ADMIN]], Credentials=[PROTECTED], Authenticated=true, Details=null, Granted Authorities=[ROLE_ADMIN, ROLE_OWNER_ADMIN, ROLE_VET_ADMIN]]]}

Handler:
             Type = org.springframework.web.servlet.resource.ResourceHttpRequestHandler

Async:
    Async started = false
     Async result = null

Resolved Exception:
             Type = null

ModelAndView:
        View name = null
             View = null
            Model = null

FlashMap:
       Attributes = null

MockHttpServletResponse:
           Status = 201
    Error message = null
          Headers = [Location:"/api/owners/186", Content-Type:"application/json", X-Content-Type-Options:"nosniff", X-XSS-Protection:"0", Cache-Control:"no-cache, no-store, max-age=0, must-revalidate", Pragma:"no-cache", Expires:"0", X-Frame-Options:"DENY"]
     Content type = application/json
             Body = {"firstName":"Fnabo","lastName":"Surabj","city":"Town741","telephone":"+61400000742","pets":[],"address":"740 TEST STREET","addressLine1":null,"addressLine2":null,"ageBand":null,"birthDate":null,"bulkSignupWarning":false,"checkDigit":5,"contactPreference":"PHONE","customerCode":"NSW-6181F4E6","deleted":false,"displayName":"Surabj, Fnabo","email":null,"householdId":"4f5ea8800b06","id":186,"identityKey":"+61400000742||4f5ea8800b06","initials":"F.S.","locality":"NSW","membershipLevel":1,"membershipNumber":"NSW-6181F4E6-M26","membershipPoints":1,"namesakeCount":0,"possibleDuplicate":false,"possibleDuplicateOf":null,"postcode":"2000","registrationDate":"2026-09-01","salutation":"Surabj","sharesHousehold":null,"telephoneDisplay":"+61 400 000 742","timezone":"Australia/Sydney","title":null}
    Forwarded URL = null
   Redirected URL = /api/owners/186
          Cookies = []

MockHttpServletRequest:
      HTTP Method = POST
      Request URI = /api/owners
       Parameters = {}
          Headers = [Content-Type:"application/json;charset=UTF-8", Content-Length:"152"]
             Body = {"firstName":"Fnabt","lastName":"Surabj","address":"745 Test Street","city":"Town746","telephone":"0400000747","postcode":"2000","sharesHousehold":true}
    Session Attrs = {SPRING_SECURITY_CONTEXT=SecurityContextImpl [Authentication=UsernamePasswordAuthenticationToken [Principal=org.springframework.security.core.userdetails.User [Username=acceptance-admin, Password=[PROTECTED], Enabled=true, AccountNonExpired=true, CredentialsNonExpired=true, AccountNonLocked=true, Granted Authorities=[ROLE_ADMIN, ROLE_OWNER_ADMIN, ROLE_VET_ADMIN]], Credentials=[PROTECTED], Authenticated=true, Details=null, Granted Authorities=[ROLE_ADMIN, ROLE_OWNER_ADMIN, ROLE_VET_ADMIN]]]}

Handler:
             Type = org.springframework.web.servlet.resource.ResourceHttpRequestHandler

Async:
    Async started = false
     Async result = null

Resolved Exception:
             Type = null

ModelAndView:
        View name = null
             View = null
            Model = null

FlashMap:
       Attributes = null

MockHttpServletResponse:
           Status = 201
    Error message = null
          Headers = [Location:"/api/owners/187", Content-Type:"application/json", X-Content-Type-Options:"nosniff", X-XSS-Protection:"0", Cache-Control:"no-cache, no-store, max-age=0, must-revalidate", Pragma:"no-cache", Expires:"0", X-Frame-Options:"DENY"]
     Content type = application/json
             Body = {"firstName":"Fnabt","lastName":"Surabj","city":"Town746","telephone":"+61400000747","pets":[],"address":"745 TEST STREET","addressLine1":null,"addressLine2":null,"ageBand":null,"birthDate":null,"bulkSignupWarning":false,"checkDigit":8,"contactPreference":"PHONE","customerCode":"NSW-8E81A343","deleted":false,"displayName":"Surabj, Fnabt","email":null,"householdId":"4f5ea8800b06","id":187,"identityKey":"+61400000747||4f5ea8800b06","initials":"F.S.","locality":"NSW","membershipLevel":1,"membershipNumber":"NSW-8E81A343-M26","membershipPoints":1,"namesakeCount":0,"possibleDuplicate":false,"possibleDuplicateOf":null,"postcode":"2000","registrationDate":"2026-09-01","salutation":"Surabj","sharesHousehold":null,"telephoneDisplay":"+61 400 000 747","timezone":"Australia/Sydney","title":null}
    Forwarded URL = null
   Redirected URL = /api/owners/187
          Cookies = []

MockHttpServletRequest:
      HTTP Method = POST
      Request URI = /api/owners
       Parameters = {}
          Headers = [Content-Type:"application/json;charset=UTF-8", Content-Length:"184"]
             Body = {"firstName":"Fnaby","lastName":"Surabj","address":"750 Test Street","city":"Town751","telephone":"0400000752","postcode":"2000","sharesHousehold":true,"email":"owner754@example.test"}
    Session Attrs = {SPRING_SECURITY_CONTEXT=SecurityContextImpl [Authentication=UsernamePasswordAuthenticationToken [Principal=org.springframework.security.core.userdetails.User [Username=acceptance-admin, Password=[PROTECTED], Enabled=true, AccountNonExpired=true, CredentialsNonExpired=true, AccountNonLocked=true, Granted Authorities=[ROLE_ADMIN, ROLE_OWNER_ADMIN, ROLE_VET_ADMIN]], Credentials=[PROTECTED], Authenticated=true, Details=null, Granted Authorities=[ROLE_ADMIN, ROLE_OWNER_ADMIN, ROLE_VET_ADMIN]]]}

Handler:
             Type = org.springframework.web.servlet.resource.ResourceHttpRequestHandler

Async:
    Async started = false
     Async result = null

Resolved Exception:
             Type = null

ModelAndView:
        View name = null
             View = null
            Model = null

FlashMap:
       Attributes = null

MockHttpServletResponse:
           Status = 201
    Error message = null
          Headers = [Location:"/api/owners/188", Content-Type:"application/json", X-Content-Type-Options:"nosniff", X-XSS-Protection:"0", Cache-Control:"no-cache, no-store, max-age=0, must-revalidate", Pragma:"no-cache", Expires:"0", X-Frame-Options:"DENY"]
     Content type = application/json
             Body = {"firstName":"Fnaby","lastName":"Surabj","city":"Town751","telephone":"+61400000752","pets":[],"address":"750 TEST STREET","addressLine1":null,"addressLine2":null,"ageBand":null,"birthDate":null,"bulkSignupWarning":false,"checkDigit":3,"contactPreference":"EMAIL","customerCode":"NSW-FB2837B1","deleted":false,"displayName":"Surabj, Fnaby","email":"owner754@example.test","householdId":"4f5ea8800b06","id":188,"identityKey":"+61400000752|owner754@example.test|4f5ea8800b06","initials":"F.S.","locality":"NSW","membershipLevel":2,"membershipNumber":"NSW-FB2837B1-M26","membershipPoints":3,"namesakeCount":0,"possibleDuplicate":false,"possibleDuplicateOf":null,"postcode":"2000","registrationDate":"2026-09-01","salutation":"Surabj","sharesHousehold":null,"telephoneDisplay":"+61 400 000 752","timezone":"Australia/Sydney","title":null}
    Forwarded URL = null
   Redirected URL = /api/owners/188
          Cookies = []

MockHttpServletRequest:
      HTTP Method = GET
      Request URI = /api/owners/188
       Parameters = {}
          Headers = []
             Body = null
    Session Attrs = {SPRING_SECURITY_CONTEXT=SecurityContextImpl [Authentication=UsernamePasswordAuthenticationToken [Principal=org.springframework.security.core.userdetails.User [Username=acceptance-admin, Password=[PROTECTED], Enabled=true, AccountNonExpired=true, CredentialsNonExpired=true, AccountNonLocked=true, Granted Authorities=[ROLE_ADMIN, ROLE_OWNER_ADMIN, ROLE_VET_ADMIN]], Credentials=[PROTECTED], Authenticated=true, Details=null, Granted Authorities=[ROLE_ADMIN, ROLE_OWNER_ADMIN, ROLE_VET_ADMIN]]]}

Handler:
             Type = org.springframework.web.servlet.resource.ResourceHttpRequestHandler

Async:
    Async started = false
     Async result = null

Resolved Exception:
             Type = null

ModelAndView:
        View name = null
             View = null
            Model = null

FlashMap:
       Attributes = null

MockHttpServletResponse:
           Status = 200
    Error message = null
          Headers = [Content-Type:"application/json", X-Content-Type-Options:"nosniff", X-XSS-Protection:"0", Cache-Control:"no-cache, no-store, max-age=0, must-revalidate", Pragma:"no-cache", Expires:"0", X-Frame-Options:"DENY"]
     Content type = application/json
             Body = {"firstName":"Fnaby","lastName":"Surabj","city":"Town751","telephone":"+61400000752","pets":[],"address":"750 TEST STREET","addressLine1":null,"addressLine2":null,"ageBand":null,"birthDate":null,"bulkSignupWarning":false,"checkDigit":3,"contactPreference":"EMAIL","customerCode":"NSW-FB2837B1","deleted":false,"displayName":"Surabj, Fnaby","email":"owner754@example.test","householdId":"4f5ea8800b06","id":188,"identityKey":"+61400000752|owner754@example.test|4f5ea8800b06","initials":"F.S.","locality":"NSW","membershipLevel":2,"membershipNumber":"NSW-FB2837B1-M26","membershipPoints":3,"namesakeCount":0,"possibleDuplicate":false,"possibleDuplicateOf":null,"postcode":"2000","registrationDate":"2026-09-01","salutation":"Surabj","sharesHousehold":null,"telephoneDisplay":"+61 400 000 752","timezone":"Australia/Sydney","title":null}
    Forwarded URL = null
   Redirected URL = null
          Cookies = []
[ERROR] Tests run: 1, Failures: 1, Errors: 0, Skipped: 0, Time elapsed: 0.048 s <<< FAILURE! -- in org.springframework.samples.petclinic.acceptance.Cp23Tests
[ERROR] org.springframework.samples.petclinic.acceptance.Cp23Tests.coreHouseholdAddsPoints -- Time elapsed: 0.038 s <<< FAILURE!
java.lang.AssertionError: JSON path "$.membershipPoints" expected:<5> but was:<3>
	at org.springframework.test.util.AssertionErrors.fail(AssertionErrors.java:62)
	at org.springframework.test.util.AssertionErrors.assertEquals(AssertionErrors.java:129)
	at org.springframework.test.util.JsonPathExpectationsHelper.assertValue(JsonPathExpectationsHelper.java:172)
	at org.springframework.test.web.servlet.result.JsonPathResultMatchers.lambda$value$2(JsonPathResultMatchers.java:111)
	at org.springframework.test.web.servlet.MockMvc$1.andExpect(MockMvc.java:212)
	at org.springframework.samples.petclinic.acceptance.Cp23Tests.coreHouseholdAddsPoints(Cp23Tests.java:28)

INFO  AnnotationConfigContextLoaderUtils - Could not detect default configuration classes for test class [org.springframework.samples.petclinic.acceptance.Cp33Tests]: Cp33Tests does not declare any static, non-private, non-final, nested classes annotated with @Configuration.
INFO  SpringBootTestContextBootstrapper - Found @SpringBootConfiguration org.springframework.samples.petclinic.PetClinicApplication for test class org.springframework.samples.petclinic.acceptance.Cp33Tests
INFO  AnnotationConfigContextLoaderUtils - Could not detect default configuration classes for test class [org.springframework.samples.petclinic.acceptance.Cp33Tests]: Cp33Tests does not declare any static, non-private, non-final, nested classes annotated with @Configuration.
INFO  AnnotationConfigContextLoaderUtils - Could not detect default configuration classes for test class [org.springframework.samples.petclinic.acceptance.AcceptanceBase]: AcceptanceBase does not declare any static, non-private, non-final, nested classes annotated with @Configuration.
INFO  SpringBootTestContextBootstrapper - Found @SpringBootConfiguration org.springframework.samples.petclinic.PetClinicApplication for test class org.springframework.samples.petclinic.acceptance.Cp33Tests
INFO  AnnotationConfigContextLoaderUtils - Could not detect default configuration classes for test class [org.springframework.samples.petclinic.acceptance.Cp20Tests]: Cp20Tests does not declare any static, non-private, non-final, nested classes annotated with @Configuration.
INFO  SpringBootTestContextBootstrapper - Found @SpringBootConfiguration org.springframework.samples.petclinic.PetClinicApplication for test class org.springframework.samples.petclinic.acceptance.Cp20Tests
INFO  AnnotationConfigContextLoaderUtils - Could not detect default configuration classes for test class [org.springframework.samples.petclinic.acceptance.Cp20Tests]: Cp20Tests does not declare any static, non-private, non-final, nested classes annotated with @Configuration.
INFO  AnnotationConfigContextLoaderUtils - Could not detect default configuration classes for test class [org.springframework.samples.petclinic.acceptance.AcceptanceBase]: AcceptanceBase does not declare any static, non-private, non-final, nested classes annotated with @Configuration.
INFO  SpringBootTestContextBootstrapper - Found @SpringBootConfiguration org.springframework.samples.petclinic.PetClinicApplication for test class org.springframework.samples.petclinic.acceptance.Cp20Tests
INFO  AUDIT - owner created id=189 customerCode=UNKNOWN-65417272 registrationDate=2026-09-01 membershipLevel=1 membershipNumber=UNKNOWN-65417272-M26
INFO  AnnotationConfigContextLoaderUtils - Could not detect default configuration classes for test class [org.springframework.samples.petclinic.acceptance.Cp15Tests]: Cp15Tests does not declare any static, non-private, non-final, nested classes annotated with @Configuration.
INFO  SpringBootTestContextBootstrapper - Found @SpringBootConfiguration org.springframework.samples.petclinic.PetClinicApplication for test class org.springframework.samples.petclinic.acceptance.Cp15Tests
INFO  AnnotationConfigContextLoaderUtils - Could not detect default configuration classes for test class [org.springframework.samples.petclinic.acceptance.Cp15Tests]: Cp15Tests does not declare any static, non-private, non-final, nested classes annotated with @Configuration.
INFO  AnnotationConfigContextLoaderUtils - Could not detect default configuration classes for test class [org.springframework.samples.petclinic.acceptance.AcceptanceBase]: AcceptanceBase does not declare any static, non-private, non-final, nested classes annotated with @Configuration.
INFO  SpringBootTestContextBootstrapper - Found @SpringBootConfiguration org.springframework.samples.petclinic.PetClinicApplication for test class org.springframework.samples.petclinic.acceptance.Cp15Tests
INFO  AUDIT - owner created id=190 customerCode=UNKNOWN-F4788DCD registrationDate=2026-09-01 membershipLevel=2 membershipNumber=UNKNOWN-F4788DCD-M26
INFO  AnnotationConfigContextLoaderUtils - Could not detect default configuration classes for test class [org.springframework.samples.petclinic.acceptance.Cp31Tests]: Cp31Tests does not declare any static, non-private, non-final, nested classes annotated with @Configuration.
INFO  SpringBootTestContextBootstrapper - Found @SpringBootConfiguration org.springframework.samples.petclinic.PetClinicApplication for test class org.springframework.samples.petclinic.acceptance.Cp31Tests
INFO  AnnotationConfigContextLoaderUtils - Could not detect default configuration classes for test class [org.springframework.samples.petclinic.acceptance.Cp31Tests]: Cp31Tests does not declare any static, non-private, non-final, nested classes annotated with @Configuration.
INFO  AnnotationConfigContextLoaderUtils - Could not detect default configuration classes for test class [org.springframework.samples.petclinic.acceptance.AcceptanceBase]: AcceptanceBase does not declare any static, non-private, non-final, nested classes annotated with @Configuration.
INFO  SpringBootTestContextBootstrapper - Found @SpringBootConfiguration org.springframework.samples.petclinic.PetClinicApplication for test class org.springframework.samples.petclinic.acceptance.Cp31Tests
INFO  AUDIT - owner created id=191 customerCode=NSW-0F0DE006 registrationDate=2026-09-01 membershipLevel=1 membershipNumber=NSW-0F0DE006-M26
INFO  AnnotationConfigContextLoaderUtils - Could not detect default configuration classes for test class [org.springframework.samples.petclinic.acceptance.Cp01Tests]: Cp01Tests does not declare any static, non-private, non-final, nested classes annotated with @Configuration.
INFO  SpringBootTestContextBootstrapper - Found @SpringBootConfiguration org.springframework.samples.petclinic.PetClinicApplication for test class org.springframework.samples.petclinic.acceptance.Cp01Tests
INFO  AnnotationConfigContextLoaderUtils - Could not detect default configuration classes for test class [org.springframework.samples.petclinic.acceptance.Cp01Tests]: Cp01Tests does not declare any static, non-private, non-final, nested classes annotated with @Configuration.
INFO  AnnotationConfigContextLoaderUtils - Could not detect default configuration classes for test class [org.springframework.samples.petclinic.acceptance.AcceptanceBase]: AcceptanceBase does not declare any static, non-private, non-final, nested classes annotated with @Configuration.
INFO  SpringBootTestContextBootstrapper - Found @SpringBootConfiguration org.springframework.samples.petclinic.PetClinicApplication for test class org.springframework.samples.petclinic.acceptance.Cp01Tests
ERROR GeneralExceptionHandler - Unexpected error
jakarta.validation.ConstraintViolationException: Validation failed for classes [org.springframework.samples.petclinic.model.Owner] during persist time for groups [jakarta.validation.groups.Default, ]
List of constraint violations:[
	ConstraintViolationImpl{interpolatedMessage='must not be empty', propertyPath=address, rootBeanClass=class org.springframework.samples.petclinic.model.Owner, messageTemplate='{jakarta.validation.constraints.NotEmpty.message}'}
]
	at org.hibernate.boot.beanvalidation.BeanValidationEventListener.validate(BeanValidationEventListener.java:137)
	at org.hibernate.boot.beanvalidation.BeanValidationEventListener.onPreInsert(BeanValidationEventListener.java:76)
	at org.hibernate.action.internal.EntityIdentityInsertAction.preInsert(EntityIdentityInsertAction.java:287)
	at org.hibernate.action.internal.EntityIdentityInsertAction.execute(EntityIdentityInsertAction.java:75)
	at org.hibernate.engine.spi.ActionQueue.execute(ActionQueue.java:667)
	at org.hibernate.engine.spi.ActionQueue.addResolvedEntityInsertAction(ActionQueue.java:291)
	at org.hibernate.engine.spi.ActionQueue.addInsertAction(ActionQueue.java:270)
	at org.hibernate.engine.spi.ActionQueue.addAction(ActionQueue.java:322)
	at org.hibernate.event.internal.AbstractSaveEventListener.addInsertAction(AbstractSaveEventListener.java:384)
	at org.hibernate.event.internal.AbstractSaveEventListener.performSaveOrReplicate(AbstractSaveEventListener.java:298)
	at org.hibernate.event.internal.AbstractSaveEventListener.performSave(AbstractSaveEventListener.java:228)
	at org.hibernate.event.internal.AbstractSaveEventListener.saveWithGeneratedId(AbstractSaveEventListener.java:144)
	at org.hibernate.event.internal.DefaultPersistEventListener.entityIsTransient(DefaultPersistEventListener.java:144)
	at org.hibernate.event.internal.DefaultPersistEventListener.persist(DefaultPersistEventListener.java:91)
	at org.hibernate.event.internal.DefaultPersistEventListener.onPersist(DefaultPersistEventListener.java:75)
	at org.hibernate.event.internal.DefaultPersistEventListener.onPersist(DefaultPersistEventListener.java:51)
	at org.hibernate.event.service.internal.EventListenerGroupImpl.fireEventOnEachListener(EventListenerGroupImpl.java:138)
	at org.hibernate.internal.SessionImpl.firePersist(SessionImpl.java:695)
	at org.hibernate.internal.SessionImpl.persist(SessionImpl.java:678)
	at jdk.internal.reflect.GeneratedMethodAccessor176.invoke(Unknown Source)
	at java.base/jdk.internal.reflect.DelegatingMethodAccessorImpl.invoke(DelegatingMethodAccessorImpl.java:43)
	at java.base/java.lang.reflect.Method.invoke(Method.java:569)
	at org.springframework.orm.jpa.SharedEntityManagerCreator$SharedEntityHandlerInvocationHandler.invokeMethod(SharedEntityManagerCreator.java:239)
	at org.springframework.orm.jpa.SharedEntityManagerCreator$SharedEntityManagerInvocationHandler.invoke(SharedEntityManagerCreator.java:383)
	at jdk.proxy2/jdk.proxy2.$Proxy188.persist(Unknown Source)
	at org.springframework.data.jpa.repository.support.SimpleJpaRepository.save(SimpleJpaRepository.java:664)
	at jdk.internal.reflect.GeneratedMethodAccessor175.invoke(Unknown Source)
	at java.base/jdk.internal.reflect.DelegatingMethodAccessorImpl.invoke(DelegatingMethodAccessorImpl.java:43)
	at java.base/java.lang.reflect.Method.invoke(Method.java:569)
	at org.springframework.aop.support.AopUtils.invokeJoinpointUsingReflection(AopUtils.java:359)
	at org.springframework.data.repository.core.support.RepositoryMethodInvoker$RepositoryFragmentMethodInvoker.lambda$new$0(RepositoryMethodInvoker.java:278)
	at org.springframework.data.repository.core.support.RepositoryMethodInvoker.doInvoke(RepositoryMethodInvoker.java:169)
	at org.springframework.data.repository.core.support.RepositoryMethodInvoker.invoke(RepositoryMethodInvoker.java:158)
	at org.springframework.data.repository.core.support.RepositoryComposition$RepositoryFragments.invoke(RepositoryComposition.java:545)
	at org.springframework.data.repository.core.support.RepositoryComposition.invoke(RepositoryComposition.java:290)
	at org.springframework.data.repository.core.support.RepositoryFactorySupport$ImplementationMethodExecutionInterceptor.invoke(RepositoryFactorySupport.java:690)
	at org.springframework.aop.framework.ReflectiveMethodInvocation.proceed(ReflectiveMethodInvocation.java:179)
	at org.springframework.data.repository.core.support.QueryExecutorMethodInterceptor.doInvoke(QueryExecutorMethodInterceptor.java:171)
	at org.springframework.data.repository.core.support.QueryExecutorMethodInterceptor.invoke(QueryExecutorMethodInterceptor.java:146)
	at org.springframework.aop.framework.ReflectiveMethodInvocation.proceed(ReflectiveMethodInvocation.java:179)
	at org.springframework.transaction.interceptor.TransactionInterceptor$1.proceedWithInvocation(TransactionInterceptor.java:133)
	at org.springframework.transaction.interceptor.TransactionAspectSupport.invokeWithinTransaction(TransactionAspectSupport.java:371)
	at org.springframework.transaction.interceptor.TransactionInterceptor.invoke(TransactionInterceptor.java:130)
	at org.springframework.aop.framework.ReflectiveMethodInvocation.proceed(ReflectiveMethodInvocation.java:179)
	at org.springframework.dao.support.PersistenceExceptionTranslationInterceptor.invoke(PersistenceExceptionTranslationInterceptor.java:135)
	at org.springframework.aop.framework.ReflectiveMethodInvocation.proceed(ReflectiveMethodInvocation.java:179)
	at org.springframework.data.jpa.repository.support.CrudMethodMetadataPostProcessor$CrudMethodMetadataPopulatingMethodInterceptor.invoke(CrudMethodMetadataPostProcessor.java:166)
	at org.springframework.aop.framework.ReflectiveMethodInvocation.proceed(ReflectiveMethodInvocation.java:179)
	at org.springframework.aop.framework.JdkDynamicAopProxy.invoke(JdkDynamicAopProxy.java:222)
	at jdk.proxy2/jdk.proxy2.$Proxy212.save(Unknown Source)
	at org.springframework.samples.petclinic.rest.function.owner.SaveOwner.service(SaveOwner.java:10)
	at jdk.internal.reflect.GeneratedMethodAccessor174.invoke(Unknown Source)
	at java.base/jdk.internal.reflect.DelegatingMethodAccessorImpl.invoke(DelegatingMethodAccessorImpl.java:43)
	at java.base/java.lang.reflect.Method.invoke(Method.java:569)
	at net.officefloor.plugin.clazz.method.MethodFunction.invokeMethod(MethodFunction.java:59)
	at net.officefloor.plugin.clazz.method.MethodFunction.execute(MethodFunction.java:168)
	at net.officefloor.frame.impl.execute.managedfunction.ManagedFunctionLogicImpl.execute(ManagedFunctionLogicImpl.java:100)
	at net.officefloor.frame.impl.execute.function.ManagedFunctionContainerImpl.execute(ManagedFunctionContainerImpl.java:474)
	at net.officefloor.frame.impl.execute.thread.ThreadStateImpl$ActiveThreadState.executeDelegate(ThreadStateImpl.java:1130)
	at net.officefloor.frame.impl.execute.thread.ThreadStateImpl$ThenFunction.execute(ThreadStateImpl.java:1205)
	at net.officefloor.frame.impl.execute.thread.ThreadStateImpl$ActiveThreadState.executeFunction(ThreadStateImpl.java:1098)
	at net.officefloor.frame.impl.execute.job.FunctionLoopImpl.executeThreadStateFunctionLoop(FunctionLoopImpl.java:188)
	at net.officefloor.frame.impl.execute.job.FunctionLoopImpl$UnsafeLoop.doThreadStateFunctionLoop(FunctionLoopImpl.java:253)
	at net.officefloor.frame.impl.execute.job.FunctionLoopImpl$UnsafeLoop.run(FunctionLoopImpl.java:314)
	at net.officefloor.frame.impl.execute.job.FunctionLoopImpl.executeFunction(FunctionLoopImpl.java:110)
	at net.officefloor.frame.impl.execute.officefloor.ThreadLocalAwareExecutorImpl.runInContext(ThreadLocalAwareExecutorImpl.java:79)
	at net.officefloor.frame.impl.execute.office.OfficeMetaDataImpl.executeFunction(OfficeMetaDataImpl.java:460)
	at net.officefloor.frame.impl.execute.office.OfficeMetaDataImpl.invokeProcess(OfficeMetaDataImpl.java:340)
	at net.officefloor.frame.impl.execute.officefloor.ManagedObjectServiceContextImpl.lambda$invokeProcess$0(ManagedObjectServiceContextImpl.java:119)
	at net.officefloor.frame.impl.execute.execution.ManagedExecutionFactoryImpl$ManagedExecutionImpl.execute(ManagedExecutionFactoryImpl.java:147)
	at net.officefloor.frame.api.executive.Executive.manageExecution(Executive.java:92)
	at net.officefloor.frame.impl.execute.execution.ManagedExecutionFactoryImpl$ManagedExecutionImpl.managedExecute(ManagedExecutionFactoryImpl.java:125)
	at net.officefloor.frame.impl.execute.officefloor.ManagedObjectServiceContextImpl.invokeProcess(ManagedObjectServiceContextImpl.java:127)
	at net.officefloor.frame.impl.execute.officefloor.ManagedObjectServiceContextImpl.invokeProcess(ManagedObjectServiceContextImpl.java:148)
	at net.officefloor.frame.impl.execute.service.SafeManagedObjectService.lambda$invokeProcess$3(SafeManagedObjectService.java:199)
	at net.officefloor.frame.impl.execute.service.SafeManagedObjectService.lambda$invokeProcess$0(SafeManagedObjectService.java:174)
	at net.officefloor.frame.impl.execute.service.SafeManagedObjectService.service(SafeManagedObjectService.java:156)
	at net.officefloor.frame.impl.execute.service.SafeManagedObjectService.invokeProcess(SafeManagedObjectService.java:174)
	at net.officefloor.frame.impl.execute.service.SafeManagedObjectService.invokeProcess(SafeManagedObjectService.java:198)
	at net.officefloor.compile.impl.structure.ExternalServiceInputFactoryImpl$ExternalServiceInputImpl.service(ExternalServiceInputFactoryImpl.java:250)
	at net.officefloor.spring.starter.rest.OfficeFloorHandlerInterceptor.preHandle(OfficeFloorHandlerInterceptor.java:164)
	at org.springframework.web.servlet.HandlerExecutionChain.applyPreHandle(HandlerExecutionChain.java:145)
	at org.springframework.web.servlet.DispatcherServlet.doDispatch(DispatcherServlet.java:957)
	at org.springframework.web.servlet.DispatcherServlet.doService(DispatcherServlet.java:866)
	at org.springframework.web.servlet.FrameworkServlet.processRequest(FrameworkServlet.java:1000)
	at org.springframework.web.servlet.FrameworkServlet.doPost(FrameworkServlet.java:903)
	at jakarta.servlet.http.HttpServlet.service(HttpServlet.java:649)
	at org.springframework.web.servlet.FrameworkServlet.service(FrameworkServlet.java:874)
	at org.springframework.test.web.servlet.TestDispatcherServlet.service(TestDispatcherServlet.java:72)
	at jakarta.servlet.http.HttpServlet.service(HttpServlet.java:710)
	at org.springframework.mock.web.MockFilterChain$ServletFilterProxy.doFilter(MockFilterChain.java:160)
	at org.springframework.mock.web.MockFilterChain.doFilter(MockFilterChain.java:127)
	at org.springframework.web.filter.CompositeFilter$VirtualFilterChain.doFilter(CompositeFilter.java:108)
	at org.springframework.security.web.FilterChainProxy.lambda$doFilterInternal$2(FilterChainProxy.java:235)
	at org.springframework.security.web.ObservationFilterChainDecorator$FilterObservation$SimpleFilterObservation.lambda$wrap$1(ObservationFilterChainDecorator.java:491)
	at org.springframework.security.web.ObservationFilterChainDecorator$AroundFilterObservation$SimpleAroundFilterObservation.lambda$wrap$1(ObservationFilterChainDecorator.java:353)
	at org.springframework.security.web.ObservationFilterChainDecorator.lambda$wrapSecured$0(ObservationFilterChainDecorator.java:84)
	at org.springframework.security.web.ObservationFilterChainDecorator$VirtualFilterChain.doFilter(ObservationFilterChainDecorator.java:131)
	at org.springframework.security.web.access.intercept.AuthorizationFilter.doFilter(AuthorizationFilter.java:101)
	at org.springframework.security.web.ObservationFilterChainDecorator$ObservationFilter.wrapFilter(ObservationFilterChainDecorator.java:243)
	at org.springframework.security.web.ObservationFilterChainDecorator$ObservationFilter.doFilter(ObservationFilterChainDecorator.java:230)
	at org.springframework.security.web.ObservationFilterChainDecorator$VirtualFilterChain.doFilter(ObservationFilterChainDecorator.java:140)
	at org.springframework.security.web.access.ExceptionTranslationFilter.doFilter(ExceptionTranslationFilter.java:126)
	at org.springframework.security.web.access.ExceptionTranslationFilter.doFilter(ExceptionTranslationFilter.java:120)
	at org.springframework.security.web.ObservationFilterChainDecorator$ObservationFilter.wrapFilter(ObservationFilterChainDecorator.java:243)
	at org.springframework.security.web.ObservationFilterChainDecorator$ObservationFilter.doFilter(ObservationFilterChainDecorator.java:230)
	at org.springframework.security.web.ObservationFilterChainDecorator$VirtualFilterChain.doFilter(ObservationFilterChainDecorator.java:140)
	at org.springframework.security.web.authentication.AnonymousAuthenticationFilter.doFilter(AnonymousAuthenticationFilter.java:100)
	at org.springframework.security.web.ObservationFilterChainDecorator$ObservationFilter.wrapFilter(ObservationFilterChainDecorator.java:243)
	at org.springframework.security.web.ObservationFilterChainDecorator$ObservationFilter.doFilter(ObservationFilterChainDecorator.java:230)
	at org.springframework.security.web.ObservationFilterChainDecorator$VirtualFilterChain.doFilter(ObservationFilterChainDecorator.java:140)
	at org.springframework.security.web.servletapi.SecurityContextHolderAwareRequestFilter.doFilter(SecurityContextHolderAwareRequestFilter.java:181)
	at org.springframework.security.web.ObservationFilterChainDecorator$ObservationFilter.wrapFilter(ObservationFilterChainDecorator.java:243)
	at org.springframework.security.web.ObservationFilterChainDecorator$ObservationFilter.doFilter(ObservationFilterChainDecorator.java:230)
	at org.springframework.security.web.ObservationFilterChainDecorator$VirtualFilterChain.doFilter(ObservationFilterChainDecorator.java:140)
	at org.springframework.security.web.savedrequest.RequestCacheAwareFilter.doFilter(RequestCacheAwareFilter.java:63)
	at org.springframework.security.web.ObservationFilterChainDecorator$ObservationFilter.wrapFilter(ObservationFilterChainDecorator.java:243)
	at org.springframework.security.web.ObservationFilterChainDecorator$ObservationFilter.doFilter(ObservationFilterChainDecorator.java:230)
	at org.springframework.security.web.ObservationFilterChainDecorator$VirtualFilterChain.doFilter(ObservationFilterChainDecorator.java:140)
	at org.springframework.security.web.authentication.www.BasicAuthenticationFilter.doFilterInternal(BasicAuthenticationFilter.java:198)
	at org.springframework.web.filter.OncePerRequestFilter.doFilter(OncePerRequestFilter.java:116)
	at org.springframework.security.web.ObservationFilterChainDecorator$ObservationFilter.wrapFilter(ObservationFilterChainDecorator.java:243)
	at org.springframework.security.web.ObservationFilterChainDecorator$ObservationFilter.doFilter(ObservationFilterChainDecorator.java:230)
	at org.springframework.security.web.ObservationFilterChainDecorator$VirtualFilterChain.doFilter(ObservationFilterChainDecorator.java:140)
	at org.springframework.security.web.authentication.logout.LogoutFilter.doFilter(LogoutFilter.java:110)
	at org.springframework.security.web.authentication.logout.LogoutFilter.doFilter(LogoutFilter.java:96)
	at org.springframework.security.web.ObservationFilterChainDecorator$ObservationFilter.wrapFilter(ObservationFilterChainDecorator.java:243)
	at org.springframework.security.web.ObservationFilterChainDecorator$ObservationFilter.doFilter(ObservationFilterChainDecorator.java:230)
	at org.springframework.security.web.ObservationFilterChainDecorator$VirtualFilterChain.doFilter(ObservationFilterChainDecorator.java:140)
	at org.springframework.security.web.header.HeaderWriterFilter.doHeadersAfter(HeaderWriterFilter.java:90)
	at org.springframework.security.web.header.HeaderWriterFilter.doFilterInternal(HeaderWriterFilter.java:75)
	at org.springframework.web.filter.OncePerRequestFilter.doFilter(OncePerRequestFilter.java:116)
	at org.springframework.security.web.ObservationFilterChainDecorator$ObservationFilter.wrapFilter(ObservationFilterChainDecorator.java:243)
	at org.springframework.security.web.ObservationFilterChainDecorator$ObservationFilter.doFilter(ObservationFilterChainDecorator.java:230)
	at org.springframework.security.web.ObservationFilterChainDecorator$VirtualFilterChain.doFilter(ObservationFilterChainDecorator.java:140)
	at org.springframework.security.web.context.SecurityContextHolderFilter.doFilter(SecurityContextHolderFilter.java:82)
	at org.springframework.security.web.context.SecurityContextHolderFilter.doFilter(SecurityContextHolderFilter.java:69)
	at org.springframework.security.web.ObservationFilterChainDecorator$ObservationFilter.wrapFilter(ObservationFilterChainDecorator.java:243)
	at org.springframework.security.web.ObservationFilterChainDecorator$ObservationFilter.doFilter(ObservationFilterChainDecorator.java:230)
	at org.springframework.security.web.ObservationFilterChainDecorator$VirtualFilterChain.doFilter(ObservationFilterChainDecorator.java:140)
	at org.springframework.security.web.context.request.async.WebAsyncManagerIntegrationFilter.doFilterInternal(WebAsyncManagerIntegrationFilter.java:62)
	at org.springframework.web.filter.OncePerRequestFilter.doFilter(OncePerRequestFilter.java:116)
	at org.springframework.security.web.ObservationFilterChainDecorator$ObservationFilter.wrapFilter(ObservationFilterChainDecorator.java:243)
	at org.springframework.security.web.ObservationFilterChainDecorator$ObservationFilter.doFilter(ObservationFilterChainDecorator.java:230)
	at org.springframework.security.web.ObservationFilterChainDecorator$VirtualFilterChain.doFilter(ObservationFilterChainDecorator.java:140)
	at org.springframework.security.web.session.DisableEncodeUrlFilter.doFilterInternal(DisableEncodeUrlFilter.java:42)
	at org.springframework.web.filter.OncePerRequestFilter.doFilter(OncePerRequestFilter.java:116)
	at org.springframework.security.web.ObservationFilterChainDecorator$ObservationFilter.wrapFilter(ObservationFilterChainDecorator.java:243)
	at org.springframework.security.web.ObservationFilterChainDecorator$AroundFilterObservation$SimpleAroundFilterObservation.lambda$wrap$0(ObservationFilterChainDecorator.java:336)
	at org.springframework.security.web.ObservationFilterChainDecorator$ObservationFilter.doFilter(ObservationFilterChainDecorator.java:227)
	at org.springframework.security.web.ObservationFilterChainDecorator$VirtualFilterChain.doFilter(ObservationFilterChainDecorator.java:140)
	at org.springframework.security.web.FilterChainProxy.doFilterInternal(FilterChainProxy.java:237)
	at org.springframework.security.web.FilterChainProxy.doFilter(FilterChainProxy.java:195)
	at org.springframework.web.filter.CompositeFilter$VirtualFilterChain.doFilter(CompositeFilter.java:113)
	at org.springframework.web.filter.ServletRequestPathFilter.doFilter(ServletRequestPathFilter.java:52)
	at org.springframework.web.filter.CompositeFilter$VirtualFilterChain.doFilter(CompositeFilter.java:113)
	at org.springframework.web.filter.CompositeFilter.doFilter(CompositeFilter.java:74)
	at org.springframework.security.config.annotation.web.configuration.WebSecurityConfiguration$CompositeFilterChainProxy.doFilter(WebSecurityConfiguration.java:317)
	at org.springframework.web.filter.DelegatingFilterProxy.invokeDelegate(DelegatingFilterProxy.java:355)
	at org.springframework.web.filter.DelegatingFilterProxy.doFilter(DelegatingFilterProxy.java:272)
	at org.springframework.test.web.servlet.setup.MockMvcFilterDecorator.doFilter(MockMvcFilterDecorator.java:160)
	at org.springframework.mock.web.MockFilterChain.doFilter(MockFilterChain.java:127)
	at org.springframework.web.filter.RequestContextFilter.doFilterInternal(RequestContextFilter.java:100)
	at org.springframework.web.filter.OncePerRequestFilter.doFilter(OncePerRequestFilter.java:116)
	at org.springframework.test.web.servlet.setup.MockMvcFilterDecorator.doFilter(MockMvcFilterDecorator.java:160)
	at org.springframework.mock.web.MockFilterChain.doFilter(MockFilterChain.java:127)
	at org.springframework.web.filter.FormContentFilter.doFilterInternal(FormContentFilter.java:93)
	at org.springframework.web.filter.OncePerRequestFilter.doFilter(OncePerRequestFilter.java:116)
	at org.springframework.test.web.servlet.setup.MockMvcFilterDecorator.doFilter(MockMvcFilterDecorator.java:160)
	at org.springframework.mock.web.MockFilterChain.doFilter(MockFilterChain.java:127)
	at org.springframework.web.filter.ServerHttpObservationFilter.doFilterInternal(ServerHttpObservationFilter.java:110)
	at org.springframework.web.filter.OncePerRequestFilter.doFilter(OncePerRequestFilter.java:116)
	at org.springframework.test.web.servlet.setup.MockMvcFilterDecorator.doFilter(MockMvcFilterDecorator.java:160)
	at org.springframework.mock.web.MockFilterChain.doFilter(MockFilterChain.java:127)
	at org.springframework.web.filter.CharacterEncodingFilter.doFilterInternal(CharacterEncodingFilter.java:199)
	at org.springframework.web.filter.OncePerRequestFilter.doFilter(OncePerRequestFilter.java:116)
	at org.springframework.test.web.servlet.setup.MockMvcFilterDecorator.doFilter(MockMvcFilterDecorator.java:160)
	at org.springframework.mock.web.MockFilterChain.doFilter(MockFilterChain.java:127)
	at org.springframework.test.web.servlet.MockMvc.perform(MockMvc.java:199)
	at org.springframework.samples.petclinic.acceptance.AcceptanceBase.createOwner(AcceptanceBase.java:156)
	at org.springframework.samples.petclinic.acceptance.Cp01Tests.coreRejectsWhenNoAddressAtAll(Cp01Tests.java:18)
	at java.base/jdk.internal.reflect.NativeMethodAccessorImpl.invoke0(Native Method)
	at java.base/jdk.internal.reflect.NativeMethodAccessorImpl.invoke(NativeMethodAccessorImpl.java:77)
	at java.base/jdk.internal.reflect.DelegatingMethodAccessorImpl.invoke(DelegatingMethodAccessorImpl.java:43)
	at java.base/java.lang.reflect.Method.invoke(Method.java:569)
	at org.junit.platform.commons.util.ReflectionUtils.invokeMethod(ReflectionUtils.java:701)
	at org.junit.platform.commons.support.ReflectionSupport.invokeMethod(ReflectionSupport.java:502)
	at org.junit.jupiter.engine.support.MethodReflectionUtils.invoke(MethodReflectionUtils.java:45)
	at org.junit.jupiter.engine.execution.MethodInvocation.proceed(MethodInvocation.java:61)
	at org.junit.jupiter.engine.execution.InvocationInterceptorChain$ValidatingInvocation.proceed(InvocationInterceptorChain.java:124)
	at org.junit.jupiter.engine.extension.TimeoutExtension.intercept(TimeoutExtension.java:163)
	at org.junit.jupiter.engine.extension.TimeoutExtension.interceptTestableMethod(TimeoutExtension.java:148)
	at org.junit.jupiter.engine.extension.TimeoutExtension.interceptTestMethod(TimeoutExtension.java:86)
	at org.junit.jupiter.engine.execution.InterceptingExecutableInvoker$ReflectiveInterceptorCall.lambda$ofVoidMethod$0(InterceptingExecutableInvoker.java:123)
	at org.junit.jupiter.engine.execution.InterceptingExecutableInvoker.lambda$invoke$0(InterceptingExecutableInvoker.java:105)
	at org.junit.jupiter.engine.execution.InvocationInterceptorChain$InterceptedInvocation.proceed(InvocationInterceptorChain.java:99)
	at org.junit.jupiter.engine.execution.InvocationInterceptorChain.proceed(InvocationInterceptorChain.java:66)
	at org.junit.jupiter.engine.execution.InvocationInterceptorChain.chainAndInvoke(InvocationInterceptorChain.java:47)
	at org.junit.jupiter.engine.execution.InvocationInterceptorChain.invoke(InvocationInterceptorChain.java:39)
	at org.junit.jupiter.engine.execution.InterceptingExecutableInvoker.invoke(InterceptingExecutableInvoker.java:104)
	at org.junit.jupiter.engine.execution.InterceptingExecutableInvoker.invoke(InterceptingExecutableInvoker.java:98)
	at org.junit.jupiter.engine.execution.InterceptingExecutableInvoker.invokeVoid(InterceptingExecutableInvoker.java:71)
	at org.junit.jupiter.engine.descriptor.TestMethodTestDescriptor.lambda$invokeTestMethod$0(TestMethodTestDescriptor.java:219)
	at org.junit.platform.engine.support.hierarchical.ThrowableCollector.execute(ThrowableCollector.java:74)
	at org.junit.jupiter.engine.descriptor.TestMethodTestDescriptor.invokeTestMethod(TestMethodTestDescriptor.java:215)
	at org.junit.jupiter.engine.descriptor.TestMethodTestDescriptor.execute(TestMethodTestDescriptor.java:157)
	at org.junit.jupiter.engine.descriptor.TestMethodTestDescriptor.execute(TestMethodTestDescriptor.java:70)
	at org.junit.platform.engine.support.hierarchical.NodeTestTask.lambda$executeRecursively$2(NodeTestTask.java:176)
	at org.junit.platform.engine.support.hierarchical.ThrowableCollector.execute(ThrowableCollector.java:74)
	at org.junit.platform.engine.support.hierarchical.NodeTestTask.lambda$executeRecursively$1(NodeTestTask.java:166)
	at org.junit.platform.engine.support.hierarchical.Node.around(Node.java:138)
	at org.junit.platform.engine.support.hierarchical.NodeTestTask.lambda$executeRecursively$0(NodeTestTask.java:164)
	at org.junit.platform.engine.support.hierarchical.ThrowableCollector.execute(ThrowableCollector.java:74)
	at org.junit.platform.engine.support.hierarchical.NodeTestTask.executeRecursively(NodeTestTask.java:163)
	at org.junit.platform.engine.support.hierarchical.NodeTestTask.execute(NodeTestTask.java:116)
	at java.base/java.util.ArrayList.forEach(ArrayList.java:1511)
	at org.junit.platform.engine.support.hierarchical.SameThreadHierarchicalTestExecutorService.invokeAll(SameThreadHierarchicalTestExecutorService.java:42)
	at org.junit.platform.engine.support.hierarchical.NodeTestTask.lambda$executeRecursively$2(NodeTestTask.java:180)
	at org.junit.platform.engine.support.hierarchical.ThrowableCollector.execute(ThrowableCollector.java:74)
	at org.junit.platform.engine.support.hierarchical.NodeTestTask.lambda$executeRecursively$1(NodeTestTask.java:166)
	at org.junit.platform.engine.support.hierarchical.Node.around(Node.java:138)
	at org.junit.platform.engine.support.hierarchical.NodeTestTask.lambda$executeRecursively$0(NodeTestTask.java:164)
	at org.junit.platform.engine.support.hierarchical.ThrowableCollector.execute(ThrowableCollector.java:74)
	at org.junit.platform.engine.support.hierarchical.NodeTestTask.executeRecursively(NodeTestTask.java:163)
	at org.junit.platform.engine.support.hierarchical.NodeTestTask.execute(NodeTestTask.java:116)
	at java.base/java.util.ArrayList.forEach(ArrayList.java:1511)
	at org.junit.platform.engine.support.hierarchical.SameThreadHierarchicalTestExecutorService.invokeAll(SameThreadHierarchicalTestExecutorService.java:42)
	at org.junit.platform.engine.support.hierarchical.NodeTestTask.lambda$executeRecursively$2(NodeTestTask.java:180)
	at org.junit.platform.engine.support.hierarchical.ThrowableCollector.execute(ThrowableCollector.java:74)
	at org.junit.platform.engine.support.hierarchical.NodeTestTask.lambda$executeRecursively$1(NodeTestTask.java:166)
	at org.junit.platform.engine.support.hierarchical.Node.around(Node.java:138)
	at org.junit.platform.engine.support.hierarchical.NodeTestTask.lambda$executeRecursively$0(NodeTestTask.java:164)
	at org.junit.platform.engine.support.hierarchical.ThrowableCollector.execute(ThrowableCollector.java:74)
	at org.junit.platform.engine.support.hierarchical.NodeTestTask.executeRecursively(NodeTestTask.java:163)
	at org.junit.platform.engine.support.hierarchical.NodeTestTask.execute(NodeTestTask.java:116)
	at org.junit.platform.engine.support.hierarchical.SameThreadHierarchicalTestExecutorService.submit(SameThreadHierarchicalTestExecutorService.java:36)
	at org.junit.platform.engine.support.hierarchical.HierarchicalTestExecutor.execute(HierarchicalTestExecutor.java:52)
	at org.junit.platform.engine.support.hierarchical.HierarchicalTestEngine.execute(HierarchicalTestEngine.java:58)
	at org.junit.platform.launcher.core.EngineExecutionOrchestrator.executeEngine(EngineExecutionOrchestrator.java:246)
	at org.junit.platform.launcher.core.EngineExecutionOrchestrator.failOrExecuteEngine(EngineExecutionOrchestrator.java:218)
	at org.junit.platform.launcher.core.EngineExecutionOrchestrator.execute(EngineExecutionOrchestrator.java:179)
	at org.junit.platform.launcher.core.EngineExecutionOrchestrator.execute(EngineExecutionOrchestrator.java:108)
	at org.junit.platform.launcher.core.EngineExecutionOrchestrator.lambda$execute$0(EngineExecutionOrchestrator.java:66)
	at org.junit.platform.launcher.core.EngineExecutionOrchestrator.withInterceptedStreams(EngineExecutionOrchestrator.java:157)
	at org.junit.platform.launcher.core.EngineExecutionOrchestrator.execute(EngineExecutionOrchestrator.java:65)
	at org.junit.platform.launcher.core.DefaultLauncher.execute(DefaultLauncher.java:125)
	at org.junit.platform.launcher.core.DefaultLauncher.execute(DefaultLauncher.java:114)
	at org.junit.platform.launcher.core.DelegatingLauncher.execute(DelegatingLauncher.java:58)
	at org.junit.platform.launcher.core.InterceptingLauncher.lambda$execute$2(InterceptingLauncher.java:57)
	at org.junit.platform.launcher.core.ClasspathAlignmentCheckingLauncherInterceptor.intercept(ClasspathAlignmentCheckingLauncherInterceptor.java:25)
	at org.junit.platform.launcher.core.InterceptingLauncher.execute(InterceptingLauncher.java:56)
	at org.junit.platform.launcher.core.DelegatingLauncher.execute(DelegatingLauncher.java:58)
	at java.base/jdk.internal.reflect.NativeMethodAccessorImpl.invoke0(Native Method)
	at java.base/jdk.internal.reflect.NativeMethodAccessorImpl.invoke(NativeMethodAccessorImpl.java:77)
	at java.base/jdk.internal.reflect.DelegatingMethodAccessorImpl.invoke(DelegatingMethodAccessorImpl.java:43)
	at java.base/java.lang.reflect.Method.invoke(Method.java:569)
	at org.apache.maven.surefire.api.util.ReflectionUtils.invokeMethodWithArray(ReflectionUtils.java:125)
	at org.apache.maven.surefire.junitplatform.LauncherAdapter.executeWithCancellationToken(LauncherAdapter.java:68)
	at org.apache.maven.surefire.junitplatform.LauncherAdapter.execute(LauncherAdapter.java:54)
	at org.apache.maven.surefire.junitplatform.JUnitPlatformProvider.execute(JUnitPlatformProvider.java:203)
	at org.apache.maven.surefire.junitplatform.JUnitPlatformProvider.invokeAllTests(JUnitPlatformProvider.java:168)
	at org.apache.maven.surefire.junitplatform.JUnitPlatformProvider.invoke(JUnitPlatformProvider.java:136)
	at org.apache.maven.surefire.booter.ForkedBooter.runSuitesInProcess(ForkedBooter.java:385)
	at org.apache.maven.surefire.booter.ForkedBooter.execute(ForkedBooter.java:162)
	at org.apache.maven.surefire.booter.ForkedBooter.run(ForkedBooter.java:507)
	at org.apache.maven.surefire.booter.ForkedBooter.main(ForkedBooter.java:495)

MockHttpServletRequest:
      HTTP Method = POST
      Request URI = /api/owners
       Parameters = {}
          Headers = [Content-Type:"application/json;charset=UTF-8", Content-Length:"100"]
             Body = {"firstName":"Test","lastName":"Suracr","city":"Town774","telephone":"0400000775","postcode":"2000"}
    Session Attrs = {SPRING_SECURITY_CONTEXT=SecurityContextImpl [Authentication=UsernamePasswordAuthenticationToken [Principal=org.springframework.security.core.userdetails.User [Username=acceptance-admin, Password=[PROTECTED], Enabled=true, AccountNonExpired=true, CredentialsNonExpired=true, AccountNonLocked=true, Granted Authorities=[ROLE_ADMIN, ROLE_OWNER_ADMIN, ROLE_VET_ADMIN]], Credentials=[PROTECTED], Authenticated=true, Details=null, Granted Authorities=[ROLE_ADMIN, ROLE_OWNER_ADMIN, ROLE_VET_ADMIN]]]}

Handler:
             Type = org.springframework.web.servlet.resource.ResourceHttpRequestHandler

Async:
    Async started = false
     Async result = null

Resolved Exception:
             Type = null

ModelAndView:
        View name = null
             View = null
            Model = null

FlashMap:
       Attributes = null

MockHttpServletResponse:
           Status = 500
    Error message = null
          Headers = [Content-Type:"application/problem+json", X-Content-Type-Options:"nosniff", X-XSS-Protection:"0", Cache-Control:"no-cache, no-store, max-age=0, must-revalidate", Pragma:"no-cache", Expires:"0", X-Frame-Options:"DENY"]
     Content type = application/problem+json
             Body = {"detail":"An unexpected error occurred while processing your request","instance":"/api/owners","status":500,"title":"ConstraintViolationException","type":"about:blank","timestamp":"2026-09-01T14:02:14.388575981Z","schemaValidationErrors":[]}
    Forwarded URL = null
   Redirected URL = null
          Cookies = []
[ERROR] Tests run: 2, Failures: 1, Errors: 0, Skipped: 0, Time elapsed: 0.053 s <<< FAILURE! -- in org.springframework.samples.petclinic.acceptance.Cp01Tests
[ERROR] org.springframework.samples.petclinic.acceptance.Cp01Tests.coreRejectsWhenNoAddressAtAll -- Time elapsed: 0.033 s <<< FAILURE!
java.lang.AssertionError: Status expected:<400> but was:<500>
	at org.springframework.test.util.AssertionErrors.fail(AssertionErrors.java:62)
	at org.springframework.test.util.AssertionErrors.assertEquals(AssertionErrors.java:129)
	at org.springframework.test.web.servlet.result.StatusResultMatchers.lambda$matcher$0(StatusResultMatchers.java:600)
	at org.springframework.test.web.servlet.MockMvc$1.andExpect(MockMvc.java:212)
	at org.springframework.samples.petclinic.acceptance.Cp01Tests.coreRejectsWhenNoAddressAtAll(Cp01Tests.java:18)

INFO  AnnotationConfigContextLoaderUtils - Could not detect default configuration classes for test class [org.springframework.samples.petclinic.acceptance.Cp26Tests]: Cp26Tests does not declare any static, non-private, non-final, nested classes annotated with @Configuration.
INFO  SpringBootTestContextBootstrapper - Found @SpringBootConfiguration org.springframework.samples.petclinic.PetClinicApplication for test class org.springframework.samples.petclinic.acceptance.Cp26Tests
INFO  AnnotationConfigContextLoaderUtils - Could not detect default configuration classes for test class [org.springframework.samples.petclinic.acceptance.Cp26Tests]: Cp26Tests does not declare any static, non-private, non-final, nested classes annotated with @Configuration.
INFO  AnnotationConfigContextLoaderUtils - Could not detect default configuration classes for test class [org.springframework.samples.petclinic.acceptance.AcceptanceBase]: AcceptanceBase does not declare any static, non-private, non-final, nested classes annotated with @Configuration.
INFO  SpringBootTestContextBootstrapper - Found @SpringBootConfiguration org.springframework.samples.petclinic.PetClinicApplication for test class org.springframework.samples.petclinic.acceptance.Cp26Tests
INFO  AnnotationConfigContextLoaderUtils - Could not detect default configuration classes for test class [org.springframework.samples.petclinic.acceptance.Cp46Tests]: Cp46Tests does not declare any static, non-private, non-final, nested classes annotated with @Configuration.
INFO  SpringBootTestContextBootstrapper - Found @SpringBootConfiguration org.springframework.samples.petclinic.PetClinicApplication for test class org.springframework.samples.petclinic.acceptance.Cp46Tests
INFO  AnnotationConfigContextLoaderUtils - Could not detect default configuration classes for test class [org.springframework.samples.petclinic.acceptance.Cp46Tests]: Cp46Tests does not declare any static, non-private, non-final, nested classes annotated with @Configuration.
INFO  AnnotationConfigContextLoaderUtils - Could not detect default configuration classes for test class [org.springframework.samples.petclinic.acceptance.AcceptanceBase]: AcceptanceBase does not declare any static, non-private, non-final, nested classes annotated with @Configuration.
INFO  SpringBootTestContextBootstrapper - Found @SpringBootConfiguration org.springframework.samples.petclinic.PetClinicApplication for test class org.springframework.samples.petclinic.acceptance.Cp46Tests
INFO  AUDIT - owner created id=192 customerCode=NSW-B432D741 registrationDate=2026-09-01 membershipLevel=1 membershipNumber=NSW-B432D741-M26
INFO  AUDIT - owner created id=193 customerCode=NSW-B432D741-2 registrationDate=2026-09-01 membershipLevel=1 membershipNumber=NSW-B432D741-2-M26
INFO  AUDIT - owner created id=194 customerCode=NSW-EAA23F17 registrationDate=2026-09-01 membershipLevel=1 membershipNumber=NSW-EAA23F17-M26
INFO  AnnotationConfigContextLoaderUtils - Could not detect default configuration classes for test class [org.springframework.samples.petclinic.acceptance.Cp27Tests]: Cp27Tests does not declare any static, non-private, non-final, nested classes annotated with @Configuration.
INFO  SpringBootTestContextBootstrapper - Found @SpringBootConfiguration org.springframework.samples.petclinic.PetClinicApplication for test class org.springframework.samples.petclinic.acceptance.Cp27Tests
INFO  AnnotationConfigContextLoaderUtils - Could not detect default configuration classes for test class [org.springframework.samples.petclinic.acceptance.Cp27Tests]: Cp27Tests does not declare any static, non-private, non-final, nested classes annotated with @Configuration.
INFO  AnnotationConfigContextLoaderUtils - Could not detect default configuration classes for test class [org.springframework.samples.petclinic.acceptance.AcceptanceBase]: AcceptanceBase does not declare any static, non-private, non-final, nested classes annotated with @Configuration.
INFO  SpringBootTestContextBootstrapper - Found @SpringBootConfiguration org.springframework.samples.petclinic.PetClinicApplication for test class org.springframework.samples.petclinic.acceptance.Cp27Tests
INFO  AUDIT - owner created id=195 customerCode=UNKNOWN-47203A74 registrationDate=2026-09-01 membershipLevel=2 membershipNumber=UNKNOWN-47203A74-M26
INFO  AUDIT - owner created id=196 customerCode=UNKNOWN-B7EF6264 registrationDate=2026-09-01 membershipLevel=1 membershipNumber=UNKNOWN-B7EF6264-M26
INFO  AnnotationConfigContextLoaderUtils - Could not detect default configuration classes for test class [org.springframework.samples.petclinic.acceptance.Cp22Tests]: Cp22Tests does not declare any static, non-private, non-final, nested classes annotated with @Configuration.
INFO  SpringBootTestContextBootstrapper - Found @SpringBootConfiguration org.springframework.samples.petclinic.PetClinicApplication for test class org.springframework.samples.petclinic.acceptance.Cp22Tests
INFO  AnnotationConfigContextLoaderUtils - Could not detect default configuration classes for test class [org.springframework.samples.petclinic.acceptance.Cp22Tests]: Cp22Tests does not declare any static, non-private, non-final, nested classes annotated with @Configuration.
INFO  AnnotationConfigContextLoaderUtils - Could not detect default configuration classes for test class [org.springframework.samples.petclinic.acceptance.AcceptanceBase]: AcceptanceBase does not declare any static, non-private, non-final, nested classes annotated with @Configuration.
INFO  SpringBootTestContextBootstrapper - Found @SpringBootConfiguration org.springframework.samples.petclinic.PetClinicApplication for test class org.springframework.samples.petclinic.acceptance.Cp22Tests
INFO  AUDIT - owner created id=197 customerCode=UNKNOWN-16D21E2C registrationDate=2026-09-01 membershipLevel=1 membershipNumber=UNKNOWN-16D21E2C-M26
INFO  AnnotationConfigContextLoaderUtils - Could not detect default configuration classes for test class [org.springframework.samples.petclinic.acceptance.Cp30Tests]: Cp30Tests does not declare any static, non-private, non-final, nested classes annotated with @Configuration.
INFO  SpringBootTestContextBootstrapper - Found @SpringBootConfiguration org.springframework.samples.petclinic.PetClinicApplication for test class org.springframework.samples.petclinic.acceptance.Cp30Tests
INFO  AnnotationConfigContextLoaderUtils - Could not detect default configuration classes for test class [org.springframework.samples.petclinic.acceptance.Cp30Tests]: Cp30Tests does not declare any static, non-private, non-final, nested classes annotated with @Configuration.
INFO  AnnotationConfigContextLoaderUtils - Could not detect default configuration classes for test class [org.springframework.samples.petclinic.acceptance.AcceptanceBase]: AcceptanceBase does not declare any static, non-private, non-final, nested classes annotated with @Configuration.
INFO  SpringBootTestContextBootstrapper - Found @SpringBootConfiguration org.springframework.samples.petclinic.PetClinicApplication for test class org.springframework.samples.petclinic.acceptance.Cp30Tests
INFO  AUDIT - owner created id=198 customerCode=NSW-2C66F4AC registrationDate=2026-09-01 membershipLevel=1 membershipNumber=NSW-2C66F4AC-M26
INFO  AnnotationConfigContextLoaderUtils - Could not detect default configuration classes for test class [org.springframework.samples.petclinic.acceptance.Cp24Tests]: Cp24Tests does not declare any static, non-private, non-final, nested classes annotated with @Configuration.
INFO  SpringBootTestContextBootstrapper - Found @SpringBootConfiguration org.springframework.samples.petclinic.PetClinicApplication for test class org.springframework.samples.petclinic.acceptance.Cp24Tests
INFO  AnnotationConfigContextLoaderUtils - Could not detect default configuration classes for test class [org.springframework.samples.petclinic.acceptance.Cp24Tests]: Cp24Tests does not declare any static, non-private, non-final, nested classes annotated with @Configuration.
INFO  AnnotationConfigContextLoaderUtils - Could not detect default configuration classes for test class [org.springframework.samples.petclinic.acceptance.AcceptanceBase]: AcceptanceBase does not declare any static, non-private, non-final, nested classes annotated with @Configuration.
INFO  SpringBootTestContextBootstrapper - Found @SpringBootConfiguration org.springframework.samples.petclinic.PetClinicApplication for test class org.springframework.samples.petclinic.acceptance.Cp24Tests
INFO  AUDIT - owner created id=199 customerCode=NSW-22E79146 registrationDate=2026-09-01 membershipLevel=2 membershipNumber=NSW-22E79146-M26
INFO  AnnotationConfigContextLoaderUtils - Could not detect default configuration classes for test class [org.springframework.samples.petclinic.acceptance.Cp42Tests]: Cp42Tests does not declare any static, non-private, non-final, nested classes annotated with @Configuration.
INFO  SpringBootTestContextBootstrapper - Found @SpringBootConfiguration org.springframework.samples.petclinic.PetClinicApplication for test class org.springframework.samples.petclinic.acceptance.Cp42Tests
INFO  AnnotationConfigContextLoaderUtils - Could not detect default configuration classes for test class [org.springframework.samples.petclinic.acceptance.Cp42Tests]: Cp42Tests does not declare any static, non-private, non-final, nested classes annotated with @Configuration.
INFO  AnnotationConfigContextLoaderUtils - Could not detect default configuration classes for test class [org.springframework.samples.petclinic.acceptance.AcceptanceBase]: AcceptanceBase does not declare any static, non-private, non-final, nested classes annotated with @Configuration.
INFO  SpringBootTestContextBootstrapper - Found @SpringBootConfiguration org.springframework.samples.petclinic.PetClinicApplication for test class org.springframework.samples.petclinic.acceptance.Cp42Tests
INFO  AUDIT - owner created id=200 customerCode=NSW-AB1F5975 registrationDate=2026-09-01 membershipLevel=1 membershipNumber=NSW-AB1F5975-M26
INFO  AnnotationConfigContextLoaderUtils - Could not detect default configuration classes for test class [org.springframework.samples.petclinic.acceptance.Cp41Tests]: Cp41Tests does not declare any static, non-private, non-final, nested classes annotated with @Configuration.
INFO  SpringBootTestContextBootstrapper - Found @SpringBootConfiguration org.springframework.samples.petclinic.PetClinicApplication for test class org.springframework.samples.petclinic.acceptance.Cp41Tests
INFO  AnnotationConfigContextLoaderUtils - Could not detect default configuration classes for test class [org.springframework.samples.petclinic.acceptance.Cp41Tests]: Cp41Tests does not declare any static, non-private, non-final, nested classes annotated with @Configuration.
INFO  AnnotationConfigContextLoaderUtils - Could not detect default configuration classes for test class [org.springframework.samples.petclinic.acceptance.AcceptanceBase]: AcceptanceBase does not declare any static, non-private, non-final, nested classes annotated with @Configuration.
INFO  SpringBootTestContextBootstrapper - Found @SpringBootConfiguration org.springframework.samples.petclinic.PetClinicApplication for test class org.springframework.samples.petclinic.acceptance.Cp41Tests
INFO  AUDIT - owner created id=201 customerCode=NSW-9A661A83 registrationDate=2026-09-01 membershipLevel=1 membershipNumber=NSW-9A661A83-M26
INFO  AUDIT - owner created id=202 customerCode=NSW-D73BCEC3 registrationDate=2026-09-01 membershipLevel=1 membershipNumber=NSW-D73BCEC3-M26
INFO  AnnotationConfigContextLoaderUtils - Could not detect default configuration classes for test class [org.springframework.samples.petclinic.acceptance.Cp32Tests]: Cp32Tests does not declare any static, non-private, non-final, nested classes annotated with @Configuration.
INFO  SpringBootTestContextBootstrapper - Found @SpringBootConfiguration org.springframework.samples.petclinic.PetClinicApplication for test class org.springframework.samples.petclinic.acceptance.Cp32Tests
INFO  AnnotationConfigContextLoaderUtils - Could not detect default configuration classes for test class [org.springframework.samples.petclinic.acceptance.Cp32Tests]: Cp32Tests does not declare any static, non-private, non-final, nested classes annotated with @Configuration.
INFO  AnnotationConfigContextLoaderUtils - Could not detect default configuration classes for test class [org.springframework.samples.petclinic.acceptance.AcceptanceBase]: AcceptanceBase does not declare any static, non-private, non-final, nested classes annotated with @Configuration.
INFO  SpringBootTestContextBootstrapper - Found @SpringBootConfiguration org.springframework.samples.petclinic.PetClinicApplication for test class org.springframework.samples.petclinic.acceptance.Cp32Tests
INFO  AUDIT - owner created id=203 customerCode=NSW-26199C46 registrationDate=2026-09-01 membershipLevel=1 membershipNumber=NSW-26199C46-M26
INFO  AnnotationConfigContextLoaderUtils - Could not detect default configuration classes for test class [org.springframework.samples.petclinic.acceptance.Cp38Tests]: Cp38Tests does not declare any static, non-private, non-final, nested classes annotated with @Configuration.
INFO  SpringBootTestContextBootstrapper - Found @SpringBootConfiguration org.springframework.samples.petclinic.PetClinicApplication for test class org.springframework.samples.petclinic.acceptance.Cp38Tests
INFO  AnnotationConfigContextLoaderUtils - Could not detect default configuration classes for test class [org.springframework.samples.petclinic.acceptance.Cp38Tests]: Cp38Tests does not declare any static, non-private, non-final, nested classes annotated with @Configuration.
INFO  AnnotationConfigContextLoaderUtils - Could not detect default configuration classes for test class [org.springframework.samples.petclinic.acceptance.AcceptanceBase]: AcceptanceBase does not declare any static, non-private, non-final, nested classes annotated with @Configuration.
INFO  SpringBootTestContextBootstrapper - Found @SpringBootConfiguration org.springframework.samples.petclinic.PetClinicApplication for test class org.springframework.samples.petclinic.acceptance.Cp38Tests
INFO  AnnotationConfigContextLoaderUtils - Could not detect default configuration classes for test class [org.springframework.samples.petclinic.acceptance.Cp02Tests]: Cp02Tests does not declare any static, non-private, non-final, nested classes annotated with @Configuration.
INFO  SpringBootTestContextBootstrapper - Found @SpringBootConfiguration org.springframework.samples.petclinic.PetClinicApplication for test class org.springframework.samples.petclinic.acceptance.Cp02Tests
INFO  AnnotationConfigContextLoaderUtils - Could not detect default configuration classes for test class [org.springframework.samples.petclinic.acceptance.Cp02Tests]: Cp02Tests does not declare any static, non-private, non-final, nested classes annotated with @Configuration.
INFO  AnnotationConfigContextLoaderUtils - Could not detect default configuration classes for test class [org.springframework.samples.petclinic.acceptance.AcceptanceBase]: AcceptanceBase does not declare any static, non-private, non-final, nested classes annotated with @Configuration.
INFO  SpringBootTestContextBootstrapper - Found @SpringBootConfiguration org.springframework.samples.petclinic.PetClinicApplication for test class org.springframework.samples.petclinic.acceptance.Cp02Tests
INFO  AUDIT - owner created id=204 customerCode=UNKNOWN-2C118378 registrationDate=2026-09-01 membershipLevel=1 membershipNumber=UNKNOWN-2C118378-M26
INFO  AnnotationConfigContextLoaderUtils - Could not detect default configuration classes for test class [org.springframework.samples.petclinic.acceptance.Cp45Tests]: Cp45Tests does not declare any static, non-private, non-final, nested classes annotated with @Configuration.
INFO  SpringBootTestContextBootstrapper - Found @SpringBootConfiguration org.springframework.samples.petclinic.PetClinicApplication for test class org.springframework.samples.petclinic.acceptance.Cp45Tests
INFO  AnnotationConfigContextLoaderUtils - Could not detect default configuration classes for test class [org.springframework.samples.petclinic.acceptance.Cp45Tests]: Cp45Tests does not declare any static, non-private, non-final, nested classes annotated with @Configuration.
INFO  AnnotationConfigContextLoaderUtils - Could not detect default configuration classes for test class [org.springframework.samples.petclinic.acceptance.AcceptanceBase]: AcceptanceBase does not declare any static, non-private, non-final, nested classes annotated with @Configuration.
INFO  SpringBootTestContextBootstrapper - Found @SpringBootConfiguration org.springframework.samples.petclinic.PetClinicApplication for test class org.springframework.samples.petclinic.acceptance.Cp45Tests
INFO  AUDIT - owner created id=205 customerCode=NSW-B3A84846 registrationDate=2026-09-01 membershipLevel=1 membershipNumber=NSW-B3A84846-M26
INFO  AnnotationConfigContextLoaderUtils - Could not detect default configuration classes for test class [org.springframework.samples.petclinic.acceptance.Cp14Tests]: Cp14Tests does not declare any static, non-private, non-final, nested classes annotated with @Configuration.
INFO  SpringBootTestContextBootstrapper - Found @SpringBootConfiguration org.springframework.samples.petclinic.PetClinicApplication for test class org.springframework.samples.petclinic.acceptance.Cp14Tests
INFO  AnnotationConfigContextLoaderUtils - Could not detect default configuration classes for test class [org.springframework.samples.petclinic.acceptance.Cp14Tests]: Cp14Tests does not declare any static, non-private, non-final, nested classes annotated with @Configuration.
INFO  AnnotationConfigContextLoaderUtils - Could not detect default configuration classes for test class [org.springframework.samples.petclinic.acceptance.AcceptanceBase]: AcceptanceBase does not declare any static, non-private, non-final, nested classes annotated with @Configuration.
INFO  SpringBootTestContextBootstrapper - Found @SpringBootConfiguration org.springframework.samples.petclinic.PetClinicApplication for test class org.springframework.samples.petclinic.acceptance.Cp14Tests
INFO  AUDIT - owner created id=206 customerCode=NSW-49ECA743 registrationDate=2026-09-01 membershipLevel=1 membershipNumber=NSW-49ECA743-M26
INFO  AnnotationConfigContextLoaderUtils - Could not detect default configuration classes for test class [org.springframework.samples.petclinic.acceptance.Cp44Tests]: Cp44Tests does not declare any static, non-private, non-final, nested classes annotated with @Configuration.
INFO  SpringBootTestContextBootstrapper - Found @SpringBootConfiguration org.springframework.samples.petclinic.PetClinicApplication for test class org.springframework.samples.petclinic.acceptance.Cp44Tests
INFO  AnnotationConfigContextLoaderUtils - Could not detect default configuration classes for test class [org.springframework.samples.petclinic.acceptance.Cp44Tests]: Cp44Tests does not declare any static, non-private, non-final, nested classes annotated with @Configuration.
INFO  AnnotationConfigContextLoaderUtils - Could not detect default configuration classes for test class [org.springframework.samples.petclinic.acceptance.AcceptanceBase]: AcceptanceBase does not declare any static, non-private, non-final, nested classes annotated with @Configuration.
INFO  SpringBootTestContextBootstrapper - Found @SpringBootConfiguration org.springframework.samples.petclinic.PetClinicApplication for test class org.springframework.samples.petclinic.acceptance.Cp44Tests
INFO  AUDIT - owner created id=207 customerCode=NSW-7BA12DB7 registrationDate=2026-09-01 membershipLevel=1 membershipNumber=NSW-7BA12DB7-M26
INFO  AUDIT - owner created id=208 customerCode=UNKNOWN-C8AB1AAE registrationDate=2026-09-01 membershipLevel=1 membershipNumber=UNKNOWN-C8AB1AAE-M26
INFO  AnnotationConfigContextLoaderUtils - Could not detect default configuration classes for test class [org.springframework.samples.petclinic.acceptance.Cp12Tests]: Cp12Tests does not declare any static, non-private, non-final, nested classes annotated with @Configuration.
INFO  SpringBootTestContextBootstrapper - Found @SpringBootConfiguration org.springframework.samples.petclinic.PetClinicApplication for test class org.springframework.samples.petclinic.acceptance.Cp12Tests
INFO  AnnotationConfigContextLoaderUtils - Could not detect default configuration classes for test class [org.springframework.samples.petclinic.acceptance.Cp12Tests]: Cp12Tests does not declare any static, non-private, non-final, nested classes annotated with @Configuration.
INFO  AnnotationConfigContextLoaderUtils - Could not detect default configuration classes for test class [org.springframework.samples.petclinic.acceptance.AcceptanceBase]: AcceptanceBase does not declare any static, non-private, non-final, nested classes annotated with @Configuration.
INFO  SpringBootTestContextBootstrapper - Found @SpringBootConfiguration org.springframework.samples.petclinic.PetClinicApplication for test class org.springframework.samples.petclinic.acceptance.Cp12Tests
INFO  AUDIT - owner created id=209 customerCode=NSW-98F3460B registrationDate=2026-09-01 membershipLevel=1 membershipNumber=NSW-98F3460B-M26
INFO  AnnotationConfigContextLoaderUtils - Could not detect default configuration classes for test class [org.springframework.samples.petclinic.acceptance.Cp39Tests]: Cp39Tests does not declare any static, non-private, non-final, nested classes annotated with @Configuration.
INFO  SpringBootTestContextBootstrapper - Found @SpringBootConfiguration org.springframework.samples.petclinic.PetClinicApplication for test class org.springframework.samples.petclinic.acceptance.Cp39Tests
INFO  AnnotationConfigContextLoaderUtils - Could not detect default configuration classes for test class [org.springframework.samples.petclinic.acceptance.Cp39Tests]: Cp39Tests does not declare any static, non-private, non-final, nested classes annotated with @Configuration.
INFO  AnnotationConfigContextLoaderUtils - Could not detect default configuration classes for test class [org.springframework.samples.petclinic.acceptance.AcceptanceBase]: AcceptanceBase does not declare any static, non-private, non-final, nested classes annotated with @Configuration.
INFO  SpringBootTestContextBootstrapper - Found @SpringBootConfiguration org.springframework.samples.petclinic.PetClinicApplication for test class org.springframework.samples.petclinic.acceptance.Cp39Tests
INFO  AUDIT - owner created id=210 customerCode=NSW-FD480D91 registrationDate=2026-09-01 membershipLevel=1 membershipNumber=NSW-FD480D91-M26
INFO  AUDIT - owner created id=211 customerCode=NSW-B88826C5 registrationDate=2026-09-01 membershipLevel=1 membershipNumber=NSW-B88826C5-M26
INFO  AUDIT - owner created id=212 customerCode=NSW-7A3CCA36 registrationDate=2026-09-01 membershipLevel=2 membershipNumber=NSW-7A3CCA36-M26

MockHttpServletRequest:
      HTTP Method = POST
      Request URI = /api/owners
       Parameters = {}
          Headers = [Content-Type:"application/json;charset=UTF-8", Content-Length:"152"]
             Body = {"firstName":"Fnagq","lastName":"Suragl","address":"872 Test Street","city":"Town873","telephone":"0400000874","postcode":"2000","sharesHousehold":true}
    Session Attrs = {SPRING_SECURITY_CONTEXT=SecurityContextImpl [Authentication=UsernamePasswordAuthenticationToken [Principal=org.springframework.security.core.userdetails.User [Username=acceptance-admin, Password=[PROTECTED], Enabled=true, AccountNonExpired=true, CredentialsNonExpired=true, AccountNonLocked=true, Granted Authorities=[ROLE_ADMIN, ROLE_OWNER_ADMIN, ROLE_VET_ADMIN]], Credentials=[PROTECTED], Authenticated=true, Details=null, Granted Authorities=[ROLE_ADMIN, ROLE_OWNER_ADMIN, ROLE_VET_ADMIN]]]}

Handler:
             Type = org.springframework.web.servlet.resource.ResourceHttpRequestHandler

Async:
    Async started = false
     Async result = null

Resolved Exception:
             Type = null

ModelAndView:
        View name = null
             View = null
            Model = null

FlashMap:
       Attributes = null

MockHttpServletResponse:
           Status = 201
    Error message = null
          Headers = [Location:"/api/owners/210", Content-Type:"application/json", X-Content-Type-Options:"nosniff", X-XSS-Protection:"0", Cache-Control:"no-cache, no-store, max-age=0, must-revalidate", Pragma:"no-cache", Expires:"0", X-Frame-Options:"DENY"]
     Content type = application/json
             Body = {"firstName":"Fnagq","lastName":"Suragl","city":"Town873","telephone":"+61400000874","pets":[],"address":"872 TEST STREET","addressLine1":null,"addressLine2":null,"ageBand":null,"birthDate":null,"bulkSignupWarning":false,"checkDigit":3,"contactPreference":"PHONE","customerCode":"NSW-FD480D91","deleted":false,"displayName":"Suragl, Fnagq","email":null,"householdId":"fff76129d6a3","id":210,"identityKey":"+61400000874||fff76129d6a3","initials":"F.S.","locality":"NSW","membershipLevel":1,"membershipNumber":"NSW-FD480D91-M26","membershipPoints":1,"namesakeCount":0,"possibleDuplicate":false,"possibleDuplicateOf":null,"postcode":"2000","registrationDate":"2026-09-01","salutation":"Suragl","sharesHousehold":null,"telephoneDisplay":"+61 400 000 874","timezone":"Australia/Sydney","title":null}
    Forwarded URL = null
   Redirected URL = /api/owners/210
          Cookies = []

MockHttpServletRequest:
      HTTP Method = POST
      Request URI = /api/owners
       Parameters = {}
          Headers = [Content-Type:"application/json;charset=UTF-8", Content-Length:"152"]
             Body = {"firstName":"Fnagv","lastName":"Suragl","address":"877 Test Street","city":"Town878","telephone":"0400000879","postcode":"2000","sharesHousehold":true}
    Session Attrs = {SPRING_SECURITY_CONTEXT=SecurityContextImpl [Authentication=UsernamePasswordAuthenticationToken [Principal=org.springframework.security.core.userdetails.User [Username=acceptance-admin, Password=[PROTECTED], Enabled=true, AccountNonExpired=true, CredentialsNonExpired=true, AccountNonLocked=true, Granted Authorities=[ROLE_ADMIN, ROLE_OWNER_ADMIN, ROLE_VET_ADMIN]], Credentials=[PROTECTED], Authenticated=true, Details=null, Granted Authorities=[ROLE_ADMIN, ROLE_OWNER_ADMIN, ROLE_VET_ADMIN]]]}

Handler:
             Type = org.springframework.web.servlet.resource.ResourceHttpRequestHandler

Async:
    Async started = false
     Async result = null

Resolved Exception:
             Type = null

ModelAndView:
        View name = null
             View = null
            Model = null

FlashMap:
       Attributes = null

MockHttpServletResponse:
           Status = 201
    Error message = null
          Headers = [Location:"/api/owners/211", Content-Type:"application/json", X-Content-Type-Options:"nosniff", X-XSS-Protection:"0", Cache-Control:"no-cache, no-store, max-age=0, must-revalidate", Pragma:"no-cache", Expires:"0", X-Frame-Options:"DENY"]
     Content type = application/json
             Body = {"firstName":"Fnagv","lastName":"Suragl","city":"Town878","telephone":"+61400000879","pets":[],"address":"877 TEST STREET","addressLine1":null,"addressLine2":null,"ageBand":null,"birthDate":null,"bulkSignupWarning":false,"checkDigit":6,"contactPreference":"PHONE","customerCode":"NSW-B88826C5","deleted":false,"displayName":"Suragl, Fnagv","email":null,"householdId":"fff76129d6a3","id":211,"identityKey":"+61400000879||fff76129d6a3","initials":"F.S.","locality":"NSW","membershipLevel":1,"membershipNumber":"NSW-B88826C5-M26","membershipPoints":1,"namesakeCount":0,"possibleDuplicate":false,"possibleDuplicateOf":null,"postcode":"2000","registrationDate":"2026-09-01","salutation":"Suragl","sharesHousehold":null,"telephoneDisplay":"+61 400 000 879","timezone":"Australia/Sydney","title":null}
    Forwarded URL = null
   Redirected URL = /api/owners/211
          Cookies = []

MockHttpServletRequest:
      HTTP Method = POST
      Request URI = /api/owners
       Parameters = {}
          Headers = [Content-Type:"application/json;charset=UTF-8", Content-Length:"184"]
             Body = {"firstName":"Fnaha","lastName":"Suragl","address":"882 Test Street","city":"Town883","telephone":"0400000884","postcode":"2000","sharesHousehold":true,"email":"owner886@example.test"}
    Session Attrs = {SPRING_SECURITY_CONTEXT=SecurityContextImpl [Authentication=UsernamePasswordAuthenticationToken [Principal=org.springframework.security.core.userdetails.User [Username=acceptance-admin, Password=[PROTECTED], Enabled=true, AccountNonExpired=true, CredentialsNonExpired=true, AccountNonLocked=true, Granted Authorities=[ROLE_ADMIN, ROLE_OWNER_ADMIN, ROLE_VET_ADMIN]], Credentials=[PROTECTED], Authenticated=true, Details=null, Granted Authorities=[ROLE_ADMIN, ROLE_OWNER_ADMIN, ROLE_VET_ADMIN]]]}

Handler:
             Type = org.springframework.web.servlet.resource.ResourceHttpRequestHandler

Async:
    Async started = false
     Async result = null

Resolved Exception:
             Type = null

ModelAndView:
        View name = null
             View = null
            Model = null

FlashMap:
       Attributes = null

MockHttpServletResponse:
           Status = 201
    Error message = null
          Headers = [Location:"/api/owners/212", Content-Type:"application/json", X-Content-Type-Options:"nosniff", X-XSS-Protection:"0", Cache-Control:"no-cache, no-store, max-age=0, must-revalidate", Pragma:"no-cache", Expires:"0", X-Frame-Options:"DENY"]
     Content type = application/json
             Body = {"firstName":"Fnaha","lastName":"Suragl","city":"Town883","telephone":"+61400000884","pets":[],"address":"882 TEST STREET","addressLine1":null,"addressLine2":null,"ageBand":null,"birthDate":null,"bulkSignupWarning":false,"checkDigit":1,"contactPreference":"EMAIL","customerCode":"NSW-7A3CCA36","deleted":false,"displayName":"Suragl, Fnaha","email":"owner886@example.test","householdId":"fff76129d6a3","id":212,"identityKey":"+61400000884|owner886@example.test|fff76129d6a3","initials":"F.S.","locality":"NSW","membershipLevel":2,"membershipNumber":"NSW-7A3CCA36-M26","membershipPoints":3,"namesakeCount":0,"possibleDuplicate":false,"possibleDuplicateOf":null,"postcode":"2000","registrationDate":"2026-09-01","salutation":"Suragl","sharesHousehold":null,"telephoneDisplay":"+61 400 000 884","timezone":"Australia/Sydney","title":null}
    Forwarded URL = null
   Redirected URL = /api/owners/212
          Cookies = []

MockHttpServletRequest:
      HTTP Method = GET
      Request URI = /api/owners/212
       Parameters = {}
          Headers = []
             Body = null
    Session Attrs = {SPRING_SECURITY_CONTEXT=SecurityContextImpl [Authentication=UsernamePasswordAuthenticationToken [Principal=org.springframework.security.core.userdetails.User [Username=acceptance-admin, Password=[PROTECTED], Enabled=true, AccountNonExpired=true, CredentialsNonExpired=true, AccountNonLocked=true, Granted Authorities=[ROLE_ADMIN, ROLE_OWNER_ADMIN, ROLE_VET_ADMIN]], Credentials=[PROTECTED], Authenticated=true, Details=null, Granted Authorities=[ROLE_ADMIN, ROLE_OWNER_ADMIN, ROLE_VET_ADMIN]]]}

Handler:
             Type = org.springframework.web.servlet.resource.ResourceHttpRequestHandler

Async:
    Async started = false
     Async result = null

Resolved Exception:
             Type = null

ModelAndView:
        View name = null
             View = null
            Model = null

FlashMap:
       Attributes = null

MockHttpServletResponse:
           Status = 200
    Error message = null
          Headers = [Content-Type:"application/json", X-Content-Type-Options:"nosniff", X-XSS-Protection:"0", Cache-Control:"no-cache, no-store, max-age=0, must-revalidate", Pragma:"no-cache", Expires:"0", X-Frame-Options:"DENY"]
     Content type = application/json
             Body = {"firstName":"Fnaha","lastName":"Suragl","city":"Town883","telephone":"+61400000884","pets":[],"address":"882 TEST STREET","addressLine1":null,"addressLine2":null,"ageBand":null,"birthDate":null,"bulkSignupWarning":false,"checkDigit":1,"contactPreference":"EMAIL","customerCode":"NSW-7A3CCA36","deleted":false,"displayName":"Suragl, Fnaha","email":"owner886@example.test","householdId":"fff76129d6a3","id":212,"identityKey":"+61400000884|owner886@example.test|fff76129d6a3","initials":"F.S.","locality":"NSW","membershipLevel":2,"membershipNumber":"NSW-7A3CCA36-M26","membershipPoints":3,"namesakeCount":0,"possibleDuplicate":false,"possibleDuplicateOf":null,"postcode":"2000","registrationDate":"2026-09-01","salutation":"Suragl","sharesHousehold":null,"telephoneDisplay":"+61 400 000 884","timezone":"Australia/Sydney","title":null}
    Forwarded URL = null
   Redirected URL = null
          Cookies = []
[ERROR] Tests run: 1, Failures: 1, Errors: 0, Skipped: 0, Time elapsed: 0.047 s <<< FAILURE! -- in org.springframework.samples.petclinic.acceptance.Cp39Tests
[ERROR] org.springframework.samples.petclinic.acceptance.Cp39Tests.coreNewOwnerCappedBelowFour -- Time elapsed: 0.042 s <<< FAILURE!
java.lang.AssertionError: JSON path "$.membershipLevel" expected:<3> but was:<2>
	at org.springframework.test.util.AssertionErrors.fail(AssertionErrors.java:62)
	at org.springframework.test.util.AssertionErrors.assertEquals(AssertionErrors.java:129)
	at org.springframework.test.util.JsonPathExpectationsHelper.assertValue(JsonPathExpectationsHelper.java:172)
	at org.springframework.test.web.servlet.result.JsonPathResultMatchers.lambda$value$2(JsonPathResultMatchers.java:111)
	at org.springframework.test.web.servlet.MockMvc$1.andExpect(MockMvc.java:212)
	at org.springframework.samples.petclinic.acceptance.Cp39Tests.coreNewOwnerCappedBelowFour(Cp39Tests.java:28)

INFO  AnnotationConfigContextLoaderUtils - Could not detect default configuration classes for test class [org.springframework.samples.petclinic.acceptance.Cp34Tests]: Cp34Tests does not declare any static, non-private, non-final, nested classes annotated with @Configuration.
INFO  SpringBootTestContextBootstrapper - Found @SpringBootConfiguration org.springframework.samples.petclinic.PetClinicApplication for test class org.springframework.samples.petclinic.acceptance.Cp34Tests
INFO  AnnotationConfigContextLoaderUtils - Could not detect default configuration classes for test class [org.springframework.samples.petclinic.acceptance.Cp34Tests]: Cp34Tests does not declare any static, non-private, non-final, nested classes annotated with @Configuration.
INFO  AnnotationConfigContextLoaderUtils - Could not detect default configuration classes for test class [org.springframework.samples.petclinic.acceptance.AcceptanceBase]: AcceptanceBase does not declare any static, non-private, non-final, nested classes annotated with @Configuration.
INFO  SpringBootTestContextBootstrapper - Found @SpringBootConfiguration org.springframework.samples.petclinic.PetClinicApplication for test class org.springframework.samples.petclinic.acceptance.Cp34Tests
INFO  AUDIT - owner created id=213 customerCode=UNKNOWN-768623B9 registrationDate=2026-09-01 membershipLevel=1 membershipNumber=UNKNOWN-768623B9-M26
INFO  AnnotationConfigContextLoaderUtils - Could not detect default configuration classes for test class [org.springframework.samples.petclinic.acceptance.Cp04Tests]: Cp04Tests does not declare any static, non-private, non-final, nested classes annotated with @Configuration.
INFO  SpringBootTestContextBootstrapper - Found @SpringBootConfiguration org.springframework.samples.petclinic.PetClinicApplication for test class org.springframework.samples.petclinic.acceptance.Cp04Tests
INFO  AnnotationConfigContextLoaderUtils - Could not detect default configuration classes for test class [org.springframework.samples.petclinic.acceptance.Cp04Tests]: Cp04Tests does not declare any static, non-private, non-final, nested classes annotated with @Configuration.
INFO  AnnotationConfigContextLoaderUtils - Could not detect default configuration classes for test class [org.springframework.samples.petclinic.acceptance.AcceptanceBase]: AcceptanceBase does not declare any static, non-private, non-final, nested classes annotated with @Configuration.
INFO  SpringBootTestContextBootstrapper - Found @SpringBootConfiguration org.springframework.samples.petclinic.PetClinicApplication for test class org.springframework.samples.petclinic.acceptance.Cp04Tests
INFO  AUDIT - owner created id=214 customerCode=UNKNOWN-D50A98FF registrationDate=2026-09-01 membershipLevel=1 membershipNumber=UNKNOWN-D50A98FF-M26
INFO  AUDIT - owner created id=215 customerCode=UNKNOWN-C92BCB00 registrationDate=2026-09-01 membershipLevel=2 membershipNumber=UNKNOWN-C92BCB00-M26
INFO  AnnotationConfigContextLoaderUtils - Could not detect default configuration classes for test class [org.springframework.samples.petclinic.acceptance.Cp16Tests]: Cp16Tests does not declare any static, non-private, non-final, nested classes annotated with @Configuration.
INFO  SpringBootTestContextBootstrapper - Found @SpringBootConfiguration org.springframework.samples.petclinic.PetClinicApplication for test class org.springframework.samples.petclinic.acceptance.Cp16Tests
INFO  AnnotationConfigContextLoaderUtils - Could not detect default configuration classes for test class [org.springframework.samples.petclinic.acceptance.Cp16Tests]: Cp16Tests does not declare any static, non-private, non-final, nested classes annotated with @Configuration.
INFO  AnnotationConfigContextLoaderUtils - Could not detect default configuration classes for test class [org.springframework.samples.petclinic.acceptance.AcceptanceBase]: AcceptanceBase does not declare any static, non-private, non-final, nested classes annotated with @Configuration.
INFO  SpringBootTestContextBootstrapper - Found @SpringBootConfiguration org.springframework.samples.petclinic.PetClinicApplication for test class org.springframework.samples.petclinic.acceptance.Cp16Tests
INFO  AUDIT - owner created id=216 customerCode=NSW-E2746CB6 registrationDate=2026-09-01 membershipLevel=1 membershipNumber=NSW-E2746CB6-M26
INFO  AnnotationConfigContextLoaderUtils - Could not detect default configuration classes for test class [org.springframework.samples.petclinic.acceptance.Cp43Tests]: Cp43Tests does not declare any static, non-private, non-final, nested classes annotated with @Configuration.
INFO  SpringBootTestContextBootstrapper - Found @SpringBootConfiguration org.springframework.samples.petclinic.PetClinicApplication for test class org.springframework.samples.petclinic.acceptance.Cp43Tests
INFO  AnnotationConfigContextLoaderUtils - Could not detect default configuration classes for test class [org.springframework.samples.petclinic.acceptance.Cp43Tests]: Cp43Tests does not declare any static, non-private, non-final, nested classes annotated with @Configuration.
INFO  AnnotationConfigContextLoaderUtils - Could not detect default configuration classes for test class [org.springframework.samples.petclinic.acceptance.AcceptanceBase]: AcceptanceBase does not declare any static, non-private, non-final, nested classes annotated with @Configuration.
INFO  SpringBootTestContextBootstrapper - Found @SpringBootConfiguration org.springframework.samples.petclinic.PetClinicApplication for test class org.springframework.samples.petclinic.acceptance.Cp43Tests
INFO  AUDIT - owner created id=217 customerCode=NSW-2297A7D5 registrationDate=2026-09-01 membershipLevel=2 membershipNumber=NSW-2297A7D5-M26
[ERROR] Failures: 
[ERROR]   Cp01Tests.coreRejectsWhenNoAddressAtAll:18 Status expected:<400> but was:<500>
[ERROR]   Cp23Tests.coreHouseholdAddsPoints:28 JSON path "$.membershipPoints" expected:<5> but was:<3>
[ERROR]   Cp39Tests.coreNewOwnerCappedBelowFour:28 JSON path "$.membershipLevel" expected:<3> but was:<2>
[ERROR] Tests run: 58, Failures: 3, Errors: 0, Skipped: 0
[ERROR] Failed to execute goal org.apache.maven.plugins:maven-surefire-plugin:3.5.6:test (default-test) on project spring-petclinic-rest: There are test failures.
[ERROR] 
[ERROR] See /home/daniel/sandbox/target/surefire-reports for the individual test results.
[ERROR] See dump files (if any exist) [date].dump, [date]-jvmRun[N].dump and [date].dumpstream.
[ERROR] -> [Help 1]
[ERROR] 
[ERROR] To see the full stack trace of the errors, re-run Maven with the -e switch.
[ERROR] Re-run Maven using the -X switch to enable full debug logging.
[ERROR] 
[ERROR] For more information about the errors and possible solutions, please read the following articles:
[ERROR] [Help 1] http://cwiki.apache.org/confluence/display/MAVEN/MojoFailureException
OpenJDK 64-Bit Server VM warning: Sharing is only supported for boot loader classes because bootstrap classpath has been appended
