$ ./mvnw -q -B -DskipTests test-compile
############################################################################################
# Thanks for using OpenAPI Generator.                                                      #
# We appreciate your support! Please consider donation to help us maintain this project.   #
# https://opencollective.com/openapi_generator/donate                                      #
############################################################################################

$ ./mvnw -q -B -Dgroups=cp01,cp02,cp03,cp04,cp05,cp06,cp07,cp08,cp09,cp10,cp11,cp12,cp13,cp14,cp15,cp16,cp17,cp18,cp19,cp20,cp21,cp22,cp23,cp24,cp25,cp26,cp27,cp28,cp29,cp30,cp31,cp32,cp33,cp34,cp35,cp36,cp37,cp38,cp39,cp40,cp41,cp42,cp43,cp44,cp45,cp46,cp47 test
############################################################################################
# Thanks for using OpenAPI Generator.                                                      #
# We appreciate your support! Please consider donation to help us maintain this project.   #
# https://opencollective.com/openapi_generator/donate                                      #
############################################################################################
INFO  AnnotationConfigContextLoaderUtils - Could not detect default configuration classes for test class [org.springframework.samples.petclinic.acceptance.Cp12Tests]: Cp12Tests does not declare any static, non-private, non-final, nested classes annotated with @Configuration.
INFO  SpringBootTestContextBootstrapper - Found @SpringBootConfiguration org.springframework.samples.petclinic.PetClinicApplication for test class org.springframework.samples.petclinic.acceptance.Cp12Tests
INFO  AnnotationConfigContextLoaderUtils - Could not detect default configuration classes for test class [org.springframework.samples.petclinic.acceptance.Cp12Tests]: Cp12Tests does not declare any static, non-private, non-final, nested classes annotated with @Configuration.
INFO  AnnotationConfigContextLoaderUtils - Could not detect default configuration classes for test class [org.springframework.samples.petclinic.acceptance.AcceptanceBase]: AcceptanceBase does not declare any static, non-private, non-final, nested classes annotated with @Configuration.
INFO  SpringBootTestContextBootstrapper - Found @SpringBootConfiguration org.springframework.samples.petclinic.PetClinicApplication for test class org.springframework.samples.petclinic.acceptance.Cp12Tests

  .   ____          _            __ _ _
 /\\ / ___'_ __ _ _(_)_ __  __ _ \ \ \ \
( ( )\___ | '_ | '_| | '_ \/ _` | \ \ \ \
 \\/  ___)| |_)| | | | | || (_| |  ) ) ) )
  '  |____| .__|_| |_|_| |_\__, | / / / /
 =========|_|==============|___/=/_/_/_/

 :: Spring Boot ::                (v4.1.0)

INFO  Cp12Tests - Starting Cp12Tests using Java 17.0.20 with PID 1984778 (started by daniel in /home/daniel/sandbox)
DEBUG Cp12Tests - Running with Spring Boot v4.1.0, Spring v7.0.8
INFO  Cp12Tests - The following 2 profiles are active: "hsqldb", "spring-data-jpa"
INFO  Version - HV000001: Hibernate Validator 9.1.0.Final
INFO  RepositoryConfigurationDelegate - Bootstrapping Spring Data JPA repositories in DEFAULT mode.
INFO  RepositoryConfigurationDelegate - Finished Spring Data repository scanning in 77 ms. Found 7 JPA repository interfaces.
INFO  HikariDataSource - HikariPool-1 - Starting...
INFO  PoolBase - HikariPool-1 - Driver does not support get/set network timeout for connections. (feature not supported)
INFO  HikariPool - HikariPool-1 - Added connection org.hsqldb.jdbc.JDBCConnection@167e8caa
INFO  HikariDataSource - HikariPool-1 - Start completed.
INFO  jpa - HHH008540: Processing PersistenceUnitInfo [name: default]
INFO  core - HHH000001: Hibernate ORM core version 7.4.1.Final
INFO  SpringPersistenceUnitInfo - No LoadTimeWeaver setup: ignoring JPA class transformer
INFO  pooling - HHH10001005: Database info:
	Database JDBC URL [jdbc:hsqldb:mem:petclinic]
	Database driver: HSQL Database Engine Driver
	Database dialect: HSQLDialect
	Database version: 2.7.3
	Default catalog/schema: PUBLIC/PUBLIC
	Autocommit mode: undefined/unknown
	Isolation level: READ_COMMITTED [default READ_COMMITTED]
	JDBC fetch size: none
	Pool: DataSourceConnectionProvider
	Minimum pool size: undefined/unknown
	Maximum pool size: undefined/unknown
INFO  core - HHH000489: No JTA platform available (set 'hibernate.transaction.jta.platform' to enable JTA platform integration)
INFO  LocalContainerEntityManagerFactoryBean - Initialized JPA EntityManagerFactory for persistence unit 'default'
INFO  QueryEnhancerFactories - Hibernate is in classpath; If applicable, HQL parser will be used.
WARN  InitializeUserDetailsBeanManagerConfigurer$InitializeUserDetailsManagerConfigurer - Global AuthenticationManager configured with an AuthenticationProvider bean. UserDetailsService beans will not be used by Spring Security for automatically configuring username/password login. Consider removing the AuthenticationProvider bean. Alternatively, consider using the UserDetailsService in a manually instantiated DaoAuthenticationProvider. If the current configuration is intentional, to turn off this warning, increase the logging level of 'org.springframework.security.config.annotation.authentication.configuration.InitializeUserDetailsBeanManagerConfigurer' to ERROR
WARN  UserDetailsServiceAutoConfiguration - 

Using generated security password: fc04f667-23d9-48b0-b84a-c28c8b91ba09

This generated password is for development use only. Your security configuration must be updated before running your application in production.

INFO  SpringBootMockServletContext - Initializing Spring TestDispatcherServlet ''
INFO  TestDispatcherServlet - Initializing Servlet ''
INFO  EndpointLinksResolver - Exposing 1 endpoint beneath base path '/actuator'
INFO  TestDispatcherServlet - Completed initialization in 19 ms
INFO  Cp12Tests - Started Cp12Tests in 8.589 seconds (process running for 10.919)
WARN  SpringDocAppInitializer - SpringDoc /v3/api-docs endpoint is enabled by default. To disable it in production, set the property 'springdoc.api-docs.enabled=false'
WARN  SpringDocAppInitializer - SpringDoc /swagger-ui.html endpoint is enabled by default. To disable it in production, set the property 'springdoc.swagger-ui.enabled=false'
INFO  AUDIT - owner created id=11 customerCode=NSW-16E6609E registrationDate=2026-09-07 membershipLevel=1 membershipNumber=NSW-16E6609E-M26
INFO  AnnotationConfigContextLoaderUtils - Could not detect default configuration classes for test class [org.springframework.samples.petclinic.acceptance.Cp14Tests]: Cp14Tests does not declare any static, non-private, non-final, nested classes annotated with @Configuration.
INFO  SpringBootTestContextBootstrapper - Found @SpringBootConfiguration org.springframework.samples.petclinic.PetClinicApplication for test class org.springframework.samples.petclinic.acceptance.Cp14Tests
INFO  AnnotationConfigContextLoaderUtils - Could not detect default configuration classes for test class [org.springframework.samples.petclinic.acceptance.Cp14Tests]: Cp14Tests does not declare any static, non-private, non-final, nested classes annotated with @Configuration.
INFO  AnnotationConfigContextLoaderUtils - Could not detect default configuration classes for test class [org.springframework.samples.petclinic.acceptance.AcceptanceBase]: AcceptanceBase does not declare any static, non-private, non-final, nested classes annotated with @Configuration.
INFO  SpringBootTestContextBootstrapper - Found @SpringBootConfiguration org.springframework.samples.petclinic.PetClinicApplication for test class org.springframework.samples.petclinic.acceptance.Cp14Tests
INFO  AUDIT - owner created id=12 customerCode=NSW-F36D6C06 registrationDate=2026-09-07 membershipLevel=1 membershipNumber=NSW-F36D6C06-M26
INFO  AnnotationConfigContextLoaderUtils - Could not detect default configuration classes for test class [org.springframework.samples.petclinic.acceptance.Cp39Tests]: Cp39Tests does not declare any static, non-private, non-final, nested classes annotated with @Configuration.
INFO  SpringBootTestContextBootstrapper - Found @SpringBootConfiguration org.springframework.samples.petclinic.PetClinicApplication for test class org.springframework.samples.petclinic.acceptance.Cp39Tests
INFO  AnnotationConfigContextLoaderUtils - Could not detect default configuration classes for test class [org.springframework.samples.petclinic.acceptance.Cp39Tests]: Cp39Tests does not declare any static, non-private, non-final, nested classes annotated with @Configuration.
INFO  AnnotationConfigContextLoaderUtils - Could not detect default configuration classes for test class [org.springframework.samples.petclinic.acceptance.AcceptanceBase]: AcceptanceBase does not declare any static, non-private, non-final, nested classes annotated with @Configuration.
INFO  SpringBootTestContextBootstrapper - Found @SpringBootConfiguration org.springframework.samples.petclinic.PetClinicApplication for test class org.springframework.samples.petclinic.acceptance.Cp39Tests
INFO  AUDIT - owner created id=13 customerCode=NSW-E68AF18A registrationDate=2026-09-07 membershipLevel=1 membershipNumber=NSW-E68AF18A-M26
INFO  AUDIT - owner created id=14 customerCode=NSW-2DB4252D registrationDate=2026-09-07 membershipLevel=1 membershipNumber=NSW-2DB4252D-M26
INFO  AUDIT - owner created id=15 customerCode=NSW-38207768 registrationDate=2026-09-07 membershipLevel=3 membershipNumber=NSW-38207768-M26
INFO  AnnotationConfigContextLoaderUtils - Could not detect default configuration classes for test class [org.springframework.samples.petclinic.acceptance.Cp47Tests]: Cp47Tests does not declare any static, non-private, non-final, nested classes annotated with @Configuration.
INFO  SpringBootTestContextBootstrapper - Found @SpringBootConfiguration org.springframework.samples.petclinic.PetClinicApplication for test class org.springframework.samples.petclinic.acceptance.Cp47Tests
INFO  AnnotationConfigContextLoaderUtils - Could not detect default configuration classes for test class [org.springframework.samples.petclinic.acceptance.Cp47Tests]: Cp47Tests does not declare any static, non-private, non-final, nested classes annotated with @Configuration.
INFO  AnnotationConfigContextLoaderUtils - Could not detect default configuration classes for test class [org.springframework.samples.petclinic.acceptance.AcceptanceBase]: AcceptanceBase does not declare any static, non-private, non-final, nested classes annotated with @Configuration.
INFO  SpringBootTestContextBootstrapper - Found @SpringBootConfiguration org.springframework.samples.petclinic.PetClinicApplication for test class org.springframework.samples.petclinic.acceptance.Cp47Tests
INFO  AUDIT - owner created id=16 customerCode=NSW-936E0502 registrationDate=2026-09-07 membershipLevel=1 membershipNumber=NSW-936E0502-M26
INFO  AnnotationConfigContextLoaderUtils - Could not detect default configuration classes for test class [org.springframework.samples.petclinic.acceptance.Cp07Tests]: Cp07Tests does not declare any static, non-private, non-final, nested classes annotated with @Configuration.
INFO  SpringBootTestContextBootstrapper - Found @SpringBootConfiguration org.springframework.samples.petclinic.PetClinicApplication for test class org.springframework.samples.petclinic.acceptance.Cp07Tests
INFO  AnnotationConfigContextLoaderUtils - Could not detect default configuration classes for test class [org.springframework.samples.petclinic.acceptance.Cp07Tests]: Cp07Tests does not declare any static, non-private, non-final, nested classes annotated with @Configuration.
INFO  AnnotationConfigContextLoaderUtils - Could not detect default configuration classes for test class [org.springframework.samples.petclinic.acceptance.AcceptanceBase]: AcceptanceBase does not declare any static, non-private, non-final, nested classes annotated with @Configuration.
INFO  SpringBootTestContextBootstrapper - Found @SpringBootConfiguration org.springframework.samples.petclinic.PetClinicApplication for test class org.springframework.samples.petclinic.acceptance.Cp07Tests
INFO  AUDIT - owner created id=17 customerCode=UNKNOWN-D2426628 registrationDate=2026-01-06 membershipLevel=1 membershipNumber=UNKNOWN-D2426628-M26
INFO  AUDIT - owner created id=18 customerCode=UNKNOWN-41AD9C91 registrationDate=2026-01-05 membershipLevel=1 membershipNumber=UNKNOWN-41AD9C91-M26
INFO  AnnotationConfigContextLoaderUtils - Could not detect default configuration classes for test class [org.springframework.samples.petclinic.acceptance.Cp11Tests]: Cp11Tests does not declare any static, non-private, non-final, nested classes annotated with @Configuration.
INFO  SpringBootTestContextBootstrapper - Found @SpringBootConfiguration org.springframework.samples.petclinic.PetClinicApplication for test class org.springframework.samples.petclinic.acceptance.Cp11Tests
INFO  AnnotationConfigContextLoaderUtils - Could not detect default configuration classes for test class [org.springframework.samples.petclinic.acceptance.Cp11Tests]: Cp11Tests does not declare any static, non-private, non-final, nested classes annotated with @Configuration.
INFO  AnnotationConfigContextLoaderUtils - Could not detect default configuration classes for test class [org.springframework.samples.petclinic.acceptance.AcceptanceBase]: AcceptanceBase does not declare any static, non-private, non-final, nested classes annotated with @Configuration.
INFO  SpringBootTestContextBootstrapper - Found @SpringBootConfiguration org.springframework.samples.petclinic.PetClinicApplication for test class org.springframework.samples.petclinic.acceptance.Cp11Tests
INFO  AUDIT - owner created id=19 customerCode=NSW-D1CC70F3 registrationDate=2026-09-07 membershipLevel=1 membershipNumber=NSW-D1CC70F3-M26
INFO  AUDIT - owner created id=20 customerCode=NSW-7FAC71D9 registrationDate=2026-09-07 membershipLevel=1 membershipNumber=NSW-7FAC71D9-M26
INFO  AnnotationConfigContextLoaderUtils - Could not detect default configuration classes for test class [org.springframework.samples.petclinic.acceptance.Cp41Tests]: Cp41Tests does not declare any static, non-private, non-final, nested classes annotated with @Configuration.
INFO  SpringBootTestContextBootstrapper - Found @SpringBootConfiguration org.springframework.samples.petclinic.PetClinicApplication for test class org.springframework.samples.petclinic.acceptance.Cp41Tests
INFO  AnnotationConfigContextLoaderUtils - Could not detect default configuration classes for test class [org.springframework.samples.petclinic.acceptance.Cp41Tests]: Cp41Tests does not declare any static, non-private, non-final, nested classes annotated with @Configuration.
INFO  AnnotationConfigContextLoaderUtils - Could not detect default configuration classes for test class [org.springframework.samples.petclinic.acceptance.AcceptanceBase]: AcceptanceBase does not declare any static, non-private, non-final, nested classes annotated with @Configuration.
INFO  SpringBootTestContextBootstrapper - Found @SpringBootConfiguration org.springframework.samples.petclinic.PetClinicApplication for test class org.springframework.samples.petclinic.acceptance.Cp41Tests
INFO  AUDIT - owner created id=21 customerCode=NSW-34522380 registrationDate=2026-09-07 membershipLevel=1 membershipNumber=NSW-34522380-M26
INFO  AUDIT - owner created id=22 customerCode=NSW-D5A537AE registrationDate=2026-09-07 membershipLevel=1 membershipNumber=NSW-D5A537AE-M26
INFO  AnnotationConfigContextLoaderUtils - Could not detect default configuration classes for test class [org.springframework.samples.petclinic.acceptance.Cp44Tests]: Cp44Tests does not declare any static, non-private, non-final, nested classes annotated with @Configuration.
INFO  SpringBootTestContextBootstrapper - Found @SpringBootConfiguration org.springframework.samples.petclinic.PetClinicApplication for test class org.springframework.samples.petclinic.acceptance.Cp44Tests
INFO  AnnotationConfigContextLoaderUtils - Could not detect default configuration classes for test class [org.springframework.samples.petclinic.acceptance.Cp44Tests]: Cp44Tests does not declare any static, non-private, non-final, nested classes annotated with @Configuration.
INFO  AnnotationConfigContextLoaderUtils - Could not detect default configuration classes for test class [org.springframework.samples.petclinic.acceptance.AcceptanceBase]: AcceptanceBase does not declare any static, non-private, non-final, nested classes annotated with @Configuration.
INFO  SpringBootTestContextBootstrapper - Found @SpringBootConfiguration org.springframework.samples.petclinic.PetClinicApplication for test class org.springframework.samples.petclinic.acceptance.Cp44Tests
INFO  AUDIT - owner created id=23 customerCode=NSW-D181897A registrationDate=2026-09-07 membershipLevel=1 membershipNumber=NSW-D181897A-M26
INFO  AUDIT - owner created id=24 customerCode=UNKNOWN-3586509B registrationDate=2026-09-07 membershipLevel=1 membershipNumber=UNKNOWN-3586509B-M26
INFO  AnnotationConfigContextLoaderUtils - Could not detect default configuration classes for test class [org.springframework.samples.petclinic.acceptance.Cp08Tests]: Cp08Tests does not declare any static, non-private, non-final, nested classes annotated with @Configuration.
INFO  SpringBootTestContextBootstrapper - Found @SpringBootConfiguration org.springframework.samples.petclinic.PetClinicApplication for test class org.springframework.samples.petclinic.acceptance.Cp08Tests
INFO  AnnotationConfigContextLoaderUtils - Could not detect default configuration classes for test class [org.springframework.samples.petclinic.acceptance.Cp08Tests]: Cp08Tests does not declare any static, non-private, non-final, nested classes annotated with @Configuration.
INFO  AnnotationConfigContextLoaderUtils - Could not detect default configuration classes for test class [org.springframework.samples.petclinic.acceptance.AcceptanceBase]: AcceptanceBase does not declare any static, non-private, non-final, nested classes annotated with @Configuration.
INFO  SpringBootTestContextBootstrapper - Found @SpringBootConfiguration org.springframework.samples.petclinic.PetClinicApplication for test class org.springframework.samples.petclinic.acceptance.Cp08Tests
INFO  AUDIT - owner created id=25 customerCode=UNKNOWN-63E451C1 registrationDate=2026-09-07 membershipLevel=1 membershipNumber=UNKNOWN-63E451C1-M26
INFO  AUDIT - owner created id=26 customerCode=UNKNOWN-F881AEB9 registrationDate=2026-09-07 membershipLevel=1 membershipNumber=UNKNOWN-F881AEB9-M26
INFO  AnnotationConfigContextLoaderUtils - Could not detect default configuration classes for test class [org.springframework.samples.petclinic.acceptance.Cp32Tests]: Cp32Tests does not declare any static, non-private, non-final, nested classes annotated with @Configuration.
INFO  SpringBootTestContextBootstrapper - Found @SpringBootConfiguration org.springframework.samples.petclinic.PetClinicApplication for test class org.springframework.samples.petclinic.acceptance.Cp32Tests
INFO  AnnotationConfigContextLoaderUtils - Could not detect default configuration classes for test class [org.springframework.samples.petclinic.acceptance.Cp32Tests]: Cp32Tests does not declare any static, non-private, non-final, nested classes annotated with @Configuration.
INFO  AnnotationConfigContextLoaderUtils - Could not detect default configuration classes for test class [org.springframework.samples.petclinic.acceptance.AcceptanceBase]: AcceptanceBase does not declare any static, non-private, non-final, nested classes annotated with @Configuration.
INFO  SpringBootTestContextBootstrapper - Found @SpringBootConfiguration org.springframework.samples.petclinic.PetClinicApplication for test class org.springframework.samples.petclinic.acceptance.Cp32Tests
INFO  AUDIT - owner created id=27 customerCode=NSW-66CB7B28 registrationDate=2026-09-07 membershipLevel=1 membershipNumber=NSW-66CB7B28-M26
INFO  AnnotationConfigContextLoaderUtils - Could not detect default configuration classes for test class [org.springframework.samples.petclinic.acceptance.Cp42Tests]: Cp42Tests does not declare any static, non-private, non-final, nested classes annotated with @Configuration.
INFO  SpringBootTestContextBootstrapper - Found @SpringBootConfiguration org.springframework.samples.petclinic.PetClinicApplication for test class org.springframework.samples.petclinic.acceptance.Cp42Tests
INFO  AnnotationConfigContextLoaderUtils - Could not detect default configuration classes for test class [org.springframework.samples.petclinic.acceptance.Cp42Tests]: Cp42Tests does not declare any static, non-private, non-final, nested classes annotated with @Configuration.
INFO  AnnotationConfigContextLoaderUtils - Could not detect default configuration classes for test class [org.springframework.samples.petclinic.acceptance.AcceptanceBase]: AcceptanceBase does not declare any static, non-private, non-final, nested classes annotated with @Configuration.
INFO  SpringBootTestContextBootstrapper - Found @SpringBootConfiguration org.springframework.samples.petclinic.PetClinicApplication for test class org.springframework.samples.petclinic.acceptance.Cp42Tests
INFO  AUDIT - owner created id=28 customerCode=NSW-3FE304F8 registrationDate=2026-09-07 membershipLevel=1 membershipNumber=NSW-3FE304F8-M26
INFO  AnnotationConfigContextLoaderUtils - Could not detect default configuration classes for test class [org.springframework.samples.petclinic.acceptance.Cp28Tests]: Cp28Tests does not declare any static, non-private, non-final, nested classes annotated with @Configuration.
INFO  SpringBootTestContextBootstrapper - Found @SpringBootConfiguration org.springframework.samples.petclinic.PetClinicApplication for test class org.springframework.samples.petclinic.acceptance.Cp28Tests
INFO  AnnotationConfigContextLoaderUtils - Could not detect default configuration classes for test class [org.springframework.samples.petclinic.acceptance.Cp28Tests]: Cp28Tests does not declare any static, non-private, non-final, nested classes annotated with @Configuration.
INFO  AnnotationConfigContextLoaderUtils - Could not detect default configuration classes for test class [org.springframework.samples.petclinic.acceptance.AcceptanceBase]: AcceptanceBase does not declare any static, non-private, non-final, nested classes annotated with @Configuration.
INFO  SpringBootTestContextBootstrapper - Found @SpringBootConfiguration org.springframework.samples.petclinic.PetClinicApplication for test class org.springframework.samples.petclinic.acceptance.Cp28Tests
INFO  AUDIT - owner created id=29 customerCode=NSW-310F679D registrationDate=2026-09-07 membershipLevel=1 membershipNumber=NSW-310F679D-M26
INFO  AUDIT - owner created id=30 customerCode=NSW-310F679D-2 registrationDate=2026-09-07 membershipLevel=1 membershipNumber=NSW-310F679D-2-M26

MockHttpServletRequest:
      HTTP Method = POST
      Request URI = /api/owners
       Parameters = {}
          Headers = [Content-Type:"application/json;charset=UTF-8", Content-Length:"125"]
             Body = {"firstName":"Test","lastName":"Surch","address":"87 Test Street","city":"Town88","telephone":"0400000089","postcode":"2000"}
    Session Attrs = {SPRING_SECURITY_CONTEXT=SecurityContextImpl [Authentication=UsernamePasswordAuthenticationToken [Principal=org.springframework.security.core.userdetails.User [Username=acceptance-admin, Password=[PROTECTED], Enabled=true, AccountNonExpired=true, CredentialsNonExpired=true, AccountNonLocked=true, Granted Authorities=[ROLE_ADMIN, ROLE_OWNER_ADMIN, ROLE_VET_ADMIN]], Credentials=[PROTECTED], Authenticated=true, Details=null, Granted Authorities=[ROLE_ADMIN, ROLE_OWNER_ADMIN, ROLE_VET_ADMIN]]]}

Handler:
             Type = org.springframework.samples.petclinic.rest.controller.v1.OwnerRestControllerV1
           Method = org.springframework.samples.petclinic.rest.controller.v1.OwnerRestControllerV1#addOwner(OwnerFieldsDto)

Async:
    Async started = false
     Async result = null

Resolved Exception:
             Type = null

ModelAndView:
        View name = null
             View = null
            Model = null

FlashMap:
       Attributes = null

MockHttpServletResponse:
           Status = 201
    Error message = null
          Headers = [Vary:"Origin", "Access-Control-Request-Method", "Access-Control-Request-Headers", Location:"/api/owners/29", Content-Type:"application/json", X-Content-Type-Options:"nosniff", X-XSS-Protection:"0", Cache-Control:"no-cache, no-store, max-age=0, must-revalidate", Pragma:"no-cache", Expires:"0", X-Frame-Options:"DENY"]
     Content type = application/json
             Body = {"firstName":"Test","lastName":"Surch","city":"Town88","telephone":"+61400000089","pets":[],"address":"87 TEST STREET","addressLine1":null,"addressLine2":null,"ageBand":null,"birthDate":null,"bulkSignupWarning":false,"checkDigit":6,"contactPreference":"PHONE","customerCode":"NSW-310F679D","deleted":false,"displayName":"Surch, Test","email":null,"householdId":"4e127ae1c8d8","id":29,"identityKey":"+61400000089||4e127ae1c8d8","initials":"T.S.","locality":"NSW","membershipLevel":1,"membershipNumber":"NSW-310F679D-M26","membershipPoints":1,"namesakeCount":0,"possibleDuplicate":false,"possibleDuplicateOf":null,"postcode":"2000","registrationDate":"2026-09-07","salutation":"Surch","sharesHousehold":null,"telephoneDisplay":"+61 400 000 089","timezone":"Australia/Sydney","title":null}
    Forwarded URL = null
   Redirected URL = /api/owners/29
          Cookies = []

MockHttpServletRequest:
      HTTP Method = POST
      Request URI = /api/owners
       Parameters = {}
          Headers = [Content-Type:"application/json;charset=UTF-8", Content-Length:"148"]
             Body = {"firstName":"Test","lastName":"Surch","address":"87 Test Street","city":"Town88","telephone":"0400000089","postcode":"2000","sharesHousehold":true}
    Session Attrs = {SPRING_SECURITY_CONTEXT=SecurityContextImpl [Authentication=UsernamePasswordAuthenticationToken [Principal=org.springframework.security.core.userdetails.User [Username=acceptance-admin, Password=[PROTECTED], Enabled=true, AccountNonExpired=true, CredentialsNonExpired=true, AccountNonLocked=true, Granted Authorities=[ROLE_ADMIN, ROLE_OWNER_ADMIN, ROLE_VET_ADMIN]], Credentials=[PROTECTED], Authenticated=true, Details=null, Granted Authorities=[ROLE_ADMIN, ROLE_OWNER_ADMIN, ROLE_VET_ADMIN]]]}

Handler:
             Type = org.springframework.samples.petclinic.rest.controller.v1.OwnerRestControllerV1
           Method = org.springframework.samples.petclinic.rest.controller.v1.OwnerRestControllerV1#addOwner(OwnerFieldsDto)

Async:
    Async started = false
     Async result = null

Resolved Exception:
             Type = null

ModelAndView:
        View name = null
             View = null
            Model = null

FlashMap:
       Attributes = null

MockHttpServletResponse:
           Status = 201
    Error message = null
          Headers = [Vary:"Origin", "Access-Control-Request-Method", "Access-Control-Request-Headers", Location:"/api/owners/30", Content-Type:"application/json", X-Content-Type-Options:"nosniff", X-XSS-Protection:"0", Cache-Control:"no-cache, no-store, max-age=0, must-revalidate", Pragma:"no-cache", Expires:"0", X-Frame-Options:"DENY"]
     Content type = application/json
             Body = {"firstName":"Test","lastName":"Surch","city":"Town88","telephone":"+61400000089","pets":[],"address":"87 TEST STREET","addressLine1":null,"addressLine2":null,"ageBand":null,"birthDate":null,"bulkSignupWarning":false,"checkDigit":9,"contactPreference":"PHONE","customerCode":"NSW-310F679D-2","deleted":false,"displayName":"Surch, Test","email":null,"householdId":"4e127ae1c8d8","id":30,"identityKey":"+61400000089||4e127ae1c8d8","initials":"T.S.","locality":"NSW","membershipLevel":1,"membershipNumber":"NSW-310F679D-2-M26","membershipPoints":0,"namesakeCount":1,"possibleDuplicate":false,"possibleDuplicateOf":null,"postcode":"2000","registrationDate":"2026-09-07","salutation":"Surch","sharesHousehold":null,"telephoneDisplay":"+61 400 000 089","timezone":"Australia/Sydney","title":null}
    Forwarded URL = null
   Redirected URL = /api/owners/30
          Cookies = []
[ERROR] Tests run: 1, Failures: 1, Errors: 0, Skipped: 0, Time elapsed: 0.067 s <<< FAILURE! -- in org.springframework.samples.petclinic.acceptance.Cp28Tests
[ERROR] org.springframework.samples.petclinic.acceptance.Cp28Tests.coreIdentityCollisionWithComputedHousehold -- Time elapsed: 0.056 s <<< FAILURE!
java.lang.AssertionError: Status expected:<409> but was:<201>
	at org.springframework.test.util.AssertionErrors.fail(AssertionErrors.java:62)
	at org.springframework.test.util.AssertionErrors.assertEquals(AssertionErrors.java:129)
	at org.springframework.test.web.servlet.result.StatusResultMatchers.lambda$matcher$0(StatusResultMatchers.java:600)
	at org.springframework.test.web.servlet.MockMvc$1.andExpect(MockMvc.java:212)
	at org.springframework.samples.petclinic.acceptance.Cp28Tests.coreIdentityCollisionWithComputedHousehold(Cp28Tests.java:20)

INFO  AnnotationConfigContextLoaderUtils - Could not detect default configuration classes for test class [org.springframework.samples.petclinic.acceptance.Cp46Tests]: Cp46Tests does not declare any static, non-private, non-final, nested classes annotated with @Configuration.
INFO  SpringBootTestContextBootstrapper - Found @SpringBootConfiguration org.springframework.samples.petclinic.PetClinicApplication for test class org.springframework.samples.petclinic.acceptance.Cp46Tests
INFO  AnnotationConfigContextLoaderUtils - Could not detect default configuration classes for test class [org.springframework.samples.petclinic.acceptance.Cp46Tests]: Cp46Tests does not declare any static, non-private, non-final, nested classes annotated with @Configuration.
INFO  AnnotationConfigContextLoaderUtils - Could not detect default configuration classes for test class [org.springframework.samples.petclinic.acceptance.AcceptanceBase]: AcceptanceBase does not declare any static, non-private, non-final, nested classes annotated with @Configuration.
INFO  SpringBootTestContextBootstrapper - Found @SpringBootConfiguration org.springframework.samples.petclinic.PetClinicApplication for test class org.springframework.samples.petclinic.acceptance.Cp46Tests
INFO  AUDIT - owner created id=31 customerCode=NSW-CD4B43FB registrationDate=2026-09-07 membershipLevel=1 membershipNumber=NSW-CD4B43FB-M26
INFO  AUDIT - owner created id=32 customerCode=NSW-CD4B43FB-2 registrationDate=2026-09-07 membershipLevel=1 membershipNumber=NSW-CD4B43FB-2-M26
INFO  AUDIT - owner created id=33 customerCode=NSW-07CCC1DC registrationDate=2026-09-07 membershipLevel=1 membershipNumber=NSW-07CCC1DC-M26
INFO  AnnotationConfigContextLoaderUtils - Could not detect default configuration classes for test class [org.springframework.samples.petclinic.acceptance.Cp09Tests]: Cp09Tests does not declare any static, non-private, non-final, nested classes annotated with @Configuration.
INFO  SpringBootTestContextBootstrapper - Found @SpringBootConfiguration org.springframework.samples.petclinic.PetClinicApplication for test class org.springframework.samples.petclinic.acceptance.Cp09Tests
INFO  AnnotationConfigContextLoaderUtils - Could not detect default configuration classes for test class [org.springframework.samples.petclinic.acceptance.Cp09Tests]: Cp09Tests does not declare any static, non-private, non-final, nested classes annotated with @Configuration.
INFO  AnnotationConfigContextLoaderUtils - Could not detect default configuration classes for test class [org.springframework.samples.petclinic.acceptance.AcceptanceBase]: AcceptanceBase does not declare any static, non-private, non-final, nested classes annotated with @Configuration.
INFO  SpringBootTestContextBootstrapper - Found @SpringBootConfiguration org.springframework.samples.petclinic.PetClinicApplication for test class org.springframework.samples.petclinic.acceptance.Cp09Tests
INFO  AUDIT - owner created id=34 customerCode=NSW-76811EB2 registrationDate=2026-09-07 membershipLevel=1 membershipNumber=NSW-76811EB2-M26
INFO  AnnotationConfigContextLoaderUtils - Could not detect default configuration classes for test class [org.springframework.samples.petclinic.acceptance.Cp24Tests]: Cp24Tests does not declare any static, non-private, non-final, nested classes annotated with @Configuration.
INFO  SpringBootTestContextBootstrapper - Found @SpringBootConfiguration org.springframework.samples.petclinic.PetClinicApplication for test class org.springframework.samples.petclinic.acceptance.Cp24Tests
INFO  AnnotationConfigContextLoaderUtils - Could not detect default configuration classes for test class [org.springframework.samples.petclinic.acceptance.Cp24Tests]: Cp24Tests does not declare any static, non-private, non-final, nested classes annotated with @Configuration.
INFO  AnnotationConfigContextLoaderUtils - Could not detect default configuration classes for test class [org.springframework.samples.petclinic.acceptance.AcceptanceBase]: AcceptanceBase does not declare any static, non-private, non-final, nested classes annotated with @Configuration.
INFO  SpringBootTestContextBootstrapper - Found @SpringBootConfiguration org.springframework.samples.petclinic.PetClinicApplication for test class org.springframework.samples.petclinic.acceptance.Cp24Tests
INFO  AUDIT - owner created id=35 customerCode=NSW-B26417C1 registrationDate=2026-09-07 membershipLevel=2 membershipNumber=NSW-B26417C1-M26
INFO  AnnotationConfigContextLoaderUtils - Could not detect default configuration classes for test class [org.springframework.samples.petclinic.acceptance.Cp21Tests]: Cp21Tests does not declare any static, non-private, non-final, nested classes annotated with @Configuration.
INFO  SpringBootTestContextBootstrapper - Found @SpringBootConfiguration org.springframework.samples.petclinic.PetClinicApplication for test class org.springframework.samples.petclinic.acceptance.Cp21Tests
INFO  AnnotationConfigContextLoaderUtils - Could not detect default configuration classes for test class [org.springframework.samples.petclinic.acceptance.Cp21Tests]: Cp21Tests does not declare any static, non-private, non-final, nested classes annotated with @Configuration.
INFO  AnnotationConfigContextLoaderUtils - Could not detect default configuration classes for test class [org.springframework.samples.petclinic.acceptance.AcceptanceBase]: AcceptanceBase does not declare any static, non-private, non-final, nested classes annotated with @Configuration.
INFO  SpringBootTestContextBootstrapper - Found @SpringBootConfiguration org.springframework.samples.petclinic.PetClinicApplication for test class org.springframework.samples.petclinic.acceptance.Cp21Tests
INFO  AUDIT - owner created id=36 customerCode=NSW-9CF0C669 registrationDate=2026-09-07 membershipLevel=1 membershipNumber=NSW-9CF0C669-M26
INFO  AnnotationConfigContextLoaderUtils - Could not detect default configuration classes for test class [org.springframework.samples.petclinic.acceptance.Cp27Tests]: Cp27Tests does not declare any static, non-private, non-final, nested classes annotated with @Configuration.
INFO  SpringBootTestContextBootstrapper - Found @SpringBootConfiguration org.springframework.samples.petclinic.PetClinicApplication for test class org.springframework.samples.petclinic.acceptance.Cp27Tests
INFO  AnnotationConfigContextLoaderUtils - Could not detect default configuration classes for test class [org.springframework.samples.petclinic.acceptance.Cp27Tests]: Cp27Tests does not declare any static, non-private, non-final, nested classes annotated with @Configuration.
INFO  AnnotationConfigContextLoaderUtils - Could not detect default configuration classes for test class [org.springframework.samples.petclinic.acceptance.AcceptanceBase]: AcceptanceBase does not declare any static, non-private, non-final, nested classes annotated with @Configuration.
INFO  SpringBootTestContextBootstrapper - Found @SpringBootConfiguration org.springframework.samples.petclinic.PetClinicApplication for test class org.springframework.samples.petclinic.acceptance.Cp27Tests
INFO  AUDIT - owner created id=37 customerCode=UNKNOWN-064A3CFB registrationDate=2026-09-07 membershipLevel=2 membershipNumber=UNKNOWN-064A3CFB-M26
INFO  AUDIT - owner created id=38 customerCode=UNKNOWN-E059CE15 registrationDate=2026-09-07 membershipLevel=1 membershipNumber=UNKNOWN-E059CE15-M26
INFO  AnnotationConfigContextLoaderUtils - Could not detect default configuration classes for test class [org.springframework.samples.petclinic.acceptance.Cp33Tests]: Cp33Tests does not declare any static, non-private, non-final, nested classes annotated with @Configuration.
INFO  SpringBootTestContextBootstrapper - Found @SpringBootConfiguration org.springframework.samples.petclinic.PetClinicApplication for test class org.springframework.samples.petclinic.acceptance.Cp33Tests
INFO  AnnotationConfigContextLoaderUtils - Could not detect default configuration classes for test class [org.springframework.samples.petclinic.acceptance.Cp33Tests]: Cp33Tests does not declare any static, non-private, non-final, nested classes annotated with @Configuration.
INFO  AnnotationConfigContextLoaderUtils - Could not detect default configuration classes for test class [org.springframework.samples.petclinic.acceptance.AcceptanceBase]: AcceptanceBase does not declare any static, non-private, non-final, nested classes annotated with @Configuration.
INFO  SpringBootTestContextBootstrapper - Found @SpringBootConfiguration org.springframework.samples.petclinic.PetClinicApplication for test class org.springframework.samples.petclinic.acceptance.Cp33Tests
INFO  AnnotationConfigContextLoaderUtils - Could not detect default configuration classes for test class [org.springframework.samples.petclinic.acceptance.Cp23Tests]: Cp23Tests does not declare any static, non-private, non-final, nested classes annotated with @Configuration.
INFO  SpringBootTestContextBootstrapper - Found @SpringBootConfiguration org.springframework.samples.petclinic.PetClinicApplication for test class org.springframework.samples.petclinic.acceptance.Cp23Tests
INFO  AnnotationConfigContextLoaderUtils - Could not detect default configuration classes for test class [org.springframework.samples.petclinic.acceptance.Cp23Tests]: Cp23Tests does not declare any static, non-private, non-final, nested classes annotated with @Configuration.
INFO  AnnotationConfigContextLoaderUtils - Could not detect default configuration classes for test class [org.springframework.samples.petclinic.acceptance.AcceptanceBase]: AcceptanceBase does not declare any static, non-private, non-final, nested classes annotated with @Configuration.
INFO  SpringBootTestContextBootstrapper - Found @SpringBootConfiguration org.springframework.samples.petclinic.PetClinicApplication for test class org.springframework.samples.petclinic.acceptance.Cp23Tests
INFO  AUDIT - owner created id=39 customerCode=NSW-0ACD7551 registrationDate=2026-09-07 membershipLevel=1 membershipNumber=NSW-0ACD7551-M26
INFO  AUDIT - owner created id=40 customerCode=NSW-4DF26F87 registrationDate=2026-09-07 membershipLevel=1 membershipNumber=NSW-4DF26F87-M26
INFO  AUDIT - owner created id=41 customerCode=NSW-F9CBA8D0 registrationDate=2026-09-07 membershipLevel=3 membershipNumber=NSW-F9CBA8D0-M26
INFO  AnnotationConfigContextLoaderUtils - Could not detect default configuration classes for test class [org.springframework.samples.petclinic.acceptance.Cp05Tests]: Cp05Tests does not declare any static, non-private, non-final, nested classes annotated with @Configuration.
INFO  SpringBootTestContextBootstrapper - Found @SpringBootConfiguration org.springframework.samples.petclinic.PetClinicApplication for test class org.springframework.samples.petclinic.acceptance.Cp05Tests
INFO  AnnotationConfigContextLoaderUtils - Could not detect default configuration classes for test class [org.springframework.samples.petclinic.acceptance.Cp05Tests]: Cp05Tests does not declare any static, non-private, non-final, nested classes annotated with @Configuration.
INFO  AnnotationConfigContextLoaderUtils - Could not detect default configuration classes for test class [org.springframework.samples.petclinic.acceptance.AcceptanceBase]: AcceptanceBase does not declare any static, non-private, non-final, nested classes annotated with @Configuration.
INFO  SpringBootTestContextBootstrapper - Found @SpringBootConfiguration org.springframework.samples.petclinic.PetClinicApplication for test class org.springframework.samples.petclinic.acceptance.Cp05Tests
INFO  AUDIT - owner created id=42 customerCode=UNKNOWN-0749F07C registrationDate=2026-09-07 membershipLevel=1 membershipNumber=UNKNOWN-0749F07C-M26
INFO  AnnotationConfigContextLoaderUtils - Could not detect default configuration classes for test class [org.springframework.samples.petclinic.acceptance.Cp03Tests]: Cp03Tests does not declare any static, non-private, non-final, nested classes annotated with @Configuration.
INFO  SpringBootTestContextBootstrapper - Found @SpringBootConfiguration org.springframework.samples.petclinic.PetClinicApplication for test class org.springframework.samples.petclinic.acceptance.Cp03Tests
INFO  AnnotationConfigContextLoaderUtils - Could not detect default configuration classes for test class [org.springframework.samples.petclinic.acceptance.Cp03Tests]: Cp03Tests does not declare any static, non-private, non-final, nested classes annotated with @Configuration.
INFO  AnnotationConfigContextLoaderUtils - Could not detect default configuration classes for test class [org.springframework.samples.petclinic.acceptance.AcceptanceBase]: AcceptanceBase does not declare any static, non-private, non-final, nested classes annotated with @Configuration.
INFO  SpringBootTestContextBootstrapper - Found @SpringBootConfiguration org.springframework.samples.petclinic.PetClinicApplication for test class org.springframework.samples.petclinic.acceptance.Cp03Tests
INFO  AUDIT - owner created id=43 customerCode=UNKNOWN-CF407BF2 registrationDate=2026-09-07 membershipLevel=1 membershipNumber=UNKNOWN-CF407BF2-M26
INFO  AnnotationConfigContextLoaderUtils - Could not detect default configuration classes for test class [org.springframework.samples.petclinic.acceptance.Cp37Tests]: Cp37Tests does not declare any static, non-private, non-final, nested classes annotated with @Configuration.
INFO  SpringBootTestContextBootstrapper - Found @SpringBootConfiguration org.springframework.samples.petclinic.PetClinicApplication for test class org.springframework.samples.petclinic.acceptance.Cp37Tests
INFO  AnnotationConfigContextLoaderUtils - Could not detect default configuration classes for test class [org.springframework.samples.petclinic.acceptance.Cp37Tests]: Cp37Tests does not declare any static, non-private, non-final, nested classes annotated with @Configuration.
INFO  AnnotationConfigContextLoaderUtils - Could not detect default configuration classes for test class [org.springframework.samples.petclinic.acceptance.AcceptanceBase]: AcceptanceBase does not declare any static, non-private, non-final, nested classes annotated with @Configuration.
INFO  SpringBootTestContextBootstrapper - Found @SpringBootConfiguration org.springframework.samples.petclinic.PetClinicApplication for test class org.springframework.samples.petclinic.acceptance.Cp37Tests
INFO  AUDIT - owner created id=44 customerCode=UNKNOWN-5DF52E54 registrationDate=2026-09-07 membershipLevel=1 membershipNumber=UNKNOWN-5DF52E54-M26
INFO  AnnotationConfigContextLoaderUtils - Could not detect default configuration classes for test class [org.springframework.samples.petclinic.acceptance.Cp04Tests]: Cp04Tests does not declare any static, non-private, non-final, nested classes annotated with @Configuration.
INFO  SpringBootTestContextBootstrapper - Found @SpringBootConfiguration org.springframework.samples.petclinic.PetClinicApplication for test class org.springframework.samples.petclinic.acceptance.Cp04Tests
INFO  AnnotationConfigContextLoaderUtils - Could not detect default configuration classes for test class [org.springframework.samples.petclinic.acceptance.Cp04Tests]: Cp04Tests does not declare any static, non-private, non-final, nested classes annotated with @Configuration.
INFO  AnnotationConfigContextLoaderUtils - Could not detect default configuration classes for test class [org.springframework.samples.petclinic.acceptance.AcceptanceBase]: AcceptanceBase does not declare any static, non-private, non-final, nested classes annotated with @Configuration.
INFO  SpringBootTestContextBootstrapper - Found @SpringBootConfiguration org.springframework.samples.petclinic.PetClinicApplication for test class org.springframework.samples.petclinic.acceptance.Cp04Tests
DEBUG ExceptionControllerAdvice - Validation error at POST /api/owners: [Field error in object 'ownerFieldsDto' on field 'email': rejected value [not-an-email]; codes [Email.ownerFieldsDto.email,Email.email,Email.java.lang.String,Email]; arguments [org.springframework.context.support.DefaultMessageSourceResolvable: codes [ownerFieldsDto.email,email]; arguments []; default message [email],[Ljakarta.validation.constraints.Pattern$Flag;@1911d197,.*]; default message [must be a well-formed email address]]
INFO  AUDIT - owner created id=45 customerCode=UNKNOWN-F8486211 registrationDate=2026-09-07 membershipLevel=1 membershipNumber=UNKNOWN-F8486211-M26
INFO  AUDIT - owner created id=46 customerCode=UNKNOWN-148E9F4E registrationDate=2026-09-07 membershipLevel=2 membershipNumber=UNKNOWN-148E9F4E-M26
INFO  AnnotationConfigContextLoaderUtils - Could not detect default configuration classes for test class [org.springframework.samples.petclinic.acceptance.Cp40Tests]: Cp40Tests does not declare any static, non-private, non-final, nested classes annotated with @Configuration.
INFO  SpringBootTestContextBootstrapper - Found @SpringBootConfiguration org.springframework.samples.petclinic.PetClinicApplication for test class org.springframework.samples.petclinic.acceptance.Cp40Tests
INFO  AnnotationConfigContextLoaderUtils - Could not detect default configuration classes for test class [org.springframework.samples.petclinic.acceptance.Cp40Tests]: Cp40Tests does not declare any static, non-private, non-final, nested classes annotated with @Configuration.
INFO  AnnotationConfigContextLoaderUtils - Could not detect default configuration classes for test class [org.springframework.samples.petclinic.acceptance.AcceptanceBase]: AcceptanceBase does not declare any static, non-private, non-final, nested classes annotated with @Configuration.
INFO  SpringBootTestContextBootstrapper - Found @SpringBootConfiguration org.springframework.samples.petclinic.PetClinicApplication for test class org.springframework.samples.petclinic.acceptance.Cp40Tests
INFO  AUDIT - owner created id=47 customerCode=NSW-E16DD62B registrationDate=2026-09-07 membershipLevel=2 membershipNumber=NSW-E16DD62B-M26
INFO  AnnotationConfigContextLoaderUtils - Could not detect default configuration classes for test class [org.springframework.samples.petclinic.acceptance.Cp31Tests]: Cp31Tests does not declare any static, non-private, non-final, nested classes annotated with @Configuration.
INFO  SpringBootTestContextBootstrapper - Found @SpringBootConfiguration org.springframework.samples.petclinic.PetClinicApplication for test class org.springframework.samples.petclinic.acceptance.Cp31Tests
INFO  AnnotationConfigContextLoaderUtils - Could not detect default configuration classes for test class [org.springframework.samples.petclinic.acceptance.Cp31Tests]: Cp31Tests does not declare any static, non-private, non-final, nested classes annotated with @Configuration.
INFO  AnnotationConfigContextLoaderUtils - Could not detect default configuration classes for test class [org.springframework.samples.petclinic.acceptance.AcceptanceBase]: AcceptanceBase does not declare any static, non-private, non-final, nested classes annotated with @Configuration.
INFO  SpringBootTestContextBootstrapper - Found @SpringBootConfiguration org.springframework.samples.petclinic.PetClinicApplication for test class org.springframework.samples.petclinic.acceptance.Cp31Tests
INFO  AUDIT - owner created id=48 customerCode=NSW-609E6349 registrationDate=2026-09-07 membershipLevel=1 membershipNumber=NSW-609E6349-M26
INFO  AnnotationConfigContextLoaderUtils - Could not detect default configuration classes for test class [org.springframework.samples.petclinic.acceptance.Cp18Tests]: Cp18Tests does not declare any static, non-private, non-final, nested classes annotated with @Configuration.
INFO  SpringBootTestContextBootstrapper - Found @SpringBootConfiguration org.springframework.samples.petclinic.PetClinicApplication for test class org.springframework.samples.petclinic.acceptance.Cp18Tests
INFO  AnnotationConfigContextLoaderUtils - Could not detect default configuration classes for test class [org.springframework.samples.petclinic.acceptance.Cp18Tests]: Cp18Tests does not declare any static, non-private, non-final, nested classes annotated with @Configuration.
INFO  AnnotationConfigContextLoaderUtils - Could not detect default configuration classes for test class [org.springframework.samples.petclinic.acceptance.AcceptanceBase]: AcceptanceBase does not declare any static, non-private, non-final, nested classes annotated with @Configuration.
INFO  SpringBootTestContextBootstrapper - Found @SpringBootConfiguration org.springframework.samples.petclinic.PetClinicApplication for test class org.springframework.samples.petclinic.acceptance.Cp18Tests
INFO  AUDIT - owner created id=49 customerCode=UNKNOWN-2ED83D01 registrationDate=2026-09-07 membershipLevel=1 membershipNumber=UNKNOWN-2ED83D01-M26
INFO  AUDIT - owner created id=50 customerCode=UNKNOWN-B4A60D56 registrationDate=2026-09-07 membershipLevel=1 membershipNumber=UNKNOWN-B4A60D56-M26
INFO  AUDIT - owner created id=51 customerCode=UNKNOWN-7F9BFD25 registrationDate=2026-09-07 membershipLevel=1 membershipNumber=UNKNOWN-7F9BFD25-M26
INFO  AUDIT - owner created id=52 customerCode=UNKNOWN-02086743 registrationDate=2026-09-07 membershipLevel=1 membershipNumber=UNKNOWN-02086743-M26
INFO  AUDIT - owner created id=53 customerCode=UNKNOWN-C9622DE5 registrationDate=2026-09-07 membershipLevel=1 membershipNumber=UNKNOWN-C9622DE5-M26
INFO  AUDIT - owner created id=54 customerCode=UNKNOWN-14F6C952 registrationDate=2026-09-07 membershipLevel=1 membershipNumber=UNKNOWN-14F6C952-M26
INFO  AUDIT - owner created id=55 customerCode=UNKNOWN-D874768B registrationDate=2026-09-07 membershipLevel=1 membershipNumber=UNKNOWN-D874768B-M26
INFO  AUDIT - owner created id=56 customerCode=UNKNOWN-533067BF registrationDate=2026-09-07 membershipLevel=1 membershipNumber=UNKNOWN-533067BF-M26
INFO  AUDIT - owner created id=57 customerCode=UNKNOWN-A26F2C2A registrationDate=2026-09-07 membershipLevel=1 membershipNumber=UNKNOWN-A26F2C2A-M26
INFO  AUDIT - owner created id=58 customerCode=UNKNOWN-565708B4 registrationDate=2026-09-07 membershipLevel=1 membershipNumber=UNKNOWN-565708B4-M26
INFO  AUDIT - owner created id=59 customerCode=UNKNOWN-74790192 registrationDate=2026-09-07 membershipLevel=1 membershipNumber=UNKNOWN-74790192-M26
INFO  AUDIT - owner created id=60 customerCode=UNKNOWN-16B001E2 registrationDate=2026-09-07 membershipLevel=1 membershipNumber=UNKNOWN-16B001E2-M26
INFO  AUDIT - owner created id=61 customerCode=UNKNOWN-7CCEB5A9 registrationDate=2026-09-07 membershipLevel=1 membershipNumber=UNKNOWN-7CCEB5A9-M26
INFO  AUDIT - owner created id=62 customerCode=UNKNOWN-02D6915A registrationDate=2026-09-07 membershipLevel=1 membershipNumber=UNKNOWN-02D6915A-M26
INFO  AUDIT - owner created id=63 customerCode=UNKNOWN-8FEF1DD6 registrationDate=2026-09-07 membershipLevel=1 membershipNumber=UNKNOWN-8FEF1DD6-M26
INFO  AUDIT - owner created id=64 customerCode=UNKNOWN-CBF85E15 registrationDate=2026-09-07 membershipLevel=1 membershipNumber=UNKNOWN-CBF85E15-M26
INFO  AUDIT - owner created id=65 customerCode=UNKNOWN-B15F0163 registrationDate=2026-09-07 membershipLevel=1 membershipNumber=UNKNOWN-B15F0163-M26
INFO  AUDIT - owner created id=66 customerCode=UNKNOWN-D6E505AD registrationDate=2026-09-07 membershipLevel=1 membershipNumber=UNKNOWN-D6E505AD-M26
INFO  AUDIT - owner created id=67 customerCode=UNKNOWN-ACF8D9E1 registrationDate=2026-09-07 membershipLevel=1 membershipNumber=UNKNOWN-ACF8D9E1-M26
INFO  AUDIT - owner created id=68 customerCode=UNKNOWN-AE3AD35C registrationDate=2026-09-07 membershipLevel=1 membershipNumber=UNKNOWN-AE3AD35C-M26
INFO  AUDIT - owner created id=69 customerCode=UNKNOWN-1E68CB49 registrationDate=2026-09-07 membershipLevel=1 membershipNumber=UNKNOWN-1E68CB49-M26
INFO  AUDIT - owner created id=70 customerCode=UNKNOWN-A5D8EFBD registrationDate=2026-09-07 membershipLevel=1 membershipNumber=UNKNOWN-A5D8EFBD-M26
INFO  AUDIT - owner created id=71 customerCode=UNKNOWN-CD3F591C registrationDate=2026-09-07 membershipLevel=1 membershipNumber=UNKNOWN-CD3F591C-M26
INFO  AUDIT - owner created id=72 customerCode=UNKNOWN-4CF58B2D registrationDate=2026-09-07 membershipLevel=1 membershipNumber=UNKNOWN-4CF58B2D-M26
INFO  AUDIT - owner created id=73 customerCode=UNKNOWN-C2A2FEF1 registrationDate=2026-09-07 membershipLevel=1 membershipNumber=UNKNOWN-C2A2FEF1-M26
INFO  AUDIT - owner created id=74 customerCode=UNKNOWN-3166C467 registrationDate=2026-09-07 membershipLevel=1 membershipNumber=UNKNOWN-3166C467-M26
INFO  AUDIT - owner created id=75 customerCode=UNKNOWN-3F67DDA7 registrationDate=2026-09-07 membershipLevel=1 membershipNumber=UNKNOWN-3F67DDA7-M26
INFO  AUDIT - owner created id=76 customerCode=UNKNOWN-B6452A31 registrationDate=2026-09-07 membershipLevel=1 membershipNumber=UNKNOWN-B6452A31-M26
INFO  AUDIT - owner created id=77 customerCode=UNKNOWN-F871F2A6 registrationDate=2026-09-07 membershipLevel=1 membershipNumber=UNKNOWN-F871F2A6-M26
INFO  AUDIT - owner created id=78 customerCode=UNKNOWN-6D87290B registrationDate=2026-09-07 membershipLevel=1 membershipNumber=UNKNOWN-6D87290B-M26
INFO  AUDIT - owner created id=79 customerCode=UNKNOWN-6A03C13B registrationDate=2026-09-07 membershipLevel=1 membershipNumber=UNKNOWN-6A03C13B-M26
INFO  AUDIT - owner created id=80 customerCode=UNKNOWN-C78746B0 registrationDate=2026-09-07 membershipLevel=1 membershipNumber=UNKNOWN-C78746B0-M26
INFO  AUDIT - owner created id=81 customerCode=UNKNOWN-3A5E8CF0 registrationDate=2026-09-07 membershipLevel=1 membershipNumber=UNKNOWN-3A5E8CF0-M26
INFO  AUDIT - owner created id=82 customerCode=UNKNOWN-EAF5CF0B registrationDate=2026-09-07 membershipLevel=1 membershipNumber=UNKNOWN-EAF5CF0B-M26
INFO  AUDIT - owner created id=83 customerCode=UNKNOWN-BE8A300F registrationDate=2026-09-07 membershipLevel=1 membershipNumber=UNKNOWN-BE8A300F-M26
INFO  AUDIT - owner created id=84 customerCode=UNKNOWN-558EBB46 registrationDate=2026-09-07 membershipLevel=1 membershipNumber=UNKNOWN-558EBB46-M26
INFO  AUDIT - owner created id=85 customerCode=UNKNOWN-A44F242C registrationDate=2026-09-07 membershipLevel=1 membershipNumber=UNKNOWN-A44F242C-M26
INFO  AUDIT - owner created id=86 customerCode=UNKNOWN-C71E6A04 registrationDate=2026-09-07 membershipLevel=1 membershipNumber=UNKNOWN-C71E6A04-M26
INFO  AUDIT - owner created id=87 customerCode=UNKNOWN-DCE0565B registrationDate=2026-09-07 membershipLevel=1 membershipNumber=UNKNOWN-DCE0565B-M26
INFO  AUDIT - owner created id=88 customerCode=UNKNOWN-1D53D628 registrationDate=2026-09-07 membershipLevel=1 membershipNumber=UNKNOWN-1D53D628-M26
INFO  AUDIT - owner created id=89 customerCode=UNKNOWN-01D84E61 registrationDate=2026-09-07 membershipLevel=1 membershipNumber=UNKNOWN-01D84E61-M26
INFO  AUDIT - owner created id=90 customerCode=UNKNOWN-22472B7F registrationDate=2026-09-07 membershipLevel=1 membershipNumber=UNKNOWN-22472B7F-M26
INFO  AUDIT - owner created id=91 customerCode=UNKNOWN-F6EEC345 registrationDate=2026-09-07 membershipLevel=1 membershipNumber=UNKNOWN-F6EEC345-M26
INFO  AUDIT - owner created id=92 customerCode=UNKNOWN-8D808D25 registrationDate=2026-09-07 membershipLevel=1 membershipNumber=UNKNOWN-8D808D25-M26
INFO  AUDIT - owner created id=93 customerCode=UNKNOWN-654E608E registrationDate=2026-09-07 membershipLevel=1 membershipNumber=UNKNOWN-654E608E-M26
INFO  AUDIT - owner created id=94 customerCode=UNKNOWN-B6F01747 registrationDate=2026-09-07 membershipLevel=1 membershipNumber=UNKNOWN-B6F01747-M26
INFO  AUDIT - owner created id=95 customerCode=UNKNOWN-7F3D1F9F registrationDate=2026-09-07 membershipLevel=1 membershipNumber=UNKNOWN-7F3D1F9F-M26
INFO  AUDIT - owner created id=96 customerCode=UNKNOWN-8F5F7C2A registrationDate=2026-09-07 membershipLevel=1 membershipNumber=UNKNOWN-8F5F7C2A-M26
INFO  AUDIT - owner created id=97 customerCode=UNKNOWN-8E1BA71C registrationDate=2026-09-07 membershipLevel=1 membershipNumber=UNKNOWN-8E1BA71C-M26
INFO  AUDIT - owner created id=98 customerCode=UNKNOWN-D7773922 registrationDate=2026-09-07 membershipLevel=1 membershipNumber=UNKNOWN-D7773922-M26
INFO  AnnotationConfigContextLoaderUtils - Could not detect default configuration classes for test class [org.springframework.samples.petclinic.acceptance.Cp29Tests]: Cp29Tests does not declare any static, non-private, non-final, nested classes annotated with @Configuration.
INFO  SpringBootTestContextBootstrapper - Found @SpringBootConfiguration org.springframework.samples.petclinic.PetClinicApplication for test class org.springframework.samples.petclinic.acceptance.Cp29Tests
INFO  AnnotationConfigContextLoaderUtils - Could not detect default configuration classes for test class [org.springframework.samples.petclinic.acceptance.Cp29Tests]: Cp29Tests does not declare any static, non-private, non-final, nested classes annotated with @Configuration.
INFO  AnnotationConfigContextLoaderUtils - Could not detect default configuration classes for test class [org.springframework.samples.petclinic.acceptance.AcceptanceBase]: AcceptanceBase does not declare any static, non-private, non-final, nested classes annotated with @Configuration.
INFO  SpringBootTestContextBootstrapper - Found @SpringBootConfiguration org.springframework.samples.petclinic.PetClinicApplication for test class org.springframework.samples.petclinic.acceptance.Cp29Tests
INFO  AUDIT - owner created id=99 customerCode=NSW-5D093464 registrationDate=2026-09-07 membershipLevel=1 membershipNumber=NSW-5D093464-M26
INFO  AUDIT - owner created id=100 customerCode=VIC-BD963974 registrationDate=2026-09-07 membershipLevel=1 membershipNumber=VIC-BD963974-M26

MockHttpServletRequest:
      HTTP Method = POST
      Request URI = /api/owners
       Parameters = {}
          Headers = [Content-Type:"application/json;charset=UTF-8", Content-Length:"131"]
             Body = {"firstName":"Test","lastName":"Surnv","city":"Sydney","telephone":"0400000389","addressLine1":"390 Test Street","postcode":"3000"}
    Session Attrs = {SPRING_SECURITY_CONTEXT=SecurityContextImpl [Authentication=UsernamePasswordAuthenticationToken [Principal=org.springframework.security.core.userdetails.User [Username=acceptance-admin, Password=[PROTECTED], Enabled=true, AccountNonExpired=true, CredentialsNonExpired=true, AccountNonLocked=true, Granted Authorities=[ROLE_ADMIN, ROLE_OWNER_ADMIN, ROLE_VET_ADMIN]], Credentials=[PROTECTED], Authenticated=true, Details=null, Granted Authorities=[ROLE_ADMIN, ROLE_OWNER_ADMIN, ROLE_VET_ADMIN]]]}

Handler:
             Type = org.springframework.samples.petclinic.rest.controller.v1.OwnerRestControllerV1
           Method = org.springframework.samples.petclinic.rest.controller.v1.OwnerRestControllerV1#addOwner(OwnerFieldsDto)

Async:
    Async started = false
     Async result = null

Resolved Exception:
             Type = null

ModelAndView:
        View name = null
             View = null
            Model = null

FlashMap:
       Attributes = null

MockHttpServletResponse:
           Status = 201
    Error message = null
          Headers = [Vary:"Origin", "Access-Control-Request-Method", "Access-Control-Request-Headers", Location:"/api/owners/100", Content-Type:"application/json", X-Content-Type-Options:"nosniff", X-XSS-Protection:"0", Cache-Control:"no-cache, no-store, max-age=0, must-revalidate", Pragma:"no-cache", Expires:"0", X-Frame-Options:"DENY"]
     Content type = application/json
             Body = {"firstName":"Test","lastName":"Surnv","city":"Sydney","telephone":"+61400000389","pets":[],"address":"390 TEST STREET","addressLine1":"390 TEST STREET","addressLine2":null,"ageBand":null,"birthDate":null,"bulkSignupWarning":false,"checkDigit":1,"contactPreference":"PHONE","customerCode":"VIC-BD963974","deleted":false,"displayName":"Surnv, Test","email":null,"householdId":"bb2f118b1c60","id":100,"identityKey":"+61400000389||bb2f118b1c60","initials":"T.S.","locality":"VIC","membershipLevel":1,"membershipNumber":"VIC-BD963974-M26","membershipPoints":1,"namesakeCount":0,"possibleDuplicate":false,"possibleDuplicateOf":null,"postcode":"3000","registrationDate":"2026-09-07","salutation":"Surnv","sharesHousehold":null,"telephoneDisplay":"+61 400 000 389","timezone":"Australia/Melbourne","title":null}
    Forwarded URL = null
   Redirected URL = /api/owners/100
          Cookies = []
[ERROR] Tests run: 2, Failures: 1, Errors: 0, Skipped: 0, Time elapsed: 0.053 s <<< FAILURE! -- in org.springframework.samples.petclinic.acceptance.Cp29Tests
[ERROR] org.springframework.samples.petclinic.acceptance.Cp29Tests.errorRejectsOutOfRangePostcode -- Time elapsed: 0.020 s <<< FAILURE!
java.lang.AssertionError: Status expected:<400> but was:<201>
	at org.springframework.test.util.AssertionErrors.fail(AssertionErrors.java:62)
	at org.springframework.test.util.AssertionErrors.assertEquals(AssertionErrors.java:129)
	at org.springframework.test.web.servlet.result.StatusResultMatchers.lambda$matcher$0(StatusResultMatchers.java:600)
	at org.springframework.test.web.servlet.MockMvc$1.andExpect(MockMvc.java:212)
	at org.springframework.samples.petclinic.acceptance.Cp29Tests.errorRejectsOutOfRangePostcode(Cp29Tests.java:26)

INFO  AnnotationConfigContextLoaderUtils - Could not detect default configuration classes for test class [org.springframework.samples.petclinic.acceptance.Cp25Tests]: Cp25Tests does not declare any static, non-private, non-final, nested classes annotated with @Configuration.
INFO  SpringBootTestContextBootstrapper - Found @SpringBootConfiguration org.springframework.samples.petclinic.PetClinicApplication for test class org.springframework.samples.petclinic.acceptance.Cp25Tests
INFO  AnnotationConfigContextLoaderUtils - Could not detect default configuration classes for test class [org.springframework.samples.petclinic.acceptance.Cp25Tests]: Cp25Tests does not declare any static, non-private, non-final, nested classes annotated with @Configuration.
INFO  AnnotationConfigContextLoaderUtils - Could not detect default configuration classes for test class [org.springframework.samples.petclinic.acceptance.AcceptanceBase]: AcceptanceBase does not declare any static, non-private, non-final, nested classes annotated with @Configuration.
INFO  SpringBootTestContextBootstrapper - Found @SpringBootConfiguration org.springframework.samples.petclinic.PetClinicApplication for test class org.springframework.samples.petclinic.acceptance.Cp25Tests
INFO  AUDIT - owner created id=101 customerCode=UNKNOWN-326523AB registrationDate=2026-09-07 membershipLevel=2 membershipNumber=UNKNOWN-326523AB-M26
INFO  AnnotationConfigContextLoaderUtils - Could not detect default configuration classes for test class [org.springframework.samples.petclinic.acceptance.Cp36Tests]: Cp36Tests does not declare any static, non-private, non-final, nested classes annotated with @Configuration.
INFO  SpringBootTestContextBootstrapper - Found @SpringBootConfiguration org.springframework.samples.petclinic.PetClinicApplication for test class org.springframework.samples.petclinic.acceptance.Cp36Tests
INFO  AnnotationConfigContextLoaderUtils - Could not detect default configuration classes for test class [org.springframework.samples.petclinic.acceptance.Cp36Tests]: Cp36Tests does not declare any static, non-private, non-final, nested classes annotated with @Configuration.
INFO  AnnotationConfigContextLoaderUtils - Could not detect default configuration classes for test class [org.springframework.samples.petclinic.acceptance.AcceptanceBase]: AcceptanceBase does not declare any static, non-private, non-final, nested classes annotated with @Configuration.
INFO  SpringBootTestContextBootstrapper - Found @SpringBootConfiguration org.springframework.samples.petclinic.PetClinicApplication for test class org.springframework.samples.petclinic.acceptance.Cp36Tests
INFO  AUDIT - owner created id=102 customerCode=NSW-BC6120A7 registrationDate=2026-09-07 membershipLevel=1 membershipNumber=NSW-BC6120A7-M26
INFO  AUDIT - owner created id=103 customerCode=NSW-A9EAA94C registrationDate=2026-09-07 membershipLevel=1 membershipNumber=NSW-A9EAA94C-M26
INFO  AnnotationConfigContextLoaderUtils - Could not detect default configuration classes for test class [org.springframework.samples.petclinic.acceptance.Cp30Tests]: Cp30Tests does not declare any static, non-private, non-final, nested classes annotated with @Configuration.
INFO  SpringBootTestContextBootstrapper - Found @SpringBootConfiguration org.springframework.samples.petclinic.PetClinicApplication for test class org.springframework.samples.petclinic.acceptance.Cp30Tests
INFO  AnnotationConfigContextLoaderUtils - Could not detect default configuration classes for test class [org.springframework.samples.petclinic.acceptance.Cp30Tests]: Cp30Tests does not declare any static, non-private, non-final, nested classes annotated with @Configuration.
INFO  AnnotationConfigContextLoaderUtils - Could not detect default configuration classes for test class [org.springframework.samples.petclinic.acceptance.AcceptanceBase]: AcceptanceBase does not declare any static, non-private, non-final, nested classes annotated with @Configuration.
INFO  SpringBootTestContextBootstrapper - Found @SpringBootConfiguration org.springframework.samples.petclinic.PetClinicApplication for test class org.springframework.samples.petclinic.acceptance.Cp30Tests
INFO  AUDIT - owner created id=104 customerCode=NSW-95A1C217 registrationDate=2026-09-07 membershipLevel=1 membershipNumber=NSW-95A1C217-M26
INFO  AnnotationConfigContextLoaderUtils - Could not detect default configuration classes for test class [org.springframework.samples.petclinic.acceptance.Cp38Tests]: Cp38Tests does not declare any static, non-private, non-final, nested classes annotated with @Configuration.
INFO  SpringBootTestContextBootstrapper - Found @SpringBootConfiguration org.springframework.samples.petclinic.PetClinicApplication for test class org.springframework.samples.petclinic.acceptance.Cp38Tests
INFO  AnnotationConfigContextLoaderUtils - Could not detect default configuration classes for test class [org.springframework.samples.petclinic.acceptance.Cp38Tests]: Cp38Tests does not declare any static, non-private, non-final, nested classes annotated with @Configuration.
INFO  AnnotationConfigContextLoaderUtils - Could not detect default configuration classes for test class [org.springframework.samples.petclinic.acceptance.AcceptanceBase]: AcceptanceBase does not declare any static, non-private, non-final, nested classes annotated with @Configuration.
INFO  SpringBootTestContextBootstrapper - Found @SpringBootConfiguration org.springframework.samples.petclinic.PetClinicApplication for test class org.springframework.samples.petclinic.acceptance.Cp38Tests
INFO  AnnotationConfigContextLoaderUtils - Could not detect default configuration classes for test class [org.springframework.samples.petclinic.acceptance.Cp43Tests]: Cp43Tests does not declare any static, non-private, non-final, nested classes annotated with @Configuration.
INFO  SpringBootTestContextBootstrapper - Found @SpringBootConfiguration org.springframework.samples.petclinic.PetClinicApplication for test class org.springframework.samples.petclinic.acceptance.Cp43Tests
INFO  AnnotationConfigContextLoaderUtils - Could not detect default configuration classes for test class [org.springframework.samples.petclinic.acceptance.Cp43Tests]: Cp43Tests does not declare any static, non-private, non-final, nested classes annotated with @Configuration.
INFO  AnnotationConfigContextLoaderUtils - Could not detect default configuration classes for test class [org.springframework.samples.petclinic.acceptance.AcceptanceBase]: AcceptanceBase does not declare any static, non-private, non-final, nested classes annotated with @Configuration.
INFO  SpringBootTestContextBootstrapper - Found @SpringBootConfiguration org.springframework.samples.petclinic.PetClinicApplication for test class org.springframework.samples.petclinic.acceptance.Cp43Tests
INFO  AUDIT - owner created id=105 customerCode=NSW-AAA6E049 registrationDate=2026-09-07 membershipLevel=2 membershipNumber=NSW-AAA6E049-M26
INFO  AnnotationConfigContextLoaderUtils - Could not detect default configuration classes for test class [org.springframework.samples.petclinic.acceptance.Cp19Tests]: Cp19Tests does not declare any static, non-private, non-final, nested classes annotated with @Configuration.
INFO  SpringBootTestContextBootstrapper - Found @SpringBootConfiguration org.springframework.samples.petclinic.PetClinicApplication for test class org.springframework.samples.petclinic.acceptance.Cp19Tests
INFO  AnnotationConfigContextLoaderUtils - Could not detect default configuration classes for test class [org.springframework.samples.petclinic.acceptance.Cp19Tests]: Cp19Tests does not declare any static, non-private, non-final, nested classes annotated with @Configuration.
INFO  AnnotationConfigContextLoaderUtils - Could not detect default configuration classes for test class [org.springframework.samples.petclinic.acceptance.AcceptanceBase]: AcceptanceBase does not declare any static, non-private, non-final, nested classes annotated with @Configuration.
INFO  SpringBootTestContextBootstrapper - Found @SpringBootConfiguration org.springframework.samples.petclinic.PetClinicApplication for test class org.springframework.samples.petclinic.acceptance.Cp19Tests
INFO  AUDIT - owner created id=106 customerCode=UNKNOWN-AB9EC54D registrationDate=2026-09-07 membershipLevel=1 membershipNumber=UNKNOWN-AB9EC54D-M26
INFO  AUDIT - owner created id=107 customerCode=UNKNOWN-BFDAC29B registrationDate=2026-09-07 membershipLevel=1 membershipNumber=UNKNOWN-BFDAC29B-M26
INFO  AUDIT - owner created id=108 customerCode=UNKNOWN-6218C2DF registrationDate=2026-09-07 membershipLevel=1 membershipNumber=UNKNOWN-6218C2DF-M26
INFO  AUDIT - owner created id=109 customerCode=UNKNOWN-E8E17D4A registrationDate=2026-09-07 membershipLevel=1 membershipNumber=UNKNOWN-E8E17D4A-M26
INFO  AUDIT - owner created id=110 customerCode=UNKNOWN-E6FC6113 registrationDate=2026-09-07 membershipLevel=1 membershipNumber=UNKNOWN-E6FC6113-M26
INFO  AUDIT - owner created id=111 customerCode=UNKNOWN-2326F2FD registrationDate=2026-09-07 membershipLevel=1 membershipNumber=UNKNOWN-2326F2FD-M26
INFO  AUDIT - owner created id=112 customerCode=UNKNOWN-407D3907 registrationDate=2026-09-07 membershipLevel=1 membershipNumber=UNKNOWN-407D3907-M26
INFO  AUDIT - owner created id=113 customerCode=UNKNOWN-78788458 registrationDate=2026-09-07 membershipLevel=1 membershipNumber=UNKNOWN-78788458-M26
INFO  AUDIT - owner created id=114 customerCode=UNKNOWN-CB1902C0 registrationDate=2026-09-07 membershipLevel=1 membershipNumber=UNKNOWN-CB1902C0-M26
INFO  AUDIT - owner created id=115 customerCode=UNKNOWN-0D24E6AA registrationDate=2026-09-07 membershipLevel=1 membershipNumber=UNKNOWN-0D24E6AA-M26
INFO  AUDIT - owner created id=116 customerCode=UNKNOWN-8BB9B0F8 registrationDate=2026-09-07 membershipLevel=1 membershipNumber=UNKNOWN-8BB9B0F8-M26
INFO  AUDIT - owner created id=117 customerCode=UNKNOWN-9EC434D4 registrationDate=2026-09-07 membershipLevel=1 membershipNumber=UNKNOWN-9EC434D4-M26
INFO  AUDIT - owner created id=118 customerCode=UNKNOWN-AA771E49 registrationDate=2026-09-07 membershipLevel=1 membershipNumber=UNKNOWN-AA771E49-M26
INFO  AUDIT - owner created id=119 customerCode=UNKNOWN-DD931513 registrationDate=2026-09-07 membershipLevel=1 membershipNumber=UNKNOWN-DD931513-M26
INFO  AUDIT - owner created id=120 customerCode=UNKNOWN-EDB36FBB registrationDate=2026-09-07 membershipLevel=1 membershipNumber=UNKNOWN-EDB36FBB-M26
INFO  AUDIT - owner created id=121 customerCode=UNKNOWN-A1B7EA06 registrationDate=2026-09-07 membershipLevel=1 membershipNumber=UNKNOWN-A1B7EA06-M26
INFO  AUDIT - owner created id=122 customerCode=UNKNOWN-7C267430 registrationDate=2026-09-07 membershipLevel=1 membershipNumber=UNKNOWN-7C267430-M26
INFO  AUDIT - owner created id=123 customerCode=UNKNOWN-B3C1202E registrationDate=2026-09-07 membershipLevel=1 membershipNumber=UNKNOWN-B3C1202E-M26
INFO  AUDIT - owner created id=124 customerCode=UNKNOWN-649DB92D registrationDate=2026-09-07 membershipLevel=1 membershipNumber=UNKNOWN-649DB92D-M26
INFO  AUDIT - owner created id=125 customerCode=UNKNOWN-657A1BD1 registrationDate=2026-09-07 membershipLevel=1 membershipNumber=UNKNOWN-657A1BD1-M26
INFO  AUDIT - owner created id=126 customerCode=UNKNOWN-DDFC257E registrationDate=2026-09-07 membershipLevel=1 membershipNumber=UNKNOWN-DDFC257E-M26
INFO  AUDIT - owner created id=127 customerCode=UNKNOWN-F3A60E04 registrationDate=2026-09-07 membershipLevel=1 membershipNumber=UNKNOWN-F3A60E04-M26
INFO  AUDIT - owner created id=128 customerCode=UNKNOWN-3BF29EE4 registrationDate=2026-09-07 membershipLevel=1 membershipNumber=UNKNOWN-3BF29EE4-M26
INFO  AUDIT - owner created id=129 customerCode=UNKNOWN-6E47171F registrationDate=2026-09-07 membershipLevel=1 membershipNumber=UNKNOWN-6E47171F-M26
INFO  AUDIT - owner created id=130 customerCode=UNKNOWN-2CE25673 registrationDate=2026-09-07 membershipLevel=1 membershipNumber=UNKNOWN-2CE25673-M26
INFO  AUDIT - owner created id=131 customerCode=UNKNOWN-3C3BCD90 registrationDate=2026-09-07 membershipLevel=1 membershipNumber=UNKNOWN-3C3BCD90-M26
INFO  AUDIT - owner created id=132 customerCode=UNKNOWN-7711F7F0 registrationDate=2026-09-07 membershipLevel=1 membershipNumber=UNKNOWN-7711F7F0-M26
INFO  AUDIT - owner created id=133 customerCode=UNKNOWN-B6D21152 registrationDate=2026-09-07 membershipLevel=1 membershipNumber=UNKNOWN-B6D21152-M26
INFO  AUDIT - owner created id=134 customerCode=UNKNOWN-7306E5B1 registrationDate=2026-09-07 membershipLevel=1 membershipNumber=UNKNOWN-7306E5B1-M26
INFO  AUDIT - owner created id=135 customerCode=UNKNOWN-711CE495 registrationDate=2026-09-07 membershipLevel=1 membershipNumber=UNKNOWN-711CE495-M26
INFO  AUDIT - owner created id=136 customerCode=UNKNOWN-1D6AEE95 registrationDate=2026-09-07 membershipLevel=1 membershipNumber=UNKNOWN-1D6AEE95-M26
INFO  AUDIT - owner created id=137 customerCode=UNKNOWN-4F8D30B8 registrationDate=2026-09-07 membershipLevel=1 membershipNumber=UNKNOWN-4F8D30B8-M26
INFO  AUDIT - owner created id=138 customerCode=UNKNOWN-C07BBA7F registrationDate=2026-09-07 membershipLevel=1 membershipNumber=UNKNOWN-C07BBA7F-M26
INFO  AUDIT - owner created id=139 customerCode=UNKNOWN-F22F08F0 registrationDate=2026-09-07 membershipLevel=1 membershipNumber=UNKNOWN-F22F08F0-M26
INFO  AUDIT - owner created id=140 customerCode=UNKNOWN-5C4541F1 registrationDate=2026-09-07 membershipLevel=1 membershipNumber=UNKNOWN-5C4541F1-M26
INFO  AUDIT - owner created id=141 customerCode=UNKNOWN-70E3F088 registrationDate=2026-09-07 membershipLevel=1 membershipNumber=UNKNOWN-70E3F088-M26
INFO  AUDIT - owner created id=142 customerCode=UNKNOWN-CC149EB1 registrationDate=2026-09-07 membershipLevel=1 membershipNumber=UNKNOWN-CC149EB1-M26
INFO  AUDIT - owner created id=143 customerCode=UNKNOWN-6071D098 registrationDate=2026-09-07 membershipLevel=1 membershipNumber=UNKNOWN-6071D098-M26
INFO  AUDIT - owner created id=144 customerCode=UNKNOWN-A7245348 registrationDate=2026-09-07 membershipLevel=1 membershipNumber=UNKNOWN-A7245348-M26
INFO  AUDIT - owner created id=145 customerCode=UNKNOWN-B2CE0697 registrationDate=2026-09-07 membershipLevel=1 membershipNumber=UNKNOWN-B2CE0697-M26
INFO  AUDIT - owner created id=146 customerCode=UNKNOWN-186198E7 registrationDate=2026-09-07 membershipLevel=1 membershipNumber=UNKNOWN-186198E7-M26
INFO  AUDIT - owner created id=147 customerCode=UNKNOWN-2C1B4C3B registrationDate=2026-09-07 membershipLevel=1 membershipNumber=UNKNOWN-2C1B4C3B-M26
INFO  AUDIT - owner created id=148 customerCode=UNKNOWN-ACA20FF3 registrationDate=2026-09-07 membershipLevel=1 membershipNumber=UNKNOWN-ACA20FF3-M26
INFO  AUDIT - owner created id=149 customerCode=UNKNOWN-BD686857 registrationDate=2026-09-07 membershipLevel=1 membershipNumber=UNKNOWN-BD686857-M26
INFO  AUDIT - owner created id=150 customerCode=UNKNOWN-CA29D710 registrationDate=2026-09-07 membershipLevel=1 membershipNumber=UNKNOWN-CA29D710-M26
INFO  AUDIT - owner created id=151 customerCode=UNKNOWN-E952EFA6 registrationDate=2026-09-07 membershipLevel=1 membershipNumber=UNKNOWN-E952EFA6-M26
INFO  AUDIT - owner created id=152 customerCode=UNKNOWN-70799067 registrationDate=2026-09-07 membershipLevel=1 membershipNumber=UNKNOWN-70799067-M26
INFO  AUDIT - owner created id=153 customerCode=UNKNOWN-3123884A registrationDate=2026-09-07 membershipLevel=1 membershipNumber=UNKNOWN-3123884A-M26
INFO  AUDIT - owner created id=154 customerCode=UNKNOWN-47C58784 registrationDate=2026-09-07 membershipLevel=1 membershipNumber=UNKNOWN-47C58784-M26
INFO  AUDIT - owner created id=155 customerCode=UNKNOWN-ADC8331E registrationDate=2026-09-07 membershipLevel=1 membershipNumber=UNKNOWN-ADC8331E-M26
INFO  AUDIT - owner created id=156 customerCode=UNKNOWN-72A0D679 registrationDate=2026-09-07 membershipLevel=1 membershipNumber=UNKNOWN-72A0D679-M26
INFO  AUDIT - owner created id=157 customerCode=UNKNOWN-48F4AFF4 registrationDate=2026-09-07 membershipLevel=1 membershipNumber=UNKNOWN-48F4AFF4-M26
INFO  AUDIT - owner created id=158 customerCode=UNKNOWN-AD07A156 registrationDate=2026-09-07 membershipLevel=1 membershipNumber=UNKNOWN-AD07A156-M26
INFO  AUDIT - owner created id=159 customerCode=UNKNOWN-354A33BC registrationDate=2026-09-07 membershipLevel=1 membershipNumber=UNKNOWN-354A33BC-M26
INFO  AUDIT - owner created id=160 customerCode=UNKNOWN-ED0A40B8 registrationDate=2026-09-07 membershipLevel=1 membershipNumber=UNKNOWN-ED0A40B8-M26
INFO  AUDIT - owner created id=161 customerCode=UNKNOWN-E68A2053 registrationDate=2026-09-07 membershipLevel=1 membershipNumber=UNKNOWN-E68A2053-M26
INFO  AUDIT - owner created id=162 customerCode=UNKNOWN-57A38568 registrationDate=2026-09-07 membershipLevel=1 membershipNumber=UNKNOWN-57A38568-M26
INFO  AUDIT - owner created id=163 customerCode=UNKNOWN-707A9958 registrationDate=2026-09-07 membershipLevel=1 membershipNumber=UNKNOWN-707A9958-M26
INFO  AUDIT - owner created id=164 customerCode=UNKNOWN-56754408 registrationDate=2026-09-07 membershipLevel=1 membershipNumber=UNKNOWN-56754408-M26
INFO  AUDIT - owner created id=165 customerCode=UNKNOWN-357D6304 registrationDate=2026-09-07 membershipLevel=1 membershipNumber=UNKNOWN-357D6304-M26
INFO  AUDIT - owner created id=166 customerCode=UNKNOWN-5D8E2AF9 registrationDate=2026-09-07 membershipLevel=1 membershipNumber=UNKNOWN-5D8E2AF9-M26
INFO  AUDIT - owner created id=167 customerCode=UNKNOWN-19838CEE registrationDate=2026-09-07 membershipLevel=1 membershipNumber=UNKNOWN-19838CEE-M26
INFO  AUDIT - owner created id=168 customerCode=UNKNOWN-FF6900A1 registrationDate=2026-09-07 membershipLevel=1 membershipNumber=UNKNOWN-FF6900A1-M26
INFO  AUDIT - owner created id=169 customerCode=UNKNOWN-C1A55309 registrationDate=2026-09-07 membershipLevel=1 membershipNumber=UNKNOWN-C1A55309-M26
INFO  AUDIT - owner created id=170 customerCode=UNKNOWN-45BF0164 registrationDate=2026-09-07 membershipLevel=1 membershipNumber=UNKNOWN-45BF0164-M26
INFO  AUDIT - owner created id=171 customerCode=UNKNOWN-1A221EB4 registrationDate=2026-09-07 membershipLevel=1 membershipNumber=UNKNOWN-1A221EB4-M26
INFO  AUDIT - owner created id=172 customerCode=UNKNOWN-46D52422 registrationDate=2026-09-07 membershipLevel=1 membershipNumber=UNKNOWN-46D52422-M26
INFO  AUDIT - owner created id=173 customerCode=UNKNOWN-B35B6BAD registrationDate=2026-09-07 membershipLevel=1 membershipNumber=UNKNOWN-B35B6BAD-M26
INFO  AUDIT - owner created id=174 customerCode=UNKNOWN-BE1C3980 registrationDate=2026-09-07 membershipLevel=1 membershipNumber=UNKNOWN-BE1C3980-M26
INFO  AUDIT - owner created id=175 customerCode=UNKNOWN-15298C50 registrationDate=2026-09-07 membershipLevel=1 membershipNumber=UNKNOWN-15298C50-M26
INFO  AUDIT - owner created id=176 customerCode=UNKNOWN-2FB210DB registrationDate=2026-09-07 membershipLevel=1 membershipNumber=UNKNOWN-2FB210DB-M26
INFO  AUDIT - owner created id=177 customerCode=UNKNOWN-F1BE4DA8 registrationDate=2026-09-07 membershipLevel=1 membershipNumber=UNKNOWN-F1BE4DA8-M26
INFO  AUDIT - owner created id=178 customerCode=UNKNOWN-4AECA990 registrationDate=2026-09-07 membershipLevel=1 membershipNumber=UNKNOWN-4AECA990-M26
INFO  AUDIT - owner created id=179 customerCode=UNKNOWN-CC3C73F8 registrationDate=2026-09-07 membershipLevel=1 membershipNumber=UNKNOWN-CC3C73F8-M26
INFO  AUDIT - owner created id=180 customerCode=UNKNOWN-364A2860 registrationDate=2026-09-07 membershipLevel=1 membershipNumber=UNKNOWN-364A2860-M26
INFO  AUDIT - owner created id=181 customerCode=UNKNOWN-0F9B3AB2 registrationDate=2026-09-07 membershipLevel=1 membershipNumber=UNKNOWN-0F9B3AB2-M26
INFO  AUDIT - owner created id=182 customerCode=UNKNOWN-244E302D registrationDate=2026-09-07 membershipLevel=1 membershipNumber=UNKNOWN-244E302D-M26
INFO  AUDIT - owner created id=183 customerCode=UNKNOWN-69C34431 registrationDate=2026-09-07 membershipLevel=1 membershipNumber=UNKNOWN-69C34431-M26
INFO  AUDIT - owner created id=184 customerCode=UNKNOWN-E19EA5E7 registrationDate=2026-09-07 membershipLevel=1 membershipNumber=UNKNOWN-E19EA5E7-M26
INFO  AUDIT - owner created id=185 customerCode=UNKNOWN-ADD2DD31 registrationDate=2026-09-07 membershipLevel=1 membershipNumber=UNKNOWN-ADD2DD31-M26
INFO  AUDIT - owner created id=186 customerCode=UNKNOWN-BE219C17 registrationDate=2026-09-07 membershipLevel=1 membershipNumber=UNKNOWN-BE219C17-M26
INFO  AUDIT - owner created id=187 customerCode=UNKNOWN-5C0BD591 registrationDate=2026-09-07 membershipLevel=1 membershipNumber=UNKNOWN-5C0BD591-M26
INFO  AUDIT - owner created id=188 customerCode=UNKNOWN-B0652E28 registrationDate=2026-09-07 membershipLevel=1 membershipNumber=UNKNOWN-B0652E28-M26
INFO  AUDIT - owner created id=189 customerCode=UNKNOWN-6A778911 registrationDate=2026-09-07 membershipLevel=1 membershipNumber=UNKNOWN-6A778911-M26
INFO  AUDIT - owner created id=190 customerCode=UNKNOWN-77C2CA6F registrationDate=2026-09-07 membershipLevel=1 membershipNumber=UNKNOWN-77C2CA6F-M26
INFO  AUDIT - owner created id=191 customerCode=UNKNOWN-E6994522 registrationDate=2026-09-07 membershipLevel=1 membershipNumber=UNKNOWN-E6994522-M26
INFO  AUDIT - owner created id=192 customerCode=UNKNOWN-F306C662 registrationDate=2026-09-07 membershipLevel=1 membershipNumber=UNKNOWN-F306C662-M26
INFO  AUDIT - owner created id=193 customerCode=UNKNOWN-F6C44FBD registrationDate=2026-09-07 membershipLevel=1 membershipNumber=UNKNOWN-F6C44FBD-M26
INFO  AUDIT - owner created id=194 customerCode=UNKNOWN-DB466167 registrationDate=2026-09-07 membershipLevel=1 membershipNumber=UNKNOWN-DB466167-M26
INFO  AUDIT - owner created id=195 customerCode=UNKNOWN-66AF52FE registrationDate=2026-09-07 membershipLevel=1 membershipNumber=UNKNOWN-66AF52FE-M26
INFO  AUDIT - owner created id=196 customerCode=UNKNOWN-8C53CFAE registrationDate=2026-09-07 membershipLevel=1 membershipNumber=UNKNOWN-8C53CFAE-M26
INFO  AUDIT - owner created id=197 customerCode=UNKNOWN-44E1E1E9 registrationDate=2026-09-07 membershipLevel=1 membershipNumber=UNKNOWN-44E1E1E9-M26
INFO  AUDIT - owner created id=198 customerCode=UNKNOWN-0E8076A4 registrationDate=2026-09-07 membershipLevel=1 membershipNumber=UNKNOWN-0E8076A4-M26
INFO  AUDIT - owner created id=199 customerCode=UNKNOWN-9AF3C23C registrationDate=2026-09-07 membershipLevel=1 membershipNumber=UNKNOWN-9AF3C23C-M26
INFO  AUDIT - owner created id=200 customerCode=UNKNOWN-4ADF9120 registrationDate=2026-09-07 membershipLevel=1 membershipNumber=UNKNOWN-4ADF9120-M26
INFO  AUDIT - owner created id=201 customerCode=UNKNOWN-B7EF6264 registrationDate=2026-09-07 membershipLevel=1 membershipNumber=UNKNOWN-B7EF6264-M26
INFO  AUDIT - owner created id=202 customerCode=UNKNOWN-16D21E2C registrationDate=2026-09-07 membershipLevel=1 membershipNumber=UNKNOWN-16D21E2C-M26
INFO  AUDIT - owner created id=203 customerCode=UNKNOWN-2C66F4AC registrationDate=2026-09-07 membershipLevel=1 membershipNumber=UNKNOWN-2C66F4AC-M26
INFO  AUDIT - owner created id=204 customerCode=UNKNOWN-1C2670BE registrationDate=2026-09-07 membershipLevel=1 membershipNumber=UNKNOWN-1C2670BE-M26
INFO  AUDIT - owner created id=205 customerCode=UNKNOWN-E792CEF4 registrationDate=2026-09-07 membershipLevel=1 membershipNumber=UNKNOWN-E792CEF4-M26
INFO  AnnotationConfigContextLoaderUtils - Could not detect default configuration classes for test class [org.springframework.samples.petclinic.acceptance.Cp22Tests]: Cp22Tests does not declare any static, non-private, non-final, nested classes annotated with @Configuration.
INFO  SpringBootTestContextBootstrapper - Found @SpringBootConfiguration org.springframework.samples.petclinic.PetClinicApplication for test class org.springframework.samples.petclinic.acceptance.Cp22Tests
INFO  AnnotationConfigContextLoaderUtils - Could not detect default configuration classes for test class [org.springframework.samples.petclinic.acceptance.Cp22Tests]: Cp22Tests does not declare any static, non-private, non-final, nested classes annotated with @Configuration.
INFO  AnnotationConfigContextLoaderUtils - Could not detect default configuration classes for test class [org.springframework.samples.petclinic.acceptance.AcceptanceBase]: AcceptanceBase does not declare any static, non-private, non-final, nested classes annotated with @Configuration.
INFO  SpringBootTestContextBootstrapper - Found @SpringBootConfiguration org.springframework.samples.petclinic.PetClinicApplication for test class org.springframework.samples.petclinic.acceptance.Cp22Tests
INFO  AUDIT - owner created id=206 customerCode=UNKNOWN-D8812249 registrationDate=2026-09-07 membershipLevel=1 membershipNumber=UNKNOWN-D8812249-M26
INFO  AnnotationConfigContextLoaderUtils - Could not detect default configuration classes for test class [org.springframework.samples.petclinic.acceptance.Cp13Tests]: Cp13Tests does not declare any static, non-private, non-final, nested classes annotated with @Configuration.
INFO  SpringBootTestContextBootstrapper - Found @SpringBootConfiguration org.springframework.samples.petclinic.PetClinicApplication for test class org.springframework.samples.petclinic.acceptance.Cp13Tests
INFO  AnnotationConfigContextLoaderUtils - Could not detect default configuration classes for test class [org.springframework.samples.petclinic.acceptance.Cp13Tests]: Cp13Tests does not declare any static, non-private, non-final, nested classes annotated with @Configuration.
INFO  AnnotationConfigContextLoaderUtils - Could not detect default configuration classes for test class [org.springframework.samples.petclinic.acceptance.AcceptanceBase]: AcceptanceBase does not declare any static, non-private, non-final, nested classes annotated with @Configuration.
INFO  SpringBootTestContextBootstrapper - Found @SpringBootConfiguration org.springframework.samples.petclinic.PetClinicApplication for test class org.springframework.samples.petclinic.acceptance.Cp13Tests
INFO  AUDIT - owner created id=207 customerCode=NSW-74889D86 registrationDate=2026-09-07 membershipLevel=1 membershipNumber=NSW-74889D86-M26
INFO  AUDIT - owner created id=208 customerCode=NSW-822BD8E4 registrationDate=2026-09-07 membershipLevel=1 membershipNumber=NSW-822BD8E4-M26
INFO  AnnotationConfigContextLoaderUtils - Could not detect default configuration classes for test class [org.springframework.samples.petclinic.acceptance.Cp01Tests]: Cp01Tests does not declare any static, non-private, non-final, nested classes annotated with @Configuration.
INFO  SpringBootTestContextBootstrapper - Found @SpringBootConfiguration org.springframework.samples.petclinic.PetClinicApplication for test class org.springframework.samples.petclinic.acceptance.Cp01Tests
INFO  AnnotationConfigContextLoaderUtils - Could not detect default configuration classes for test class [org.springframework.samples.petclinic.acceptance.Cp01Tests]: Cp01Tests does not declare any static, non-private, non-final, nested classes annotated with @Configuration.
INFO  AnnotationConfigContextLoaderUtils - Could not detect default configuration classes for test class [org.springframework.samples.petclinic.acceptance.AcceptanceBase]: AcceptanceBase does not declare any static, non-private, non-final, nested classes annotated with @Configuration.
INFO  SpringBootTestContextBootstrapper - Found @SpringBootConfiguration org.springframework.samples.petclinic.PetClinicApplication for test class org.springframework.samples.petclinic.acceptance.Cp01Tests
DEBUG ExceptionControllerAdvice - Validation error at POST /api/owners: [Field error in object 'ownerFieldsDto' on field 'city': rejected value [null]; codes [NotNull.ownerFieldsDto.city,NotNull.city,NotNull.java.lang.String,NotNull]; arguments [org.springframework.context.support.DefaultMessageSourceResolvable: codes [ownerFieldsDto.city,city]; arguments []; default message [city]]; default message [must not be null]]
INFO  AnnotationConfigContextLoaderUtils - Could not detect default configuration classes for test class [org.springframework.samples.petclinic.acceptance.Cp34Tests]: Cp34Tests does not declare any static, non-private, non-final, nested classes annotated with @Configuration.
INFO  SpringBootTestContextBootstrapper - Found @SpringBootConfiguration org.springframework.samples.petclinic.PetClinicApplication for test class org.springframework.samples.petclinic.acceptance.Cp34Tests
INFO  AnnotationConfigContextLoaderUtils - Could not detect default configuration classes for test class [org.springframework.samples.petclinic.acceptance.Cp34Tests]: Cp34Tests does not declare any static, non-private, non-final, nested classes annotated with @Configuration.
INFO  AnnotationConfigContextLoaderUtils - Could not detect default configuration classes for test class [org.springframework.samples.petclinic.acceptance.AcceptanceBase]: AcceptanceBase does not declare any static, non-private, non-final, nested classes annotated with @Configuration.
INFO  SpringBootTestContextBootstrapper - Found @SpringBootConfiguration org.springframework.samples.petclinic.PetClinicApplication for test class org.springframework.samples.petclinic.acceptance.Cp34Tests
INFO  AUDIT - owner created id=209 customerCode=UNKNOWN-C59B81EC registrationDate=2026-09-07 membershipLevel=1 membershipNumber=UNKNOWN-C59B81EC-M26
INFO  AnnotationConfigContextLoaderUtils - Could not detect default configuration classes for test class [org.springframework.samples.petclinic.acceptance.Cp35Tests]: Cp35Tests does not declare any static, non-private, non-final, nested classes annotated with @Configuration.
INFO  SpringBootTestContextBootstrapper - Found @SpringBootConfiguration org.springframework.samples.petclinic.PetClinicApplication for test class org.springframework.samples.petclinic.acceptance.Cp35Tests
INFO  AnnotationConfigContextLoaderUtils - Could not detect default configuration classes for test class [org.springframework.samples.petclinic.acceptance.Cp35Tests]: Cp35Tests does not declare any static, non-private, non-final, nested classes annotated with @Configuration.
INFO  AnnotationConfigContextLoaderUtils - Could not detect default configuration classes for test class [org.springframework.samples.petclinic.acceptance.AcceptanceBase]: AcceptanceBase does not declare any static, non-private, non-final, nested classes annotated with @Configuration.
INFO  SpringBootTestContextBootstrapper - Found @SpringBootConfiguration org.springframework.samples.petclinic.PetClinicApplication for test class org.springframework.samples.petclinic.acceptance.Cp35Tests
INFO  AUDIT - owner created id=210 customerCode=NSW-1304FE44 registrationDate=2026-09-07 membershipLevel=1 membershipNumber=NSW-1304FE44-M26
INFO  AUDIT - owner created id=211 customerCode=NSW-1886553D registrationDate=2026-09-07 membershipLevel=1 membershipNumber=NSW-1886553D-M26
INFO  AUDIT - owner created id=212 customerCode=NSW-C3C7CCC5 registrationDate=2026-09-07 membershipLevel=1 membershipNumber=NSW-C3C7CCC5-M26
INFO  AnnotationConfigContextLoaderUtils - Could not detect default configuration classes for test class [org.springframework.samples.petclinic.acceptance.Cp02Tests]: Cp02Tests does not declare any static, non-private, non-final, nested classes annotated with @Configuration.
INFO  SpringBootTestContextBootstrapper - Found @SpringBootConfiguration org.springframework.samples.petclinic.PetClinicApplication for test class org.springframework.samples.petclinic.acceptance.Cp02Tests
INFO  AnnotationConfigContextLoaderUtils - Could not detect default configuration classes for test class [org.springframework.samples.petclinic.acceptance.Cp02Tests]: Cp02Tests does not declare any static, non-private, non-final, nested classes annotated with @Configuration.
INFO  AnnotationConfigContextLoaderUtils - Could not detect default configuration classes for test class [org.springframework.samples.petclinic.acceptance.AcceptanceBase]: AcceptanceBase does not declare any static, non-private, non-final, nested classes annotated with @Configuration.
INFO  SpringBootTestContextBootstrapper - Found @SpringBootConfiguration org.springframework.samples.petclinic.PetClinicApplication for test class org.springframework.samples.petclinic.acceptance.Cp02Tests
INFO  AUDIT - owner created id=213 customerCode=UNKNOWN-F0635E29 registrationDate=2026-09-07 membershipLevel=1 membershipNumber=UNKNOWN-F0635E29-M26
INFO  AnnotationConfigContextLoaderUtils - Could not detect default configuration classes for test class [org.springframework.samples.petclinic.acceptance.Cp15Tests]: Cp15Tests does not declare any static, non-private, non-final, nested classes annotated with @Configuration.
INFO  SpringBootTestContextBootstrapper - Found @SpringBootConfiguration org.springframework.samples.petclinic.PetClinicApplication for test class org.springframework.samples.petclinic.acceptance.Cp15Tests
INFO  AnnotationConfigContextLoaderUtils - Could not detect default configuration classes for test class [org.springframework.samples.petclinic.acceptance.Cp15Tests]: Cp15Tests does not declare any static, non-private, non-final, nested classes annotated with @Configuration.
INFO  AnnotationConfigContextLoaderUtils - Could not detect default configuration classes for test class [org.springframework.samples.petclinic.acceptance.AcceptanceBase]: AcceptanceBase does not declare any static, non-private, non-final, nested classes annotated with @Configuration.
INFO  SpringBootTestContextBootstrapper - Found @SpringBootConfiguration org.springframework.samples.petclinic.PetClinicApplication for test class org.springframework.samples.petclinic.acceptance.Cp15Tests
INFO  AUDIT - owner created id=214 customerCode=UNKNOWN-3C1EC3A5 registrationDate=2026-09-07 membershipLevel=2 membershipNumber=UNKNOWN-3C1EC3A5-M26
INFO  AnnotationConfigContextLoaderUtils - Could not detect default configuration classes for test class [org.springframework.samples.petclinic.acceptance.Cp10Tests]: Cp10Tests does not declare any static, non-private, non-final, nested classes annotated with @Configuration.
INFO  SpringBootTestContextBootstrapper - Found @SpringBootConfiguration org.springframework.samples.petclinic.PetClinicApplication for test class org.springframework.samples.petclinic.acceptance.Cp10Tests
INFO  AnnotationConfigContextLoaderUtils - Could not detect default configuration classes for test class [org.springframework.samples.petclinic.acceptance.Cp10Tests]: Cp10Tests does not declare any static, non-private, non-final, nested classes annotated with @Configuration.
INFO  AnnotationConfigContextLoaderUtils - Could not detect default configuration classes for test class [org.springframework.samples.petclinic.acceptance.AcceptanceBase]: AcceptanceBase does not declare any static, non-private, non-final, nested classes annotated with @Configuration.
INFO  SpringBootTestContextBootstrapper - Found @SpringBootConfiguration org.springframework.samples.petclinic.PetClinicApplication for test class org.springframework.samples.petclinic.acceptance.Cp10Tests
INFO  AUDIT - owner created id=215 customerCode=NSW-28924AF8 registrationDate=2026-09-07 membershipLevel=1 membershipNumber=NSW-28924AF8-M26
INFO  AnnotationConfigContextLoaderUtils - Could not detect default configuration classes for test class [org.springframework.samples.petclinic.acceptance.Cp26Tests]: Cp26Tests does not declare any static, non-private, non-final, nested classes annotated with @Configuration.
INFO  SpringBootTestContextBootstrapper - Found @SpringBootConfiguration org.springframework.samples.petclinic.PetClinicApplication for test class org.springframework.samples.petclinic.acceptance.Cp26Tests
INFO  AnnotationConfigContextLoaderUtils - Could not detect default configuration classes for test class [org.springframework.samples.petclinic.acceptance.Cp26Tests]: Cp26Tests does not declare any static, non-private, non-final, nested classes annotated with @Configuration.
INFO  AnnotationConfigContextLoaderUtils - Could not detect default configuration classes for test class [org.springframework.samples.petclinic.acceptance.AcceptanceBase]: AcceptanceBase does not declare any static, non-private, non-final, nested classes annotated with @Configuration.
INFO  SpringBootTestContextBootstrapper - Found @SpringBootConfiguration org.springframework.samples.petclinic.PetClinicApplication for test class org.springframework.samples.petclinic.acceptance.Cp26Tests
INFO  AnnotationConfigContextLoaderUtils - Could not detect default configuration classes for test class [org.springframework.samples.petclinic.acceptance.Cp06Tests]: Cp06Tests does not declare any static, non-private, non-final, nested classes annotated with @Configuration.
INFO  SpringBootTestContextBootstrapper - Found @SpringBootConfiguration org.springframework.samples.petclinic.PetClinicApplication for test class org.springframework.samples.petclinic.acceptance.Cp06Tests
INFO  AnnotationConfigContextLoaderUtils - Could not detect default configuration classes for test class [org.springframework.samples.petclinic.acceptance.Cp06Tests]: Cp06Tests does not declare any static, non-private, non-final, nested classes annotated with @Configuration.
INFO  AnnotationConfigContextLoaderUtils - Could not detect default configuration classes for test class [org.springframework.samples.petclinic.acceptance.AcceptanceBase]: AcceptanceBase does not declare any static, non-private, non-final, nested classes annotated with @Configuration.
INFO  SpringBootTestContextBootstrapper - Found @SpringBootConfiguration org.springframework.samples.petclinic.PetClinicApplication for test class org.springframework.samples.petclinic.acceptance.Cp06Tests
INFO  AUDIT - owner created id=216 customerCode=UNKNOWN-F9FCB354 registrationDate=2026-09-07 membershipLevel=1 membershipNumber=UNKNOWN-F9FCB354-M26
INFO  AnnotationConfigContextLoaderUtils - Could not detect default configuration classes for test class [org.springframework.samples.petclinic.acceptance.Cp45Tests]: Cp45Tests does not declare any static, non-private, non-final, nested classes annotated with @Configuration.
INFO  SpringBootTestContextBootstrapper - Found @SpringBootConfiguration org.springframework.samples.petclinic.PetClinicApplication for test class org.springframework.samples.petclinic.acceptance.Cp45Tests
INFO  AnnotationConfigContextLoaderUtils - Could not detect default configuration classes for test class [org.springframework.samples.petclinic.acceptance.Cp45Tests]: Cp45Tests does not declare any static, non-private, non-final, nested classes annotated with @Configuration.
INFO  AnnotationConfigContextLoaderUtils - Could not detect default configuration classes for test class [org.springframework.samples.petclinic.acceptance.AcceptanceBase]: AcceptanceBase does not declare any static, non-private, non-final, nested classes annotated with @Configuration.
INFO  SpringBootTestContextBootstrapper - Found @SpringBootConfiguration org.springframework.samples.petclinic.PetClinicApplication for test class org.springframework.samples.petclinic.acceptance.Cp45Tests
INFO  AUDIT - owner created id=217 customerCode=NSW-88F6B746 registrationDate=2026-09-07 membershipLevel=1 membershipNumber=NSW-88F6B746-M26
INFO  AnnotationConfigContextLoaderUtils - Could not detect default configuration classes for test class [org.springframework.samples.petclinic.acceptance.Cp16Tests]: Cp16Tests does not declare any static, non-private, non-final, nested classes annotated with @Configuration.
INFO  SpringBootTestContextBootstrapper - Found @SpringBootConfiguration org.springframework.samples.petclinic.PetClinicApplication for test class org.springframework.samples.petclinic.acceptance.Cp16Tests
INFO  AnnotationConfigContextLoaderUtils - Could not detect default configuration classes for test class [org.springframework.samples.petclinic.acceptance.Cp16Tests]: Cp16Tests does not declare any static, non-private, non-final, nested classes annotated with @Configuration.
INFO  AnnotationConfigContextLoaderUtils - Could not detect default configuration classes for test class [org.springframework.samples.petclinic.acceptance.AcceptanceBase]: AcceptanceBase does not declare any static, non-private, non-final, nested classes annotated with @Configuration.
INFO  SpringBootTestContextBootstrapper - Found @SpringBootConfiguration org.springframework.samples.petclinic.PetClinicApplication for test class org.springframework.samples.petclinic.acceptance.Cp16Tests
INFO  AUDIT - owner created id=218 customerCode=NSW-6AB57582 registrationDate=2026-09-07 membershipLevel=1 membershipNumber=NSW-6AB57582-M26
INFO  AnnotationConfigContextLoaderUtils - Could not detect default configuration classes for test class [org.springframework.samples.petclinic.acceptance.Cp20Tests]: Cp20Tests does not declare any static, non-private, non-final, nested classes annotated with @Configuration.
INFO  SpringBootTestContextBootstrapper - Found @SpringBootConfiguration org.springframework.samples.petclinic.PetClinicApplication for test class org.springframework.samples.petclinic.acceptance.Cp20Tests
INFO  AnnotationConfigContextLoaderUtils - Could not detect default configuration classes for test class [org.springframework.samples.petclinic.acceptance.Cp20Tests]: Cp20Tests does not declare any static, non-private, non-final, nested classes annotated with @Configuration.
INFO  AnnotationConfigContextLoaderUtils - Could not detect default configuration classes for test class [org.springframework.samples.petclinic.acceptance.AcceptanceBase]: AcceptanceBase does not declare any static, non-private, non-final, nested classes annotated with @Configuration.
INFO  SpringBootTestContextBootstrapper - Found @SpringBootConfiguration org.springframework.samples.petclinic.PetClinicApplication for test class org.springframework.samples.petclinic.acceptance.Cp20Tests
INFO  AUDIT - owner created id=219 customerCode=UNKNOWN-E3225D3E registrationDate=2026-09-07 membershipLevel=1 membershipNumber=UNKNOWN-E3225D3E-M26
INFO  AnnotationConfigContextLoaderUtils - Could not detect default configuration classes for test class [org.springframework.samples.petclinic.acceptance.Cp17Tests]: Cp17Tests does not declare any static, non-private, non-final, nested classes annotated with @Configuration.
INFO  SpringBootTestContextBootstrapper - Found @SpringBootConfiguration org.springframework.samples.petclinic.PetClinicApplication for test class org.springframework.samples.petclinic.acceptance.Cp17Tests
INFO  AnnotationConfigContextLoaderUtils - Could not detect default configuration classes for test class [org.springframework.samples.petclinic.acceptance.Cp17Tests]: Cp17Tests does not declare any static, non-private, non-final, nested classes annotated with @Configuration.
INFO  AnnotationConfigContextLoaderUtils - Could not detect default configuration classes for test class [org.springframework.samples.petclinic.acceptance.AcceptanceBase]: AcceptanceBase does not declare any static, non-private, non-final, nested classes annotated with @Configuration.
INFO  SpringBootTestContextBootstrapper - Found @SpringBootConfiguration org.springframework.samples.petclinic.PetClinicApplication for test class org.springframework.samples.petclinic.acceptance.Cp17Tests
INFO  AUDIT - owner created id=220 customerCode=NSW-E9604FA6 registrationDate=2026-09-07 membershipLevel=1 membershipNumber=NSW-E9604FA6-M26
[ERROR] Failures: 
[ERROR]   Cp28Tests.coreIdentityCollisionWithComputedHousehold:20 Status expected:<409> but was:<201>
[ERROR]   Cp29Tests.errorRejectsOutOfRangePostcode:26 Status expected:<400> but was:<201>
[ERROR] Tests run: 59, Failures: 2, Errors: 0, Skipped: 0
[ERROR] Failed to execute goal org.apache.maven.plugins:maven-surefire-plugin:3.5.6:test (default-test) on project spring-petclinic-rest: There are test failures.
[ERROR] 
[ERROR] See /home/daniel/sandbox/target/surefire-reports for the individual test results.
[ERROR] See dump files (if any exist) [date].dump, [date]-jvmRun[N].dump and [date].dumpstream.
[ERROR] -> [Help 1]
[ERROR] 
[ERROR] To see the full stack trace of the errors, re-run Maven with the -e switch.
[ERROR] Re-run Maven using the -X switch to enable full debug logging.
[ERROR] 
[ERROR] For more information about the errors and possible solutions, please read the following articles:
[ERROR] [Help 1] http://cwiki.apache.org/confluence/display/MAVEN/MojoFailureException
OpenJDK 64-Bit Server VM warning: Sharing is only supported for boot loader classes because bootstrap classpath has been appended
