$ ./mvnw -q -B -DskipTests test-compile
############################################################################################
# Thanks for using OpenAPI Generator.                                                      #
# We appreciate your support! Please consider donation to help us maintain this project.   #
# https://opencollective.com/openapi_generator/donate                                      #
############################################################################################

$ ./mvnw -q -B -Dgroups=cp01,cp02,cp03,cp04,cp05,cp06,cp07,cp08,cp09,cp10,cp11,cp12,cp13,cp14,cp15,cp16,cp17,cp18,cp19,cp20,cp21,cp22,cp23,cp24,cp25,cp26,cp27,cp28,cp29,cp30,cp31,cp32,cp33,cp34,cp35,cp36,cp37,cp38,cp39,cp40,cp41,cp42,cp43,cp44,cp45,cp46,cp47,cp48,cp49,cp50 test
############################################################################################
# Thanks for using OpenAPI Generator.                                                      #
# We appreciate your support! Please consider donation to help us maintain this project.   #
# https://opencollective.com/openapi_generator/donate                                      #
############################################################################################
INFO  AnnotationConfigContextLoaderUtils - Could not detect default configuration classes for test class [org.springframework.samples.petclinic.acceptance.Cp17Tests]: Cp17Tests does not declare any static, non-private, non-final, nested classes annotated with @Configuration.
INFO  SpringBootTestContextBootstrapper - Found @SpringBootConfiguration org.springframework.samples.petclinic.PetClinicApplication for test class org.springframework.samples.petclinic.acceptance.Cp17Tests
INFO  AnnotationConfigContextLoaderUtils - Could not detect default configuration classes for test class [org.springframework.samples.petclinic.acceptance.Cp17Tests]: Cp17Tests does not declare any static, non-private, non-final, nested classes annotated with @Configuration.
INFO  AnnotationConfigContextLoaderUtils - Could not detect default configuration classes for test class [org.springframework.samples.petclinic.acceptance.AcceptanceBase]: AcceptanceBase does not declare any static, non-private, non-final, nested classes annotated with @Configuration.
INFO  SpringBootTestContextBootstrapper - Found @SpringBootConfiguration org.springframework.samples.petclinic.PetClinicApplication for test class org.springframework.samples.petclinic.acceptance.Cp17Tests

  .   ____          _            __ _ _
 /\\ / ___'_ __ _ _(_)_ __  __ _ \ \ \ \
( ( )\___ | '_ | '_| | '_ \/ _` | \ \ \ \
 \\/  ___)| |_)| | | | | || (_| |  ) ) ) )
  '  |____| .__|_| |_|_| |_\__, | / / / /
 =========|_|==============|___/=/_/_/_/

 :: Spring Boot ::                (v4.1.0)

INFO  Cp17Tests - Starting Cp17Tests using Java 17.0.20 with PID 2261543 (started by daniel in /home/daniel/sandbox)
DEBUG Cp17Tests - Running with Spring Boot v4.1.0, Spring v7.0.8
INFO  Cp17Tests - The following 2 profiles are active: "hsqldb", "spring-data-jpa"
INFO  Version - HV000001: Hibernate Validator 9.1.0.Final
INFO  RepositoryConfigurationDelegate - Bootstrapping Spring Data JPA repositories in DEFAULT mode.
INFO  RepositoryConfigurationDelegate - Finished Spring Data repository scanning in 70 ms. Found 7 JPA repository interfaces.
INFO  HikariDataSource - HikariPool-1 - Starting...
INFO  PoolBase - HikariPool-1 - Driver does not support get/set network timeout for connections. (feature not supported)
INFO  HikariPool - HikariPool-1 - Added connection org.hsqldb.jdbc.JDBCConnection@642bfa5e
INFO  HikariDataSource - HikariPool-1 - Start completed.
INFO  jpa - HHH008540: Processing PersistenceUnitInfo [name: default]
INFO  core - HHH000001: Hibernate ORM core version 7.4.1.Final
INFO  SpringPersistenceUnitInfo - No LoadTimeWeaver setup: ignoring JPA class transformer
INFO  pooling - HHH10001005: Database info:
	Database JDBC URL [jdbc:hsqldb:mem:petclinic]
	Database driver: HSQL Database Engine Driver
	Database dialect: HSQLDialect
	Database version: 2.7.3
	Default catalog/schema: PUBLIC/PUBLIC
	Autocommit mode: undefined/unknown
	Isolation level: READ_COMMITTED [default READ_COMMITTED]
	JDBC fetch size: none
	Pool: DataSourceConnectionProvider
	Minimum pool size: undefined/unknown
	Maximum pool size: undefined/unknown
INFO  core - HHH000489: No JTA platform available (set 'hibernate.transaction.jta.platform' to enable JTA platform integration)
INFO  LocalContainerEntityManagerFactoryBean - Initialized JPA EntityManagerFactory for persistence unit 'default'
INFO  QueryEnhancerFactories - Hibernate is in classpath; If applicable, HQL parser will be used.
WARN  InitializeUserDetailsBeanManagerConfigurer$InitializeUserDetailsManagerConfigurer - Global AuthenticationManager configured with an AuthenticationProvider bean. UserDetailsService beans will not be used by Spring Security for automatically configuring username/password login. Consider removing the AuthenticationProvider bean. Alternatively, consider using the UserDetailsService in a manually instantiated DaoAuthenticationProvider. If the current configuration is intentional, to turn off this warning, increase the logging level of 'org.springframework.security.config.annotation.authentication.configuration.InitializeUserDetailsBeanManagerConfigurer' to ERROR
WARN  UserDetailsServiceAutoConfiguration - 

Using generated security password: cfbeb79c-e868-4b5e-b859-d79b694d234c

This generated password is for development use only. Your security configuration must be updated before running your application in production.

INFO  SpringBootMockServletContext - Initializing Spring TestDispatcherServlet ''
INFO  TestDispatcherServlet - Initializing Servlet ''
INFO  EndpointLinksResolver - Exposing 1 endpoint beneath base path '/actuator'
INFO  TestDispatcherServlet - Completed initialization in 23 ms
INFO  Cp17Tests - Started Cp17Tests in 7.331 seconds (process running for 9.114)
WARN  SpringDocAppInitializer - SpringDoc /v3/api-docs endpoint is enabled by default. To disable it in production, set the property 'springdoc.api-docs.enabled=false'
WARN  SpringDocAppInitializer - SpringDoc /swagger-ui.html endpoint is enabled by default. To disable it in production, set the property 'springdoc.swagger-ui.enabled=false'
INFO  AUDIT - owner created id=11 customerCode=NSW-00C7EBD7 registrationDate=2026-09-07 membershipLevel=1 membershipNumber=NSW-00C7EBD7-M27
INFO  AnnotationConfigContextLoaderUtils - Could not detect default configuration classes for test class [org.springframework.samples.petclinic.acceptance.Cp10Tests]: Cp10Tests does not declare any static, non-private, non-final, nested classes annotated with @Configuration.
INFO  SpringBootTestContextBootstrapper - Found @SpringBootConfiguration org.springframework.samples.petclinic.PetClinicApplication for test class org.springframework.samples.petclinic.acceptance.Cp10Tests
INFO  AnnotationConfigContextLoaderUtils - Could not detect default configuration classes for test class [org.springframework.samples.petclinic.acceptance.Cp10Tests]: Cp10Tests does not declare any static, non-private, non-final, nested classes annotated with @Configuration.
INFO  AnnotationConfigContextLoaderUtils - Could not detect default configuration classes for test class [org.springframework.samples.petclinic.acceptance.AcceptanceBase]: AcceptanceBase does not declare any static, non-private, non-final, nested classes annotated with @Configuration.
INFO  SpringBootTestContextBootstrapper - Found @SpringBootConfiguration org.springframework.samples.petclinic.PetClinicApplication for test class org.springframework.samples.petclinic.acceptance.Cp10Tests
INFO  AUDIT - owner created id=12 customerCode=NSW-7F3040A7 registrationDate=2026-09-07 membershipLevel=1 membershipNumber=NSW-7F3040A7-M27
INFO  AnnotationConfigContextLoaderUtils - Could not detect default configuration classes for test class [org.springframework.samples.petclinic.acceptance.Cp29Tests]: Cp29Tests does not declare any static, non-private, non-final, nested classes annotated with @Configuration.
INFO  SpringBootTestContextBootstrapper - Found @SpringBootConfiguration org.springframework.samples.petclinic.PetClinicApplication for test class org.springframework.samples.petclinic.acceptance.Cp29Tests
INFO  AnnotationConfigContextLoaderUtils - Could not detect default configuration classes for test class [org.springframework.samples.petclinic.acceptance.Cp29Tests]: Cp29Tests does not declare any static, non-private, non-final, nested classes annotated with @Configuration.
INFO  AnnotationConfigContextLoaderUtils - Could not detect default configuration classes for test class [org.springframework.samples.petclinic.acceptance.AcceptanceBase]: AcceptanceBase does not declare any static, non-private, non-final, nested classes annotated with @Configuration.
INFO  SpringBootTestContextBootstrapper - Found @SpringBootConfiguration org.springframework.samples.petclinic.PetClinicApplication for test class org.springframework.samples.petclinic.acceptance.Cp29Tests
INFO  AUDIT - owner created id=13 customerCode=NSW-30A402D3 registrationDate=2026-09-07 membershipLevel=1 membershipNumber=NSW-30A402D3-M27
INFO  AnnotationConfigContextLoaderUtils - Could not detect default configuration classes for test class [org.springframework.samples.petclinic.acceptance.Cp11Tests]: Cp11Tests does not declare any static, non-private, non-final, nested classes annotated with @Configuration.
INFO  SpringBootTestContextBootstrapper - Found @SpringBootConfiguration org.springframework.samples.petclinic.PetClinicApplication for test class org.springframework.samples.petclinic.acceptance.Cp11Tests
INFO  AnnotationConfigContextLoaderUtils - Could not detect default configuration classes for test class [org.springframework.samples.petclinic.acceptance.Cp11Tests]: Cp11Tests does not declare any static, non-private, non-final, nested classes annotated with @Configuration.
INFO  AnnotationConfigContextLoaderUtils - Could not detect default configuration classes for test class [org.springframework.samples.petclinic.acceptance.AcceptanceBase]: AcceptanceBase does not declare any static, non-private, non-final, nested classes annotated with @Configuration.
INFO  SpringBootTestContextBootstrapper - Found @SpringBootConfiguration org.springframework.samples.petclinic.PetClinicApplication for test class org.springframework.samples.petclinic.acceptance.Cp11Tests
INFO  AUDIT - owner created id=14 customerCode=NSW-D27685D0 registrationDate=2026-09-07 membershipLevel=1 membershipNumber=NSW-D27685D0-M27
INFO  AUDIT - owner created id=15 customerCode=NSW-DF095EDA registrationDate=2026-09-07 membershipLevel=1 membershipNumber=NSW-DF095EDA-M27
INFO  AnnotationConfigContextLoaderUtils - Could not detect default configuration classes for test class [org.springframework.samples.petclinic.acceptance.Cp21Tests]: Cp21Tests does not declare any static, non-private, non-final, nested classes annotated with @Configuration.
INFO  SpringBootTestContextBootstrapper - Found @SpringBootConfiguration org.springframework.samples.petclinic.PetClinicApplication for test class org.springframework.samples.petclinic.acceptance.Cp21Tests
INFO  AnnotationConfigContextLoaderUtils - Could not detect default configuration classes for test class [org.springframework.samples.petclinic.acceptance.Cp21Tests]: Cp21Tests does not declare any static, non-private, non-final, nested classes annotated with @Configuration.
INFO  AnnotationConfigContextLoaderUtils - Could not detect default configuration classes for test class [org.springframework.samples.petclinic.acceptance.AcceptanceBase]: AcceptanceBase does not declare any static, non-private, non-final, nested classes annotated with @Configuration.
INFO  SpringBootTestContextBootstrapper - Found @SpringBootConfiguration org.springframework.samples.petclinic.PetClinicApplication for test class org.springframework.samples.petclinic.acceptance.Cp21Tests
INFO  AUDIT - owner created id=16 customerCode=NSW-804075CC registrationDate=2026-09-07 membershipLevel=1 membershipNumber=NSW-804075CC-M27
INFO  AnnotationConfigContextLoaderUtils - Could not detect default configuration classes for test class [org.springframework.samples.petclinic.acceptance.Cp06Tests]: Cp06Tests does not declare any static, non-private, non-final, nested classes annotated with @Configuration.
INFO  SpringBootTestContextBootstrapper - Found @SpringBootConfiguration org.springframework.samples.petclinic.PetClinicApplication for test class org.springframework.samples.petclinic.acceptance.Cp06Tests
INFO  AnnotationConfigContextLoaderUtils - Could not detect default configuration classes for test class [org.springframework.samples.petclinic.acceptance.Cp06Tests]: Cp06Tests does not declare any static, non-private, non-final, nested classes annotated with @Configuration.
INFO  AnnotationConfigContextLoaderUtils - Could not detect default configuration classes for test class [org.springframework.samples.petclinic.acceptance.AcceptanceBase]: AcceptanceBase does not declare any static, non-private, non-final, nested classes annotated with @Configuration.
INFO  SpringBootTestContextBootstrapper - Found @SpringBootConfiguration org.springframework.samples.petclinic.PetClinicApplication for test class org.springframework.samples.petclinic.acceptance.Cp06Tests
INFO  AUDIT - owner created id=17 customerCode=UNKNOWN-C9740E2F registrationDate=2026-09-07 membershipLevel=1 membershipNumber=UNKNOWN-C9740E2F-M27
INFO  AnnotationConfigContextLoaderUtils - Could not detect default configuration classes for test class [org.springframework.samples.petclinic.acceptance.Cp03Tests]: Cp03Tests does not declare any static, non-private, non-final, nested classes annotated with @Configuration.
INFO  SpringBootTestContextBootstrapper - Found @SpringBootConfiguration org.springframework.samples.petclinic.PetClinicApplication for test class org.springframework.samples.petclinic.acceptance.Cp03Tests
INFO  AnnotationConfigContextLoaderUtils - Could not detect default configuration classes for test class [org.springframework.samples.petclinic.acceptance.Cp03Tests]: Cp03Tests does not declare any static, non-private, non-final, nested classes annotated with @Configuration.
INFO  AnnotationConfigContextLoaderUtils - Could not detect default configuration classes for test class [org.springframework.samples.petclinic.acceptance.AcceptanceBase]: AcceptanceBase does not declare any static, non-private, non-final, nested classes annotated with @Configuration.
INFO  SpringBootTestContextBootstrapper - Found @SpringBootConfiguration org.springframework.samples.petclinic.PetClinicApplication for test class org.springframework.samples.petclinic.acceptance.Cp03Tests
INFO  AUDIT - owner created id=18 customerCode=UNKNOWN-9F78A98B registrationDate=2026-09-07 membershipLevel=1 membershipNumber=UNKNOWN-9F78A98B-M27
INFO  AnnotationConfigContextLoaderUtils - Could not detect default configuration classes for test class [org.springframework.samples.petclinic.acceptance.Cp13Tests]: Cp13Tests does not declare any static, non-private, non-final, nested classes annotated with @Configuration.
INFO  SpringBootTestContextBootstrapper - Found @SpringBootConfiguration org.springframework.samples.petclinic.PetClinicApplication for test class org.springframework.samples.petclinic.acceptance.Cp13Tests
INFO  AnnotationConfigContextLoaderUtils - Could not detect default configuration classes for test class [org.springframework.samples.petclinic.acceptance.Cp13Tests]: Cp13Tests does not declare any static, non-private, non-final, nested classes annotated with @Configuration.
INFO  AnnotationConfigContextLoaderUtils - Could not detect default configuration classes for test class [org.springframework.samples.petclinic.acceptance.AcceptanceBase]: AcceptanceBase does not declare any static, non-private, non-final, nested classes annotated with @Configuration.
INFO  SpringBootTestContextBootstrapper - Found @SpringBootConfiguration org.springframework.samples.petclinic.PetClinicApplication for test class org.springframework.samples.petclinic.acceptance.Cp13Tests
INFO  AUDIT - owner created id=19 customerCode=NSW-9CD23DD9 registrationDate=2026-09-07 membershipLevel=1 membershipNumber=NSW-9CD23DD9-M27
INFO  AUDIT - owner created id=20 customerCode=NSW-E762A977 registrationDate=2026-09-07 membershipLevel=1 membershipNumber=NSW-E762A977-M27
INFO  AnnotationConfigContextLoaderUtils - Could not detect default configuration classes for test class [org.springframework.samples.petclinic.acceptance.Cp19Tests]: Cp19Tests does not declare any static, non-private, non-final, nested classes annotated with @Configuration.
INFO  SpringBootTestContextBootstrapper - Found @SpringBootConfiguration org.springframework.samples.petclinic.PetClinicApplication for test class org.springframework.samples.petclinic.acceptance.Cp19Tests
INFO  AnnotationConfigContextLoaderUtils - Could not detect default configuration classes for test class [org.springframework.samples.petclinic.acceptance.Cp19Tests]: Cp19Tests does not declare any static, non-private, non-final, nested classes annotated with @Configuration.
INFO  AnnotationConfigContextLoaderUtils - Could not detect default configuration classes for test class [org.springframework.samples.petclinic.acceptance.AcceptanceBase]: AcceptanceBase does not declare any static, non-private, non-final, nested classes annotated with @Configuration.
INFO  SpringBootTestContextBootstrapper - Found @SpringBootConfiguration org.springframework.samples.petclinic.PetClinicApplication for test class org.springframework.samples.petclinic.acceptance.Cp19Tests
INFO  AUDIT - owner created id=21 customerCode=UNKNOWN-76560C3E registrationDate=2026-09-07 membershipLevel=1 membershipNumber=UNKNOWN-76560C3E-M27
INFO  AUDIT - owner created id=22 customerCode=UNKNOWN-8A491C87 registrationDate=2026-09-07 membershipLevel=1 membershipNumber=UNKNOWN-8A491C87-M27
INFO  AUDIT - owner created id=23 customerCode=UNKNOWN-D1B523D5 registrationDate=2026-09-07 membershipLevel=1 membershipNumber=UNKNOWN-D1B523D5-M27
INFO  AUDIT - owner created id=24 customerCode=UNKNOWN-0A9D26BF registrationDate=2026-09-07 membershipLevel=1 membershipNumber=UNKNOWN-0A9D26BF-M27
INFO  AUDIT - owner created id=25 customerCode=UNKNOWN-D8855D1C registrationDate=2026-09-07 membershipLevel=1 membershipNumber=UNKNOWN-D8855D1C-M27
INFO  AUDIT - owner created id=26 customerCode=UNKNOWN-95E71CD1 registrationDate=2026-09-07 membershipLevel=1 membershipNumber=UNKNOWN-95E71CD1-M27
INFO  AUDIT - owner created id=27 customerCode=UNKNOWN-DC977F27 registrationDate=2026-09-07 membershipLevel=1 membershipNumber=UNKNOWN-DC977F27-M27
INFO  AUDIT - owner created id=28 customerCode=UNKNOWN-A11982E2 registrationDate=2026-09-07 membershipLevel=1 membershipNumber=UNKNOWN-A11982E2-M27
INFO  AUDIT - owner created id=29 customerCode=UNKNOWN-CCC20EAC registrationDate=2026-09-07 membershipLevel=1 membershipNumber=UNKNOWN-CCC20EAC-M27
INFO  AUDIT - owner created id=30 customerCode=UNKNOWN-41AEA56D registrationDate=2026-09-07 membershipLevel=1 membershipNumber=UNKNOWN-41AEA56D-M27
INFO  AUDIT - owner created id=31 customerCode=UNKNOWN-45F26BBD registrationDate=2026-09-07 membershipLevel=1 membershipNumber=UNKNOWN-45F26BBD-M27
INFO  AUDIT - owner created id=32 customerCode=UNKNOWN-F3549199 registrationDate=2026-09-07 membershipLevel=1 membershipNumber=UNKNOWN-F3549199-M27
INFO  AUDIT - owner created id=33 customerCode=UNKNOWN-D6EA3A80 registrationDate=2026-09-07 membershipLevel=1 membershipNumber=UNKNOWN-D6EA3A80-M27
INFO  AUDIT - owner created id=34 customerCode=UNKNOWN-06B1FFCE registrationDate=2026-09-07 membershipLevel=1 membershipNumber=UNKNOWN-06B1FFCE-M27
INFO  AUDIT - owner created id=35 customerCode=UNKNOWN-F7FB5CE6 registrationDate=2026-09-07 membershipLevel=1 membershipNumber=UNKNOWN-F7FB5CE6-M27
INFO  AUDIT - owner created id=36 customerCode=UNKNOWN-18DBC1A1 registrationDate=2026-09-07 membershipLevel=1 membershipNumber=UNKNOWN-18DBC1A1-M27
INFO  AUDIT - owner created id=37 customerCode=UNKNOWN-82F6D64B registrationDate=2026-09-07 membershipLevel=1 membershipNumber=UNKNOWN-82F6D64B-M27
INFO  AUDIT - owner created id=38 customerCode=UNKNOWN-748CFFB3 registrationDate=2026-09-07 membershipLevel=1 membershipNumber=UNKNOWN-748CFFB3-M27
INFO  AUDIT - owner created id=39 customerCode=UNKNOWN-50869F45 registrationDate=2026-09-07 membershipLevel=1 membershipNumber=UNKNOWN-50869F45-M27
INFO  AUDIT - owner created id=40 customerCode=UNKNOWN-EECF8BB6 registrationDate=2026-09-07 membershipLevel=1 membershipNumber=UNKNOWN-EECF8BB6-M27
INFO  AUDIT - owner created id=41 customerCode=UNKNOWN-D059936B registrationDate=2026-09-07 membershipLevel=1 membershipNumber=UNKNOWN-D059936B-M27
INFO  AUDIT - owner created id=42 customerCode=UNKNOWN-52B69251 registrationDate=2026-09-07 membershipLevel=1 membershipNumber=UNKNOWN-52B69251-M27
INFO  AUDIT - owner created id=43 customerCode=UNKNOWN-919482A4 registrationDate=2026-09-07 membershipLevel=1 membershipNumber=UNKNOWN-919482A4-M27
INFO  AUDIT - owner created id=44 customerCode=UNKNOWN-46D6D613 registrationDate=2026-09-07 membershipLevel=1 membershipNumber=UNKNOWN-46D6D613-M27
INFO  AUDIT - owner created id=45 customerCode=UNKNOWN-B81F7B41 registrationDate=2026-09-07 membershipLevel=1 membershipNumber=UNKNOWN-B81F7B41-M27
INFO  AUDIT - owner created id=46 customerCode=UNKNOWN-DAF64E46 registrationDate=2026-09-07 membershipLevel=1 membershipNumber=UNKNOWN-DAF64E46-M27
INFO  AUDIT - owner created id=47 customerCode=UNKNOWN-862C06D4 registrationDate=2026-09-07 membershipLevel=1 membershipNumber=UNKNOWN-862C06D4-M27
INFO  AUDIT - owner created id=48 customerCode=UNKNOWN-A330967C registrationDate=2026-09-07 membershipLevel=1 membershipNumber=UNKNOWN-A330967C-M27
INFO  AUDIT - owner created id=49 customerCode=UNKNOWN-AB5326C0 registrationDate=2026-09-07 membershipLevel=1 membershipNumber=UNKNOWN-AB5326C0-M27
INFO  AUDIT - owner created id=50 customerCode=UNKNOWN-692C423D registrationDate=2026-09-07 membershipLevel=1 membershipNumber=UNKNOWN-692C423D-M27
INFO  AUDIT - owner created id=51 customerCode=UNKNOWN-75FE2285 registrationDate=2026-09-07 membershipLevel=1 membershipNumber=UNKNOWN-75FE2285-M27
INFO  AUDIT - owner created id=52 customerCode=UNKNOWN-B289A6F3 registrationDate=2026-09-07 membershipLevel=1 membershipNumber=UNKNOWN-B289A6F3-M27
INFO  AUDIT - owner created id=53 customerCode=UNKNOWN-981F398E registrationDate=2026-09-07 membershipLevel=1 membershipNumber=UNKNOWN-981F398E-M27
INFO  AUDIT - owner created id=54 customerCode=UNKNOWN-45810819 registrationDate=2026-09-07 membershipLevel=1 membershipNumber=UNKNOWN-45810819-M27
INFO  AUDIT - owner created id=55 customerCode=UNKNOWN-E1A6449C registrationDate=2026-09-07 membershipLevel=1 membershipNumber=UNKNOWN-E1A6449C-M27
INFO  AUDIT - owner created id=56 customerCode=UNKNOWN-6D502368 registrationDate=2026-09-07 membershipLevel=1 membershipNumber=UNKNOWN-6D502368-M27
INFO  AUDIT - owner created id=57 customerCode=UNKNOWN-F0E390AA registrationDate=2026-09-07 membershipLevel=1 membershipNumber=UNKNOWN-F0E390AA-M27
INFO  AUDIT - owner created id=58 customerCode=UNKNOWN-21518439 registrationDate=2026-09-07 membershipLevel=1 membershipNumber=UNKNOWN-21518439-M27
INFO  AUDIT - owner created id=59 customerCode=UNKNOWN-63949DB7 registrationDate=2026-09-07 membershipLevel=1 membershipNumber=UNKNOWN-63949DB7-M27
INFO  AUDIT - owner created id=60 customerCode=UNKNOWN-8972C166 registrationDate=2026-09-07 membershipLevel=1 membershipNumber=UNKNOWN-8972C166-M27
INFO  AUDIT - owner created id=61 customerCode=UNKNOWN-8152A87D registrationDate=2026-09-07 membershipLevel=1 membershipNumber=UNKNOWN-8152A87D-M27
INFO  AUDIT - owner created id=62 customerCode=UNKNOWN-A3ACC39B registrationDate=2026-09-07 membershipLevel=1 membershipNumber=UNKNOWN-A3ACC39B-M27
INFO  AUDIT - owner created id=63 customerCode=UNKNOWN-FBFF254B registrationDate=2026-09-07 membershipLevel=1 membershipNumber=UNKNOWN-FBFF254B-M27
INFO  AUDIT - owner created id=64 customerCode=UNKNOWN-64F73570 registrationDate=2026-09-07 membershipLevel=1 membershipNumber=UNKNOWN-64F73570-M27
INFO  AUDIT - owner created id=65 customerCode=UNKNOWN-84611115 registrationDate=2026-09-07 membershipLevel=1 membershipNumber=UNKNOWN-84611115-M27
INFO  AUDIT - owner created id=66 customerCode=UNKNOWN-B5483353 registrationDate=2026-09-07 membershipLevel=1 membershipNumber=UNKNOWN-B5483353-M27
INFO  AUDIT - owner created id=67 customerCode=UNKNOWN-44017A55 registrationDate=2026-09-07 membershipLevel=1 membershipNumber=UNKNOWN-44017A55-M27
INFO  AUDIT - owner created id=68 customerCode=UNKNOWN-B1B17FA2 registrationDate=2026-09-07 membershipLevel=1 membershipNumber=UNKNOWN-B1B17FA2-M27
INFO  AUDIT - owner created id=69 customerCode=UNKNOWN-A0F2CB18 registrationDate=2026-09-07 membershipLevel=1 membershipNumber=UNKNOWN-A0F2CB18-M27
INFO  AUDIT - owner created id=70 customerCode=UNKNOWN-62E223D0 registrationDate=2026-09-07 membershipLevel=1 membershipNumber=UNKNOWN-62E223D0-M27
INFO  AUDIT - owner created id=71 customerCode=UNKNOWN-C5A2D76B registrationDate=2026-09-07 membershipLevel=1 membershipNumber=UNKNOWN-C5A2D76B-M27
INFO  AUDIT - owner created id=72 customerCode=UNKNOWN-1C39B1D2 registrationDate=2026-09-07 membershipLevel=1 membershipNumber=UNKNOWN-1C39B1D2-M27
INFO  AUDIT - owner created id=73 customerCode=UNKNOWN-CACF5FBE registrationDate=2026-09-07 membershipLevel=1 membershipNumber=UNKNOWN-CACF5FBE-M27
INFO  AUDIT - owner created id=74 customerCode=UNKNOWN-8BF14868 registrationDate=2026-09-07 membershipLevel=1 membershipNumber=UNKNOWN-8BF14868-M27
INFO  AUDIT - owner created id=75 customerCode=UNKNOWN-8F2C7616 registrationDate=2026-09-07 membershipLevel=1 membershipNumber=UNKNOWN-8F2C7616-M27
INFO  AUDIT - owner created id=76 customerCode=UNKNOWN-17AC54B6 registrationDate=2026-09-07 membershipLevel=1 membershipNumber=UNKNOWN-17AC54B6-M27
INFO  AUDIT - owner created id=77 customerCode=UNKNOWN-CE0FA811 registrationDate=2026-09-07 membershipLevel=1 membershipNumber=UNKNOWN-CE0FA811-M27
INFO  AUDIT - owner created id=78 customerCode=UNKNOWN-FF5DBA45 registrationDate=2026-09-07 membershipLevel=1 membershipNumber=UNKNOWN-FF5DBA45-M27
INFO  AUDIT - owner created id=79 customerCode=UNKNOWN-4FA8BF4B registrationDate=2026-09-07 membershipLevel=1 membershipNumber=UNKNOWN-4FA8BF4B-M27
INFO  AUDIT - owner created id=80 customerCode=UNKNOWN-C4506FDE registrationDate=2026-09-07 membershipLevel=1 membershipNumber=UNKNOWN-C4506FDE-M27
INFO  AUDIT - owner created id=81 customerCode=UNKNOWN-C308ACDD registrationDate=2026-09-07 membershipLevel=1 membershipNumber=UNKNOWN-C308ACDD-M27
INFO  AUDIT - owner created id=82 customerCode=UNKNOWN-7C997575 registrationDate=2026-09-07 membershipLevel=1 membershipNumber=UNKNOWN-7C997575-M27
INFO  AUDIT - owner created id=83 customerCode=UNKNOWN-78260903 registrationDate=2026-09-07 membershipLevel=1 membershipNumber=UNKNOWN-78260903-M27
INFO  AUDIT - owner created id=84 customerCode=UNKNOWN-B3C74131 registrationDate=2026-09-07 membershipLevel=1 membershipNumber=UNKNOWN-B3C74131-M27
INFO  AUDIT - owner created id=85 customerCode=UNKNOWN-1EC370A0 registrationDate=2026-09-07 membershipLevel=1 membershipNumber=UNKNOWN-1EC370A0-M27
INFO  AUDIT - owner created id=86 customerCode=UNKNOWN-F5925BC3 registrationDate=2026-09-07 membershipLevel=1 membershipNumber=UNKNOWN-F5925BC3-M27
INFO  AUDIT - owner created id=87 customerCode=UNKNOWN-1AF72A66 registrationDate=2026-09-07 membershipLevel=1 membershipNumber=UNKNOWN-1AF72A66-M27
INFO  AUDIT - owner created id=88 customerCode=UNKNOWN-8F199D5F registrationDate=2026-09-07 membershipLevel=1 membershipNumber=UNKNOWN-8F199D5F-M27
INFO  AUDIT - owner created id=89 customerCode=UNKNOWN-1AAE943F registrationDate=2026-09-07 membershipLevel=1 membershipNumber=UNKNOWN-1AAE943F-M27
INFO  AUDIT - owner created id=90 customerCode=UNKNOWN-B8A2FC70 registrationDate=2026-09-07 membershipLevel=1 membershipNumber=UNKNOWN-B8A2FC70-M27
INFO  AUDIT - owner created id=91 customerCode=UNKNOWN-182361D2 registrationDate=2026-09-07 membershipLevel=1 membershipNumber=UNKNOWN-182361D2-M27
INFO  AUDIT - owner created id=92 customerCode=UNKNOWN-9827E770 registrationDate=2026-09-07 membershipLevel=1 membershipNumber=UNKNOWN-9827E770-M27
INFO  AUDIT - owner created id=93 customerCode=UNKNOWN-FE5D10F8 registrationDate=2026-09-07 membershipLevel=1 membershipNumber=UNKNOWN-FE5D10F8-M27
INFO  AUDIT - owner created id=94 customerCode=UNKNOWN-5C90AD05 registrationDate=2026-09-07 membershipLevel=1 membershipNumber=UNKNOWN-5C90AD05-M27
INFO  AUDIT - owner created id=95 customerCode=UNKNOWN-4EB762A9 registrationDate=2026-09-07 membershipLevel=1 membershipNumber=UNKNOWN-4EB762A9-M27
INFO  AUDIT - owner created id=96 customerCode=UNKNOWN-5D9F38FC registrationDate=2026-09-07 membershipLevel=1 membershipNumber=UNKNOWN-5D9F38FC-M27
INFO  AUDIT - owner created id=97 customerCode=UNKNOWN-29A189EA registrationDate=2026-09-07 membershipLevel=1 membershipNumber=UNKNOWN-29A189EA-M27
INFO  AUDIT - owner created id=98 customerCode=UNKNOWN-58A6C0B1 registrationDate=2026-09-07 membershipLevel=1 membershipNumber=UNKNOWN-58A6C0B1-M27
INFO  AUDIT - owner created id=99 customerCode=UNKNOWN-98DB6D75 registrationDate=2026-09-07 membershipLevel=1 membershipNumber=UNKNOWN-98DB6D75-M27
INFO  AUDIT - owner created id=100 customerCode=UNKNOWN-C8870455 registrationDate=2026-09-07 membershipLevel=1 membershipNumber=UNKNOWN-C8870455-M27
INFO  AUDIT - owner created id=101 customerCode=UNKNOWN-B66B61D5 registrationDate=2026-09-07 membershipLevel=1 membershipNumber=UNKNOWN-B66B61D5-M27
INFO  AUDIT - owner created id=102 customerCode=UNKNOWN-5B838FF6 registrationDate=2026-09-07 membershipLevel=1 membershipNumber=UNKNOWN-5B838FF6-M27
INFO  AUDIT - owner created id=103 customerCode=UNKNOWN-B5AE63F9 registrationDate=2026-09-07 membershipLevel=1 membershipNumber=UNKNOWN-B5AE63F9-M27
INFO  AUDIT - owner created id=104 customerCode=UNKNOWN-F84EC87C registrationDate=2026-09-07 membershipLevel=1 membershipNumber=UNKNOWN-F84EC87C-M27
INFO  AUDIT - owner created id=105 customerCode=UNKNOWN-44EECB3A registrationDate=2026-09-07 membershipLevel=1 membershipNumber=UNKNOWN-44EECB3A-M27
INFO  AUDIT - owner created id=106 customerCode=UNKNOWN-EEDDBDB3 registrationDate=2026-09-07 membershipLevel=1 membershipNumber=UNKNOWN-EEDDBDB3-M27
INFO  AUDIT - owner created id=107 customerCode=UNKNOWN-41718FEF registrationDate=2026-09-07 membershipLevel=1 membershipNumber=UNKNOWN-41718FEF-M27
INFO  AUDIT - owner created id=108 customerCode=UNKNOWN-C3EA5C55 registrationDate=2026-09-07 membershipLevel=1 membershipNumber=UNKNOWN-C3EA5C55-M27
INFO  AUDIT - owner created id=109 customerCode=UNKNOWN-BA0A4FD6 registrationDate=2026-09-07 membershipLevel=1 membershipNumber=UNKNOWN-BA0A4FD6-M27
INFO  AUDIT - owner created id=110 customerCode=UNKNOWN-3C521632 registrationDate=2026-09-07 membershipLevel=1 membershipNumber=UNKNOWN-3C521632-M27
INFO  AUDIT - owner created id=111 customerCode=UNKNOWN-721BAF4E registrationDate=2026-09-07 membershipLevel=1 membershipNumber=UNKNOWN-721BAF4E-M27
INFO  AUDIT - owner created id=112 customerCode=UNKNOWN-148C35C7 registrationDate=2026-09-07 membershipLevel=1 membershipNumber=UNKNOWN-148C35C7-M27
INFO  AUDIT - owner created id=113 customerCode=UNKNOWN-3EC29F40 registrationDate=2026-09-07 membershipLevel=1 membershipNumber=UNKNOWN-3EC29F40-M27
INFO  AUDIT - owner created id=114 customerCode=UNKNOWN-DA85E6C8 registrationDate=2026-09-07 membershipLevel=1 membershipNumber=UNKNOWN-DA85E6C8-M27
INFO  AUDIT - owner created id=115 customerCode=UNKNOWN-0AA52E20 registrationDate=2026-09-07 membershipLevel=1 membershipNumber=UNKNOWN-0AA52E20-M27
INFO  AUDIT - owner created id=116 customerCode=UNKNOWN-08E2E5F3 registrationDate=2026-09-07 membershipLevel=1 membershipNumber=UNKNOWN-08E2E5F3-M27
INFO  AUDIT - owner created id=117 customerCode=UNKNOWN-195A6E97 registrationDate=2026-09-07 membershipLevel=1 membershipNumber=UNKNOWN-195A6E97-M27
INFO  AUDIT - owner created id=118 customerCode=UNKNOWN-534C4223 registrationDate=2026-09-07 membershipLevel=1 membershipNumber=UNKNOWN-534C4223-M27
INFO  AUDIT - owner created id=119 customerCode=UNKNOWN-4B5FF9FE registrationDate=2026-09-07 membershipLevel=1 membershipNumber=UNKNOWN-4B5FF9FE-M27
INFO  AUDIT - owner created id=120 customerCode=UNKNOWN-6BE148D3 registrationDate=2026-09-07 membershipLevel=1 membershipNumber=UNKNOWN-6BE148D3-M27
INFO  AnnotationConfigContextLoaderUtils - Could not detect default configuration classes for test class [org.springframework.samples.petclinic.acceptance.Cp28Tests]: Cp28Tests does not declare any static, non-private, non-final, nested classes annotated with @Configuration.
INFO  SpringBootTestContextBootstrapper - Found @SpringBootConfiguration org.springframework.samples.petclinic.PetClinicApplication for test class org.springframework.samples.petclinic.acceptance.Cp28Tests
INFO  AnnotationConfigContextLoaderUtils - Could not detect default configuration classes for test class [org.springframework.samples.petclinic.acceptance.Cp28Tests]: Cp28Tests does not declare any static, non-private, non-final, nested classes annotated with @Configuration.
INFO  AnnotationConfigContextLoaderUtils - Could not detect default configuration classes for test class [org.springframework.samples.petclinic.acceptance.AcceptanceBase]: AcceptanceBase does not declare any static, non-private, non-final, nested classes annotated with @Configuration.
INFO  SpringBootTestContextBootstrapper - Found @SpringBootConfiguration org.springframework.samples.petclinic.PetClinicApplication for test class org.springframework.samples.petclinic.acceptance.Cp28Tests
INFO  AUDIT - owner created id=121 customerCode=NSW-D6FF1C2C registrationDate=2026-09-07 membershipLevel=1 membershipNumber=NSW-D6FF1C2C-M27
INFO  AnnotationConfigContextLoaderUtils - Could not detect default configuration classes for test class [org.springframework.samples.petclinic.acceptance.Cp18Tests]: Cp18Tests does not declare any static, non-private, non-final, nested classes annotated with @Configuration.
INFO  SpringBootTestContextBootstrapper - Found @SpringBootConfiguration org.springframework.samples.petclinic.PetClinicApplication for test class org.springframework.samples.petclinic.acceptance.Cp18Tests
INFO  AnnotationConfigContextLoaderUtils - Could not detect default configuration classes for test class [org.springframework.samples.petclinic.acceptance.Cp18Tests]: Cp18Tests does not declare any static, non-private, non-final, nested classes annotated with @Configuration.
INFO  AnnotationConfigContextLoaderUtils - Could not detect default configuration classes for test class [org.springframework.samples.petclinic.acceptance.AcceptanceBase]: AcceptanceBase does not declare any static, non-private, non-final, nested classes annotated with @Configuration.
INFO  SpringBootTestContextBootstrapper - Found @SpringBootConfiguration org.springframework.samples.petclinic.PetClinicApplication for test class org.springframework.samples.petclinic.acceptance.Cp18Tests
INFO  AUDIT - owner created id=122 customerCode=UNKNOWN-EE4A2F9C registrationDate=2026-09-07 membershipLevel=1 membershipNumber=UNKNOWN-EE4A2F9C-M27
INFO  AUDIT - owner created id=123 customerCode=UNKNOWN-E0FED23A registrationDate=2026-09-07 membershipLevel=1 membershipNumber=UNKNOWN-E0FED23A-M27
INFO  AUDIT - owner created id=124 customerCode=UNKNOWN-5026AE39 registrationDate=2026-09-07 membershipLevel=1 membershipNumber=UNKNOWN-5026AE39-M27
INFO  AUDIT - owner created id=125 customerCode=UNKNOWN-D4D1675C registrationDate=2026-09-07 membershipLevel=1 membershipNumber=UNKNOWN-D4D1675C-M27
INFO  AUDIT - owner created id=126 customerCode=UNKNOWN-8EAAFFBA registrationDate=2026-09-07 membershipLevel=1 membershipNumber=UNKNOWN-8EAAFFBA-M27
INFO  AUDIT - owner created id=127 customerCode=UNKNOWN-AE1BE734 registrationDate=2026-09-07 membershipLevel=1 membershipNumber=UNKNOWN-AE1BE734-M27
INFO  AUDIT - owner created id=128 customerCode=UNKNOWN-940BA11B registrationDate=2026-09-07 membershipLevel=1 membershipNumber=UNKNOWN-940BA11B-M27
INFO  AUDIT - owner created id=129 customerCode=UNKNOWN-9A39B109 registrationDate=2026-09-07 membershipLevel=1 membershipNumber=UNKNOWN-9A39B109-M27
INFO  AUDIT - owner created id=130 customerCode=UNKNOWN-A324507F registrationDate=2026-09-07 membershipLevel=1 membershipNumber=UNKNOWN-A324507F-M27
INFO  AUDIT - owner created id=131 customerCode=UNKNOWN-4018611C registrationDate=2026-09-07 membershipLevel=1 membershipNumber=UNKNOWN-4018611C-M27
INFO  AUDIT - owner created id=132 customerCode=UNKNOWN-27C9C6C7 registrationDate=2026-09-07 membershipLevel=1 membershipNumber=UNKNOWN-27C9C6C7-M27
INFO  AUDIT - owner created id=133 customerCode=UNKNOWN-125A632D registrationDate=2026-09-07 membershipLevel=1 membershipNumber=UNKNOWN-125A632D-M27
INFO  AUDIT - owner created id=134 customerCode=UNKNOWN-9BFF1DDC registrationDate=2026-09-07 membershipLevel=1 membershipNumber=UNKNOWN-9BFF1DDC-M27
INFO  AUDIT - owner created id=135 customerCode=UNKNOWN-633679E8 registrationDate=2026-09-07 membershipLevel=1 membershipNumber=UNKNOWN-633679E8-M27
INFO  AUDIT - owner created id=136 customerCode=UNKNOWN-3C01D105 registrationDate=2026-09-07 membershipLevel=1 membershipNumber=UNKNOWN-3C01D105-M27
INFO  AUDIT - owner created id=137 customerCode=UNKNOWN-371D7802 registrationDate=2026-09-07 membershipLevel=1 membershipNumber=UNKNOWN-371D7802-M27
INFO  AUDIT - owner created id=138 customerCode=UNKNOWN-E8B40E39 registrationDate=2026-09-07 membershipLevel=1 membershipNumber=UNKNOWN-E8B40E39-M27
INFO  AUDIT - owner created id=139 customerCode=UNKNOWN-DA3CBDD6 registrationDate=2026-09-07 membershipLevel=1 membershipNumber=UNKNOWN-DA3CBDD6-M27
INFO  AUDIT - owner created id=140 customerCode=UNKNOWN-62BA3AAC registrationDate=2026-09-07 membershipLevel=1 membershipNumber=UNKNOWN-62BA3AAC-M27
INFO  AUDIT - owner created id=141 customerCode=UNKNOWN-C4AB321F registrationDate=2026-09-07 membershipLevel=1 membershipNumber=UNKNOWN-C4AB321F-M27
INFO  AUDIT - owner created id=142 customerCode=UNKNOWN-13BEDB13 registrationDate=2026-09-07 membershipLevel=1 membershipNumber=UNKNOWN-13BEDB13-M27
INFO  AUDIT - owner created id=143 customerCode=UNKNOWN-41E48B97 registrationDate=2026-09-07 membershipLevel=1 membershipNumber=UNKNOWN-41E48B97-M27
INFO  AUDIT - owner created id=144 customerCode=UNKNOWN-BE493035 registrationDate=2026-09-07 membershipLevel=1 membershipNumber=UNKNOWN-BE493035-M27
INFO  AUDIT - owner created id=145 customerCode=UNKNOWN-78FC3F55 registrationDate=2026-09-07 membershipLevel=1 membershipNumber=UNKNOWN-78FC3F55-M27
INFO  AUDIT - owner created id=146 customerCode=UNKNOWN-A0F6BDA7 registrationDate=2026-09-07 membershipLevel=1 membershipNumber=UNKNOWN-A0F6BDA7-M27
INFO  AUDIT - owner created id=147 customerCode=UNKNOWN-BEC4063B registrationDate=2026-09-07 membershipLevel=1 membershipNumber=UNKNOWN-BEC4063B-M27
INFO  AUDIT - owner created id=148 customerCode=UNKNOWN-51D24AD6 registrationDate=2026-09-07 membershipLevel=1 membershipNumber=UNKNOWN-51D24AD6-M27
INFO  AUDIT - owner created id=149 customerCode=UNKNOWN-8353E9C1 registrationDate=2026-09-07 membershipLevel=1 membershipNumber=UNKNOWN-8353E9C1-M27
INFO  AUDIT - owner created id=150 customerCode=UNKNOWN-4F0F2F08 registrationDate=2026-09-07 membershipLevel=1 membershipNumber=UNKNOWN-4F0F2F08-M27
INFO  AUDIT - owner created id=151 customerCode=UNKNOWN-207CD578 registrationDate=2026-09-07 membershipLevel=1 membershipNumber=UNKNOWN-207CD578-M27
INFO  AUDIT - owner created id=152 customerCode=UNKNOWN-D65B8855 registrationDate=2026-09-07 membershipLevel=1 membershipNumber=UNKNOWN-D65B8855-M27
INFO  AUDIT - owner created id=153 customerCode=UNKNOWN-0E3EB348 registrationDate=2026-09-07 membershipLevel=1 membershipNumber=UNKNOWN-0E3EB348-M27
INFO  AUDIT - owner created id=154 customerCode=UNKNOWN-568A8811 registrationDate=2026-09-07 membershipLevel=1 membershipNumber=UNKNOWN-568A8811-M27
INFO  AUDIT - owner created id=155 customerCode=UNKNOWN-60531FA1 registrationDate=2026-09-07 membershipLevel=1 membershipNumber=UNKNOWN-60531FA1-M27
INFO  AUDIT - owner created id=156 customerCode=UNKNOWN-67C443AC registrationDate=2026-09-07 membershipLevel=1 membershipNumber=UNKNOWN-67C443AC-M27
INFO  AUDIT - owner created id=157 customerCode=UNKNOWN-0E907296 registrationDate=2026-09-07 membershipLevel=1 membershipNumber=UNKNOWN-0E907296-M27
INFO  AUDIT - owner created id=158 customerCode=UNKNOWN-93CDC343 registrationDate=2026-09-07 membershipLevel=1 membershipNumber=UNKNOWN-93CDC343-M27
INFO  AUDIT - owner created id=159 customerCode=UNKNOWN-A0354C89 registrationDate=2026-09-07 membershipLevel=1 membershipNumber=UNKNOWN-A0354C89-M27
INFO  AUDIT - owner created id=160 customerCode=UNKNOWN-842248BF registrationDate=2026-09-07 membershipLevel=1 membershipNumber=UNKNOWN-842248BF-M27
INFO  AUDIT - owner created id=161 customerCode=UNKNOWN-C1602F94 registrationDate=2026-09-07 membershipLevel=1 membershipNumber=UNKNOWN-C1602F94-M27
INFO  AUDIT - owner created id=162 customerCode=UNKNOWN-14516B35 registrationDate=2026-09-07 membershipLevel=1 membershipNumber=UNKNOWN-14516B35-M27
INFO  AUDIT - owner created id=163 customerCode=UNKNOWN-402793A8 registrationDate=2026-09-07 membershipLevel=1 membershipNumber=UNKNOWN-402793A8-M27
INFO  AUDIT - owner created id=164 customerCode=UNKNOWN-EB683DD9 registrationDate=2026-09-07 membershipLevel=1 membershipNumber=UNKNOWN-EB683DD9-M27
INFO  AUDIT - owner created id=165 customerCode=UNKNOWN-3DC50DB7 registrationDate=2026-09-07 membershipLevel=1 membershipNumber=UNKNOWN-3DC50DB7-M27
INFO  AUDIT - owner created id=166 customerCode=UNKNOWN-013540F2 registrationDate=2026-09-07 membershipLevel=1 membershipNumber=UNKNOWN-013540F2-M27
INFO  AUDIT - owner created id=167 customerCode=UNKNOWN-D828501A registrationDate=2026-09-07 membershipLevel=1 membershipNumber=UNKNOWN-D828501A-M27
INFO  AUDIT - owner created id=168 customerCode=UNKNOWN-D2CEC48E registrationDate=2026-09-07 membershipLevel=1 membershipNumber=UNKNOWN-D2CEC48E-M27
INFO  AUDIT - owner created id=169 customerCode=UNKNOWN-670C8EFB registrationDate=2026-09-07 membershipLevel=1 membershipNumber=UNKNOWN-670C8EFB-M27
INFO  AUDIT - owner created id=170 customerCode=UNKNOWN-20BCD0F5 registrationDate=2026-09-07 membershipLevel=1 membershipNumber=UNKNOWN-20BCD0F5-M27
INFO  AUDIT - owner created id=171 customerCode=UNKNOWN-73CB9310 registrationDate=2026-09-07 membershipLevel=1 membershipNumber=UNKNOWN-73CB9310-M27
INFO  AnnotationConfigContextLoaderUtils - Could not detect default configuration classes for test class [org.springframework.samples.petclinic.acceptance.Cp08Tests]: Cp08Tests does not declare any static, non-private, non-final, nested classes annotated with @Configuration.
INFO  SpringBootTestContextBootstrapper - Found @SpringBootConfiguration org.springframework.samples.petclinic.PetClinicApplication for test class org.springframework.samples.petclinic.acceptance.Cp08Tests
INFO  AnnotationConfigContextLoaderUtils - Could not detect default configuration classes for test class [org.springframework.samples.petclinic.acceptance.Cp08Tests]: Cp08Tests does not declare any static, non-private, non-final, nested classes annotated with @Configuration.
INFO  AnnotationConfigContextLoaderUtils - Could not detect default configuration classes for test class [org.springframework.samples.petclinic.acceptance.AcceptanceBase]: AcceptanceBase does not declare any static, non-private, non-final, nested classes annotated with @Configuration.
INFO  SpringBootTestContextBootstrapper - Found @SpringBootConfiguration org.springframework.samples.petclinic.PetClinicApplication for test class org.springframework.samples.petclinic.acceptance.Cp08Tests
INFO  AUDIT - owner created id=172 customerCode=UNKNOWN-AB0D5EA6 registrationDate=2026-09-07 membershipLevel=1 membershipNumber=UNKNOWN-AB0D5EA6-M27
INFO  AUDIT - owner created id=173 customerCode=UNKNOWN-19D61D9F registrationDate=2026-09-07 membershipLevel=1 membershipNumber=UNKNOWN-19D61D9F-M27
INFO  AnnotationConfigContextLoaderUtils - Could not detect default configuration classes for test class [org.springframework.samples.petclinic.acceptance.Cp07Tests]: Cp07Tests does not declare any static, non-private, non-final, nested classes annotated with @Configuration.
INFO  SpringBootTestContextBootstrapper - Found @SpringBootConfiguration org.springframework.samples.petclinic.PetClinicApplication for test class org.springframework.samples.petclinic.acceptance.Cp07Tests
INFO  AnnotationConfigContextLoaderUtils - Could not detect default configuration classes for test class [org.springframework.samples.petclinic.acceptance.Cp07Tests]: Cp07Tests does not declare any static, non-private, non-final, nested classes annotated with @Configuration.
INFO  AnnotationConfigContextLoaderUtils - Could not detect default configuration classes for test class [org.springframework.samples.petclinic.acceptance.AcceptanceBase]: AcceptanceBase does not declare any static, non-private, non-final, nested classes annotated with @Configuration.
INFO  SpringBootTestContextBootstrapper - Found @SpringBootConfiguration org.springframework.samples.petclinic.PetClinicApplication for test class org.springframework.samples.petclinic.acceptance.Cp07Tests
INFO  AUDIT - owner created id=174 customerCode=UNKNOWN-90D25445 registrationDate=2026-01-06 membershipLevel=1 membershipNumber=UNKNOWN-90D25445-M26
INFO  AUDIT - owner created id=175 customerCode=UNKNOWN-41020333 registrationDate=2026-01-05 membershipLevel=1 membershipNumber=UNKNOWN-41020333-M26
INFO  AnnotationConfigContextLoaderUtils - Could not detect default configuration classes for test class [org.springframework.samples.petclinic.acceptance.Cp36Tests]: Cp36Tests does not declare any static, non-private, non-final, nested classes annotated with @Configuration.
INFO  SpringBootTestContextBootstrapper - Found @SpringBootConfiguration org.springframework.samples.petclinic.PetClinicApplication for test class org.springframework.samples.petclinic.acceptance.Cp36Tests
INFO  AnnotationConfigContextLoaderUtils - Could not detect default configuration classes for test class [org.springframework.samples.petclinic.acceptance.Cp36Tests]: Cp36Tests does not declare any static, non-private, non-final, nested classes annotated with @Configuration.
INFO  AnnotationConfigContextLoaderUtils - Could not detect default configuration classes for test class [org.springframework.samples.petclinic.acceptance.AcceptanceBase]: AcceptanceBase does not declare any static, non-private, non-final, nested classes annotated with @Configuration.
INFO  SpringBootTestContextBootstrapper - Found @SpringBootConfiguration org.springframework.samples.petclinic.PetClinicApplication for test class org.springframework.samples.petclinic.acceptance.Cp36Tests
INFO  AUDIT - owner created id=176 customerCode=NSW-189967B4 registrationDate=2026-09-07 membershipLevel=1 membershipNumber=NSW-189967B4-M27
INFO  AUDIT - owner created id=177 customerCode=NSW-702CCFBF registrationDate=2026-09-07 membershipLevel=1 membershipNumber=NSW-702CCFBF-M27
INFO  AnnotationConfigContextLoaderUtils - Could not detect default configuration classes for test class [org.springframework.samples.petclinic.acceptance.Cp37Tests]: Cp37Tests does not declare any static, non-private, non-final, nested classes annotated with @Configuration.
INFO  SpringBootTestContextBootstrapper - Found @SpringBootConfiguration org.springframework.samples.petclinic.PetClinicApplication for test class org.springframework.samples.petclinic.acceptance.Cp37Tests
INFO  AnnotationConfigContextLoaderUtils - Could not detect default configuration classes for test class [org.springframework.samples.petclinic.acceptance.Cp37Tests]: Cp37Tests does not declare any static, non-private, non-final, nested classes annotated with @Configuration.
INFO  AnnotationConfigContextLoaderUtils - Could not detect default configuration classes for test class [org.springframework.samples.petclinic.acceptance.AcceptanceBase]: AcceptanceBase does not declare any static, non-private, non-final, nested classes annotated with @Configuration.
INFO  SpringBootTestContextBootstrapper - Found @SpringBootConfiguration org.springframework.samples.petclinic.PetClinicApplication for test class org.springframework.samples.petclinic.acceptance.Cp37Tests
INFO  AUDIT - owner created id=178 customerCode=UNKNOWN-39AE0A57 registrationDate=2026-09-07 membershipLevel=1 membershipNumber=UNKNOWN-39AE0A57-M27
INFO  AnnotationConfigContextLoaderUtils - Could not detect default configuration classes for test class [org.springframework.samples.petclinic.acceptance.Cp40Tests]: Cp40Tests does not declare any static, non-private, non-final, nested classes annotated with @Configuration.
INFO  SpringBootTestContextBootstrapper - Found @SpringBootConfiguration org.springframework.samples.petclinic.PetClinicApplication for test class org.springframework.samples.petclinic.acceptance.Cp40Tests
INFO  AnnotationConfigContextLoaderUtils - Could not detect default configuration classes for test class [org.springframework.samples.petclinic.acceptance.Cp40Tests]: Cp40Tests does not declare any static, non-private, non-final, nested classes annotated with @Configuration.
INFO  AnnotationConfigContextLoaderUtils - Could not detect default configuration classes for test class [org.springframework.samples.petclinic.acceptance.AcceptanceBase]: AcceptanceBase does not declare any static, non-private, non-final, nested classes annotated with @Configuration.
INFO  SpringBootTestContextBootstrapper - Found @SpringBootConfiguration org.springframework.samples.petclinic.PetClinicApplication for test class org.springframework.samples.petclinic.acceptance.Cp40Tests
INFO  AUDIT - owner created id=179 customerCode=NSW-94C5DAB8 registrationDate=2026-09-07 membershipLevel=2 membershipNumber=NSW-94C5DAB8-M27
INFO  AnnotationConfigContextLoaderUtils - Could not detect default configuration classes for test class [org.springframework.samples.petclinic.acceptance.Cp25Tests]: Cp25Tests does not declare any static, non-private, non-final, nested classes annotated with @Configuration.
INFO  SpringBootTestContextBootstrapper - Found @SpringBootConfiguration org.springframework.samples.petclinic.PetClinicApplication for test class org.springframework.samples.petclinic.acceptance.Cp25Tests
INFO  AnnotationConfigContextLoaderUtils - Could not detect default configuration classes for test class [org.springframework.samples.petclinic.acceptance.Cp25Tests]: Cp25Tests does not declare any static, non-private, non-final, nested classes annotated with @Configuration.
INFO  AnnotationConfigContextLoaderUtils - Could not detect default configuration classes for test class [org.springframework.samples.petclinic.acceptance.AcceptanceBase]: AcceptanceBase does not declare any static, non-private, non-final, nested classes annotated with @Configuration.
INFO  SpringBootTestContextBootstrapper - Found @SpringBootConfiguration org.springframework.samples.petclinic.PetClinicApplication for test class org.springframework.samples.petclinic.acceptance.Cp25Tests
INFO  AUDIT - owner created id=180 customerCode=UNKNOWN-EC145D0A registrationDate=2026-09-07 membershipLevel=2 membershipNumber=UNKNOWN-EC145D0A-M27
INFO  AnnotationConfigContextLoaderUtils - Could not detect default configuration classes for test class [org.springframework.samples.petclinic.acceptance.Cp35Tests]: Cp35Tests does not declare any static, non-private, non-final, nested classes annotated with @Configuration.
INFO  SpringBootTestContextBootstrapper - Found @SpringBootConfiguration org.springframework.samples.petclinic.PetClinicApplication for test class org.springframework.samples.petclinic.acceptance.Cp35Tests
INFO  AnnotationConfigContextLoaderUtils - Could not detect default configuration classes for test class [org.springframework.samples.petclinic.acceptance.Cp35Tests]: Cp35Tests does not declare any static, non-private, non-final, nested classes annotated with @Configuration.
INFO  AnnotationConfigContextLoaderUtils - Could not detect default configuration classes for test class [org.springframework.samples.petclinic.acceptance.AcceptanceBase]: AcceptanceBase does not declare any static, non-private, non-final, nested classes annotated with @Configuration.
INFO  SpringBootTestContextBootstrapper - Found @SpringBootConfiguration org.springframework.samples.petclinic.PetClinicApplication for test class org.springframework.samples.petclinic.acceptance.Cp35Tests
INFO  AUDIT - owner created id=181 customerCode=NSW-A3C8F735 registrationDate=2026-09-07 membershipLevel=1 membershipNumber=NSW-A3C8F735-M27
INFO  AUDIT - owner created id=182 customerCode=NSW-B57957EA registrationDate=2026-09-07 membershipLevel=1 membershipNumber=NSW-B57957EA-M27
INFO  AUDIT - owner created id=183 customerCode=NSW-9F10A1ED registrationDate=2026-09-07 membershipLevel=1 membershipNumber=NSW-9F10A1ED-M27
INFO  AnnotationConfigContextLoaderUtils - Could not detect default configuration classes for test class [org.springframework.samples.petclinic.acceptance.Cp05Tests]: Cp05Tests does not declare any static, non-private, non-final, nested classes annotated with @Configuration.
INFO  SpringBootTestContextBootstrapper - Found @SpringBootConfiguration org.springframework.samples.petclinic.PetClinicApplication for test class org.springframework.samples.petclinic.acceptance.Cp05Tests
INFO  AnnotationConfigContextLoaderUtils - Could not detect default configuration classes for test class [org.springframework.samples.petclinic.acceptance.Cp05Tests]: Cp05Tests does not declare any static, non-private, non-final, nested classes annotated with @Configuration.
INFO  AnnotationConfigContextLoaderUtils - Could not detect default configuration classes for test class [org.springframework.samples.petclinic.acceptance.AcceptanceBase]: AcceptanceBase does not declare any static, non-private, non-final, nested classes annotated with @Configuration.
INFO  SpringBootTestContextBootstrapper - Found @SpringBootConfiguration org.springframework.samples.petclinic.PetClinicApplication for test class org.springframework.samples.petclinic.acceptance.Cp05Tests
INFO  AUDIT - owner created id=184 customerCode=UNKNOWN-F1928974 registrationDate=2026-09-07 membershipLevel=1 membershipNumber=UNKNOWN-F1928974-M27

MockHttpServletRequest:
      HTTP Method = POST
      Request URI = /api/owners
       Parameters = {}
          Headers = [Content-Type:"application/json;charset=UTF-8", Content-Length:"110"]
             Body = {"firstName":"John","lastName":"Surabb","address":"731 Test Street","city":"Town732","telephone":"0400000733"}
    Session Attrs = {SPRING_SECURITY_CONTEXT=SecurityContextImpl [Authentication=UsernamePasswordAuthenticationToken [Principal=org.springframework.security.core.userdetails.User [Username=acceptance-admin, Password=[PROTECTED], Enabled=true, AccountNonExpired=true, CredentialsNonExpired=true, AccountNonLocked=true, Granted Authorities=[ROLE_ADMIN, ROLE_OWNER_ADMIN, ROLE_VET_ADMIN]], Credentials=[PROTECTED], Authenticated=true, Details=null, Granted Authorities=[ROLE_ADMIN, ROLE_OWNER_ADMIN, ROLE_VET_ADMIN]]]}

Handler:
             Type = org.springframework.samples.petclinic.rest.controller.v1.OwnerRestControllerV1
           Method = org.springframework.samples.petclinic.rest.controller.v1.OwnerRestControllerV1#addOwner(OwnerFieldsDto)

Async:
    Async started = false
     Async result = null

Resolved Exception:
             Type = null

ModelAndView:
        View name = null
             View = null
            Model = null

FlashMap:
       Attributes = null

MockHttpServletResponse:
           Status = 201
    Error message = null
          Headers = [Vary:"Origin", "Access-Control-Request-Method", "Access-Control-Request-Headers", Location:"/api/owners/184", Content-Type:"application/json", X-Content-Type-Options:"nosniff", X-XSS-Protection:"0", Cache-Control:"no-cache, no-store, max-age=0, must-revalidate", Pragma:"no-cache", Expires:"0", X-Frame-Options:"DENY"]
     Content type = application/json
             Body = {"firstName":"JOHN","lastName":"SURABB","city":"TOWN732","telephone":"+61400000733","pets":[],"address":"731 TEST STREET","addressLine1":null,"addressLine2":null,"ageBand":null,"birthDate":null,"bulkSignupWarning":false,"checkDigit":3,"contactPreference":"PHONE","customerCode":"UNKNOWN-F1928974","deleted":false,"displayName":"SURABB, JOHN","email":null,"fiscalYear":"FY27","householdId":"6de0444552a6","id":184,"identityKey":"+61400000733||6de0444552a6","initials":"J.S.","locality":"UNKNOWN","membershipLevel":1,"membershipNumber":"UNKNOWN-F1928974-M27","membershipPoints":1,"namesakeCount":0,"possibleDuplicate":false,"possibleDuplicateOf":null,"postcode":null,"registrationDate":"2026-09-07","salutation":"Surabb","selfLink":"/api/owners/184","sharesHousehold":null,"telephoneDisplay":"+61 400 000 733","timezone":null,"title":null}
    Forwarded URL = null
   Redirected URL = /api/owners/184
          Cookies = []

MockHttpServletRequest:
      HTTP Method = GET
      Request URI = /api/owners/184
       Parameters = {}
          Headers = []
             Body = null
    Session Attrs = {SPRING_SECURITY_CONTEXT=SecurityContextImpl [Authentication=UsernamePasswordAuthenticationToken [Principal=org.springframework.security.core.userdetails.User [Username=acceptance-admin, Password=[PROTECTED], Enabled=true, AccountNonExpired=true, CredentialsNonExpired=true, AccountNonLocked=true, Granted Authorities=[ROLE_ADMIN, ROLE_OWNER_ADMIN, ROLE_VET_ADMIN]], Credentials=[PROTECTED], Authenticated=true, Details=null, Granted Authorities=[ROLE_ADMIN, ROLE_OWNER_ADMIN, ROLE_VET_ADMIN]]]}

Handler:
             Type = org.springframework.samples.petclinic.rest.controller.v1.OwnerRestControllerV1
           Method = org.springframework.samples.petclinic.rest.controller.v1.OwnerRestControllerV1#getOwner(Integer)

Async:
    Async started = false
     Async result = null

Resolved Exception:
             Type = null

ModelAndView:
        View name = null
             View = null
            Model = null

FlashMap:
       Attributes = null

MockHttpServletResponse:
           Status = 200
    Error message = null
          Headers = [Vary:"Origin", "Access-Control-Request-Method", "Access-Control-Request-Headers", Content-Type:"application/json", X-Content-Type-Options:"nosniff", X-XSS-Protection:"0", Cache-Control:"no-cache, no-store, max-age=0, must-revalidate", Pragma:"no-cache", Expires:"0", X-Frame-Options:"DENY"]
     Content type = application/json
             Body = {"firstName":"JOHN","lastName":"SURABB","city":"TOWN732","telephone":"+61400000733","pets":[],"address":"731 TEST STREET","addressLine1":null,"addressLine2":null,"ageBand":null,"birthDate":null,"bulkSignupWarning":false,"checkDigit":3,"contactPreference":"PHONE","customerCode":"UNKNOWN-F1928974","deleted":false,"displayName":"SURABB, JOHN","email":null,"fiscalYear":"FY27","householdId":"6de0444552a6","id":184,"identityKey":"+61400000733||6de0444552a6","initials":"J.S.","locality":"UNKNOWN","membershipLevel":1,"membershipNumber":"UNKNOWN-F1928974-M27","membershipPoints":1,"namesakeCount":0,"possibleDuplicate":false,"possibleDuplicateOf":null,"postcode":null,"registrationDate":"2026-09-07","salutation":"Surabb","selfLink":"/api/owners/184","sharesHousehold":null,"telephoneDisplay":"+61 400 000 733","timezone":null,"title":null}
    Forwarded URL = null
   Redirected URL = null
          Cookies = []
[ERROR] Tests run: 1, Failures: 1, Errors: 0, Skipped: 0, Time elapsed: 0.038 s <<< FAILURE! -- in org.springframework.samples.petclinic.acceptance.Cp05Tests
[ERROR] org.springframework.samples.petclinic.acceptance.Cp05Tests.coreComputesDisplayName -- Time elapsed: 0.028 s <<< FAILURE!
java.lang.AssertionError: JSON path "$.displayName" expected:<Surabb, John> but was:<SURABB, JOHN>
	at org.springframework.test.util.AssertionErrors.fail(AssertionErrors.java:62)
	at org.springframework.test.util.AssertionErrors.assertEquals(AssertionErrors.java:129)
	at org.springframework.test.util.JsonPathExpectationsHelper.assertValue(JsonPathExpectationsHelper.java:172)
	at org.springframework.test.web.servlet.result.JsonPathResultMatchers.lambda$value$2(JsonPathResultMatchers.java:111)
	at org.springframework.test.web.servlet.MockMvc$1.andExpect(MockMvc.java:212)
	at org.springframework.samples.petclinic.acceptance.Cp05Tests.coreComputesDisplayName(Cp05Tests.java:18)

INFO  AnnotationConfigContextLoaderUtils - Could not detect default configuration classes for test class [org.springframework.samples.petclinic.acceptance.Cp47Tests]: Cp47Tests does not declare any static, non-private, non-final, nested classes annotated with @Configuration.
INFO  SpringBootTestContextBootstrapper - Found @SpringBootConfiguration org.springframework.samples.petclinic.PetClinicApplication for test class org.springframework.samples.petclinic.acceptance.Cp47Tests
INFO  AnnotationConfigContextLoaderUtils - Could not detect default configuration classes for test class [org.springframework.samples.petclinic.acceptance.Cp47Tests]: Cp47Tests does not declare any static, non-private, non-final, nested classes annotated with @Configuration.
INFO  AnnotationConfigContextLoaderUtils - Could not detect default configuration classes for test class [org.springframework.samples.petclinic.acceptance.AcceptanceBase]: AcceptanceBase does not declare any static, non-private, non-final, nested classes annotated with @Configuration.
INFO  SpringBootTestContextBootstrapper - Found @SpringBootConfiguration org.springframework.samples.petclinic.PetClinicApplication for test class org.springframework.samples.petclinic.acceptance.Cp47Tests
INFO  AUDIT - owner created id=185 customerCode=NSW-1C9415B5 registrationDate=2026-09-07 membershipLevel=1 membershipNumber=NSW-1C9415B5-M27
INFO  AnnotationConfigContextLoaderUtils - Could not detect default configuration classes for test class [org.springframework.samples.petclinic.acceptance.Cp09Tests]: Cp09Tests does not declare any static, non-private, non-final, nested classes annotated with @Configuration.
INFO  SpringBootTestContextBootstrapper - Found @SpringBootConfiguration org.springframework.samples.petclinic.PetClinicApplication for test class org.springframework.samples.petclinic.acceptance.Cp09Tests
INFO  AnnotationConfigContextLoaderUtils - Could not detect default configuration classes for test class [org.springframework.samples.petclinic.acceptance.Cp09Tests]: Cp09Tests does not declare any static, non-private, non-final, nested classes annotated with @Configuration.
INFO  AnnotationConfigContextLoaderUtils - Could not detect default configuration classes for test class [org.springframework.samples.petclinic.acceptance.AcceptanceBase]: AcceptanceBase does not declare any static, non-private, non-final, nested classes annotated with @Configuration.
INFO  SpringBootTestContextBootstrapper - Found @SpringBootConfiguration org.springframework.samples.petclinic.PetClinicApplication for test class org.springframework.samples.petclinic.acceptance.Cp09Tests
INFO  AUDIT - owner created id=186 customerCode=NSW-89257573 registrationDate=2026-09-07 membershipLevel=1 membershipNumber=NSW-89257573-M27
INFO  AnnotationConfigContextLoaderUtils - Could not detect default configuration classes for test class [org.springframework.samples.petclinic.acceptance.Cp23Tests]: Cp23Tests does not declare any static, non-private, non-final, nested classes annotated with @Configuration.
INFO  SpringBootTestContextBootstrapper - Found @SpringBootConfiguration org.springframework.samples.petclinic.PetClinicApplication for test class org.springframework.samples.petclinic.acceptance.Cp23Tests
INFO  AnnotationConfigContextLoaderUtils - Could not detect default configuration classes for test class [org.springframework.samples.petclinic.acceptance.Cp23Tests]: Cp23Tests does not declare any static, non-private, non-final, nested classes annotated with @Configuration.
INFO  AnnotationConfigContextLoaderUtils - Could not detect default configuration classes for test class [org.springframework.samples.petclinic.acceptance.AcceptanceBase]: AcceptanceBase does not declare any static, non-private, non-final, nested classes annotated with @Configuration.
INFO  SpringBootTestContextBootstrapper - Found @SpringBootConfiguration org.springframework.samples.petclinic.PetClinicApplication for test class org.springframework.samples.petclinic.acceptance.Cp23Tests
INFO  AUDIT - owner created id=187 customerCode=NSW-28DC5DAB registrationDate=2026-09-07 membershipLevel=1 membershipNumber=NSW-28DC5DAB-M27
INFO  AUDIT - owner created id=188 customerCode=NSW-87DA2DD2 registrationDate=2026-09-07 membershipLevel=1 membershipNumber=NSW-87DA2DD2-M27
INFO  AUDIT - owner created id=189 customerCode=NSW-5DC43495 registrationDate=2026-09-07 membershipLevel=3 membershipNumber=NSW-5DC43495-M27
INFO  AnnotationConfigContextLoaderUtils - Could not detect default configuration classes for test class [org.springframework.samples.petclinic.acceptance.Cp33Tests]: Cp33Tests does not declare any static, non-private, non-final, nested classes annotated with @Configuration.
INFO  SpringBootTestContextBootstrapper - Found @SpringBootConfiguration org.springframework.samples.petclinic.PetClinicApplication for test class org.springframework.samples.petclinic.acceptance.Cp33Tests
INFO  AnnotationConfigContextLoaderUtils - Could not detect default configuration classes for test class [org.springframework.samples.petclinic.acceptance.Cp33Tests]: Cp33Tests does not declare any static, non-private, non-final, nested classes annotated with @Configuration.
INFO  AnnotationConfigContextLoaderUtils - Could not detect default configuration classes for test class [org.springframework.samples.petclinic.acceptance.AcceptanceBase]: AcceptanceBase does not declare any static, non-private, non-final, nested classes annotated with @Configuration.
INFO  SpringBootTestContextBootstrapper - Found @SpringBootConfiguration org.springframework.samples.petclinic.PetClinicApplication for test class org.springframework.samples.petclinic.acceptance.Cp33Tests
INFO  AnnotationConfigContextLoaderUtils - Could not detect default configuration classes for test class [org.springframework.samples.petclinic.acceptance.Cp20Tests]: Cp20Tests does not declare any static, non-private, non-final, nested classes annotated with @Configuration.
INFO  SpringBootTestContextBootstrapper - Found @SpringBootConfiguration org.springframework.samples.petclinic.PetClinicApplication for test class org.springframework.samples.petclinic.acceptance.Cp20Tests
INFO  AnnotationConfigContextLoaderUtils - Could not detect default configuration classes for test class [org.springframework.samples.petclinic.acceptance.Cp20Tests]: Cp20Tests does not declare any static, non-private, non-final, nested classes annotated with @Configuration.
INFO  AnnotationConfigContextLoaderUtils - Could not detect default configuration classes for test class [org.springframework.samples.petclinic.acceptance.AcceptanceBase]: AcceptanceBase does not declare any static, non-private, non-final, nested classes annotated with @Configuration.
INFO  SpringBootTestContextBootstrapper - Found @SpringBootConfiguration org.springframework.samples.petclinic.PetClinicApplication for test class org.springframework.samples.petclinic.acceptance.Cp20Tests
INFO  AUDIT - owner created id=190 customerCode=UNKNOWN-D9E3DA21 registrationDate=2026-09-07 membershipLevel=1 membershipNumber=UNKNOWN-D9E3DA21-M27
INFO  AnnotationConfigContextLoaderUtils - Could not detect default configuration classes for test class [org.springframework.samples.petclinic.acceptance.Cp15Tests]: Cp15Tests does not declare any static, non-private, non-final, nested classes annotated with @Configuration.
INFO  SpringBootTestContextBootstrapper - Found @SpringBootConfiguration org.springframework.samples.petclinic.PetClinicApplication for test class org.springframework.samples.petclinic.acceptance.Cp15Tests
INFO  AnnotationConfigContextLoaderUtils - Could not detect default configuration classes for test class [org.springframework.samples.petclinic.acceptance.Cp15Tests]: Cp15Tests does not declare any static, non-private, non-final, nested classes annotated with @Configuration.
INFO  AnnotationConfigContextLoaderUtils - Could not detect default configuration classes for test class [org.springframework.samples.petclinic.acceptance.AcceptanceBase]: AcceptanceBase does not declare any static, non-private, non-final, nested classes annotated with @Configuration.
INFO  SpringBootTestContextBootstrapper - Found @SpringBootConfiguration org.springframework.samples.petclinic.PetClinicApplication for test class org.springframework.samples.petclinic.acceptance.Cp15Tests
INFO  AUDIT - owner created id=191 customerCode=UNKNOWN-842DC6B8 registrationDate=2026-09-07 membershipLevel=2 membershipNumber=UNKNOWN-842DC6B8-M27
INFO  AnnotationConfigContextLoaderUtils - Could not detect default configuration classes for test class [org.springframework.samples.petclinic.acceptance.Cp31Tests]: Cp31Tests does not declare any static, non-private, non-final, nested classes annotated with @Configuration.
INFO  SpringBootTestContextBootstrapper - Found @SpringBootConfiguration org.springframework.samples.petclinic.PetClinicApplication for test class org.springframework.samples.petclinic.acceptance.Cp31Tests
INFO  AnnotationConfigContextLoaderUtils - Could not detect default configuration classes for test class [org.springframework.samples.petclinic.acceptance.Cp31Tests]: Cp31Tests does not declare any static, non-private, non-final, nested classes annotated with @Configuration.
INFO  AnnotationConfigContextLoaderUtils - Could not detect default configuration classes for test class [org.springframework.samples.petclinic.acceptance.AcceptanceBase]: AcceptanceBase does not declare any static, non-private, non-final, nested classes annotated with @Configuration.
INFO  SpringBootTestContextBootstrapper - Found @SpringBootConfiguration org.springframework.samples.petclinic.PetClinicApplication for test class org.springframework.samples.petclinic.acceptance.Cp31Tests
INFO  AUDIT - owner created id=192 customerCode=NSW-C24ACBD1 registrationDate=2026-09-07 membershipLevel=1 membershipNumber=NSW-C24ACBD1-M27
INFO  AnnotationConfigContextLoaderUtils - Could not detect default configuration classes for test class [org.springframework.samples.petclinic.acceptance.Cp01Tests]: Cp01Tests does not declare any static, non-private, non-final, nested classes annotated with @Configuration.
INFO  SpringBootTestContextBootstrapper - Found @SpringBootConfiguration org.springframework.samples.petclinic.PetClinicApplication for test class org.springframework.samples.petclinic.acceptance.Cp01Tests
INFO  AnnotationConfigContextLoaderUtils - Could not detect default configuration classes for test class [org.springframework.samples.petclinic.acceptance.Cp01Tests]: Cp01Tests does not declare any static, non-private, non-final, nested classes annotated with @Configuration.
INFO  AnnotationConfigContextLoaderUtils - Could not detect default configuration classes for test class [org.springframework.samples.petclinic.acceptance.AcceptanceBase]: AcceptanceBase does not declare any static, non-private, non-final, nested classes annotated with @Configuration.
INFO  SpringBootTestContextBootstrapper - Found @SpringBootConfiguration org.springframework.samples.petclinic.PetClinicApplication for test class org.springframework.samples.petclinic.acceptance.Cp01Tests
DEBUG ExceptionControllerAdvice - Validation error at POST /api/owners: [Field error in object 'ownerFieldsDto' on field 'city': rejected value [null]; codes [NotNull.ownerFieldsDto.city,NotNull.city,NotNull.java.lang.String,NotNull]; arguments [org.springframework.context.support.DefaultMessageSourceResolvable: codes [ownerFieldsDto.city,city]; arguments []; default message [city]]; default message [must not be null]]
INFO  AnnotationConfigContextLoaderUtils - Could not detect default configuration classes for test class [org.springframework.samples.petclinic.acceptance.Cp26Tests]: Cp26Tests does not declare any static, non-private, non-final, nested classes annotated with @Configuration.
INFO  SpringBootTestContextBootstrapper - Found @SpringBootConfiguration org.springframework.samples.petclinic.PetClinicApplication for test class org.springframework.samples.petclinic.acceptance.Cp26Tests
INFO  AnnotationConfigContextLoaderUtils - Could not detect default configuration classes for test class [org.springframework.samples.petclinic.acceptance.Cp26Tests]: Cp26Tests does not declare any static, non-private, non-final, nested classes annotated with @Configuration.
INFO  AnnotationConfigContextLoaderUtils - Could not detect default configuration classes for test class [org.springframework.samples.petclinic.acceptance.AcceptanceBase]: AcceptanceBase does not declare any static, non-private, non-final, nested classes annotated with @Configuration.
INFO  SpringBootTestContextBootstrapper - Found @SpringBootConfiguration org.springframework.samples.petclinic.PetClinicApplication for test class org.springframework.samples.petclinic.acceptance.Cp26Tests
INFO  AnnotationConfigContextLoaderUtils - Could not detect default configuration classes for test class [org.springframework.samples.petclinic.acceptance.Cp46Tests]: Cp46Tests does not declare any static, non-private, non-final, nested classes annotated with @Configuration.
INFO  SpringBootTestContextBootstrapper - Found @SpringBootConfiguration org.springframework.samples.petclinic.PetClinicApplication for test class org.springframework.samples.petclinic.acceptance.Cp46Tests
INFO  AnnotationConfigContextLoaderUtils - Could not detect default configuration classes for test class [org.springframework.samples.petclinic.acceptance.Cp46Tests]: Cp46Tests does not declare any static, non-private, non-final, nested classes annotated with @Configuration.
INFO  AnnotationConfigContextLoaderUtils - Could not detect default configuration classes for test class [org.springframework.samples.petclinic.acceptance.AcceptanceBase]: AcceptanceBase does not declare any static, non-private, non-final, nested classes annotated with @Configuration.
INFO  SpringBootTestContextBootstrapper - Found @SpringBootConfiguration org.springframework.samples.petclinic.PetClinicApplication for test class org.springframework.samples.petclinic.acceptance.Cp46Tests
INFO  AUDIT - owner created id=193 customerCode=NSW-9E62126A registrationDate=2026-09-07 membershipLevel=1 membershipNumber=NSW-9E62126A-M27
INFO  AUDIT - owner created id=194 customerCode=NSW-9E62126A-2 registrationDate=2026-09-07 membershipLevel=1 membershipNumber=NSW-9E62126A-2-M27
INFO  AUDIT - owner created id=195 customerCode=NSW-559FB1E7 registrationDate=2026-09-07 membershipLevel=1 membershipNumber=NSW-559FB1E7-M27
INFO  AnnotationConfigContextLoaderUtils - Could not detect default configuration classes for test class [org.springframework.samples.petclinic.acceptance.Cp27Tests]: Cp27Tests does not declare any static, non-private, non-final, nested classes annotated with @Configuration.
INFO  SpringBootTestContextBootstrapper - Found @SpringBootConfiguration org.springframework.samples.petclinic.PetClinicApplication for test class org.springframework.samples.petclinic.acceptance.Cp27Tests
INFO  AnnotationConfigContextLoaderUtils - Could not detect default configuration classes for test class [org.springframework.samples.petclinic.acceptance.Cp27Tests]: Cp27Tests does not declare any static, non-private, non-final, nested classes annotated with @Configuration.
INFO  AnnotationConfigContextLoaderUtils - Could not detect default configuration classes for test class [org.springframework.samples.petclinic.acceptance.AcceptanceBase]: AcceptanceBase does not declare any static, non-private, non-final, nested classes annotated with @Configuration.
INFO  SpringBootTestContextBootstrapper - Found @SpringBootConfiguration org.springframework.samples.petclinic.PetClinicApplication for test class org.springframework.samples.petclinic.acceptance.Cp27Tests
INFO  AUDIT - owner created id=196 customerCode=UNKNOWN-78636AA8 registrationDate=2026-09-07 membershipLevel=2 membershipNumber=UNKNOWN-78636AA8-M27
INFO  AUDIT - owner created id=197 customerCode=UNKNOWN-E43F98A8 registrationDate=2026-09-07 membershipLevel=1 membershipNumber=UNKNOWN-E43F98A8-M27
INFO  AnnotationConfigContextLoaderUtils - Could not detect default configuration classes for test class [org.springframework.samples.petclinic.acceptance.Cp22Tests]: Cp22Tests does not declare any static, non-private, non-final, nested classes annotated with @Configuration.
INFO  SpringBootTestContextBootstrapper - Found @SpringBootConfiguration org.springframework.samples.petclinic.PetClinicApplication for test class org.springframework.samples.petclinic.acceptance.Cp22Tests
INFO  AnnotationConfigContextLoaderUtils - Could not detect default configuration classes for test class [org.springframework.samples.petclinic.acceptance.Cp22Tests]: Cp22Tests does not declare any static, non-private, non-final, nested classes annotated with @Configuration.
INFO  AnnotationConfigContextLoaderUtils - Could not detect default configuration classes for test class [org.springframework.samples.petclinic.acceptance.AcceptanceBase]: AcceptanceBase does not declare any static, non-private, non-final, nested classes annotated with @Configuration.
INFO  SpringBootTestContextBootstrapper - Found @SpringBootConfiguration org.springframework.samples.petclinic.PetClinicApplication for test class org.springframework.samples.petclinic.acceptance.Cp22Tests
INFO  AUDIT - owner created id=198 customerCode=UNKNOWN-AF6C51B3 registrationDate=2026-09-07 membershipLevel=1 membershipNumber=UNKNOWN-AF6C51B3-M27
INFO  AnnotationConfigContextLoaderUtils - Could not detect default configuration classes for test class [org.springframework.samples.petclinic.acceptance.Cp30Tests]: Cp30Tests does not declare any static, non-private, non-final, nested classes annotated with @Configuration.
INFO  SpringBootTestContextBootstrapper - Found @SpringBootConfiguration org.springframework.samples.petclinic.PetClinicApplication for test class org.springframework.samples.petclinic.acceptance.Cp30Tests
INFO  AnnotationConfigContextLoaderUtils - Could not detect default configuration classes for test class [org.springframework.samples.petclinic.acceptance.Cp30Tests]: Cp30Tests does not declare any static, non-private, non-final, nested classes annotated with @Configuration.
INFO  AnnotationConfigContextLoaderUtils - Could not detect default configuration classes for test class [org.springframework.samples.petclinic.acceptance.AcceptanceBase]: AcceptanceBase does not declare any static, non-private, non-final, nested classes annotated with @Configuration.
INFO  SpringBootTestContextBootstrapper - Found @SpringBootConfiguration org.springframework.samples.petclinic.PetClinicApplication for test class org.springframework.samples.petclinic.acceptance.Cp30Tests
INFO  AUDIT - owner created id=199 customerCode=NSW-05A15B69 registrationDate=2026-09-07 membershipLevel=1 membershipNumber=NSW-05A15B69-M27
INFO  AnnotationConfigContextLoaderUtils - Could not detect default configuration classes for test class [org.springframework.samples.petclinic.acceptance.Cp50Tests]: Cp50Tests does not declare any static, non-private, non-final, nested classes annotated with @Configuration.
INFO  SpringBootTestContextBootstrapper - Found @SpringBootConfiguration org.springframework.samples.petclinic.PetClinicApplication for test class org.springframework.samples.petclinic.acceptance.Cp50Tests
INFO  AnnotationConfigContextLoaderUtils - Could not detect default configuration classes for test class [org.springframework.samples.petclinic.acceptance.Cp50Tests]: Cp50Tests does not declare any static, non-private, non-final, nested classes annotated with @Configuration.
INFO  AnnotationConfigContextLoaderUtils - Could not detect default configuration classes for test class [org.springframework.samples.petclinic.acceptance.AcceptanceBase]: AcceptanceBase does not declare any static, non-private, non-final, nested classes annotated with @Configuration.
INFO  SpringBootTestContextBootstrapper - Found @SpringBootConfiguration org.springframework.samples.petclinic.PetClinicApplication for test class org.springframework.samples.petclinic.acceptance.Cp50Tests
INFO  AUDIT - owner created id=200 customerCode=NSW-0C267C0D registrationDate=2026-09-07 membershipLevel=1 membershipNumber=NSW-0C267C0D-M27
INFO  AnnotationConfigContextLoaderUtils - Could not detect default configuration classes for test class [org.springframework.samples.petclinic.acceptance.Cp24Tests]: Cp24Tests does not declare any static, non-private, non-final, nested classes annotated with @Configuration.
INFO  SpringBootTestContextBootstrapper - Found @SpringBootConfiguration org.springframework.samples.petclinic.PetClinicApplication for test class org.springframework.samples.petclinic.acceptance.Cp24Tests
INFO  AnnotationConfigContextLoaderUtils - Could not detect default configuration classes for test class [org.springframework.samples.petclinic.acceptance.Cp24Tests]: Cp24Tests does not declare any static, non-private, non-final, nested classes annotated with @Configuration.
INFO  AnnotationConfigContextLoaderUtils - Could not detect default configuration classes for test class [org.springframework.samples.petclinic.acceptance.AcceptanceBase]: AcceptanceBase does not declare any static, non-private, non-final, nested classes annotated with @Configuration.
INFO  SpringBootTestContextBootstrapper - Found @SpringBootConfiguration org.springframework.samples.petclinic.PetClinicApplication for test class org.springframework.samples.petclinic.acceptance.Cp24Tests
INFO  AUDIT - owner created id=201 customerCode=NSW-322C1509 registrationDate=2026-09-07 membershipLevel=2 membershipNumber=NSW-322C1509-M27
INFO  AnnotationConfigContextLoaderUtils - Could not detect default configuration classes for test class [org.springframework.samples.petclinic.acceptance.Cp42Tests]: Cp42Tests does not declare any static, non-private, non-final, nested classes annotated with @Configuration.
INFO  SpringBootTestContextBootstrapper - Found @SpringBootConfiguration org.springframework.samples.petclinic.PetClinicApplication for test class org.springframework.samples.petclinic.acceptance.Cp42Tests
INFO  AnnotationConfigContextLoaderUtils - Could not detect default configuration classes for test class [org.springframework.samples.petclinic.acceptance.Cp42Tests]: Cp42Tests does not declare any static, non-private, non-final, nested classes annotated with @Configuration.
INFO  AnnotationConfigContextLoaderUtils - Could not detect default configuration classes for test class [org.springframework.samples.petclinic.acceptance.AcceptanceBase]: AcceptanceBase does not declare any static, non-private, non-final, nested classes annotated with @Configuration.
INFO  SpringBootTestContextBootstrapper - Found @SpringBootConfiguration org.springframework.samples.petclinic.PetClinicApplication for test class org.springframework.samples.petclinic.acceptance.Cp42Tests
INFO  AUDIT - owner created id=202 customerCode=NSW-A1057437 registrationDate=2026-09-07 membershipLevel=1 membershipNumber=NSW-A1057437-M27
INFO  AnnotationConfigContextLoaderUtils - Could not detect default configuration classes for test class [org.springframework.samples.petclinic.acceptance.Cp41Tests]: Cp41Tests does not declare any static, non-private, non-final, nested classes annotated with @Configuration.
INFO  SpringBootTestContextBootstrapper - Found @SpringBootConfiguration org.springframework.samples.petclinic.PetClinicApplication for test class org.springframework.samples.petclinic.acceptance.Cp41Tests
INFO  AnnotationConfigContextLoaderUtils - Could not detect default configuration classes for test class [org.springframework.samples.petclinic.acceptance.Cp41Tests]: Cp41Tests does not declare any static, non-private, non-final, nested classes annotated with @Configuration.
INFO  AnnotationConfigContextLoaderUtils - Could not detect default configuration classes for test class [org.springframework.samples.petclinic.acceptance.AcceptanceBase]: AcceptanceBase does not declare any static, non-private, non-final, nested classes annotated with @Configuration.
INFO  SpringBootTestContextBootstrapper - Found @SpringBootConfiguration org.springframework.samples.petclinic.PetClinicApplication for test class org.springframework.samples.petclinic.acceptance.Cp41Tests
INFO  AUDIT - owner created id=203 customerCode=NSW-0DA9DBEB registrationDate=2026-09-07 membershipLevel=1 membershipNumber=NSW-0DA9DBEB-M27
INFO  AUDIT - owner created id=204 customerCode=NSW-C9AABEED registrationDate=2026-09-07 membershipLevel=1 membershipNumber=NSW-C9AABEED-M27
INFO  AnnotationConfigContextLoaderUtils - Could not detect default configuration classes for test class [org.springframework.samples.petclinic.acceptance.Cp32Tests]: Cp32Tests does not declare any static, non-private, non-final, nested classes annotated with @Configuration.
INFO  SpringBootTestContextBootstrapper - Found @SpringBootConfiguration org.springframework.samples.petclinic.PetClinicApplication for test class org.springframework.samples.petclinic.acceptance.Cp32Tests
INFO  AnnotationConfigContextLoaderUtils - Could not detect default configuration classes for test class [org.springframework.samples.petclinic.acceptance.Cp32Tests]: Cp32Tests does not declare any static, non-private, non-final, nested classes annotated with @Configuration.
INFO  AnnotationConfigContextLoaderUtils - Could not detect default configuration classes for test class [org.springframework.samples.petclinic.acceptance.AcceptanceBase]: AcceptanceBase does not declare any static, non-private, non-final, nested classes annotated with @Configuration.
INFO  SpringBootTestContextBootstrapper - Found @SpringBootConfiguration org.springframework.samples.petclinic.PetClinicApplication for test class org.springframework.samples.petclinic.acceptance.Cp32Tests
INFO  AUDIT - owner created id=205 customerCode=NSW-E2294C20 registrationDate=2026-09-07 membershipLevel=1 membershipNumber=NSW-E2294C20-M27
INFO  AnnotationConfigContextLoaderUtils - Could not detect default configuration classes for test class [org.springframework.samples.petclinic.acceptance.Cp38Tests]: Cp38Tests does not declare any static, non-private, non-final, nested classes annotated with @Configuration.
INFO  SpringBootTestContextBootstrapper - Found @SpringBootConfiguration org.springframework.samples.petclinic.PetClinicApplication for test class org.springframework.samples.petclinic.acceptance.Cp38Tests
INFO  AnnotationConfigContextLoaderUtils - Could not detect default configuration classes for test class [org.springframework.samples.petclinic.acceptance.Cp38Tests]: Cp38Tests does not declare any static, non-private, non-final, nested classes annotated with @Configuration.
INFO  AnnotationConfigContextLoaderUtils - Could not detect default configuration classes for test class [org.springframework.samples.petclinic.acceptance.AcceptanceBase]: AcceptanceBase does not declare any static, non-private, non-final, nested classes annotated with @Configuration.
INFO  SpringBootTestContextBootstrapper - Found @SpringBootConfiguration org.springframework.samples.petclinic.PetClinicApplication for test class org.springframework.samples.petclinic.acceptance.Cp38Tests
INFO  AnnotationConfigContextLoaderUtils - Could not detect default configuration classes for test class [org.springframework.samples.petclinic.acceptance.Cp02Tests]: Cp02Tests does not declare any static, non-private, non-final, nested classes annotated with @Configuration.
INFO  SpringBootTestContextBootstrapper - Found @SpringBootConfiguration org.springframework.samples.petclinic.PetClinicApplication for test class org.springframework.samples.petclinic.acceptance.Cp02Tests
INFO  AnnotationConfigContextLoaderUtils - Could not detect default configuration classes for test class [org.springframework.samples.petclinic.acceptance.Cp02Tests]: Cp02Tests does not declare any static, non-private, non-final, nested classes annotated with @Configuration.
INFO  AnnotationConfigContextLoaderUtils - Could not detect default configuration classes for test class [org.springframework.samples.petclinic.acceptance.AcceptanceBase]: AcceptanceBase does not declare any static, non-private, non-final, nested classes annotated with @Configuration.
INFO  SpringBootTestContextBootstrapper - Found @SpringBootConfiguration org.springframework.samples.petclinic.PetClinicApplication for test class org.springframework.samples.petclinic.acceptance.Cp02Tests
INFO  AUDIT - owner created id=206 customerCode=UNKNOWN-0C16B266 registrationDate=2026-09-07 membershipLevel=1 membershipNumber=UNKNOWN-0C16B266-M27
INFO  AnnotationConfigContextLoaderUtils - Could not detect default configuration classes for test class [org.springframework.samples.petclinic.acceptance.Cp49Tests]: Cp49Tests does not declare any static, non-private, non-final, nested classes annotated with @Configuration.
INFO  SpringBootTestContextBootstrapper - Found @SpringBootConfiguration org.springframework.samples.petclinic.PetClinicApplication for test class org.springframework.samples.petclinic.acceptance.Cp49Tests
INFO  AnnotationConfigContextLoaderUtils - Could not detect default configuration classes for test class [org.springframework.samples.petclinic.acceptance.Cp49Tests]: Cp49Tests does not declare any static, non-private, non-final, nested classes annotated with @Configuration.
INFO  AnnotationConfigContextLoaderUtils - Could not detect default configuration classes for test class [org.springframework.samples.petclinic.acceptance.AcceptanceBase]: AcceptanceBase does not declare any static, non-private, non-final, nested classes annotated with @Configuration.
INFO  SpringBootTestContextBootstrapper - Found @SpringBootConfiguration org.springframework.samples.petclinic.PetClinicApplication for test class org.springframework.samples.petclinic.acceptance.Cp49Tests
INFO  AUDIT - owner created id=207 customerCode=NSW-FBFF6C38 registrationDate=2026-09-07 membershipLevel=1 membershipNumber=NSW-FBFF6C38-M27
INFO  AnnotationConfigContextLoaderUtils - Could not detect default configuration classes for test class [org.springframework.samples.petclinic.acceptance.Cp45Tests]: Cp45Tests does not declare any static, non-private, non-final, nested classes annotated with @Configuration.
INFO  SpringBootTestContextBootstrapper - Found @SpringBootConfiguration org.springframework.samples.petclinic.PetClinicApplication for test class org.springframework.samples.petclinic.acceptance.Cp45Tests
INFO  AnnotationConfigContextLoaderUtils - Could not detect default configuration classes for test class [org.springframework.samples.petclinic.acceptance.Cp45Tests]: Cp45Tests does not declare any static, non-private, non-final, nested classes annotated with @Configuration.
INFO  AnnotationConfigContextLoaderUtils - Could not detect default configuration classes for test class [org.springframework.samples.petclinic.acceptance.AcceptanceBase]: AcceptanceBase does not declare any static, non-private, non-final, nested classes annotated with @Configuration.
INFO  SpringBootTestContextBootstrapper - Found @SpringBootConfiguration org.springframework.samples.petclinic.PetClinicApplication for test class org.springframework.samples.petclinic.acceptance.Cp45Tests
INFO  AUDIT - owner created id=208 customerCode=NSW-85A3AE28 registrationDate=2026-09-07 membershipLevel=1 membershipNumber=NSW-85A3AE28-M27
INFO  AnnotationConfigContextLoaderUtils - Could not detect default configuration classes for test class [org.springframework.samples.petclinic.acceptance.Cp14Tests]: Cp14Tests does not declare any static, non-private, non-final, nested classes annotated with @Configuration.
INFO  SpringBootTestContextBootstrapper - Found @SpringBootConfiguration org.springframework.samples.petclinic.PetClinicApplication for test class org.springframework.samples.petclinic.acceptance.Cp14Tests
INFO  AnnotationConfigContextLoaderUtils - Could not detect default configuration classes for test class [org.springframework.samples.petclinic.acceptance.Cp14Tests]: Cp14Tests does not declare any static, non-private, non-final, nested classes annotated with @Configuration.
INFO  AnnotationConfigContextLoaderUtils - Could not detect default configuration classes for test class [org.springframework.samples.petclinic.acceptance.AcceptanceBase]: AcceptanceBase does not declare any static, non-private, non-final, nested classes annotated with @Configuration.
INFO  SpringBootTestContextBootstrapper - Found @SpringBootConfiguration org.springframework.samples.petclinic.PetClinicApplication for test class org.springframework.samples.petclinic.acceptance.Cp14Tests
INFO  AUDIT - owner created id=209 customerCode=NSW-04DA1AF9 registrationDate=2026-09-07 membershipLevel=1 membershipNumber=NSW-04DA1AF9-M27
INFO  AnnotationConfigContextLoaderUtils - Could not detect default configuration classes for test class [org.springframework.samples.petclinic.acceptance.Cp48Tests]: Cp48Tests does not declare any static, non-private, non-final, nested classes annotated with @Configuration.
INFO  SpringBootTestContextBootstrapper - Found @SpringBootConfiguration org.springframework.samples.petclinic.PetClinicApplication for test class org.springframework.samples.petclinic.acceptance.Cp48Tests
INFO  AnnotationConfigContextLoaderUtils - Could not detect default configuration classes for test class [org.springframework.samples.petclinic.acceptance.Cp48Tests]: Cp48Tests does not declare any static, non-private, non-final, nested classes annotated with @Configuration.
INFO  AnnotationConfigContextLoaderUtils - Could not detect default configuration classes for test class [org.springframework.samples.petclinic.acceptance.AcceptanceBase]: AcceptanceBase does not declare any static, non-private, non-final, nested classes annotated with @Configuration.
INFO  SpringBootTestContextBootstrapper - Found @SpringBootConfiguration org.springframework.samples.petclinic.PetClinicApplication for test class org.springframework.samples.petclinic.acceptance.Cp48Tests
INFO  AUDIT - owner created id=210 customerCode=NSW-79D36A64 registrationDate=2026-09-07 membershipLevel=1 membershipNumber=NSW-79D36A64-M27
INFO  AnnotationConfigContextLoaderUtils - Could not detect default configuration classes for test class [org.springframework.samples.petclinic.acceptance.Cp44Tests]: Cp44Tests does not declare any static, non-private, non-final, nested classes annotated with @Configuration.
INFO  SpringBootTestContextBootstrapper - Found @SpringBootConfiguration org.springframework.samples.petclinic.PetClinicApplication for test class org.springframework.samples.petclinic.acceptance.Cp44Tests
INFO  AnnotationConfigContextLoaderUtils - Could not detect default configuration classes for test class [org.springframework.samples.petclinic.acceptance.Cp44Tests]: Cp44Tests does not declare any static, non-private, non-final, nested classes annotated with @Configuration.
INFO  AnnotationConfigContextLoaderUtils - Could not detect default configuration classes for test class [org.springframework.samples.petclinic.acceptance.AcceptanceBase]: AcceptanceBase does not declare any static, non-private, non-final, nested classes annotated with @Configuration.
INFO  SpringBootTestContextBootstrapper - Found @SpringBootConfiguration org.springframework.samples.petclinic.PetClinicApplication for test class org.springframework.samples.petclinic.acceptance.Cp44Tests
INFO  AUDIT - owner created id=211 customerCode=NSW-8D962720 registrationDate=2026-09-07 membershipLevel=1 membershipNumber=NSW-8D962720-M27
INFO  AUDIT - owner created id=212 customerCode=UNKNOWN-52597855 registrationDate=2026-09-07 membershipLevel=1 membershipNumber=UNKNOWN-52597855-M27
INFO  AnnotationConfigContextLoaderUtils - Could not detect default configuration classes for test class [org.springframework.samples.petclinic.acceptance.Cp12Tests]: Cp12Tests does not declare any static, non-private, non-final, nested classes annotated with @Configuration.
INFO  SpringBootTestContextBootstrapper - Found @SpringBootConfiguration org.springframework.samples.petclinic.PetClinicApplication for test class org.springframework.samples.petclinic.acceptance.Cp12Tests
INFO  AnnotationConfigContextLoaderUtils - Could not detect default configuration classes for test class [org.springframework.samples.petclinic.acceptance.Cp12Tests]: Cp12Tests does not declare any static, non-private, non-final, nested classes annotated with @Configuration.
INFO  AnnotationConfigContextLoaderUtils - Could not detect default configuration classes for test class [org.springframework.samples.petclinic.acceptance.AcceptanceBase]: AcceptanceBase does not declare any static, non-private, non-final, nested classes annotated with @Configuration.
INFO  SpringBootTestContextBootstrapper - Found @SpringBootConfiguration org.springframework.samples.petclinic.PetClinicApplication for test class org.springframework.samples.petclinic.acceptance.Cp12Tests
INFO  AUDIT - owner created id=213 customerCode=NSW-71818EA4 registrationDate=2026-09-07 membershipLevel=1 membershipNumber=NSW-71818EA4-M27
INFO  AnnotationConfigContextLoaderUtils - Could not detect default configuration classes for test class [org.springframework.samples.petclinic.acceptance.Cp39Tests]: Cp39Tests does not declare any static, non-private, non-final, nested classes annotated with @Configuration.
INFO  SpringBootTestContextBootstrapper - Found @SpringBootConfiguration org.springframework.samples.petclinic.PetClinicApplication for test class org.springframework.samples.petclinic.acceptance.Cp39Tests
INFO  AnnotationConfigContextLoaderUtils - Could not detect default configuration classes for test class [org.springframework.samples.petclinic.acceptance.Cp39Tests]: Cp39Tests does not declare any static, non-private, non-final, nested classes annotated with @Configuration.
INFO  AnnotationConfigContextLoaderUtils - Could not detect default configuration classes for test class [org.springframework.samples.petclinic.acceptance.AcceptanceBase]: AcceptanceBase does not declare any static, non-private, non-final, nested classes annotated with @Configuration.
INFO  SpringBootTestContextBootstrapper - Found @SpringBootConfiguration org.springframework.samples.petclinic.PetClinicApplication for test class org.springframework.samples.petclinic.acceptance.Cp39Tests
INFO  AUDIT - owner created id=214 customerCode=NSW-1C2D5C63 registrationDate=2026-09-07 membershipLevel=1 membershipNumber=NSW-1C2D5C63-M27
INFO  AUDIT - owner created id=215 customerCode=NSW-CD81D1F5 registrationDate=2026-09-07 membershipLevel=1 membershipNumber=NSW-CD81D1F5-M27
INFO  AUDIT - owner created id=216 customerCode=NSW-F3268669 registrationDate=2026-09-07 membershipLevel=3 membershipNumber=NSW-F3268669-M27
INFO  AnnotationConfigContextLoaderUtils - Could not detect default configuration classes for test class [org.springframework.samples.petclinic.acceptance.Cp34Tests]: Cp34Tests does not declare any static, non-private, non-final, nested classes annotated with @Configuration.
INFO  SpringBootTestContextBootstrapper - Found @SpringBootConfiguration org.springframework.samples.petclinic.PetClinicApplication for test class org.springframework.samples.petclinic.acceptance.Cp34Tests
INFO  AnnotationConfigContextLoaderUtils - Could not detect default configuration classes for test class [org.springframework.samples.petclinic.acceptance.Cp34Tests]: Cp34Tests does not declare any static, non-private, non-final, nested classes annotated with @Configuration.
INFO  AnnotationConfigContextLoaderUtils - Could not detect default configuration classes for test class [org.springframework.samples.petclinic.acceptance.AcceptanceBase]: AcceptanceBase does not declare any static, non-private, non-final, nested classes annotated with @Configuration.
INFO  SpringBootTestContextBootstrapper - Found @SpringBootConfiguration org.springframework.samples.petclinic.PetClinicApplication for test class org.springframework.samples.petclinic.acceptance.Cp34Tests
INFO  AUDIT - owner created id=217 customerCode=UNKNOWN-84A2AC5D registrationDate=2026-09-07 membershipLevel=1 membershipNumber=UNKNOWN-84A2AC5D-M27
INFO  AnnotationConfigContextLoaderUtils - Could not detect default configuration classes for test class [org.springframework.samples.petclinic.acceptance.Cp04Tests]: Cp04Tests does not declare any static, non-private, non-final, nested classes annotated with @Configuration.
INFO  SpringBootTestContextBootstrapper - Found @SpringBootConfiguration org.springframework.samples.petclinic.PetClinicApplication for test class org.springframework.samples.petclinic.acceptance.Cp04Tests
INFO  AnnotationConfigContextLoaderUtils - Could not detect default configuration classes for test class [org.springframework.samples.petclinic.acceptance.Cp04Tests]: Cp04Tests does not declare any static, non-private, non-final, nested classes annotated with @Configuration.
INFO  AnnotationConfigContextLoaderUtils - Could not detect default configuration classes for test class [org.springframework.samples.petclinic.acceptance.AcceptanceBase]: AcceptanceBase does not declare any static, non-private, non-final, nested classes annotated with @Configuration.
INFO  SpringBootTestContextBootstrapper - Found @SpringBootConfiguration org.springframework.samples.petclinic.PetClinicApplication for test class org.springframework.samples.petclinic.acceptance.Cp04Tests
DEBUG ExceptionControllerAdvice - Validation error at POST /api/owners: [Field error in object 'ownerFieldsDto' on field 'email': rejected value [not-an-email]; codes [Email.ownerFieldsDto.email,Email.email,Email.java.lang.String,Email]; arguments [org.springframework.context.support.DefaultMessageSourceResolvable: codes [ownerFieldsDto.email,email]; arguments []; default message [email],[Ljakarta.validation.constraints.Pattern$Flag;@137e50c0,.*]; default message [must be a well-formed email address]]
INFO  AUDIT - owner created id=218 customerCode=UNKNOWN-2CA1D7DA registrationDate=2026-09-07 membershipLevel=1 membershipNumber=UNKNOWN-2CA1D7DA-M27
INFO  AUDIT - owner created id=219 customerCode=UNKNOWN-13912F3D registrationDate=2026-09-07 membershipLevel=2 membershipNumber=UNKNOWN-13912F3D-M27

MockHttpServletRequest:
      HTTP Method = POST
      Request URI = /api/owners
       Parameters = {}
          Headers = [Content-Type:"application/json;charset=UTF-8", Content-Length:"142"]
             Body = {"firstName":"Test","lastName":"Suraij","address":"921 Test Street","city":"Town922","telephone":"0400000923","email":"Test.User@Example.COM"}
    Session Attrs = {SPRING_SECURITY_CONTEXT=SecurityContextImpl [Authentication=UsernamePasswordAuthenticationToken [Principal=org.springframework.security.core.userdetails.User [Username=acceptance-admin, Password=[PROTECTED], Enabled=true, AccountNonExpired=true, CredentialsNonExpired=true, AccountNonLocked=true, Granted Authorities=[ROLE_ADMIN, ROLE_OWNER_ADMIN, ROLE_VET_ADMIN]], Credentials=[PROTECTED], Authenticated=true, Details=null, Granted Authorities=[ROLE_ADMIN, ROLE_OWNER_ADMIN, ROLE_VET_ADMIN]]]}

Handler:
             Type = org.springframework.samples.petclinic.rest.controller.v1.OwnerRestControllerV1
           Method = org.springframework.samples.petclinic.rest.controller.v1.OwnerRestControllerV1#addOwner(OwnerFieldsDto)

Async:
    Async started = false
     Async result = null

Resolved Exception:
             Type = null

ModelAndView:
        View name = null
             View = null
            Model = null

FlashMap:
       Attributes = null

MockHttpServletResponse:
           Status = 201
    Error message = null
          Headers = [Vary:"Origin", "Access-Control-Request-Method", "Access-Control-Request-Headers", Location:"/api/owners/219", Content-Type:"application/json", X-Content-Type-Options:"nosniff", X-XSS-Protection:"0", Cache-Control:"no-cache, no-store, max-age=0, must-revalidate", Pragma:"no-cache", Expires:"0", X-Frame-Options:"DENY"]
     Content type = application/json
             Body = {"firstName":"TEST","lastName":"SURAIJ","city":"TOWN922","telephone":"+61400000923","pets":[],"address":"921 TEST STREET","addressLine1":null,"addressLine2":null,"ageBand":null,"birthDate":null,"bulkSignupWarning":false,"checkDigit":4,"contactPreference":"EMAIL","customerCode":"UNKNOWN-13912F3D","deleted":false,"displayName":"SURAIJ, TEST","email":"TEST.USER@EXAMPLE.COM","fiscalYear":"FY27","householdId":"27fe30a8fde9","id":219,"identityKey":"+61400000923|test.user@example.com|27fe30a8fde9","initials":"T.S.","locality":"UNKNOWN","membershipLevel":2,"membershipNumber":"UNKNOWN-13912F3D-M27","membershipPoints":3,"namesakeCount":0,"possibleDuplicate":false,"possibleDuplicateOf":null,"postcode":null,"registrationDate":"2026-09-07","salutation":"Suraij","selfLink":"/api/owners/219","sharesHousehold":null,"telephoneDisplay":"+61 400 000 923","timezone":null,"title":null}
    Forwarded URL = null
   Redirected URL = /api/owners/219
          Cookies = []

MockHttpServletRequest:
      HTTP Method = GET
      Request URI = /api/owners/219
       Parameters = {}
          Headers = []
             Body = null
    Session Attrs = {SPRING_SECURITY_CONTEXT=SecurityContextImpl [Authentication=UsernamePasswordAuthenticationToken [Principal=org.springframework.security.core.userdetails.User [Username=acceptance-admin, Password=[PROTECTED], Enabled=true, AccountNonExpired=true, CredentialsNonExpired=true, AccountNonLocked=true, Granted Authorities=[ROLE_ADMIN, ROLE_OWNER_ADMIN, ROLE_VET_ADMIN]], Credentials=[PROTECTED], Authenticated=true, Details=null, Granted Authorities=[ROLE_ADMIN, ROLE_OWNER_ADMIN, ROLE_VET_ADMIN]]]}

Handler:
             Type = org.springframework.samples.petclinic.rest.controller.v1.OwnerRestControllerV1
           Method = org.springframework.samples.petclinic.rest.controller.v1.OwnerRestControllerV1#getOwner(Integer)

Async:
    Async started = false
     Async result = null

Resolved Exception:
             Type = null

ModelAndView:
        View name = null
             View = null
            Model = null

FlashMap:
       Attributes = null

MockHttpServletResponse:
           Status = 200
    Error message = null
          Headers = [Vary:"Origin", "Access-Control-Request-Method", "Access-Control-Request-Headers", Content-Type:"application/json", X-Content-Type-Options:"nosniff", X-XSS-Protection:"0", Cache-Control:"no-cache, no-store, max-age=0, must-revalidate", Pragma:"no-cache", Expires:"0", X-Frame-Options:"DENY"]
     Content type = application/json
             Body = {"firstName":"TEST","lastName":"SURAIJ","city":"TOWN922","telephone":"+61400000923","pets":[],"address":"921 TEST STREET","addressLine1":null,"addressLine2":null,"ageBand":null,"birthDate":null,"bulkSignupWarning":false,"checkDigit":4,"contactPreference":"EMAIL","customerCode":"UNKNOWN-13912F3D","deleted":false,"displayName":"SURAIJ, TEST","email":"TEST.USER@EXAMPLE.COM","fiscalYear":"FY27","householdId":"27fe30a8fde9","id":219,"identityKey":"+61400000923|test.user@example.com|27fe30a8fde9","initials":"T.S.","locality":"UNKNOWN","membershipLevel":2,"membershipNumber":"UNKNOWN-13912F3D-M27","membershipPoints":3,"namesakeCount":0,"possibleDuplicate":false,"possibleDuplicateOf":null,"postcode":null,"registrationDate":"2026-09-07","salutation":"Suraij","selfLink":"/api/owners/219","sharesHousehold":null,"telephoneDisplay":"+61 400 000 923","timezone":null,"title":null}
    Forwarded URL = null
   Redirected URL = null
          Cookies = []
[ERROR] Tests run: 3, Failures: 1, Errors: 0, Skipped: 0, Time elapsed: 0.047 s <<< FAILURE! -- in org.springframework.samples.petclinic.acceptance.Cp04Tests
[ERROR] org.springframework.samples.petclinic.acceptance.Cp04Tests.coreLowercasesEmail -- Time elapsed: 0.020 s <<< FAILURE!
java.lang.AssertionError: JSON path "$.email" expected:<test.user@example.com> but was:<TEST.USER@EXAMPLE.COM>
	at org.springframework.test.util.AssertionErrors.fail(AssertionErrors.java:62)
	at org.springframework.test.util.AssertionErrors.assertEquals(AssertionErrors.java:129)
	at org.springframework.test.util.JsonPathExpectationsHelper.assertValue(JsonPathExpectationsHelper.java:172)
	at org.springframework.test.web.servlet.result.JsonPathResultMatchers.lambda$value$2(JsonPathResultMatchers.java:111)
	at org.springframework.test.web.servlet.MockMvc$1.andExpect(MockMvc.java:212)
	at org.springframework.samples.petclinic.acceptance.Cp04Tests.coreLowercasesEmail(Cp04Tests.java:18)

INFO  AnnotationConfigContextLoaderUtils - Could not detect default configuration classes for test class [org.springframework.samples.petclinic.acceptance.Cp16Tests]: Cp16Tests does not declare any static, non-private, non-final, nested classes annotated with @Configuration.
INFO  SpringBootTestContextBootstrapper - Found @SpringBootConfiguration org.springframework.samples.petclinic.PetClinicApplication for test class org.springframework.samples.petclinic.acceptance.Cp16Tests
INFO  AnnotationConfigContextLoaderUtils - Could not detect default configuration classes for test class [org.springframework.samples.petclinic.acceptance.Cp16Tests]: Cp16Tests does not declare any static, non-private, non-final, nested classes annotated with @Configuration.
INFO  AnnotationConfigContextLoaderUtils - Could not detect default configuration classes for test class [org.springframework.samples.petclinic.acceptance.AcceptanceBase]: AcceptanceBase does not declare any static, non-private, non-final, nested classes annotated with @Configuration.
INFO  SpringBootTestContextBootstrapper - Found @SpringBootConfiguration org.springframework.samples.petclinic.PetClinicApplication for test class org.springframework.samples.petclinic.acceptance.Cp16Tests
INFO  AUDIT - owner created id=220 customerCode=NSW-564E972A registrationDate=2026-09-07 membershipLevel=1 membershipNumber=NSW-564E972A-M27
INFO  AnnotationConfigContextLoaderUtils - Could not detect default configuration classes for test class [org.springframework.samples.petclinic.acceptance.Cp43Tests]: Cp43Tests does not declare any static, non-private, non-final, nested classes annotated with @Configuration.
INFO  SpringBootTestContextBootstrapper - Found @SpringBootConfiguration org.springframework.samples.petclinic.PetClinicApplication for test class org.springframework.samples.petclinic.acceptance.Cp43Tests
INFO  AnnotationConfigContextLoaderUtils - Could not detect default configuration classes for test class [org.springframework.samples.petclinic.acceptance.Cp43Tests]: Cp43Tests does not declare any static, non-private, non-final, nested classes annotated with @Configuration.
INFO  AnnotationConfigContextLoaderUtils - Could not detect default configuration classes for test class [org.springframework.samples.petclinic.acceptance.AcceptanceBase]: AcceptanceBase does not declare any static, non-private, non-final, nested classes annotated with @Configuration.
INFO  SpringBootTestContextBootstrapper - Found @SpringBootConfiguration org.springframework.samples.petclinic.PetClinicApplication for test class org.springframework.samples.petclinic.acceptance.Cp43Tests
INFO  AUDIT - owner created id=221 customerCode=NSW-1931092A registrationDate=2026-09-07 membershipLevel=2 membershipNumber=NSW-1931092A-M27
[ERROR] Failures: 
[ERROR]   Cp04Tests.coreLowercasesEmail:18 JSON path "$.email" expected:<test.user@example.com> but was:<TEST.USER@EXAMPLE.COM>
[ERROR]   Cp05Tests.coreComputesDisplayName:18 JSON path "$.displayName" expected:<Surabb, John> but was:<SURABB, JOHN>
[ERROR] Tests run: 62, Failures: 2, Errors: 0, Skipped: 0
[ERROR] Failed to execute goal org.apache.maven.plugins:maven-surefire-plugin:3.5.6:test (default-test) on project spring-petclinic-rest: There are test failures.
[ERROR] 
[ERROR] See /home/daniel/sandbox/target/surefire-reports for the individual test results.
[ERROR] See dump files (if any exist) [date].dump, [date]-jvmRun[N].dump and [date].dumpstream.
[ERROR] -> [Help 1]
[ERROR] 
[ERROR] To see the full stack trace of the errors, re-run Maven with the -e switch.
[ERROR] Re-run Maven using the -X switch to enable full debug logging.
[ERROR] 
[ERROR] For more information about the errors and possible solutions, please read the following articles:
[ERROR] [Help 1] http://cwiki.apache.org/confluence/display/MAVEN/MojoFailureException
OpenJDK 64-Bit Server VM warning: Sharing is only supported for boot loader classes because bootstrap classpath has been appended
