$ ./mvnw -q -B -DskipTests test-compile
############################################################################################
# Thanks for using OpenAPI Generator.                                                      #
# We appreciate your support! Please consider donation to help us maintain this project.   #
# https://opencollective.com/openapi_generator/donate                                      #
############################################################################################

$ ./mvnw -q -B -Dgroups=cp01,cp02,cp03,cp04,cp05,cp06,cp07,cp08,cp09,cp10,cp11,cp12,cp13,cp14,cp15,cp16,cp17,cp18,cp19,cp20,cp21,cp22,cp23,cp24,cp25,cp26,cp27,cp28,cp29,cp30,cp31,cp32,cp33,cp34,cp35,cp36,cp37,cp38,cp39,cp40,cp41,cp42,cp43,cp44,cp45,cp46,cp47,cp48,cp49,cp50,cp51 test
############################################################################################
# Thanks for using OpenAPI Generator.                                                      #
# We appreciate your support! Please consider donation to help us maintain this project.   #
# https://opencollective.com/openapi_generator/donate                                      #
############################################################################################
INFO  AnnotationConfigContextLoaderUtils - Could not detect default configuration classes for test class [org.springframework.samples.petclinic.acceptance.Cp17Tests]: Cp17Tests does not declare any static, non-private, non-final, nested classes annotated with @Configuration.
INFO  SpringBootTestContextBootstrapper - Found @SpringBootConfiguration org.springframework.samples.petclinic.PetClinicApplication for test class org.springframework.samples.petclinic.acceptance.Cp17Tests
INFO  AnnotationConfigContextLoaderUtils - Could not detect default configuration classes for test class [org.springframework.samples.petclinic.acceptance.Cp17Tests]: Cp17Tests does not declare any static, non-private, non-final, nested classes annotated with @Configuration.
INFO  AnnotationConfigContextLoaderUtils - Could not detect default configuration classes for test class [org.springframework.samples.petclinic.acceptance.AcceptanceBase]: AcceptanceBase does not declare any static, non-private, non-final, nested classes annotated with @Configuration.
INFO  SpringBootTestContextBootstrapper - Found @SpringBootConfiguration org.springframework.samples.petclinic.PetClinicApplication for test class org.springframework.samples.petclinic.acceptance.Cp17Tests

  .   ____          _            __ _ _
 /\\ / ___'_ __ _ _(_)_ __  __ _ \ \ \ \
( ( )\___ | '_ | '_| | '_ \/ _` | \ \ \ \
 \\/  ___)| |_)| | | | | || (_| |  ) ) ) )
  '  |____| .__|_| |_|_| |_\__, | / / / /
 =========|_|==============|___/=/_/_/_/

 :: Spring Boot ::                (v4.1.0)

INFO  Cp17Tests - Starting Cp17Tests using Java 17.0.20 with PID 2263287 (started by daniel in /home/daniel/sandbox)
DEBUG Cp17Tests - Running with Spring Boot v4.1.0, Spring v7.0.8
INFO  Cp17Tests - The following 2 profiles are active: "hsqldb", "spring-data-jpa"
INFO  Version - HV000001: Hibernate Validator 9.1.0.Final
INFO  RepositoryConfigurationDelegate - Bootstrapping Spring Data JPA repositories in DEFAULT mode.
INFO  RepositoryConfigurationDelegate - Finished Spring Data repository scanning in 71 ms. Found 7 JPA repository interfaces.
INFO  HikariDataSource - HikariPool-1 - Starting...
INFO  PoolBase - HikariPool-1 - Driver does not support get/set network timeout for connections. (feature not supported)
INFO  HikariPool - HikariPool-1 - Added connection org.hsqldb.jdbc.JDBCConnection@43f13160
INFO  HikariDataSource - HikariPool-1 - Start completed.
INFO  jpa - HHH008540: Processing PersistenceUnitInfo [name: default]
INFO  core - HHH000001: Hibernate ORM core version 7.4.1.Final
INFO  SpringPersistenceUnitInfo - No LoadTimeWeaver setup: ignoring JPA class transformer
INFO  pooling - HHH10001005: Database info:
	Database JDBC URL [jdbc:hsqldb:mem:petclinic]
	Database driver: HSQL Database Engine Driver
	Database dialect: HSQLDialect
	Database version: 2.7.3
	Default catalog/schema: PUBLIC/PUBLIC
	Autocommit mode: undefined/unknown
	Isolation level: READ_COMMITTED [default READ_COMMITTED]
	JDBC fetch size: none
	Pool: DataSourceConnectionProvider
	Minimum pool size: undefined/unknown
	Maximum pool size: undefined/unknown
INFO  core - HHH000489: No JTA platform available (set 'hibernate.transaction.jta.platform' to enable JTA platform integration)
INFO  LocalContainerEntityManagerFactoryBean - Initialized JPA EntityManagerFactory for persistence unit 'default'
INFO  QueryEnhancerFactories - Hibernate is in classpath; If applicable, HQL parser will be used.
WARN  InitializeUserDetailsBeanManagerConfigurer$InitializeUserDetailsManagerConfigurer - Global AuthenticationManager configured with an AuthenticationProvider bean. UserDetailsService beans will not be used by Spring Security for automatically configuring username/password login. Consider removing the AuthenticationProvider bean. Alternatively, consider using the UserDetailsService in a manually instantiated DaoAuthenticationProvider. If the current configuration is intentional, to turn off this warning, increase the logging level of 'org.springframework.security.config.annotation.authentication.configuration.InitializeUserDetailsBeanManagerConfigurer' to ERROR
WARN  UserDetailsServiceAutoConfiguration - 

Using generated security password: 58e6bdc9-b41c-4aaa-8691-31c176c8befc

This generated password is for development use only. Your security configuration must be updated before running your application in production.

INFO  SpringBootMockServletContext - Initializing Spring TestDispatcherServlet ''
INFO  TestDispatcherServlet - Initializing Servlet ''
INFO  EndpointLinksResolver - Exposing 1 endpoint beneath base path '/actuator'
INFO  TestDispatcherServlet - Completed initialization in 19 ms
INFO  Cp17Tests - Started Cp17Tests in 7.349 seconds (process running for 9.303)
WARN  SpringDocAppInitializer - SpringDoc /v3/api-docs endpoint is enabled by default. To disable it in production, set the property 'springdoc.api-docs.enabled=false'
WARN  SpringDocAppInitializer - SpringDoc /swagger-ui.html endpoint is enabled by default. To disable it in production, set the property 'springdoc.swagger-ui.enabled=false'
INFO  AUDIT - owner created id=11 customerCode=NSW-00C7EBD7 registrationDate=2026-09-07 membershipLevel=1 membershipNumber=NSW-00C7EBD7-M27
INFO  AnnotationConfigContextLoaderUtils - Could not detect default configuration classes for test class [org.springframework.samples.petclinic.acceptance.Cp10Tests]: Cp10Tests does not declare any static, non-private, non-final, nested classes annotated with @Configuration.
INFO  SpringBootTestContextBootstrapper - Found @SpringBootConfiguration org.springframework.samples.petclinic.PetClinicApplication for test class org.springframework.samples.petclinic.acceptance.Cp10Tests
INFO  AnnotationConfigContextLoaderUtils - Could not detect default configuration classes for test class [org.springframework.samples.petclinic.acceptance.Cp10Tests]: Cp10Tests does not declare any static, non-private, non-final, nested classes annotated with @Configuration.
INFO  AnnotationConfigContextLoaderUtils - Could not detect default configuration classes for test class [org.springframework.samples.petclinic.acceptance.AcceptanceBase]: AcceptanceBase does not declare any static, non-private, non-final, nested classes annotated with @Configuration.
INFO  SpringBootTestContextBootstrapper - Found @SpringBootConfiguration org.springframework.samples.petclinic.PetClinicApplication for test class org.springframework.samples.petclinic.acceptance.Cp10Tests
INFO  AUDIT - owner created id=12 customerCode=NSW-7F3040A7 registrationDate=2026-09-07 membershipLevel=1 membershipNumber=NSW-7F3040A7-M27
INFO  AUDIT - owner created id=13 customerCode=NSW-6859B0E1 registrationDate=2026-09-07 membershipLevel=1 membershipNumber=NSW-6859B0E1-M27

MockHttpServletRequest:
      HTTP Method = POST
      Request URI = /api/owners
       Parameters = {}
          Headers = [Content-Type:"application/json;charset=UTF-8", Content-Length:"122"]
             Body = {"firstName":"Test","lastName":"Sure","address":"7 Test Street","city":"Town8","telephone":"0400000009","postcode":"2000"}
    Session Attrs = {SPRING_SECURITY_CONTEXT=SecurityContextImpl [Authentication=UsernamePasswordAuthenticationToken [Principal=org.springframework.security.core.userdetails.User [Username=acceptance-admin, Password=[PROTECTED], Enabled=true, AccountNonExpired=true, CredentialsNonExpired=true, AccountNonLocked=true, Granted Authorities=[ROLE_ADMIN, ROLE_OWNER_ADMIN, ROLE_VET_ADMIN]], Credentials=[PROTECTED], Authenticated=true, Details=null, Granted Authorities=[ROLE_ADMIN, ROLE_OWNER_ADMIN, ROLE_VET_ADMIN]]]}

Handler:
             Type = org.springframework.samples.petclinic.rest.controller.v1.OwnerRestControllerV1
           Method = org.springframework.samples.petclinic.rest.controller.v1.OwnerRestControllerV1#addOwner(OwnerFieldsDto)

Async:
    Async started = false
     Async result = null

Resolved Exception:
             Type = null

ModelAndView:
        View name = null
             View = null
            Model = null

FlashMap:
       Attributes = null

MockHttpServletResponse:
           Status = 201
    Error message = null
          Headers = [Vary:"Origin", "Access-Control-Request-Method", "Access-Control-Request-Headers", Location:"/api/owners/12", Content-Type:"application/json", X-Content-Type-Options:"nosniff", X-XSS-Protection:"0", Cache-Control:"no-cache, no-store, max-age=0, must-revalidate", Pragma:"no-cache", Expires:"0", X-Frame-Options:"DENY"]
     Content type = application/json
             Body = {"firstName":"TEST","lastName":"SURE","city":"TOWN8","telephone":"+61400000009","pets":[],"address":"7 TEST STREET","addressLine1":null,"addressLine2":null,"ageBand":null,"birthDate":null,"bulkSignupWarning":false,"checkDigit":4,"contactPreference":"PHONE","customerCode":"NSW-7F3040A7","deleted":false,"displayName":"SURE, TEST","email":null,"fiscalYear":"FY27","householdId":"4d1b9baf839e","id":12,"identityKey":"+61400000009||4d1b9baf839e","initials":"T.S.","locality":"NSW","membershipLevel":1,"membershipNumber":"NSW-7F3040A7-M27","membershipPoints":1,"namesakeCount":0,"possibleDuplicate":false,"possibleDuplicateOf":null,"postcode":"2000","registrationDate":"2026-09-07","salutation":"Sure","selfLink":"/api/owners/12","sharesHousehold":null,"telephoneDisplay":"+61 400 000 009","timezone":"Australia/Sydney","title":null}
    Forwarded URL = null
   Redirected URL = /api/owners/12
          Cookies = []

MockHttpServletRequest:
      HTTP Method = POST
      Request URI = /api/owners
       Parameters = {}
          Headers = [Content-Type:"application/json;charset=UTF-8", Content-Length:"124"]
             Body = {"firstName":"Test","lastName":"Sure","address":"11 Test Street","city":"Town12","telephone":"0400000013","postcode":"2000"}
    Session Attrs = {SPRING_SECURITY_CONTEXT=SecurityContextImpl [Authentication=UsernamePasswordAuthenticationToken [Principal=org.springframework.security.core.userdetails.User [Username=acceptance-admin, Password=[PROTECTED], Enabled=true, AccountNonExpired=true, CredentialsNonExpired=true, AccountNonLocked=true, Granted Authorities=[ROLE_ADMIN, ROLE_OWNER_ADMIN, ROLE_VET_ADMIN]], Credentials=[PROTECTED], Authenticated=true, Details=null, Granted Authorities=[ROLE_ADMIN, ROLE_OWNER_ADMIN, ROLE_VET_ADMIN]]]}

Handler:
             Type = org.springframework.samples.petclinic.rest.controller.v1.OwnerRestControllerV1
           Method = org.springframework.samples.petclinic.rest.controller.v1.OwnerRestControllerV1#addOwner(OwnerFieldsDto)

Async:
    Async started = false
     Async result = null

Resolved Exception:
             Type = null

ModelAndView:
        View name = null
             View = null
            Model = null

FlashMap:
       Attributes = null

MockHttpServletResponse:
           Status = 201
    Error message = null
          Headers = [Vary:"Origin", "Access-Control-Request-Method", "Access-Control-Request-Headers", Location:"/api/owners/13", Content-Type:"application/json", X-Content-Type-Options:"nosniff", X-XSS-Protection:"0", Cache-Control:"no-cache, no-store, max-age=0, must-revalidate", Pragma:"no-cache", Expires:"0", X-Frame-Options:"DENY"]
     Content type = application/json
             Body = {"firstName":"TEST","lastName":"SURE","city":"TOWN12","telephone":"+61400000013","pets":[],"address":"11 TEST STREET","addressLine1":null,"addressLine2":null,"ageBand":null,"birthDate":null,"bulkSignupWarning":false,"checkDigit":1,"contactPreference":"PHONE","customerCode":"NSW-6859B0E1","deleted":false,"displayName":"SURE, TEST","email":null,"fiscalYear":"FY27","householdId":"4d1b9baf839e","id":13,"identityKey":"+61400000013||4d1b9baf839e","initials":"T.S.","locality":"NSW","membershipLevel":1,"membershipNumber":"NSW-6859B0E1-M27","membershipPoints":0,"namesakeCount":1,"possibleDuplicate":true,"possibleDuplicateOf":12,"postcode":"2000","registrationDate":"2026-09-07","salutation":"Sure","selfLink":"/api/owners/13","sharesHousehold":null,"telephoneDisplay":"+61 400 000 013","timezone":"Australia/Sydney","title":null}
    Forwarded URL = null
   Redirected URL = /api/owners/13
          Cookies = []
[ERROR] Tests run: 1, Failures: 1, Errors: 0, Skipped: 0, Time elapsed: 0.077 s <<< FAILURE! -- in org.springframework.samples.petclinic.acceptance.Cp10Tests
[ERROR] org.springframework.samples.petclinic.acceptance.Cp10Tests.coreSameLastNameAndPostcodeRejected -- Time elapsed: 0.061 s <<< FAILURE!
java.lang.AssertionError: Status expected:<409> but was:<201>
	at org.springframework.test.util.AssertionErrors.fail(AssertionErrors.java:62)
	at org.springframework.test.util.AssertionErrors.assertEquals(AssertionErrors.java:129)
	at org.springframework.test.web.servlet.result.StatusResultMatchers.lambda$matcher$0(StatusResultMatchers.java:600)
	at org.springframework.test.web.servlet.MockMvc$1.andExpect(MockMvc.java:212)
	at org.springframework.samples.petclinic.acceptance.Cp10Tests.coreSameLastNameAndPostcodeRejected(Cp10Tests.java:24)

INFO  AnnotationConfigContextLoaderUtils - Could not detect default configuration classes for test class [org.springframework.samples.petclinic.acceptance.Cp29Tests]: Cp29Tests does not declare any static, non-private, non-final, nested classes annotated with @Configuration.
INFO  SpringBootTestContextBootstrapper - Found @SpringBootConfiguration org.springframework.samples.petclinic.PetClinicApplication for test class org.springframework.samples.petclinic.acceptance.Cp29Tests
INFO  AnnotationConfigContextLoaderUtils - Could not detect default configuration classes for test class [org.springframework.samples.petclinic.acceptance.Cp29Tests]: Cp29Tests does not declare any static, non-private, non-final, nested classes annotated with @Configuration.
INFO  AnnotationConfigContextLoaderUtils - Could not detect default configuration classes for test class [org.springframework.samples.petclinic.acceptance.AcceptanceBase]: AcceptanceBase does not declare any static, non-private, non-final, nested classes annotated with @Configuration.
INFO  SpringBootTestContextBootstrapper - Found @SpringBootConfiguration org.springframework.samples.petclinic.PetClinicApplication for test class org.springframework.samples.petclinic.acceptance.Cp29Tests
INFO  AUDIT - owner created id=14 customerCode=NSW-30A402D3 registrationDate=2026-09-07 membershipLevel=1 membershipNumber=NSW-30A402D3-M27
INFO  AnnotationConfigContextLoaderUtils - Could not detect default configuration classes for test class [org.springframework.samples.petclinic.acceptance.Cp11Tests]: Cp11Tests does not declare any static, non-private, non-final, nested classes annotated with @Configuration.
INFO  SpringBootTestContextBootstrapper - Found @SpringBootConfiguration org.springframework.samples.petclinic.PetClinicApplication for test class org.springframework.samples.petclinic.acceptance.Cp11Tests
INFO  AnnotationConfigContextLoaderUtils - Could not detect default configuration classes for test class [org.springframework.samples.petclinic.acceptance.Cp11Tests]: Cp11Tests does not declare any static, non-private, non-final, nested classes annotated with @Configuration.
INFO  AnnotationConfigContextLoaderUtils - Could not detect default configuration classes for test class [org.springframework.samples.petclinic.acceptance.AcceptanceBase]: AcceptanceBase does not declare any static, non-private, non-final, nested classes annotated with @Configuration.
INFO  SpringBootTestContextBootstrapper - Found @SpringBootConfiguration org.springframework.samples.petclinic.PetClinicApplication for test class org.springframework.samples.petclinic.acceptance.Cp11Tests
INFO  AUDIT - owner created id=15 customerCode=NSW-D27685D0 registrationDate=2026-09-07 membershipLevel=1 membershipNumber=NSW-D27685D0-M27
INFO  AUDIT - owner created id=16 customerCode=NSW-DF095EDA registrationDate=2026-09-07 membershipLevel=1 membershipNumber=NSW-DF095EDA-M27
INFO  AnnotationConfigContextLoaderUtils - Could not detect default configuration classes for test class [org.springframework.samples.petclinic.acceptance.Cp21Tests]: Cp21Tests does not declare any static, non-private, non-final, nested classes annotated with @Configuration.
INFO  SpringBootTestContextBootstrapper - Found @SpringBootConfiguration org.springframework.samples.petclinic.PetClinicApplication for test class org.springframework.samples.petclinic.acceptance.Cp21Tests
INFO  AnnotationConfigContextLoaderUtils - Could not detect default configuration classes for test class [org.springframework.samples.petclinic.acceptance.Cp21Tests]: Cp21Tests does not declare any static, non-private, non-final, nested classes annotated with @Configuration.
INFO  AnnotationConfigContextLoaderUtils - Could not detect default configuration classes for test class [org.springframework.samples.petclinic.acceptance.AcceptanceBase]: AcceptanceBase does not declare any static, non-private, non-final, nested classes annotated with @Configuration.
INFO  SpringBootTestContextBootstrapper - Found @SpringBootConfiguration org.springframework.samples.petclinic.PetClinicApplication for test class org.springframework.samples.petclinic.acceptance.Cp21Tests
INFO  AUDIT - owner created id=17 customerCode=NSW-804075CC registrationDate=2026-09-07 membershipLevel=1 membershipNumber=NSW-804075CC-M27
INFO  AnnotationConfigContextLoaderUtils - Could not detect default configuration classes for test class [org.springframework.samples.petclinic.acceptance.Cp06Tests]: Cp06Tests does not declare any static, non-private, non-final, nested classes annotated with @Configuration.
INFO  SpringBootTestContextBootstrapper - Found @SpringBootConfiguration org.springframework.samples.petclinic.PetClinicApplication for test class org.springframework.samples.petclinic.acceptance.Cp06Tests
INFO  AnnotationConfigContextLoaderUtils - Could not detect default configuration classes for test class [org.springframework.samples.petclinic.acceptance.Cp06Tests]: Cp06Tests does not declare any static, non-private, non-final, nested classes annotated with @Configuration.
INFO  AnnotationConfigContextLoaderUtils - Could not detect default configuration classes for test class [org.springframework.samples.petclinic.acceptance.AcceptanceBase]: AcceptanceBase does not declare any static, non-private, non-final, nested classes annotated with @Configuration.
INFO  SpringBootTestContextBootstrapper - Found @SpringBootConfiguration org.springframework.samples.petclinic.PetClinicApplication for test class org.springframework.samples.petclinic.acceptance.Cp06Tests
INFO  AUDIT - owner created id=18 customerCode=UNKNOWN-C9740E2F registrationDate=2026-09-07 membershipLevel=1 membershipNumber=UNKNOWN-C9740E2F-M27
INFO  AnnotationConfigContextLoaderUtils - Could not detect default configuration classes for test class [org.springframework.samples.petclinic.acceptance.Cp03Tests]: Cp03Tests does not declare any static, non-private, non-final, nested classes annotated with @Configuration.
INFO  SpringBootTestContextBootstrapper - Found @SpringBootConfiguration org.springframework.samples.petclinic.PetClinicApplication for test class org.springframework.samples.petclinic.acceptance.Cp03Tests
INFO  AnnotationConfigContextLoaderUtils - Could not detect default configuration classes for test class [org.springframework.samples.petclinic.acceptance.Cp03Tests]: Cp03Tests does not declare any static, non-private, non-final, nested classes annotated with @Configuration.
INFO  AnnotationConfigContextLoaderUtils - Could not detect default configuration classes for test class [org.springframework.samples.petclinic.acceptance.AcceptanceBase]: AcceptanceBase does not declare any static, non-private, non-final, nested classes annotated with @Configuration.
INFO  SpringBootTestContextBootstrapper - Found @SpringBootConfiguration org.springframework.samples.petclinic.PetClinicApplication for test class org.springframework.samples.petclinic.acceptance.Cp03Tests
INFO  AUDIT - owner created id=19 customerCode=UNKNOWN-9F78A98B registrationDate=2026-09-07 membershipLevel=1 membershipNumber=UNKNOWN-9F78A98B-M27
INFO  AnnotationConfigContextLoaderUtils - Could not detect default configuration classes for test class [org.springframework.samples.petclinic.acceptance.Cp13Tests]: Cp13Tests does not declare any static, non-private, non-final, nested classes annotated with @Configuration.
INFO  SpringBootTestContextBootstrapper - Found @SpringBootConfiguration org.springframework.samples.petclinic.PetClinicApplication for test class org.springframework.samples.petclinic.acceptance.Cp13Tests
INFO  AnnotationConfigContextLoaderUtils - Could not detect default configuration classes for test class [org.springframework.samples.petclinic.acceptance.Cp13Tests]: Cp13Tests does not declare any static, non-private, non-final, nested classes annotated with @Configuration.
INFO  AnnotationConfigContextLoaderUtils - Could not detect default configuration classes for test class [org.springframework.samples.petclinic.acceptance.AcceptanceBase]: AcceptanceBase does not declare any static, non-private, non-final, nested classes annotated with @Configuration.
INFO  SpringBootTestContextBootstrapper - Found @SpringBootConfiguration org.springframework.samples.petclinic.PetClinicApplication for test class org.springframework.samples.petclinic.acceptance.Cp13Tests
INFO  AUDIT - owner created id=20 customerCode=NSW-9CD23DD9 registrationDate=2026-09-07 membershipLevel=1 membershipNumber=NSW-9CD23DD9-M27
INFO  AUDIT - owner created id=21 customerCode=NSW-E762A977 registrationDate=2026-09-07 membershipLevel=1 membershipNumber=NSW-E762A977-M27
INFO  AnnotationConfigContextLoaderUtils - Could not detect default configuration classes for test class [org.springframework.samples.petclinic.acceptance.Cp19Tests]: Cp19Tests does not declare any static, non-private, non-final, nested classes annotated with @Configuration.
INFO  SpringBootTestContextBootstrapper - Found @SpringBootConfiguration org.springframework.samples.petclinic.PetClinicApplication for test class org.springframework.samples.petclinic.acceptance.Cp19Tests
INFO  AnnotationConfigContextLoaderUtils - Could not detect default configuration classes for test class [org.springframework.samples.petclinic.acceptance.Cp19Tests]: Cp19Tests does not declare any static, non-private, non-final, nested classes annotated with @Configuration.
INFO  AnnotationConfigContextLoaderUtils - Could not detect default configuration classes for test class [org.springframework.samples.petclinic.acceptance.AcceptanceBase]: AcceptanceBase does not declare any static, non-private, non-final, nested classes annotated with @Configuration.
INFO  SpringBootTestContextBootstrapper - Found @SpringBootConfiguration org.springframework.samples.petclinic.PetClinicApplication for test class org.springframework.samples.petclinic.acceptance.Cp19Tests
INFO  AUDIT - owner created id=22 customerCode=UNKNOWN-76560C3E registrationDate=2026-09-07 membershipLevel=1 membershipNumber=UNKNOWN-76560C3E-M27
INFO  AUDIT - owner created id=23 customerCode=UNKNOWN-8A491C87 registrationDate=2026-09-07 membershipLevel=1 membershipNumber=UNKNOWN-8A491C87-M27
INFO  AUDIT - owner created id=24 customerCode=UNKNOWN-D1B523D5 registrationDate=2026-09-07 membershipLevel=1 membershipNumber=UNKNOWN-D1B523D5-M27
INFO  AUDIT - owner created id=25 customerCode=UNKNOWN-0A9D26BF registrationDate=2026-09-07 membershipLevel=1 membershipNumber=UNKNOWN-0A9D26BF-M27
INFO  AUDIT - owner created id=26 customerCode=UNKNOWN-D8855D1C registrationDate=2026-09-07 membershipLevel=1 membershipNumber=UNKNOWN-D8855D1C-M27
INFO  AUDIT - owner created id=27 customerCode=UNKNOWN-95E71CD1 registrationDate=2026-09-07 membershipLevel=1 membershipNumber=UNKNOWN-95E71CD1-M27
INFO  AUDIT - owner created id=28 customerCode=UNKNOWN-DC977F27 registrationDate=2026-09-07 membershipLevel=1 membershipNumber=UNKNOWN-DC977F27-M27
INFO  AUDIT - owner created id=29 customerCode=UNKNOWN-A11982E2 registrationDate=2026-09-07 membershipLevel=1 membershipNumber=UNKNOWN-A11982E2-M27
INFO  AUDIT - owner created id=30 customerCode=UNKNOWN-CCC20EAC registrationDate=2026-09-07 membershipLevel=1 membershipNumber=UNKNOWN-CCC20EAC-M27
INFO  AUDIT - owner created id=31 customerCode=UNKNOWN-41AEA56D registrationDate=2026-09-07 membershipLevel=1 membershipNumber=UNKNOWN-41AEA56D-M27
INFO  AUDIT - owner created id=32 customerCode=UNKNOWN-45F26BBD registrationDate=2026-09-07 membershipLevel=1 membershipNumber=UNKNOWN-45F26BBD-M27
INFO  AUDIT - owner created id=33 customerCode=UNKNOWN-F3549199 registrationDate=2026-09-07 membershipLevel=1 membershipNumber=UNKNOWN-F3549199-M27
INFO  AUDIT - owner created id=34 customerCode=UNKNOWN-D6EA3A80 registrationDate=2026-09-07 membershipLevel=1 membershipNumber=UNKNOWN-D6EA3A80-M27
INFO  AUDIT - owner created id=35 customerCode=UNKNOWN-06B1FFCE registrationDate=2026-09-07 membershipLevel=1 membershipNumber=UNKNOWN-06B1FFCE-M27
INFO  AUDIT - owner created id=36 customerCode=UNKNOWN-F7FB5CE6 registrationDate=2026-09-07 membershipLevel=1 membershipNumber=UNKNOWN-F7FB5CE6-M27
INFO  AUDIT - owner created id=37 customerCode=UNKNOWN-18DBC1A1 registrationDate=2026-09-07 membershipLevel=1 membershipNumber=UNKNOWN-18DBC1A1-M27
INFO  AUDIT - owner created id=38 customerCode=UNKNOWN-82F6D64B registrationDate=2026-09-07 membershipLevel=1 membershipNumber=UNKNOWN-82F6D64B-M27
INFO  AUDIT - owner created id=39 customerCode=UNKNOWN-748CFFB3 registrationDate=2026-09-07 membershipLevel=1 membershipNumber=UNKNOWN-748CFFB3-M27
INFO  AUDIT - owner created id=40 customerCode=UNKNOWN-50869F45 registrationDate=2026-09-07 membershipLevel=1 membershipNumber=UNKNOWN-50869F45-M27
INFO  AUDIT - owner created id=41 customerCode=UNKNOWN-EECF8BB6 registrationDate=2026-09-07 membershipLevel=1 membershipNumber=UNKNOWN-EECF8BB6-M27
INFO  AUDIT - owner created id=42 customerCode=UNKNOWN-D059936B registrationDate=2026-09-07 membershipLevel=1 membershipNumber=UNKNOWN-D059936B-M27
INFO  AUDIT - owner created id=43 customerCode=UNKNOWN-52B69251 registrationDate=2026-09-07 membershipLevel=1 membershipNumber=UNKNOWN-52B69251-M27
INFO  AUDIT - owner created id=44 customerCode=UNKNOWN-919482A4 registrationDate=2026-09-07 membershipLevel=1 membershipNumber=UNKNOWN-919482A4-M27
INFO  AUDIT - owner created id=45 customerCode=UNKNOWN-46D6D613 registrationDate=2026-09-07 membershipLevel=1 membershipNumber=UNKNOWN-46D6D613-M27
INFO  AUDIT - owner created id=46 customerCode=UNKNOWN-B81F7B41 registrationDate=2026-09-07 membershipLevel=1 membershipNumber=UNKNOWN-B81F7B41-M27
INFO  AUDIT - owner created id=47 customerCode=UNKNOWN-DAF64E46 registrationDate=2026-09-07 membershipLevel=1 membershipNumber=UNKNOWN-DAF64E46-M27
INFO  AUDIT - owner created id=48 customerCode=UNKNOWN-862C06D4 registrationDate=2026-09-07 membershipLevel=1 membershipNumber=UNKNOWN-862C06D4-M27
INFO  AUDIT - owner created id=49 customerCode=UNKNOWN-A330967C registrationDate=2026-09-07 membershipLevel=1 membershipNumber=UNKNOWN-A330967C-M27
INFO  AUDIT - owner created id=50 customerCode=UNKNOWN-AB5326C0 registrationDate=2026-09-07 membershipLevel=1 membershipNumber=UNKNOWN-AB5326C0-M27
INFO  AUDIT - owner created id=51 customerCode=UNKNOWN-692C423D registrationDate=2026-09-07 membershipLevel=1 membershipNumber=UNKNOWN-692C423D-M27
INFO  AUDIT - owner created id=52 customerCode=UNKNOWN-75FE2285 registrationDate=2026-09-07 membershipLevel=1 membershipNumber=UNKNOWN-75FE2285-M27
INFO  AUDIT - owner created id=53 customerCode=UNKNOWN-B289A6F3 registrationDate=2026-09-07 membershipLevel=1 membershipNumber=UNKNOWN-B289A6F3-M27
INFO  AUDIT - owner created id=54 customerCode=UNKNOWN-981F398E registrationDate=2026-09-07 membershipLevel=1 membershipNumber=UNKNOWN-981F398E-M27
INFO  AUDIT - owner created id=55 customerCode=UNKNOWN-45810819 registrationDate=2026-09-07 membershipLevel=1 membershipNumber=UNKNOWN-45810819-M27
INFO  AUDIT - owner created id=56 customerCode=UNKNOWN-E1A6449C registrationDate=2026-09-07 membershipLevel=1 membershipNumber=UNKNOWN-E1A6449C-M27
INFO  AUDIT - owner created id=57 customerCode=UNKNOWN-6D502368 registrationDate=2026-09-07 membershipLevel=1 membershipNumber=UNKNOWN-6D502368-M27
INFO  AUDIT - owner created id=58 customerCode=UNKNOWN-F0E390AA registrationDate=2026-09-07 membershipLevel=1 membershipNumber=UNKNOWN-F0E390AA-M27
INFO  AUDIT - owner created id=59 customerCode=UNKNOWN-21518439 registrationDate=2026-09-07 membershipLevel=1 membershipNumber=UNKNOWN-21518439-M27
INFO  AUDIT - owner created id=60 customerCode=UNKNOWN-63949DB7 registrationDate=2026-09-07 membershipLevel=1 membershipNumber=UNKNOWN-63949DB7-M27
INFO  AUDIT - owner created id=61 customerCode=UNKNOWN-8972C166 registrationDate=2026-09-07 membershipLevel=1 membershipNumber=UNKNOWN-8972C166-M27
INFO  AUDIT - owner created id=62 customerCode=UNKNOWN-8152A87D registrationDate=2026-09-07 membershipLevel=1 membershipNumber=UNKNOWN-8152A87D-M27
INFO  AUDIT - owner created id=63 customerCode=UNKNOWN-A3ACC39B registrationDate=2026-09-07 membershipLevel=1 membershipNumber=UNKNOWN-A3ACC39B-M27
INFO  AUDIT - owner created id=64 customerCode=UNKNOWN-FBFF254B registrationDate=2026-09-07 membershipLevel=1 membershipNumber=UNKNOWN-FBFF254B-M27
INFO  AUDIT - owner created id=65 customerCode=UNKNOWN-64F73570 registrationDate=2026-09-07 membershipLevel=1 membershipNumber=UNKNOWN-64F73570-M27
INFO  AUDIT - owner created id=66 customerCode=UNKNOWN-84611115 registrationDate=2026-09-07 membershipLevel=1 membershipNumber=UNKNOWN-84611115-M27
INFO  AUDIT - owner created id=67 customerCode=UNKNOWN-B5483353 registrationDate=2026-09-07 membershipLevel=1 membershipNumber=UNKNOWN-B5483353-M27
INFO  AUDIT - owner created id=68 customerCode=UNKNOWN-44017A55 registrationDate=2026-09-07 membershipLevel=1 membershipNumber=UNKNOWN-44017A55-M27
INFO  AUDIT - owner created id=69 customerCode=UNKNOWN-B1B17FA2 registrationDate=2026-09-07 membershipLevel=1 membershipNumber=UNKNOWN-B1B17FA2-M27
INFO  AUDIT - owner created id=70 customerCode=UNKNOWN-A0F2CB18 registrationDate=2026-09-07 membershipLevel=1 membershipNumber=UNKNOWN-A0F2CB18-M27
INFO  AUDIT - owner created id=71 customerCode=UNKNOWN-62E223D0 registrationDate=2026-09-07 membershipLevel=1 membershipNumber=UNKNOWN-62E223D0-M27
INFO  AUDIT - owner created id=72 customerCode=UNKNOWN-C5A2D76B registrationDate=2026-09-07 membershipLevel=1 membershipNumber=UNKNOWN-C5A2D76B-M27
INFO  AUDIT - owner created id=73 customerCode=UNKNOWN-1C39B1D2 registrationDate=2026-09-07 membershipLevel=1 membershipNumber=UNKNOWN-1C39B1D2-M27
INFO  AUDIT - owner created id=74 customerCode=UNKNOWN-CACF5FBE registrationDate=2026-09-07 membershipLevel=1 membershipNumber=UNKNOWN-CACF5FBE-M27
INFO  AUDIT - owner created id=75 customerCode=UNKNOWN-8BF14868 registrationDate=2026-09-07 membershipLevel=1 membershipNumber=UNKNOWN-8BF14868-M27
INFO  AUDIT - owner created id=76 customerCode=UNKNOWN-8F2C7616 registrationDate=2026-09-07 membershipLevel=1 membershipNumber=UNKNOWN-8F2C7616-M27
INFO  AUDIT - owner created id=77 customerCode=UNKNOWN-17AC54B6 registrationDate=2026-09-07 membershipLevel=1 membershipNumber=UNKNOWN-17AC54B6-M27
INFO  AUDIT - owner created id=78 customerCode=UNKNOWN-CE0FA811 registrationDate=2026-09-07 membershipLevel=1 membershipNumber=UNKNOWN-CE0FA811-M27
INFO  AUDIT - owner created id=79 customerCode=UNKNOWN-FF5DBA45 registrationDate=2026-09-07 membershipLevel=1 membershipNumber=UNKNOWN-FF5DBA45-M27
INFO  AUDIT - owner created id=80 customerCode=UNKNOWN-4FA8BF4B registrationDate=2026-09-07 membershipLevel=1 membershipNumber=UNKNOWN-4FA8BF4B-M27
INFO  AUDIT - owner created id=81 customerCode=UNKNOWN-C4506FDE registrationDate=2026-09-07 membershipLevel=1 membershipNumber=UNKNOWN-C4506FDE-M27
INFO  AUDIT - owner created id=82 customerCode=UNKNOWN-C308ACDD registrationDate=2026-09-07 membershipLevel=1 membershipNumber=UNKNOWN-C308ACDD-M27
INFO  AUDIT - owner created id=83 customerCode=UNKNOWN-7C997575 registrationDate=2026-09-07 membershipLevel=1 membershipNumber=UNKNOWN-7C997575-M27
INFO  AUDIT - owner created id=84 customerCode=UNKNOWN-78260903 registrationDate=2026-09-07 membershipLevel=1 membershipNumber=UNKNOWN-78260903-M27
INFO  AUDIT - owner created id=85 customerCode=UNKNOWN-B3C74131 registrationDate=2026-09-07 membershipLevel=1 membershipNumber=UNKNOWN-B3C74131-M27
INFO  AUDIT - owner created id=86 customerCode=UNKNOWN-1EC370A0 registrationDate=2026-09-07 membershipLevel=1 membershipNumber=UNKNOWN-1EC370A0-M27
INFO  AUDIT - owner created id=87 customerCode=UNKNOWN-F5925BC3 registrationDate=2026-09-07 membershipLevel=1 membershipNumber=UNKNOWN-F5925BC3-M27
INFO  AUDIT - owner created id=88 customerCode=UNKNOWN-1AF72A66 registrationDate=2026-09-07 membershipLevel=1 membershipNumber=UNKNOWN-1AF72A66-M27
INFO  AUDIT - owner created id=89 customerCode=UNKNOWN-8F199D5F registrationDate=2026-09-07 membershipLevel=1 membershipNumber=UNKNOWN-8F199D5F-M27
INFO  AUDIT - owner created id=90 customerCode=UNKNOWN-1AAE943F registrationDate=2026-09-07 membershipLevel=1 membershipNumber=UNKNOWN-1AAE943F-M27
INFO  AUDIT - owner created id=91 customerCode=UNKNOWN-B8A2FC70 registrationDate=2026-09-07 membershipLevel=1 membershipNumber=UNKNOWN-B8A2FC70-M27
INFO  AUDIT - owner created id=92 customerCode=UNKNOWN-182361D2 registrationDate=2026-09-07 membershipLevel=1 membershipNumber=UNKNOWN-182361D2-M27
INFO  AUDIT - owner created id=93 customerCode=UNKNOWN-9827E770 registrationDate=2026-09-07 membershipLevel=1 membershipNumber=UNKNOWN-9827E770-M27
INFO  AUDIT - owner created id=94 customerCode=UNKNOWN-FE5D10F8 registrationDate=2026-09-07 membershipLevel=1 membershipNumber=UNKNOWN-FE5D10F8-M27
INFO  AUDIT - owner created id=95 customerCode=UNKNOWN-5C90AD05 registrationDate=2026-09-07 membershipLevel=1 membershipNumber=UNKNOWN-5C90AD05-M27
INFO  AUDIT - owner created id=96 customerCode=UNKNOWN-4EB762A9 registrationDate=2026-09-07 membershipLevel=1 membershipNumber=UNKNOWN-4EB762A9-M27
INFO  AUDIT - owner created id=97 customerCode=UNKNOWN-5D9F38FC registrationDate=2026-09-07 membershipLevel=1 membershipNumber=UNKNOWN-5D9F38FC-M27
INFO  AUDIT - owner created id=98 customerCode=UNKNOWN-29A189EA registrationDate=2026-09-07 membershipLevel=1 membershipNumber=UNKNOWN-29A189EA-M27
INFO  AUDIT - owner created id=99 customerCode=UNKNOWN-58A6C0B1 registrationDate=2026-09-07 membershipLevel=1 membershipNumber=UNKNOWN-58A6C0B1-M27
INFO  AUDIT - owner created id=100 customerCode=UNKNOWN-98DB6D75 registrationDate=2026-09-07 membershipLevel=1 membershipNumber=UNKNOWN-98DB6D75-M27
INFO  AUDIT - owner created id=101 customerCode=UNKNOWN-C8870455 registrationDate=2026-09-07 membershipLevel=1 membershipNumber=UNKNOWN-C8870455-M27
INFO  AUDIT - owner created id=102 customerCode=UNKNOWN-B66B61D5 registrationDate=2026-09-07 membershipLevel=1 membershipNumber=UNKNOWN-B66B61D5-M27
INFO  AUDIT - owner created id=103 customerCode=UNKNOWN-5B838FF6 registrationDate=2026-09-07 membershipLevel=1 membershipNumber=UNKNOWN-5B838FF6-M27
INFO  AUDIT - owner created id=104 customerCode=UNKNOWN-B5AE63F9 registrationDate=2026-09-07 membershipLevel=1 membershipNumber=UNKNOWN-B5AE63F9-M27
INFO  AUDIT - owner created id=105 customerCode=UNKNOWN-F84EC87C registrationDate=2026-09-07 membershipLevel=1 membershipNumber=UNKNOWN-F84EC87C-M27
INFO  AUDIT - owner created id=106 customerCode=UNKNOWN-44EECB3A registrationDate=2026-09-07 membershipLevel=1 membershipNumber=UNKNOWN-44EECB3A-M27
INFO  AUDIT - owner created id=107 customerCode=UNKNOWN-EEDDBDB3 registrationDate=2026-09-07 membershipLevel=1 membershipNumber=UNKNOWN-EEDDBDB3-M27
INFO  AUDIT - owner created id=108 customerCode=UNKNOWN-41718FEF registrationDate=2026-09-07 membershipLevel=1 membershipNumber=UNKNOWN-41718FEF-M27
INFO  AUDIT - owner created id=109 customerCode=UNKNOWN-C3EA5C55 registrationDate=2026-09-07 membershipLevel=1 membershipNumber=UNKNOWN-C3EA5C55-M27
INFO  AUDIT - owner created id=110 customerCode=UNKNOWN-BA0A4FD6 registrationDate=2026-09-07 membershipLevel=1 membershipNumber=UNKNOWN-BA0A4FD6-M27
INFO  AUDIT - owner created id=111 customerCode=UNKNOWN-3C521632 registrationDate=2026-09-07 membershipLevel=1 membershipNumber=UNKNOWN-3C521632-M27
INFO  AUDIT - owner created id=112 customerCode=UNKNOWN-721BAF4E registrationDate=2026-09-07 membershipLevel=1 membershipNumber=UNKNOWN-721BAF4E-M27
INFO  AUDIT - owner created id=113 customerCode=UNKNOWN-148C35C7 registrationDate=2026-09-07 membershipLevel=1 membershipNumber=UNKNOWN-148C35C7-M27
INFO  AUDIT - owner created id=114 customerCode=UNKNOWN-3EC29F40 registrationDate=2026-09-07 membershipLevel=1 membershipNumber=UNKNOWN-3EC29F40-M27
INFO  AUDIT - owner created id=115 customerCode=UNKNOWN-DA85E6C8 registrationDate=2026-09-07 membershipLevel=1 membershipNumber=UNKNOWN-DA85E6C8-M27
INFO  AUDIT - owner created id=116 customerCode=UNKNOWN-0AA52E20 registrationDate=2026-09-07 membershipLevel=1 membershipNumber=UNKNOWN-0AA52E20-M27
INFO  AUDIT - owner created id=117 customerCode=UNKNOWN-08E2E5F3 registrationDate=2026-09-07 membershipLevel=1 membershipNumber=UNKNOWN-08E2E5F3-M27
INFO  AUDIT - owner created id=118 customerCode=UNKNOWN-195A6E97 registrationDate=2026-09-07 membershipLevel=1 membershipNumber=UNKNOWN-195A6E97-M27
INFO  AUDIT - owner created id=119 customerCode=UNKNOWN-534C4223 registrationDate=2026-09-07 membershipLevel=1 membershipNumber=UNKNOWN-534C4223-M27
INFO  AUDIT - owner created id=120 customerCode=UNKNOWN-4B5FF9FE registrationDate=2026-09-07 membershipLevel=1 membershipNumber=UNKNOWN-4B5FF9FE-M27
INFO  AUDIT - owner created id=121 customerCode=UNKNOWN-6BE148D3 registrationDate=2026-09-07 membershipLevel=1 membershipNumber=UNKNOWN-6BE148D3-M27
INFO  AnnotationConfigContextLoaderUtils - Could not detect default configuration classes for test class [org.springframework.samples.petclinic.acceptance.Cp28Tests]: Cp28Tests does not declare any static, non-private, non-final, nested classes annotated with @Configuration.
INFO  SpringBootTestContextBootstrapper - Found @SpringBootConfiguration org.springframework.samples.petclinic.PetClinicApplication for test class org.springframework.samples.petclinic.acceptance.Cp28Tests
INFO  AnnotationConfigContextLoaderUtils - Could not detect default configuration classes for test class [org.springframework.samples.petclinic.acceptance.Cp28Tests]: Cp28Tests does not declare any static, non-private, non-final, nested classes annotated with @Configuration.
INFO  AnnotationConfigContextLoaderUtils - Could not detect default configuration classes for test class [org.springframework.samples.petclinic.acceptance.AcceptanceBase]: AcceptanceBase does not declare any static, non-private, non-final, nested classes annotated with @Configuration.
INFO  SpringBootTestContextBootstrapper - Found @SpringBootConfiguration org.springframework.samples.petclinic.PetClinicApplication for test class org.springframework.samples.petclinic.acceptance.Cp28Tests
INFO  AUDIT - owner created id=122 customerCode=NSW-D6FF1C2C registrationDate=2026-09-07 membershipLevel=1 membershipNumber=NSW-D6FF1C2C-M27
INFO  AnnotationConfigContextLoaderUtils - Could not detect default configuration classes for test class [org.springframework.samples.petclinic.acceptance.Cp18Tests]: Cp18Tests does not declare any static, non-private, non-final, nested classes annotated with @Configuration.
INFO  SpringBootTestContextBootstrapper - Found @SpringBootConfiguration org.springframework.samples.petclinic.PetClinicApplication for test class org.springframework.samples.petclinic.acceptance.Cp18Tests
INFO  AnnotationConfigContextLoaderUtils - Could not detect default configuration classes for test class [org.springframework.samples.petclinic.acceptance.Cp18Tests]: Cp18Tests does not declare any static, non-private, non-final, nested classes annotated with @Configuration.
INFO  AnnotationConfigContextLoaderUtils - Could not detect default configuration classes for test class [org.springframework.samples.petclinic.acceptance.AcceptanceBase]: AcceptanceBase does not declare any static, non-private, non-final, nested classes annotated with @Configuration.
INFO  SpringBootTestContextBootstrapper - Found @SpringBootConfiguration org.springframework.samples.petclinic.PetClinicApplication for test class org.springframework.samples.petclinic.acceptance.Cp18Tests
INFO  AUDIT - owner created id=123 customerCode=UNKNOWN-EE4A2F9C registrationDate=2026-09-07 membershipLevel=1 membershipNumber=UNKNOWN-EE4A2F9C-M27
INFO  AUDIT - owner created id=124 customerCode=UNKNOWN-E0FED23A registrationDate=2026-09-07 membershipLevel=1 membershipNumber=UNKNOWN-E0FED23A-M27
INFO  AUDIT - owner created id=125 customerCode=UNKNOWN-5026AE39 registrationDate=2026-09-07 membershipLevel=1 membershipNumber=UNKNOWN-5026AE39-M27
INFO  AUDIT - owner created id=126 customerCode=UNKNOWN-D4D1675C registrationDate=2026-09-07 membershipLevel=1 membershipNumber=UNKNOWN-D4D1675C-M27
INFO  AUDIT - owner created id=127 customerCode=UNKNOWN-8EAAFFBA registrationDate=2026-09-07 membershipLevel=1 membershipNumber=UNKNOWN-8EAAFFBA-M27
INFO  AUDIT - owner created id=128 customerCode=UNKNOWN-AE1BE734 registrationDate=2026-09-07 membershipLevel=1 membershipNumber=UNKNOWN-AE1BE734-M27
INFO  AUDIT - owner created id=129 customerCode=UNKNOWN-940BA11B registrationDate=2026-09-07 membershipLevel=1 membershipNumber=UNKNOWN-940BA11B-M27
INFO  AUDIT - owner created id=130 customerCode=UNKNOWN-9A39B109 registrationDate=2026-09-07 membershipLevel=1 membershipNumber=UNKNOWN-9A39B109-M27
INFO  AUDIT - owner created id=131 customerCode=UNKNOWN-A324507F registrationDate=2026-09-07 membershipLevel=1 membershipNumber=UNKNOWN-A324507F-M27
INFO  AUDIT - owner created id=132 customerCode=UNKNOWN-4018611C registrationDate=2026-09-07 membershipLevel=1 membershipNumber=UNKNOWN-4018611C-M27
INFO  AUDIT - owner created id=133 customerCode=UNKNOWN-27C9C6C7 registrationDate=2026-09-07 membershipLevel=1 membershipNumber=UNKNOWN-27C9C6C7-M27
INFO  AUDIT - owner created id=134 customerCode=UNKNOWN-125A632D registrationDate=2026-09-07 membershipLevel=1 membershipNumber=UNKNOWN-125A632D-M27
INFO  AUDIT - owner created id=135 customerCode=UNKNOWN-9BFF1DDC registrationDate=2026-09-07 membershipLevel=1 membershipNumber=UNKNOWN-9BFF1DDC-M27
INFO  AUDIT - owner created id=136 customerCode=UNKNOWN-633679E8 registrationDate=2026-09-07 membershipLevel=1 membershipNumber=UNKNOWN-633679E8-M27
INFO  AUDIT - owner created id=137 customerCode=UNKNOWN-3C01D105 registrationDate=2026-09-07 membershipLevel=1 membershipNumber=UNKNOWN-3C01D105-M27
INFO  AUDIT - owner created id=138 customerCode=UNKNOWN-371D7802 registrationDate=2026-09-07 membershipLevel=1 membershipNumber=UNKNOWN-371D7802-M27
INFO  AUDIT - owner created id=139 customerCode=UNKNOWN-E8B40E39 registrationDate=2026-09-07 membershipLevel=1 membershipNumber=UNKNOWN-E8B40E39-M27
INFO  AUDIT - owner created id=140 customerCode=UNKNOWN-DA3CBDD6 registrationDate=2026-09-07 membershipLevel=1 membershipNumber=UNKNOWN-DA3CBDD6-M27
INFO  AUDIT - owner created id=141 customerCode=UNKNOWN-62BA3AAC registrationDate=2026-09-07 membershipLevel=1 membershipNumber=UNKNOWN-62BA3AAC-M27
INFO  AUDIT - owner created id=142 customerCode=UNKNOWN-C4AB321F registrationDate=2026-09-07 membershipLevel=1 membershipNumber=UNKNOWN-C4AB321F-M27
INFO  AUDIT - owner created id=143 customerCode=UNKNOWN-13BEDB13 registrationDate=2026-09-07 membershipLevel=1 membershipNumber=UNKNOWN-13BEDB13-M27
INFO  AUDIT - owner created id=144 customerCode=UNKNOWN-41E48B97 registrationDate=2026-09-07 membershipLevel=1 membershipNumber=UNKNOWN-41E48B97-M27
INFO  AUDIT - owner created id=145 customerCode=UNKNOWN-BE493035 registrationDate=2026-09-07 membershipLevel=1 membershipNumber=UNKNOWN-BE493035-M27
INFO  AUDIT - owner created id=146 customerCode=UNKNOWN-78FC3F55 registrationDate=2026-09-07 membershipLevel=1 membershipNumber=UNKNOWN-78FC3F55-M27
INFO  AUDIT - owner created id=147 customerCode=UNKNOWN-A0F6BDA7 registrationDate=2026-09-07 membershipLevel=1 membershipNumber=UNKNOWN-A0F6BDA7-M27
INFO  AUDIT - owner created id=148 customerCode=UNKNOWN-BEC4063B registrationDate=2026-09-07 membershipLevel=1 membershipNumber=UNKNOWN-BEC4063B-M27
INFO  AUDIT - owner created id=149 customerCode=UNKNOWN-51D24AD6 registrationDate=2026-09-07 membershipLevel=1 membershipNumber=UNKNOWN-51D24AD6-M27
INFO  AUDIT - owner created id=150 customerCode=UNKNOWN-8353E9C1 registrationDate=2026-09-07 membershipLevel=1 membershipNumber=UNKNOWN-8353E9C1-M27
INFO  AUDIT - owner created id=151 customerCode=UNKNOWN-4F0F2F08 registrationDate=2026-09-07 membershipLevel=1 membershipNumber=UNKNOWN-4F0F2F08-M27
INFO  AUDIT - owner created id=152 customerCode=UNKNOWN-207CD578 registrationDate=2026-09-07 membershipLevel=1 membershipNumber=UNKNOWN-207CD578-M27
INFO  AUDIT - owner created id=153 customerCode=UNKNOWN-D65B8855 registrationDate=2026-09-07 membershipLevel=1 membershipNumber=UNKNOWN-D65B8855-M27
INFO  AUDIT - owner created id=154 customerCode=UNKNOWN-0E3EB348 registrationDate=2026-09-07 membershipLevel=1 membershipNumber=UNKNOWN-0E3EB348-M27
INFO  AUDIT - owner created id=155 customerCode=UNKNOWN-568A8811 registrationDate=2026-09-07 membershipLevel=1 membershipNumber=UNKNOWN-568A8811-M27
INFO  AUDIT - owner created id=156 customerCode=UNKNOWN-60531FA1 registrationDate=2026-09-07 membershipLevel=1 membershipNumber=UNKNOWN-60531FA1-M27
INFO  AUDIT - owner created id=157 customerCode=UNKNOWN-67C443AC registrationDate=2026-09-07 membershipLevel=1 membershipNumber=UNKNOWN-67C443AC-M27
INFO  AUDIT - owner created id=158 customerCode=UNKNOWN-0E907296 registrationDate=2026-09-07 membershipLevel=1 membershipNumber=UNKNOWN-0E907296-M27
INFO  AUDIT - owner created id=159 customerCode=UNKNOWN-93CDC343 registrationDate=2026-09-07 membershipLevel=1 membershipNumber=UNKNOWN-93CDC343-M27
INFO  AUDIT - owner created id=160 customerCode=UNKNOWN-A0354C89 registrationDate=2026-09-07 membershipLevel=1 membershipNumber=UNKNOWN-A0354C89-M27
INFO  AUDIT - owner created id=161 customerCode=UNKNOWN-842248BF registrationDate=2026-09-07 membershipLevel=1 membershipNumber=UNKNOWN-842248BF-M27
INFO  AUDIT - owner created id=162 customerCode=UNKNOWN-C1602F94 registrationDate=2026-09-07 membershipLevel=1 membershipNumber=UNKNOWN-C1602F94-M27
INFO  AUDIT - owner created id=163 customerCode=UNKNOWN-14516B35 registrationDate=2026-09-07 membershipLevel=1 membershipNumber=UNKNOWN-14516B35-M27
INFO  AUDIT - owner created id=164 customerCode=UNKNOWN-402793A8 registrationDate=2026-09-07 membershipLevel=1 membershipNumber=UNKNOWN-402793A8-M27
INFO  AUDIT - owner created id=165 customerCode=UNKNOWN-EB683DD9 registrationDate=2026-09-07 membershipLevel=1 membershipNumber=UNKNOWN-EB683DD9-M27
INFO  AUDIT - owner created id=166 customerCode=UNKNOWN-3DC50DB7 registrationDate=2026-09-07 membershipLevel=1 membershipNumber=UNKNOWN-3DC50DB7-M27
INFO  AUDIT - owner created id=167 customerCode=UNKNOWN-013540F2 registrationDate=2026-09-07 membershipLevel=1 membershipNumber=UNKNOWN-013540F2-M27
INFO  AUDIT - owner created id=168 customerCode=UNKNOWN-D828501A registrationDate=2026-09-07 membershipLevel=1 membershipNumber=UNKNOWN-D828501A-M27
INFO  AUDIT - owner created id=169 customerCode=UNKNOWN-D2CEC48E registrationDate=2026-09-07 membershipLevel=1 membershipNumber=UNKNOWN-D2CEC48E-M27
INFO  AUDIT - owner created id=170 customerCode=UNKNOWN-670C8EFB registrationDate=2026-09-07 membershipLevel=1 membershipNumber=UNKNOWN-670C8EFB-M27
INFO  AUDIT - owner created id=171 customerCode=UNKNOWN-20BCD0F5 registrationDate=2026-09-07 membershipLevel=1 membershipNumber=UNKNOWN-20BCD0F5-M27
INFO  AUDIT - owner created id=172 customerCode=UNKNOWN-73CB9310 registrationDate=2026-09-07 membershipLevel=1 membershipNumber=UNKNOWN-73CB9310-M27
INFO  AnnotationConfigContextLoaderUtils - Could not detect default configuration classes for test class [org.springframework.samples.petclinic.acceptance.Cp08Tests]: Cp08Tests does not declare any static, non-private, non-final, nested classes annotated with @Configuration.
INFO  SpringBootTestContextBootstrapper - Found @SpringBootConfiguration org.springframework.samples.petclinic.PetClinicApplication for test class org.springframework.samples.petclinic.acceptance.Cp08Tests
INFO  AnnotationConfigContextLoaderUtils - Could not detect default configuration classes for test class [org.springframework.samples.petclinic.acceptance.Cp08Tests]: Cp08Tests does not declare any static, non-private, non-final, nested classes annotated with @Configuration.
INFO  AnnotationConfigContextLoaderUtils - Could not detect default configuration classes for test class [org.springframework.samples.petclinic.acceptance.AcceptanceBase]: AcceptanceBase does not declare any static, non-private, non-final, nested classes annotated with @Configuration.
INFO  SpringBootTestContextBootstrapper - Found @SpringBootConfiguration org.springframework.samples.petclinic.PetClinicApplication for test class org.springframework.samples.petclinic.acceptance.Cp08Tests
INFO  AUDIT - owner created id=173 customerCode=UNKNOWN-AB0D5EA6 registrationDate=2026-09-07 membershipLevel=1 membershipNumber=UNKNOWN-AB0D5EA6-M27
INFO  AUDIT - owner created id=174 customerCode=UNKNOWN-19D61D9F registrationDate=2026-09-07 membershipLevel=1 membershipNumber=UNKNOWN-19D61D9F-M27
INFO  AnnotationConfigContextLoaderUtils - Could not detect default configuration classes for test class [org.springframework.samples.petclinic.acceptance.Cp07Tests]: Cp07Tests does not declare any static, non-private, non-final, nested classes annotated with @Configuration.
INFO  SpringBootTestContextBootstrapper - Found @SpringBootConfiguration org.springframework.samples.petclinic.PetClinicApplication for test class org.springframework.samples.petclinic.acceptance.Cp07Tests
INFO  AnnotationConfigContextLoaderUtils - Could not detect default configuration classes for test class [org.springframework.samples.petclinic.acceptance.Cp07Tests]: Cp07Tests does not declare any static, non-private, non-final, nested classes annotated with @Configuration.
INFO  AnnotationConfigContextLoaderUtils - Could not detect default configuration classes for test class [org.springframework.samples.petclinic.acceptance.AcceptanceBase]: AcceptanceBase does not declare any static, non-private, non-final, nested classes annotated with @Configuration.
INFO  SpringBootTestContextBootstrapper - Found @SpringBootConfiguration org.springframework.samples.petclinic.PetClinicApplication for test class org.springframework.samples.petclinic.acceptance.Cp07Tests
INFO  AUDIT - owner created id=175 customerCode=UNKNOWN-90D25445 registrationDate=2026-01-06 membershipLevel=1 membershipNumber=UNKNOWN-90D25445-M26
INFO  AUDIT - owner created id=176 customerCode=UNKNOWN-41020333 registrationDate=2026-01-05 membershipLevel=1 membershipNumber=UNKNOWN-41020333-M26
INFO  AnnotationConfigContextLoaderUtils - Could not detect default configuration classes for test class [org.springframework.samples.petclinic.acceptance.Cp36Tests]: Cp36Tests does not declare any static, non-private, non-final, nested classes annotated with @Configuration.
INFO  SpringBootTestContextBootstrapper - Found @SpringBootConfiguration org.springframework.samples.petclinic.PetClinicApplication for test class org.springframework.samples.petclinic.acceptance.Cp36Tests
INFO  AnnotationConfigContextLoaderUtils - Could not detect default configuration classes for test class [org.springframework.samples.petclinic.acceptance.Cp36Tests]: Cp36Tests does not declare any static, non-private, non-final, nested classes annotated with @Configuration.
INFO  AnnotationConfigContextLoaderUtils - Could not detect default configuration classes for test class [org.springframework.samples.petclinic.acceptance.AcceptanceBase]: AcceptanceBase does not declare any static, non-private, non-final, nested classes annotated with @Configuration.
INFO  SpringBootTestContextBootstrapper - Found @SpringBootConfiguration org.springframework.samples.petclinic.PetClinicApplication for test class org.springframework.samples.petclinic.acceptance.Cp36Tests
INFO  AUDIT - owner created id=177 customerCode=NSW-189967B4 registrationDate=2026-09-07 membershipLevel=1 membershipNumber=NSW-189967B4-M27
INFO  AUDIT - owner created id=178 customerCode=NSW-702CCFBF registrationDate=2026-09-07 membershipLevel=1 membershipNumber=NSW-702CCFBF-M27
INFO  AnnotationConfigContextLoaderUtils - Could not detect default configuration classes for test class [org.springframework.samples.petclinic.acceptance.Cp37Tests]: Cp37Tests does not declare any static, non-private, non-final, nested classes annotated with @Configuration.
INFO  SpringBootTestContextBootstrapper - Found @SpringBootConfiguration org.springframework.samples.petclinic.PetClinicApplication for test class org.springframework.samples.petclinic.acceptance.Cp37Tests
INFO  AnnotationConfigContextLoaderUtils - Could not detect default configuration classes for test class [org.springframework.samples.petclinic.acceptance.Cp37Tests]: Cp37Tests does not declare any static, non-private, non-final, nested classes annotated with @Configuration.
INFO  AnnotationConfigContextLoaderUtils - Could not detect default configuration classes for test class [org.springframework.samples.petclinic.acceptance.AcceptanceBase]: AcceptanceBase does not declare any static, non-private, non-final, nested classes annotated with @Configuration.
INFO  SpringBootTestContextBootstrapper - Found @SpringBootConfiguration org.springframework.samples.petclinic.PetClinicApplication for test class org.springframework.samples.petclinic.acceptance.Cp37Tests
INFO  AUDIT - owner created id=179 customerCode=UNKNOWN-39AE0A57 registrationDate=2026-09-07 membershipLevel=1 membershipNumber=UNKNOWN-39AE0A57-M27
INFO  AnnotationConfigContextLoaderUtils - Could not detect default configuration classes for test class [org.springframework.samples.petclinic.acceptance.Cp40Tests]: Cp40Tests does not declare any static, non-private, non-final, nested classes annotated with @Configuration.
INFO  SpringBootTestContextBootstrapper - Found @SpringBootConfiguration org.springframework.samples.petclinic.PetClinicApplication for test class org.springframework.samples.petclinic.acceptance.Cp40Tests
INFO  AnnotationConfigContextLoaderUtils - Could not detect default configuration classes for test class [org.springframework.samples.petclinic.acceptance.Cp40Tests]: Cp40Tests does not declare any static, non-private, non-final, nested classes annotated with @Configuration.
INFO  AnnotationConfigContextLoaderUtils - Could not detect default configuration classes for test class [org.springframework.samples.petclinic.acceptance.AcceptanceBase]: AcceptanceBase does not declare any static, non-private, non-final, nested classes annotated with @Configuration.
INFO  SpringBootTestContextBootstrapper - Found @SpringBootConfiguration org.springframework.samples.petclinic.PetClinicApplication for test class org.springframework.samples.petclinic.acceptance.Cp40Tests
INFO  AUDIT - owner created id=180 customerCode=NSW-94C5DAB8 registrationDate=2026-09-07 membershipLevel=2 membershipNumber=NSW-94C5DAB8-M27
INFO  AnnotationConfigContextLoaderUtils - Could not detect default configuration classes for test class [org.springframework.samples.petclinic.acceptance.Cp25Tests]: Cp25Tests does not declare any static, non-private, non-final, nested classes annotated with @Configuration.
INFO  SpringBootTestContextBootstrapper - Found @SpringBootConfiguration org.springframework.samples.petclinic.PetClinicApplication for test class org.springframework.samples.petclinic.acceptance.Cp25Tests
INFO  AnnotationConfigContextLoaderUtils - Could not detect default configuration classes for test class [org.springframework.samples.petclinic.acceptance.Cp25Tests]: Cp25Tests does not declare any static, non-private, non-final, nested classes annotated with @Configuration.
INFO  AnnotationConfigContextLoaderUtils - Could not detect default configuration classes for test class [org.springframework.samples.petclinic.acceptance.AcceptanceBase]: AcceptanceBase does not declare any static, non-private, non-final, nested classes annotated with @Configuration.
INFO  SpringBootTestContextBootstrapper - Found @SpringBootConfiguration org.springframework.samples.petclinic.PetClinicApplication for test class org.springframework.samples.petclinic.acceptance.Cp25Tests
INFO  AUDIT - owner created id=181 customerCode=UNKNOWN-EC145D0A registrationDate=2026-09-07 membershipLevel=2 membershipNumber=UNKNOWN-EC145D0A-M27
INFO  AnnotationConfigContextLoaderUtils - Could not detect default configuration classes for test class [org.springframework.samples.petclinic.acceptance.Cp35Tests]: Cp35Tests does not declare any static, non-private, non-final, nested classes annotated with @Configuration.
INFO  SpringBootTestContextBootstrapper - Found @SpringBootConfiguration org.springframework.samples.petclinic.PetClinicApplication for test class org.springframework.samples.petclinic.acceptance.Cp35Tests
INFO  AnnotationConfigContextLoaderUtils - Could not detect default configuration classes for test class [org.springframework.samples.petclinic.acceptance.Cp35Tests]: Cp35Tests does not declare any static, non-private, non-final, nested classes annotated with @Configuration.
INFO  AnnotationConfigContextLoaderUtils - Could not detect default configuration classes for test class [org.springframework.samples.petclinic.acceptance.AcceptanceBase]: AcceptanceBase does not declare any static, non-private, non-final, nested classes annotated with @Configuration.
INFO  SpringBootTestContextBootstrapper - Found @SpringBootConfiguration org.springframework.samples.petclinic.PetClinicApplication for test class org.springframework.samples.petclinic.acceptance.Cp35Tests
INFO  AUDIT - owner created id=182 customerCode=NSW-A3C8F735 registrationDate=2026-09-07 membershipLevel=1 membershipNumber=NSW-A3C8F735-M27
INFO  AUDIT - owner created id=183 customerCode=NSW-B57957EA registrationDate=2026-09-07 membershipLevel=1 membershipNumber=NSW-B57957EA-M27
INFO  AUDIT - owner created id=184 customerCode=NSW-9F10A1ED registrationDate=2026-09-07 membershipLevel=1 membershipNumber=NSW-9F10A1ED-M27
INFO  AUDIT - owner created id=185 customerCode=NSW-59423BF5 registrationDate=2026-09-07 membershipLevel=1 membershipNumber=NSW-59423BF5-M27

MockHttpServletRequest:
      HTTP Method = POST
      Request URI = /api/owners
       Parameters = {}
          Headers = [Content-Type:"application/json;charset=UTF-8", Content-Length:"128"]
             Body = {"firstName":"Test","lastName":"Suraas","address":"723 Test Street","city":"Town724","telephone":"0400000725","postcode":"2000"}
    Session Attrs = {SPRING_SECURITY_CONTEXT=SecurityContextImpl [Authentication=UsernamePasswordAuthenticationToken [Principal=org.springframework.security.core.userdetails.User [Username=acceptance-admin, Password=[PROTECTED], Enabled=true, AccountNonExpired=true, CredentialsNonExpired=true, AccountNonLocked=true, Granted Authorities=[ROLE_ADMIN, ROLE_OWNER_ADMIN, ROLE_VET_ADMIN]], Credentials=[PROTECTED], Authenticated=true, Details=null, Granted Authorities=[ROLE_ADMIN, ROLE_OWNER_ADMIN, ROLE_VET_ADMIN]]]}

Handler:
             Type = org.springframework.samples.petclinic.rest.controller.v1.OwnerRestControllerV1
           Method = org.springframework.samples.petclinic.rest.controller.v1.OwnerRestControllerV1#addOwner(OwnerFieldsDto)

Async:
    Async started = false
     Async result = null

Resolved Exception:
             Type = null

ModelAndView:
        View name = null
             View = null
            Model = null

FlashMap:
       Attributes = null

MockHttpServletResponse:
           Status = 201
    Error message = null
          Headers = [Vary:"Origin", "Access-Control-Request-Method", "Access-Control-Request-Headers", Location:"/api/owners/184", Content-Type:"application/json", X-Content-Type-Options:"nosniff", X-XSS-Protection:"0", Cache-Control:"no-cache, no-store, max-age=0, must-revalidate", Pragma:"no-cache", Expires:"0", X-Frame-Options:"DENY"]
     Content type = application/json
             Body = {"firstName":"TEST","lastName":"SURAAS","city":"TOWN724","telephone":"+61400000725","pets":[],"address":"723 TEST STREET","addressLine1":null,"addressLine2":null,"ageBand":null,"birthDate":null,"bulkSignupWarning":false,"checkDigit":7,"contactPreference":"PHONE","customerCode":"NSW-9F10A1ED","deleted":false,"displayName":"SURAAS, TEST","email":null,"fiscalYear":"FY27","householdId":"32bbb4ed32d4","id":184,"identityKey":"+61400000725||32bbb4ed32d4","initials":"T.S.","locality":"NSW","membershipLevel":1,"membershipNumber":"NSW-9F10A1ED-M27","membershipPoints":1,"namesakeCount":0,"possibleDuplicate":false,"possibleDuplicateOf":null,"postcode":"2000","registrationDate":"2026-09-07","salutation":"Suraas","selfLink":"/api/owners/184","sharesHousehold":null,"telephoneDisplay":"+61 400 000 725","timezone":"Australia/Sydney","title":null}
    Forwarded URL = null
   Redirected URL = /api/owners/184
          Cookies = []

MockHttpServletRequest:
      HTTP Method = POST
      Request URI = /api/owners
       Parameters = {}
          Headers = [Content-Type:"application/json;charset=UTF-8", Content-Length:"128"]
             Body = {"firstName":"Test","lastName":"Suraas","address":"727 Test Street","city":"Town728","telephone":"0400000729","postcode":"2000"}
    Session Attrs = {SPRING_SECURITY_CONTEXT=SecurityContextImpl [Authentication=UsernamePasswordAuthenticationToken [Principal=org.springframework.security.core.userdetails.User [Username=acceptance-admin, Password=[PROTECTED], Enabled=true, AccountNonExpired=true, CredentialsNonExpired=true, AccountNonLocked=true, Granted Authorities=[ROLE_ADMIN, ROLE_OWNER_ADMIN, ROLE_VET_ADMIN]], Credentials=[PROTECTED], Authenticated=true, Details=null, Granted Authorities=[ROLE_ADMIN, ROLE_OWNER_ADMIN, ROLE_VET_ADMIN]]]}

Handler:
             Type = org.springframework.samples.petclinic.rest.controller.v1.OwnerRestControllerV1
           Method = org.springframework.samples.petclinic.rest.controller.v1.OwnerRestControllerV1#addOwner(OwnerFieldsDto)

Async:
    Async started = false
     Async result = null

Resolved Exception:
             Type = null

ModelAndView:
        View name = null
             View = null
            Model = null

FlashMap:
       Attributes = null

MockHttpServletResponse:
           Status = 201
    Error message = null
          Headers = [Vary:"Origin", "Access-Control-Request-Method", "Access-Control-Request-Headers", Location:"/api/owners/185", Content-Type:"application/json", X-Content-Type-Options:"nosniff", X-XSS-Protection:"0", Cache-Control:"no-cache, no-store, max-age=0, must-revalidate", Pragma:"no-cache", Expires:"0", X-Frame-Options:"DENY"]
     Content type = application/json
             Body = {"firstName":"TEST","lastName":"SURAAS","city":"TOWN728","telephone":"+61400000729","pets":[],"address":"727 TEST STREET","addressLine1":null,"addressLine2":null,"ageBand":null,"birthDate":null,"bulkSignupWarning":false,"checkDigit":4,"contactPreference":"PHONE","customerCode":"NSW-59423BF5","deleted":false,"displayName":"SURAAS, TEST","email":null,"fiscalYear":"FY27","householdId":"32bbb4ed32d4","id":185,"identityKey":"+61400000729||32bbb4ed32d4","initials":"T.S.","locality":"NSW","membershipLevel":1,"membershipNumber":"NSW-59423BF5-M27","membershipPoints":0,"namesakeCount":1,"possibleDuplicate":true,"possibleDuplicateOf":184,"postcode":"2000","registrationDate":"2026-09-07","salutation":"Suraas","selfLink":"/api/owners/185","sharesHousehold":null,"telephoneDisplay":"+61 400 000 729","timezone":"Australia/Sydney","title":null}
    Forwarded URL = null
   Redirected URL = /api/owners/185
          Cookies = []
[ERROR] Tests run: 2, Failures: 1, Errors: 0, Skipped: 0, Time elapsed: 0.053 s <<< FAILURE! -- in org.springframework.samples.petclinic.acceptance.Cp35Tests
[ERROR] org.springframework.samples.petclinic.acceptance.Cp35Tests.coreSharedLastNameAndPostcodeIsHouseholdDuplicate -- Time elapsed: 0.019 s <<< FAILURE!
java.lang.AssertionError: Status expected:<409> but was:<201>
	at org.springframework.test.util.AssertionErrors.fail(AssertionErrors.java:62)
	at org.springframework.test.util.AssertionErrors.assertEquals(AssertionErrors.java:129)
	at org.springframework.test.web.servlet.result.StatusResultMatchers.lambda$matcher$0(StatusResultMatchers.java:600)
	at org.springframework.test.web.servlet.MockMvc$1.andExpect(MockMvc.java:212)
	at org.springframework.samples.petclinic.acceptance.Cp35Tests.coreSharedLastNameAndPostcodeIsHouseholdDuplicate(Cp35Tests.java:27)

INFO  AnnotationConfigContextLoaderUtils - Could not detect default configuration classes for test class [org.springframework.samples.petclinic.acceptance.Cp05Tests]: Cp05Tests does not declare any static, non-private, non-final, nested classes annotated with @Configuration.
INFO  SpringBootTestContextBootstrapper - Found @SpringBootConfiguration org.springframework.samples.petclinic.PetClinicApplication for test class org.springframework.samples.petclinic.acceptance.Cp05Tests
INFO  AnnotationConfigContextLoaderUtils - Could not detect default configuration classes for test class [org.springframework.samples.petclinic.acceptance.Cp05Tests]: Cp05Tests does not declare any static, non-private, non-final, nested classes annotated with @Configuration.
INFO  AnnotationConfigContextLoaderUtils - Could not detect default configuration classes for test class [org.springframework.samples.petclinic.acceptance.AcceptanceBase]: AcceptanceBase does not declare any static, non-private, non-final, nested classes annotated with @Configuration.
INFO  SpringBootTestContextBootstrapper - Found @SpringBootConfiguration org.springframework.samples.petclinic.PetClinicApplication for test class org.springframework.samples.petclinic.acceptance.Cp05Tests
INFO  AUDIT - owner created id=186 customerCode=UNKNOWN-F1928974 registrationDate=2026-09-07 membershipLevel=1 membershipNumber=UNKNOWN-F1928974-M27

MockHttpServletRequest:
      HTTP Method = POST
      Request URI = /api/owners
       Parameters = {}
          Headers = [Content-Type:"application/json;charset=UTF-8", Content-Length:"110"]
             Body = {"firstName":"John","lastName":"Surabb","address":"731 Test Street","city":"Town732","telephone":"0400000733"}
    Session Attrs = {SPRING_SECURITY_CONTEXT=SecurityContextImpl [Authentication=UsernamePasswordAuthenticationToken [Principal=org.springframework.security.core.userdetails.User [Username=acceptance-admin, Password=[PROTECTED], Enabled=true, AccountNonExpired=true, CredentialsNonExpired=true, AccountNonLocked=true, Granted Authorities=[ROLE_ADMIN, ROLE_OWNER_ADMIN, ROLE_VET_ADMIN]], Credentials=[PROTECTED], Authenticated=true, Details=null, Granted Authorities=[ROLE_ADMIN, ROLE_OWNER_ADMIN, ROLE_VET_ADMIN]]]}

Handler:
             Type = org.springframework.samples.petclinic.rest.controller.v1.OwnerRestControllerV1
           Method = org.springframework.samples.petclinic.rest.controller.v1.OwnerRestControllerV1#addOwner(OwnerFieldsDto)

Async:
    Async started = false
     Async result = null

Resolved Exception:
             Type = null

ModelAndView:
        View name = null
             View = null
            Model = null

FlashMap:
       Attributes = null

MockHttpServletResponse:
           Status = 201
    Error message = null
          Headers = [Vary:"Origin", "Access-Control-Request-Method", "Access-Control-Request-Headers", Location:"/api/owners/186", Content-Type:"application/json", X-Content-Type-Options:"nosniff", X-XSS-Protection:"0", Cache-Control:"no-cache, no-store, max-age=0, must-revalidate", Pragma:"no-cache", Expires:"0", X-Frame-Options:"DENY"]
     Content type = application/json
             Body = {"firstName":"JOHN","lastName":"SURABB","city":"TOWN732","telephone":"+61400000733","pets":[],"address":"731 TEST STREET","addressLine1":null,"addressLine2":null,"ageBand":null,"birthDate":null,"bulkSignupWarning":false,"checkDigit":3,"contactPreference":"PHONE","customerCode":"UNKNOWN-F1928974","deleted":false,"displayName":"SURABB, JOHN","email":null,"fiscalYear":"FY27","householdId":"6de0444552a6","id":186,"identityKey":"+61400000733||6de0444552a6","initials":"J.S.","locality":"UNKNOWN","membershipLevel":1,"membershipNumber":"UNKNOWN-F1928974-M27","membershipPoints":1,"namesakeCount":0,"possibleDuplicate":false,"possibleDuplicateOf":null,"postcode":null,"registrationDate":"2026-09-07","salutation":"Surabb","selfLink":"/api/owners/186","sharesHousehold":null,"telephoneDisplay":"+61 400 000 733","timezone":null,"title":null}
    Forwarded URL = null
   Redirected URL = /api/owners/186
          Cookies = []

MockHttpServletRequest:
      HTTP Method = GET
      Request URI = /api/owners/186
       Parameters = {}
          Headers = []
             Body = null
    Session Attrs = {SPRING_SECURITY_CONTEXT=SecurityContextImpl [Authentication=UsernamePasswordAuthenticationToken [Principal=org.springframework.security.core.userdetails.User [Username=acceptance-admin, Password=[PROTECTED], Enabled=true, AccountNonExpired=true, CredentialsNonExpired=true, AccountNonLocked=true, Granted Authorities=[ROLE_ADMIN, ROLE_OWNER_ADMIN, ROLE_VET_ADMIN]], Credentials=[PROTECTED], Authenticated=true, Details=null, Granted Authorities=[ROLE_ADMIN, ROLE_OWNER_ADMIN, ROLE_VET_ADMIN]]]}

Handler:
             Type = org.springframework.samples.petclinic.rest.controller.v1.OwnerRestControllerV1
           Method = org.springframework.samples.petclinic.rest.controller.v1.OwnerRestControllerV1#getOwner(Integer)

Async:
    Async started = false
     Async result = null

Resolved Exception:
             Type = null

ModelAndView:
        View name = null
             View = null
            Model = null

FlashMap:
       Attributes = null

MockHttpServletResponse:
           Status = 200
    Error message = null
          Headers = [Vary:"Origin", "Access-Control-Request-Method", "Access-Control-Request-Headers", Content-Type:"application/json", X-Content-Type-Options:"nosniff", X-XSS-Protection:"0", Cache-Control:"no-cache, no-store, max-age=0, must-revalidate", Pragma:"no-cache", Expires:"0", X-Frame-Options:"DENY"]
     Content type = application/json
             Body = {"firstName":"JOHN","lastName":"SURABB","city":"TOWN732","telephone":"+61400000733","pets":[],"address":"731 TEST STREET","addressLine1":null,"addressLine2":null,"ageBand":null,"birthDate":null,"bulkSignupWarning":false,"checkDigit":3,"contactPreference":"PHONE","customerCode":"UNKNOWN-F1928974","deleted":false,"displayName":"SURABB, JOHN","email":null,"fiscalYear":"FY27","householdId":"6de0444552a6","id":186,"identityKey":"+61400000733||6de0444552a6","initials":"J.S.","locality":"UNKNOWN","membershipLevel":1,"membershipNumber":"UNKNOWN-F1928974-M27","membershipPoints":1,"namesakeCount":0,"possibleDuplicate":false,"possibleDuplicateOf":null,"postcode":null,"registrationDate":"2026-09-07","salutation":"Surabb","selfLink":"/api/owners/186","sharesHousehold":null,"telephoneDisplay":"+61 400 000 733","timezone":null,"title":null}
    Forwarded URL = null
   Redirected URL = null
          Cookies = []
[ERROR] Tests run: 1, Failures: 1, Errors: 0, Skipped: 0, Time elapsed: 0.027 s <<< FAILURE! -- in org.springframework.samples.petclinic.acceptance.Cp05Tests
[ERROR] org.springframework.samples.petclinic.acceptance.Cp05Tests.coreComputesDisplayName -- Time elapsed: 0.019 s <<< FAILURE!
java.lang.AssertionError: JSON path "$.displayName" expected:<Surabb, John> but was:<SURABB, JOHN>
	at org.springframework.test.util.AssertionErrors.fail(AssertionErrors.java:62)
	at org.springframework.test.util.AssertionErrors.assertEquals(AssertionErrors.java:129)
	at org.springframework.test.util.JsonPathExpectationsHelper.assertValue(JsonPathExpectationsHelper.java:172)
	at org.springframework.test.web.servlet.result.JsonPathResultMatchers.lambda$value$2(JsonPathResultMatchers.java:111)
	at org.springframework.test.web.servlet.MockMvc$1.andExpect(MockMvc.java:212)
	at org.springframework.samples.petclinic.acceptance.Cp05Tests.coreComputesDisplayName(Cp05Tests.java:18)

INFO  AnnotationConfigContextLoaderUtils - Could not detect default configuration classes for test class [org.springframework.samples.petclinic.acceptance.Cp51Tests]: Cp51Tests does not declare any static, non-private, non-final, nested classes annotated with @Configuration.
INFO  SpringBootTestContextBootstrapper - Found @SpringBootConfiguration org.springframework.samples.petclinic.PetClinicApplication for test class org.springframework.samples.petclinic.acceptance.Cp51Tests
INFO  AnnotationConfigContextLoaderUtils - Could not detect default configuration classes for test class [org.springframework.samples.petclinic.acceptance.Cp51Tests]: Cp51Tests does not declare any static, non-private, non-final, nested classes annotated with @Configuration.
INFO  AnnotationConfigContextLoaderUtils - Could not detect default configuration classes for test class [org.springframework.samples.petclinic.acceptance.AcceptanceBase]: AcceptanceBase does not declare any static, non-private, non-final, nested classes annotated with @Configuration.
INFO  SpringBootTestContextBootstrapper - Found @SpringBootConfiguration org.springframework.samples.petclinic.PetClinicApplication for test class org.springframework.samples.petclinic.acceptance.Cp51Tests
INFO  AUDIT - owner created id=187 customerCode=NSW-1CC9C41B registrationDate=2026-09-07 membershipLevel=1 membershipNumber=NSW-1CC9C41B-M27
INFO  AUDIT - owner created id=188 customerCode=NSW-7804E1D7 registrationDate=2026-09-07 membershipLevel=2 membershipNumber=NSW-7804E1D7-M27
INFO  AnnotationConfigContextLoaderUtils - Could not detect default configuration classes for test class [org.springframework.samples.petclinic.acceptance.Cp47Tests]: Cp47Tests does not declare any static, non-private, non-final, nested classes annotated with @Configuration.
INFO  SpringBootTestContextBootstrapper - Found @SpringBootConfiguration org.springframework.samples.petclinic.PetClinicApplication for test class org.springframework.samples.petclinic.acceptance.Cp47Tests
INFO  AnnotationConfigContextLoaderUtils - Could not detect default configuration classes for test class [org.springframework.samples.petclinic.acceptance.Cp47Tests]: Cp47Tests does not declare any static, non-private, non-final, nested classes annotated with @Configuration.
INFO  AnnotationConfigContextLoaderUtils - Could not detect default configuration classes for test class [org.springframework.samples.petclinic.acceptance.AcceptanceBase]: AcceptanceBase does not declare any static, non-private, non-final, nested classes annotated with @Configuration.
INFO  SpringBootTestContextBootstrapper - Found @SpringBootConfiguration org.springframework.samples.petclinic.PetClinicApplication for test class org.springframework.samples.petclinic.acceptance.Cp47Tests
INFO  AUDIT - owner created id=189 customerCode=NSW-08C21F4A registrationDate=2026-09-07 membershipLevel=1 membershipNumber=NSW-08C21F4A-M27
INFO  AnnotationConfigContextLoaderUtils - Could not detect default configuration classes for test class [org.springframework.samples.petclinic.acceptance.Cp09Tests]: Cp09Tests does not declare any static, non-private, non-final, nested classes annotated with @Configuration.
INFO  SpringBootTestContextBootstrapper - Found @SpringBootConfiguration org.springframework.samples.petclinic.PetClinicApplication for test class org.springframework.samples.petclinic.acceptance.Cp09Tests
INFO  AnnotationConfigContextLoaderUtils - Could not detect default configuration classes for test class [org.springframework.samples.petclinic.acceptance.Cp09Tests]: Cp09Tests does not declare any static, non-private, non-final, nested classes annotated with @Configuration.
INFO  AnnotationConfigContextLoaderUtils - Could not detect default configuration classes for test class [org.springframework.samples.petclinic.acceptance.AcceptanceBase]: AcceptanceBase does not declare any static, non-private, non-final, nested classes annotated with @Configuration.
INFO  SpringBootTestContextBootstrapper - Found @SpringBootConfiguration org.springframework.samples.petclinic.PetClinicApplication for test class org.springframework.samples.petclinic.acceptance.Cp09Tests
INFO  AUDIT - owner created id=190 customerCode=NSW-B0CE9F95 registrationDate=2026-09-07 membershipLevel=1 membershipNumber=NSW-B0CE9F95-M27
INFO  AnnotationConfigContextLoaderUtils - Could not detect default configuration classes for test class [org.springframework.samples.petclinic.acceptance.Cp23Tests]: Cp23Tests does not declare any static, non-private, non-final, nested classes annotated with @Configuration.
INFO  SpringBootTestContextBootstrapper - Found @SpringBootConfiguration org.springframework.samples.petclinic.PetClinicApplication for test class org.springframework.samples.petclinic.acceptance.Cp23Tests
INFO  AnnotationConfigContextLoaderUtils - Could not detect default configuration classes for test class [org.springframework.samples.petclinic.acceptance.Cp23Tests]: Cp23Tests does not declare any static, non-private, non-final, nested classes annotated with @Configuration.
INFO  AnnotationConfigContextLoaderUtils - Could not detect default configuration classes for test class [org.springframework.samples.petclinic.acceptance.AcceptanceBase]: AcceptanceBase does not declare any static, non-private, non-final, nested classes annotated with @Configuration.
INFO  SpringBootTestContextBootstrapper - Found @SpringBootConfiguration org.springframework.samples.petclinic.PetClinicApplication for test class org.springframework.samples.petclinic.acceptance.Cp23Tests
INFO  AUDIT - owner created id=191 customerCode=NSW-B174E0B5 registrationDate=2026-09-07 membershipLevel=1 membershipNumber=NSW-B174E0B5-M27
INFO  AUDIT - owner created id=192 customerCode=NSW-B2DFA67F registrationDate=2026-09-07 membershipLevel=1 membershipNumber=NSW-B2DFA67F-M27
INFO  AUDIT - owner created id=193 customerCode=NSW-DDCB1BF1 registrationDate=2026-09-07 membershipLevel=3 membershipNumber=NSW-DDCB1BF1-M27

MockHttpServletRequest:
      HTTP Method = POST
      Request URI = /api/owners
       Parameters = {}
          Headers = [Content-Type:"application/json;charset=UTF-8", Content-Length:"152"]
             Body = {"firstName":"Fnacf","lastName":"Suraca","address":"757 Test Street","city":"Town758","telephone":"0400000759","postcode":"2000","sharesHousehold":true}
    Session Attrs = {SPRING_SECURITY_CONTEXT=SecurityContextImpl [Authentication=UsernamePasswordAuthenticationToken [Principal=org.springframework.security.core.userdetails.User [Username=acceptance-admin, Password=[PROTECTED], Enabled=true, AccountNonExpired=true, CredentialsNonExpired=true, AccountNonLocked=true, Granted Authorities=[ROLE_ADMIN, ROLE_OWNER_ADMIN, ROLE_VET_ADMIN]], Credentials=[PROTECTED], Authenticated=true, Details=null, Granted Authorities=[ROLE_ADMIN, ROLE_OWNER_ADMIN, ROLE_VET_ADMIN]]]}

Handler:
             Type = org.springframework.samples.petclinic.rest.controller.v1.OwnerRestControllerV1
           Method = org.springframework.samples.petclinic.rest.controller.v1.OwnerRestControllerV1#addOwner(OwnerFieldsDto)

Async:
    Async started = false
     Async result = null

Resolved Exception:
             Type = null

ModelAndView:
        View name = null
             View = null
            Model = null

FlashMap:
       Attributes = null

MockHttpServletResponse:
           Status = 201
    Error message = null
          Headers = [Vary:"Origin", "Access-Control-Request-Method", "Access-Control-Request-Headers", Location:"/api/owners/191", Content-Type:"application/json", X-Content-Type-Options:"nosniff", X-XSS-Protection:"0", Cache-Control:"no-cache, no-store, max-age=0, must-revalidate", Pragma:"no-cache", Expires:"0", X-Frame-Options:"DENY"]
     Content type = application/json
             Body = {"firstName":"FNACF","lastName":"SURACA","city":"TOWN758","telephone":"+61400000759","pets":[],"address":"757 TEST STREET","addressLine1":null,"addressLine2":null,"ageBand":null,"birthDate":null,"bulkSignupWarning":false,"checkDigit":2,"contactPreference":"PHONE","customerCode":"NSW-B174E0B5","deleted":false,"displayName":"SURACA, FNACF","email":null,"fiscalYear":"FY27","householdId":"e41a15279bf5","id":191,"identityKey":"+61400000759||e41a15279bf5","initials":"F.S.","locality":"NSW","membershipLevel":1,"membershipNumber":"NSW-B174E0B5-M27","membershipPoints":1,"namesakeCount":0,"possibleDuplicate":false,"possibleDuplicateOf":null,"postcode":"2000","registrationDate":"2026-09-07","salutation":"Suraca","selfLink":"/api/owners/191","sharesHousehold":null,"telephoneDisplay":"+61 400 000 759","timezone":"Australia/Sydney","title":null}
    Forwarded URL = null
   Redirected URL = /api/owners/191
          Cookies = []

MockHttpServletRequest:
      HTTP Method = POST
      Request URI = /api/owners
       Parameters = {}
          Headers = [Content-Type:"application/json;charset=UTF-8", Content-Length:"152"]
             Body = {"firstName":"Fnack","lastName":"Suraca","address":"762 Test Street","city":"Town763","telephone":"0400000764","postcode":"2000","sharesHousehold":true}
    Session Attrs = {SPRING_SECURITY_CONTEXT=SecurityContextImpl [Authentication=UsernamePasswordAuthenticationToken [Principal=org.springframework.security.core.userdetails.User [Username=acceptance-admin, Password=[PROTECTED], Enabled=true, AccountNonExpired=true, CredentialsNonExpired=true, AccountNonLocked=true, Granted Authorities=[ROLE_ADMIN, ROLE_OWNER_ADMIN, ROLE_VET_ADMIN]], Credentials=[PROTECTED], Authenticated=true, Details=null, Granted Authorities=[ROLE_ADMIN, ROLE_OWNER_ADMIN, ROLE_VET_ADMIN]]]}

Handler:
             Type = org.springframework.samples.petclinic.rest.controller.v1.OwnerRestControllerV1
           Method = org.springframework.samples.petclinic.rest.controller.v1.OwnerRestControllerV1#addOwner(OwnerFieldsDto)

Async:
    Async started = false
     Async result = null

Resolved Exception:
             Type = null

ModelAndView:
        View name = null
             View = null
            Model = null

FlashMap:
       Attributes = null

MockHttpServletResponse:
           Status = 201
    Error message = null
          Headers = [Vary:"Origin", "Access-Control-Request-Method", "Access-Control-Request-Headers", Location:"/api/owners/192", Content-Type:"application/json", X-Content-Type-Options:"nosniff", X-XSS-Protection:"0", Cache-Control:"no-cache, no-store, max-age=0, must-revalidate", Pragma:"no-cache", Expires:"0", X-Frame-Options:"DENY"]
     Content type = application/json
             Body = {"firstName":"FNACK","lastName":"SURACA","city":"TOWN763","telephone":"+61400000764","pets":[],"address":"762 TEST STREET","addressLine1":null,"addressLine2":null,"ageBand":null,"birthDate":null,"bulkSignupWarning":false,"checkDigit":5,"contactPreference":"PHONE","customerCode":"NSW-B2DFA67F","deleted":false,"displayName":"SURACA, FNACK","email":null,"fiscalYear":"FY27","householdId":"e41a15279bf5","id":192,"identityKey":"+61400000764||e41a15279bf5","initials":"F.S.","locality":"NSW","membershipLevel":1,"membershipNumber":"NSW-B2DFA67F-M27","membershipPoints":1,"namesakeCount":0,"possibleDuplicate":false,"possibleDuplicateOf":null,"postcode":"2000","registrationDate":"2026-09-07","salutation":"Suraca","selfLink":"/api/owners/192","sharesHousehold":null,"telephoneDisplay":"+61 400 000 764","timezone":"Australia/Sydney","title":null}
    Forwarded URL = null
   Redirected URL = /api/owners/192
          Cookies = []

MockHttpServletRequest:
      HTTP Method = POST
      Request URI = /api/owners
       Parameters = {}
          Headers = [Content-Type:"application/json;charset=UTF-8", Content-Length:"184"]
             Body = {"firstName":"Fnacp","lastName":"Suraca","address":"767 Test Street","city":"Town768","telephone":"0400000769","postcode":"2000","sharesHousehold":true,"email":"owner771@example.test"}
    Session Attrs = {SPRING_SECURITY_CONTEXT=SecurityContextImpl [Authentication=UsernamePasswordAuthenticationToken [Principal=org.springframework.security.core.userdetails.User [Username=acceptance-admin, Password=[PROTECTED], Enabled=true, AccountNonExpired=true, CredentialsNonExpired=true, AccountNonLocked=true, Granted Authorities=[ROLE_ADMIN, ROLE_OWNER_ADMIN, ROLE_VET_ADMIN]], Credentials=[PROTECTED], Authenticated=true, Details=null, Granted Authorities=[ROLE_ADMIN, ROLE_OWNER_ADMIN, ROLE_VET_ADMIN]]]}

Handler:
             Type = org.springframework.samples.petclinic.rest.controller.v1.OwnerRestControllerV1
           Method = org.springframework.samples.petclinic.rest.controller.v1.OwnerRestControllerV1#addOwner(OwnerFieldsDto)

Async:
    Async started = false
     Async result = null

Resolved Exception:
             Type = null

ModelAndView:
        View name = null
             View = null
            Model = null

FlashMap:
       Attributes = null

MockHttpServletResponse:
           Status = 201
    Error message = null
          Headers = [Vary:"Origin", "Access-Control-Request-Method", "Access-Control-Request-Headers", Location:"/api/owners/193", Content-Type:"application/json", X-Content-Type-Options:"nosniff", X-XSS-Protection:"0", Cache-Control:"no-cache, no-store, max-age=0, must-revalidate", Pragma:"no-cache", Expires:"0", X-Frame-Options:"DENY"]
     Content type = application/json
             Body = {"firstName":"FNACP","lastName":"SURACA","city":"TOWN768","telephone":"+61400000769","pets":[],"address":"767 TEST STREET","addressLine1":null,"addressLine2":null,"ageBand":null,"birthDate":null,"bulkSignupWarning":false,"checkDigit":7,"contactPreference":"EMAIL","customerCode":"NSW-DDCB1BF1","deleted":false,"displayName":"SURACA, FNACP","email":"OWNER771@EXAMPLE.TEST","fiscalYear":"FY27","householdId":"e41a15279bf5","id":193,"identityKey":"+61400000769|owner771@example.test|e41a15279bf5","initials":"F.S.","locality":"NSW","membershipLevel":2,"membershipNumber":"NSW-DDCB1BF1-M27","membershipPoints":5,"namesakeCount":0,"possibleDuplicate":false,"possibleDuplicateOf":null,"postcode":"2000","registrationDate":"2026-09-07","salutation":"Suraca","selfLink":"/api/owners/193","sharesHousehold":null,"telephoneDisplay":"+61 400 000 769","timezone":"Australia/Sydney","title":null}
    Forwarded URL = null
   Redirected URL = /api/owners/193
          Cookies = []

MockHttpServletRequest:
      HTTP Method = GET
      Request URI = /api/owners/193
       Parameters = {}
          Headers = []
             Body = null
    Session Attrs = {SPRING_SECURITY_CONTEXT=SecurityContextImpl [Authentication=UsernamePasswordAuthenticationToken [Principal=org.springframework.security.core.userdetails.User [Username=acceptance-admin, Password=[PROTECTED], Enabled=true, AccountNonExpired=true, CredentialsNonExpired=true, AccountNonLocked=true, Granted Authorities=[ROLE_ADMIN, ROLE_OWNER_ADMIN, ROLE_VET_ADMIN]], Credentials=[PROTECTED], Authenticated=true, Details=null, Granted Authorities=[ROLE_ADMIN, ROLE_OWNER_ADMIN, ROLE_VET_ADMIN]]]}

Handler:
             Type = org.springframework.samples.petclinic.rest.controller.v1.OwnerRestControllerV1
           Method = org.springframework.samples.petclinic.rest.controller.v1.OwnerRestControllerV1#getOwner(Integer)

Async:
    Async started = false
     Async result = null

Resolved Exception:
             Type = null

ModelAndView:
        View name = null
             View = null
            Model = null

FlashMap:
       Attributes = null

MockHttpServletResponse:
           Status = 200
    Error message = null
          Headers = [Vary:"Origin", "Access-Control-Request-Method", "Access-Control-Request-Headers", Content-Type:"application/json", X-Content-Type-Options:"nosniff", X-XSS-Protection:"0", Cache-Control:"no-cache, no-store, max-age=0, must-revalidate", Pragma:"no-cache", Expires:"0", X-Frame-Options:"DENY"]
     Content type = application/json
             Body = {"firstName":"FNACP","lastName":"SURACA","city":"TOWN768","telephone":"+61400000769","pets":[],"address":"767 TEST STREET","addressLine1":null,"addressLine2":null,"ageBand":null,"birthDate":null,"bulkSignupWarning":false,"checkDigit":7,"contactPreference":"EMAIL","customerCode":"NSW-DDCB1BF1","deleted":false,"displayName":"SURACA, FNACP","email":"OWNER771@EXAMPLE.TEST","fiscalYear":"FY27","householdId":"e41a15279bf5","id":193,"identityKey":"+61400000769|owner771@example.test|e41a15279bf5","initials":"F.S.","locality":"NSW","membershipLevel":2,"membershipNumber":"NSW-DDCB1BF1-M27","membershipPoints":5,"namesakeCount":0,"possibleDuplicate":false,"possibleDuplicateOf":null,"postcode":"2000","registrationDate":"2026-09-07","salutation":"Suraca","selfLink":"/api/owners/193","sharesHousehold":null,"telephoneDisplay":"+61 400 000 769","timezone":"Australia/Sydney","title":null}
    Forwarded URL = null
   Redirected URL = null
          Cookies = []
[ERROR] Tests run: 1, Failures: 1, Errors: 0, Skipped: 0, Time elapsed: 0.043 s <<< FAILURE! -- in org.springframework.samples.petclinic.acceptance.Cp23Tests
[ERROR] org.springframework.samples.petclinic.acceptance.Cp23Tests.coreHouseholdAddsPoints -- Time elapsed: 0.035 s <<< FAILURE!
java.lang.AssertionError: JSON path "$.membershipLevel" expected:<3> but was:<2>
	at org.springframework.test.util.AssertionErrors.fail(AssertionErrors.java:62)
	at org.springframework.test.util.AssertionErrors.assertEquals(AssertionErrors.java:129)
	at org.springframework.test.util.JsonPathExpectationsHelper.assertValue(JsonPathExpectationsHelper.java:172)
	at org.springframework.test.web.servlet.result.JsonPathResultMatchers.lambda$value$2(JsonPathResultMatchers.java:111)
	at org.springframework.test.web.servlet.MockMvc$1.andExpect(MockMvc.java:212)
	at org.springframework.samples.petclinic.acceptance.Cp23Tests.coreHouseholdAddsPoints(Cp23Tests.java:29)

INFO  AnnotationConfigContextLoaderUtils - Could not detect default configuration classes for test class [org.springframework.samples.petclinic.acceptance.Cp33Tests]: Cp33Tests does not declare any static, non-private, non-final, nested classes annotated with @Configuration.
INFO  SpringBootTestContextBootstrapper - Found @SpringBootConfiguration org.springframework.samples.petclinic.PetClinicApplication for test class org.springframework.samples.petclinic.acceptance.Cp33Tests
INFO  AnnotationConfigContextLoaderUtils - Could not detect default configuration classes for test class [org.springframework.samples.petclinic.acceptance.Cp33Tests]: Cp33Tests does not declare any static, non-private, non-final, nested classes annotated with @Configuration.
INFO  AnnotationConfigContextLoaderUtils - Could not detect default configuration classes for test class [org.springframework.samples.petclinic.acceptance.AcceptanceBase]: AcceptanceBase does not declare any static, non-private, non-final, nested classes annotated with @Configuration.
INFO  SpringBootTestContextBootstrapper - Found @SpringBootConfiguration org.springframework.samples.petclinic.PetClinicApplication for test class org.springframework.samples.petclinic.acceptance.Cp33Tests
INFO  AnnotationConfigContextLoaderUtils - Could not detect default configuration classes for test class [org.springframework.samples.petclinic.acceptance.Cp20Tests]: Cp20Tests does not declare any static, non-private, non-final, nested classes annotated with @Configuration.
INFO  SpringBootTestContextBootstrapper - Found @SpringBootConfiguration org.springframework.samples.petclinic.PetClinicApplication for test class org.springframework.samples.petclinic.acceptance.Cp20Tests
INFO  AnnotationConfigContextLoaderUtils - Could not detect default configuration classes for test class [org.springframework.samples.petclinic.acceptance.Cp20Tests]: Cp20Tests does not declare any static, non-private, non-final, nested classes annotated with @Configuration.
INFO  AnnotationConfigContextLoaderUtils - Could not detect default configuration classes for test class [org.springframework.samples.petclinic.acceptance.AcceptanceBase]: AcceptanceBase does not declare any static, non-private, non-final, nested classes annotated with @Configuration.
INFO  SpringBootTestContextBootstrapper - Found @SpringBootConfiguration org.springframework.samples.petclinic.PetClinicApplication for test class org.springframework.samples.petclinic.acceptance.Cp20Tests
INFO  AUDIT - owner created id=194 customerCode=UNKNOWN-C19C2090 registrationDate=2026-09-07 membershipLevel=1 membershipNumber=UNKNOWN-C19C2090-M27
INFO  AnnotationConfigContextLoaderUtils - Could not detect default configuration classes for test class [org.springframework.samples.petclinic.acceptance.Cp15Tests]: Cp15Tests does not declare any static, non-private, non-final, nested classes annotated with @Configuration.
INFO  SpringBootTestContextBootstrapper - Found @SpringBootConfiguration org.springframework.samples.petclinic.PetClinicApplication for test class org.springframework.samples.petclinic.acceptance.Cp15Tests
INFO  AnnotationConfigContextLoaderUtils - Could not detect default configuration classes for test class [org.springframework.samples.petclinic.acceptance.Cp15Tests]: Cp15Tests does not declare any static, non-private, non-final, nested classes annotated with @Configuration.
INFO  AnnotationConfigContextLoaderUtils - Could not detect default configuration classes for test class [org.springframework.samples.petclinic.acceptance.AcceptanceBase]: AcceptanceBase does not declare any static, non-private, non-final, nested classes annotated with @Configuration.
INFO  SpringBootTestContextBootstrapper - Found @SpringBootConfiguration org.springframework.samples.petclinic.PetClinicApplication for test class org.springframework.samples.petclinic.acceptance.Cp15Tests
INFO  AUDIT - owner created id=195 customerCode=UNKNOWN-D55CE6D6 registrationDate=2026-09-07 membershipLevel=2 membershipNumber=UNKNOWN-D55CE6D6-M27
INFO  AnnotationConfigContextLoaderUtils - Could not detect default configuration classes for test class [org.springframework.samples.petclinic.acceptance.Cp31Tests]: Cp31Tests does not declare any static, non-private, non-final, nested classes annotated with @Configuration.
INFO  SpringBootTestContextBootstrapper - Found @SpringBootConfiguration org.springframework.samples.petclinic.PetClinicApplication for test class org.springframework.samples.petclinic.acceptance.Cp31Tests
INFO  AnnotationConfigContextLoaderUtils - Could not detect default configuration classes for test class [org.springframework.samples.petclinic.acceptance.Cp31Tests]: Cp31Tests does not declare any static, non-private, non-final, nested classes annotated with @Configuration.
INFO  AnnotationConfigContextLoaderUtils - Could not detect default configuration classes for test class [org.springframework.samples.petclinic.acceptance.AcceptanceBase]: AcceptanceBase does not declare any static, non-private, non-final, nested classes annotated with @Configuration.
INFO  SpringBootTestContextBootstrapper - Found @SpringBootConfiguration org.springframework.samples.petclinic.PetClinicApplication for test class org.springframework.samples.petclinic.acceptance.Cp31Tests
INFO  AUDIT - owner created id=196 customerCode=NSW-698FBE5A registrationDate=2026-09-07 membershipLevel=1 membershipNumber=NSW-698FBE5A-M27
INFO  AnnotationConfigContextLoaderUtils - Could not detect default configuration classes for test class [org.springframework.samples.petclinic.acceptance.Cp01Tests]: Cp01Tests does not declare any static, non-private, non-final, nested classes annotated with @Configuration.
INFO  SpringBootTestContextBootstrapper - Found @SpringBootConfiguration org.springframework.samples.petclinic.PetClinicApplication for test class org.springframework.samples.petclinic.acceptance.Cp01Tests
INFO  AnnotationConfigContextLoaderUtils - Could not detect default configuration classes for test class [org.springframework.samples.petclinic.acceptance.Cp01Tests]: Cp01Tests does not declare any static, non-private, non-final, nested classes annotated with @Configuration.
INFO  AnnotationConfigContextLoaderUtils - Could not detect default configuration classes for test class [org.springframework.samples.petclinic.acceptance.AcceptanceBase]: AcceptanceBase does not declare any static, non-private, non-final, nested classes annotated with @Configuration.
INFO  SpringBootTestContextBootstrapper - Found @SpringBootConfiguration org.springframework.samples.petclinic.PetClinicApplication for test class org.springframework.samples.petclinic.acceptance.Cp01Tests
DEBUG ExceptionControllerAdvice - Validation error at POST /api/owners: [Field error in object 'ownerFieldsDto' on field 'city': rejected value [null]; codes [NotNull.ownerFieldsDto.city,NotNull.city,NotNull.java.lang.String,NotNull]; arguments [org.springframework.context.support.DefaultMessageSourceResolvable: codes [ownerFieldsDto.city,city]; arguments []; default message [city]]; default message [must not be null]]
INFO  AnnotationConfigContextLoaderUtils - Could not detect default configuration classes for test class [org.springframework.samples.petclinic.acceptance.Cp26Tests]: Cp26Tests does not declare any static, non-private, non-final, nested classes annotated with @Configuration.
INFO  SpringBootTestContextBootstrapper - Found @SpringBootConfiguration org.springframework.samples.petclinic.PetClinicApplication for test class org.springframework.samples.petclinic.acceptance.Cp26Tests
INFO  AnnotationConfigContextLoaderUtils - Could not detect default configuration classes for test class [org.springframework.samples.petclinic.acceptance.Cp26Tests]: Cp26Tests does not declare any static, non-private, non-final, nested classes annotated with @Configuration.
INFO  AnnotationConfigContextLoaderUtils - Could not detect default configuration classes for test class [org.springframework.samples.petclinic.acceptance.AcceptanceBase]: AcceptanceBase does not declare any static, non-private, non-final, nested classes annotated with @Configuration.
INFO  SpringBootTestContextBootstrapper - Found @SpringBootConfiguration org.springframework.samples.petclinic.PetClinicApplication for test class org.springframework.samples.petclinic.acceptance.Cp26Tests
INFO  AnnotationConfigContextLoaderUtils - Could not detect default configuration classes for test class [org.springframework.samples.petclinic.acceptance.Cp46Tests]: Cp46Tests does not declare any static, non-private, non-final, nested classes annotated with @Configuration.
INFO  SpringBootTestContextBootstrapper - Found @SpringBootConfiguration org.springframework.samples.petclinic.PetClinicApplication for test class org.springframework.samples.petclinic.acceptance.Cp46Tests
INFO  AnnotationConfigContextLoaderUtils - Could not detect default configuration classes for test class [org.springframework.samples.petclinic.acceptance.Cp46Tests]: Cp46Tests does not declare any static, non-private, non-final, nested classes annotated with @Configuration.
INFO  AnnotationConfigContextLoaderUtils - Could not detect default configuration classes for test class [org.springframework.samples.petclinic.acceptance.AcceptanceBase]: AcceptanceBase does not declare any static, non-private, non-final, nested classes annotated with @Configuration.
INFO  SpringBootTestContextBootstrapper - Found @SpringBootConfiguration org.springframework.samples.petclinic.PetClinicApplication for test class org.springframework.samples.petclinic.acceptance.Cp46Tests
INFO  AUDIT - owner created id=197 customerCode=NSW-00B17710 registrationDate=2026-09-07 membershipLevel=1 membershipNumber=NSW-00B17710-M27
INFO  AUDIT - owner created id=198 customerCode=NSW-00B17710-2 registrationDate=2026-09-07 membershipLevel=1 membershipNumber=NSW-00B17710-2-M27
INFO  AUDIT - owner created id=199 customerCode=NSW-CD2A97BA registrationDate=2026-09-07 membershipLevel=1 membershipNumber=NSW-CD2A97BA-M27
INFO  AnnotationConfigContextLoaderUtils - Could not detect default configuration classes for test class [org.springframework.samples.petclinic.acceptance.Cp27Tests]: Cp27Tests does not declare any static, non-private, non-final, nested classes annotated with @Configuration.
INFO  SpringBootTestContextBootstrapper - Found @SpringBootConfiguration org.springframework.samples.petclinic.PetClinicApplication for test class org.springframework.samples.petclinic.acceptance.Cp27Tests
INFO  AnnotationConfigContextLoaderUtils - Could not detect default configuration classes for test class [org.springframework.samples.petclinic.acceptance.Cp27Tests]: Cp27Tests does not declare any static, non-private, non-final, nested classes annotated with @Configuration.
INFO  AnnotationConfigContextLoaderUtils - Could not detect default configuration classes for test class [org.springframework.samples.petclinic.acceptance.AcceptanceBase]: AcceptanceBase does not declare any static, non-private, non-final, nested classes annotated with @Configuration.
INFO  SpringBootTestContextBootstrapper - Found @SpringBootConfiguration org.springframework.samples.petclinic.PetClinicApplication for test class org.springframework.samples.petclinic.acceptance.Cp27Tests
INFO  AUDIT - owner created id=200 customerCode=UNKNOWN-9D9F5825 registrationDate=2026-09-07 membershipLevel=2 membershipNumber=UNKNOWN-9D9F5825-M27
INFO  AUDIT - owner created id=201 customerCode=UNKNOWN-43FC8698 registrationDate=2026-09-07 membershipLevel=1 membershipNumber=UNKNOWN-43FC8698-M27
INFO  AnnotationConfigContextLoaderUtils - Could not detect default configuration classes for test class [org.springframework.samples.petclinic.acceptance.Cp22Tests]: Cp22Tests does not declare any static, non-private, non-final, nested classes annotated with @Configuration.
INFO  SpringBootTestContextBootstrapper - Found @SpringBootConfiguration org.springframework.samples.petclinic.PetClinicApplication for test class org.springframework.samples.petclinic.acceptance.Cp22Tests
INFO  AnnotationConfigContextLoaderUtils - Could not detect default configuration classes for test class [org.springframework.samples.petclinic.acceptance.Cp22Tests]: Cp22Tests does not declare any static, non-private, non-final, nested classes annotated with @Configuration.
INFO  AnnotationConfigContextLoaderUtils - Could not detect default configuration classes for test class [org.springframework.samples.petclinic.acceptance.AcceptanceBase]: AcceptanceBase does not declare any static, non-private, non-final, nested classes annotated with @Configuration.
INFO  SpringBootTestContextBootstrapper - Found @SpringBootConfiguration org.springframework.samples.petclinic.PetClinicApplication for test class org.springframework.samples.petclinic.acceptance.Cp22Tests
INFO  AUDIT - owner created id=202 customerCode=UNKNOWN-7D30AEC9 registrationDate=2026-09-07 membershipLevel=1 membershipNumber=UNKNOWN-7D30AEC9-M27
INFO  AnnotationConfigContextLoaderUtils - Could not detect default configuration classes for test class [org.springframework.samples.petclinic.acceptance.Cp30Tests]: Cp30Tests does not declare any static, non-private, non-final, nested classes annotated with @Configuration.
INFO  SpringBootTestContextBootstrapper - Found @SpringBootConfiguration org.springframework.samples.petclinic.PetClinicApplication for test class org.springframework.samples.petclinic.acceptance.Cp30Tests
INFO  AnnotationConfigContextLoaderUtils - Could not detect default configuration classes for test class [org.springframework.samples.petclinic.acceptance.Cp30Tests]: Cp30Tests does not declare any static, non-private, non-final, nested classes annotated with @Configuration.
INFO  AnnotationConfigContextLoaderUtils - Could not detect default configuration classes for test class [org.springframework.samples.petclinic.acceptance.AcceptanceBase]: AcceptanceBase does not declare any static, non-private, non-final, nested classes annotated with @Configuration.
INFO  SpringBootTestContextBootstrapper - Found @SpringBootConfiguration org.springframework.samples.petclinic.PetClinicApplication for test class org.springframework.samples.petclinic.acceptance.Cp30Tests
INFO  AUDIT - owner created id=203 customerCode=NSW-A31BE091 registrationDate=2026-09-07 membershipLevel=1 membershipNumber=NSW-A31BE091-M27
INFO  AnnotationConfigContextLoaderUtils - Could not detect default configuration classes for test class [org.springframework.samples.petclinic.acceptance.Cp50Tests]: Cp50Tests does not declare any static, non-private, non-final, nested classes annotated with @Configuration.
INFO  SpringBootTestContextBootstrapper - Found @SpringBootConfiguration org.springframework.samples.petclinic.PetClinicApplication for test class org.springframework.samples.petclinic.acceptance.Cp50Tests
INFO  AnnotationConfigContextLoaderUtils - Could not detect default configuration classes for test class [org.springframework.samples.petclinic.acceptance.Cp50Tests]: Cp50Tests does not declare any static, non-private, non-final, nested classes annotated with @Configuration.
INFO  AnnotationConfigContextLoaderUtils - Could not detect default configuration classes for test class [org.springframework.samples.petclinic.acceptance.AcceptanceBase]: AcceptanceBase does not declare any static, non-private, non-final, nested classes annotated with @Configuration.
INFO  SpringBootTestContextBootstrapper - Found @SpringBootConfiguration org.springframework.samples.petclinic.PetClinicApplication for test class org.springframework.samples.petclinic.acceptance.Cp50Tests
INFO  AUDIT - owner created id=204 customerCode=NSW-BCA0A929 registrationDate=2026-09-07 membershipLevel=1 membershipNumber=NSW-BCA0A929-M27
INFO  AnnotationConfigContextLoaderUtils - Could not detect default configuration classes for test class [org.springframework.samples.petclinic.acceptance.Cp24Tests]: Cp24Tests does not declare any static, non-private, non-final, nested classes annotated with @Configuration.
INFO  SpringBootTestContextBootstrapper - Found @SpringBootConfiguration org.springframework.samples.petclinic.PetClinicApplication for test class org.springframework.samples.petclinic.acceptance.Cp24Tests
INFO  AnnotationConfigContextLoaderUtils - Could not detect default configuration classes for test class [org.springframework.samples.petclinic.acceptance.Cp24Tests]: Cp24Tests does not declare any static, non-private, non-final, nested classes annotated with @Configuration.
INFO  AnnotationConfigContextLoaderUtils - Could not detect default configuration classes for test class [org.springframework.samples.petclinic.acceptance.AcceptanceBase]: AcceptanceBase does not declare any static, non-private, non-final, nested classes annotated with @Configuration.
INFO  SpringBootTestContextBootstrapper - Found @SpringBootConfiguration org.springframework.samples.petclinic.PetClinicApplication for test class org.springframework.samples.petclinic.acceptance.Cp24Tests
INFO  AUDIT - owner created id=205 customerCode=NSW-C7F1B67D registrationDate=2026-09-07 membershipLevel=2 membershipNumber=NSW-C7F1B67D-M27
INFO  AnnotationConfigContextLoaderUtils - Could not detect default configuration classes for test class [org.springframework.samples.petclinic.acceptance.Cp42Tests]: Cp42Tests does not declare any static, non-private, non-final, nested classes annotated with @Configuration.
INFO  SpringBootTestContextBootstrapper - Found @SpringBootConfiguration org.springframework.samples.petclinic.PetClinicApplication for test class org.springframework.samples.petclinic.acceptance.Cp42Tests
INFO  AnnotationConfigContextLoaderUtils - Could not detect default configuration classes for test class [org.springframework.samples.petclinic.acceptance.Cp42Tests]: Cp42Tests does not declare any static, non-private, non-final, nested classes annotated with @Configuration.
INFO  AnnotationConfigContextLoaderUtils - Could not detect default configuration classes for test class [org.springframework.samples.petclinic.acceptance.AcceptanceBase]: AcceptanceBase does not declare any static, non-private, non-final, nested classes annotated with @Configuration.
INFO  SpringBootTestContextBootstrapper - Found @SpringBootConfiguration org.springframework.samples.petclinic.PetClinicApplication for test class org.springframework.samples.petclinic.acceptance.Cp42Tests
INFO  AUDIT - owner created id=206 customerCode=NSW-E2294C20 registrationDate=2026-09-07 membershipLevel=1 membershipNumber=NSW-E2294C20-M27
INFO  AnnotationConfigContextLoaderUtils - Could not detect default configuration classes for test class [org.springframework.samples.petclinic.acceptance.Cp41Tests]: Cp41Tests does not declare any static, non-private, non-final, nested classes annotated with @Configuration.
INFO  SpringBootTestContextBootstrapper - Found @SpringBootConfiguration org.springframework.samples.petclinic.PetClinicApplication for test class org.springframework.samples.petclinic.acceptance.Cp41Tests
INFO  AnnotationConfigContextLoaderUtils - Could not detect default configuration classes for test class [org.springframework.samples.petclinic.acceptance.Cp41Tests]: Cp41Tests does not declare any static, non-private, non-final, nested classes annotated with @Configuration.
INFO  AnnotationConfigContextLoaderUtils - Could not detect default configuration classes for test class [org.springframework.samples.petclinic.acceptance.AcceptanceBase]: AcceptanceBase does not declare any static, non-private, non-final, nested classes annotated with @Configuration.
INFO  SpringBootTestContextBootstrapper - Found @SpringBootConfiguration org.springframework.samples.petclinic.PetClinicApplication for test class org.springframework.samples.petclinic.acceptance.Cp41Tests
INFO  AUDIT - owner created id=207 customerCode=NSW-EF8A8842 registrationDate=2026-09-07 membershipLevel=1 membershipNumber=NSW-EF8A8842-M27
INFO  AUDIT - owner created id=208 customerCode=NSW-E90A17FA registrationDate=2026-09-07 membershipLevel=1 membershipNumber=NSW-E90A17FA-M27
INFO  AnnotationConfigContextLoaderUtils - Could not detect default configuration classes for test class [org.springframework.samples.petclinic.acceptance.Cp32Tests]: Cp32Tests does not declare any static, non-private, non-final, nested classes annotated with @Configuration.
INFO  SpringBootTestContextBootstrapper - Found @SpringBootConfiguration org.springframework.samples.petclinic.PetClinicApplication for test class org.springframework.samples.petclinic.acceptance.Cp32Tests
INFO  AnnotationConfigContextLoaderUtils - Could not detect default configuration classes for test class [org.springframework.samples.petclinic.acceptance.Cp32Tests]: Cp32Tests does not declare any static, non-private, non-final, nested classes annotated with @Configuration.
INFO  AnnotationConfigContextLoaderUtils - Could not detect default configuration classes for test class [org.springframework.samples.petclinic.acceptance.AcceptanceBase]: AcceptanceBase does not declare any static, non-private, non-final, nested classes annotated with @Configuration.
INFO  SpringBootTestContextBootstrapper - Found @SpringBootConfiguration org.springframework.samples.petclinic.PetClinicApplication for test class org.springframework.samples.petclinic.acceptance.Cp32Tests
INFO  AUDIT - owner created id=209 customerCode=NSW-5BF94801 registrationDate=2026-09-07 membershipLevel=1 membershipNumber=NSW-5BF94801-M27
INFO  AnnotationConfigContextLoaderUtils - Could not detect default configuration classes for test class [org.springframework.samples.petclinic.acceptance.Cp38Tests]: Cp38Tests does not declare any static, non-private, non-final, nested classes annotated with @Configuration.
INFO  SpringBootTestContextBootstrapper - Found @SpringBootConfiguration org.springframework.samples.petclinic.PetClinicApplication for test class org.springframework.samples.petclinic.acceptance.Cp38Tests
INFO  AnnotationConfigContextLoaderUtils - Could not detect default configuration classes for test class [org.springframework.samples.petclinic.acceptance.Cp38Tests]: Cp38Tests does not declare any static, non-private, non-final, nested classes annotated with @Configuration.
INFO  AnnotationConfigContextLoaderUtils - Could not detect default configuration classes for test class [org.springframework.samples.petclinic.acceptance.AcceptanceBase]: AcceptanceBase does not declare any static, non-private, non-final, nested classes annotated with @Configuration.
INFO  SpringBootTestContextBootstrapper - Found @SpringBootConfiguration org.springframework.samples.petclinic.PetClinicApplication for test class org.springframework.samples.petclinic.acceptance.Cp38Tests
INFO  AnnotationConfigContextLoaderUtils - Could not detect default configuration classes for test class [org.springframework.samples.petclinic.acceptance.Cp02Tests]: Cp02Tests does not declare any static, non-private, non-final, nested classes annotated with @Configuration.
INFO  SpringBootTestContextBootstrapper - Found @SpringBootConfiguration org.springframework.samples.petclinic.PetClinicApplication for test class org.springframework.samples.petclinic.acceptance.Cp02Tests
INFO  AnnotationConfigContextLoaderUtils - Could not detect default configuration classes for test class [org.springframework.samples.petclinic.acceptance.Cp02Tests]: Cp02Tests does not declare any static, non-private, non-final, nested classes annotated with @Configuration.
INFO  AnnotationConfigContextLoaderUtils - Could not detect default configuration classes for test class [org.springframework.samples.petclinic.acceptance.AcceptanceBase]: AcceptanceBase does not declare any static, non-private, non-final, nested classes annotated with @Configuration.
INFO  SpringBootTestContextBootstrapper - Found @SpringBootConfiguration org.springframework.samples.petclinic.PetClinicApplication for test class org.springframework.samples.petclinic.acceptance.Cp02Tests
INFO  AUDIT - owner created id=210 customerCode=UNKNOWN-D10567C0 registrationDate=2026-09-07 membershipLevel=1 membershipNumber=UNKNOWN-D10567C0-M27
INFO  AnnotationConfigContextLoaderUtils - Could not detect default configuration classes for test class [org.springframework.samples.petclinic.acceptance.Cp49Tests]: Cp49Tests does not declare any static, non-private, non-final, nested classes annotated with @Configuration.
INFO  SpringBootTestContextBootstrapper - Found @SpringBootConfiguration org.springframework.samples.petclinic.PetClinicApplication for test class org.springframework.samples.petclinic.acceptance.Cp49Tests
INFO  AnnotationConfigContextLoaderUtils - Could not detect default configuration classes for test class [org.springframework.samples.petclinic.acceptance.Cp49Tests]: Cp49Tests does not declare any static, non-private, non-final, nested classes annotated with @Configuration.
INFO  AnnotationConfigContextLoaderUtils - Could not detect default configuration classes for test class [org.springframework.samples.petclinic.acceptance.AcceptanceBase]: AcceptanceBase does not declare any static, non-private, non-final, nested classes annotated with @Configuration.
INFO  SpringBootTestContextBootstrapper - Found @SpringBootConfiguration org.springframework.samples.petclinic.PetClinicApplication for test class org.springframework.samples.petclinic.acceptance.Cp49Tests
INFO  AUDIT - owner created id=211 customerCode=NSW-EABDCA8B registrationDate=2026-09-07 membershipLevel=1 membershipNumber=NSW-EABDCA8B-M27
INFO  AnnotationConfigContextLoaderUtils - Could not detect default configuration classes for test class [org.springframework.samples.petclinic.acceptance.Cp45Tests]: Cp45Tests does not declare any static, non-private, non-final, nested classes annotated with @Configuration.
INFO  SpringBootTestContextBootstrapper - Found @SpringBootConfiguration org.springframework.samples.petclinic.PetClinicApplication for test class org.springframework.samples.petclinic.acceptance.Cp45Tests
INFO  AnnotationConfigContextLoaderUtils - Could not detect default configuration classes for test class [org.springframework.samples.petclinic.acceptance.Cp45Tests]: Cp45Tests does not declare any static, non-private, non-final, nested classes annotated with @Configuration.
INFO  AnnotationConfigContextLoaderUtils - Could not detect default configuration classes for test class [org.springframework.samples.petclinic.acceptance.AcceptanceBase]: AcceptanceBase does not declare any static, non-private, non-final, nested classes annotated with @Configuration.
INFO  SpringBootTestContextBootstrapper - Found @SpringBootConfiguration org.springframework.samples.petclinic.PetClinicApplication for test class org.springframework.samples.petclinic.acceptance.Cp45Tests
INFO  AUDIT - owner created id=212 customerCode=NSW-7363ABD7 registrationDate=2026-09-07 membershipLevel=1 membershipNumber=NSW-7363ABD7-M27
INFO  AnnotationConfigContextLoaderUtils - Could not detect default configuration classes for test class [org.springframework.samples.petclinic.acceptance.Cp14Tests]: Cp14Tests does not declare any static, non-private, non-final, nested classes annotated with @Configuration.
INFO  SpringBootTestContextBootstrapper - Found @SpringBootConfiguration org.springframework.samples.petclinic.PetClinicApplication for test class org.springframework.samples.petclinic.acceptance.Cp14Tests
INFO  AnnotationConfigContextLoaderUtils - Could not detect default configuration classes for test class [org.springframework.samples.petclinic.acceptance.Cp14Tests]: Cp14Tests does not declare any static, non-private, non-final, nested classes annotated with @Configuration.
INFO  AnnotationConfigContextLoaderUtils - Could not detect default configuration classes for test class [org.springframework.samples.petclinic.acceptance.AcceptanceBase]: AcceptanceBase does not declare any static, non-private, non-final, nested classes annotated with @Configuration.
INFO  SpringBootTestContextBootstrapper - Found @SpringBootConfiguration org.springframework.samples.petclinic.PetClinicApplication for test class org.springframework.samples.petclinic.acceptance.Cp14Tests
INFO  AUDIT - owner created id=213 customerCode=NSW-BB006CEB registrationDate=2026-09-07 membershipLevel=1 membershipNumber=NSW-BB006CEB-M27
INFO  AnnotationConfigContextLoaderUtils - Could not detect default configuration classes for test class [org.springframework.samples.petclinic.acceptance.Cp48Tests]: Cp48Tests does not declare any static, non-private, non-final, nested classes annotated with @Configuration.
INFO  SpringBootTestContextBootstrapper - Found @SpringBootConfiguration org.springframework.samples.petclinic.PetClinicApplication for test class org.springframework.samples.petclinic.acceptance.Cp48Tests
INFO  AnnotationConfigContextLoaderUtils - Could not detect default configuration classes for test class [org.springframework.samples.petclinic.acceptance.Cp48Tests]: Cp48Tests does not declare any static, non-private, non-final, nested classes annotated with @Configuration.
INFO  AnnotationConfigContextLoaderUtils - Could not detect default configuration classes for test class [org.springframework.samples.petclinic.acceptance.AcceptanceBase]: AcceptanceBase does not declare any static, non-private, non-final, nested classes annotated with @Configuration.
INFO  SpringBootTestContextBootstrapper - Found @SpringBootConfiguration org.springframework.samples.petclinic.PetClinicApplication for test class org.springframework.samples.petclinic.acceptance.Cp48Tests
INFO  AUDIT - owner created id=214 customerCode=NSW-99B413A2 registrationDate=2026-09-07 membershipLevel=1 membershipNumber=NSW-99B413A2-M27
INFO  AnnotationConfigContextLoaderUtils - Could not detect default configuration classes for test class [org.springframework.samples.petclinic.acceptance.Cp44Tests]: Cp44Tests does not declare any static, non-private, non-final, nested classes annotated with @Configuration.
INFO  SpringBootTestContextBootstrapper - Found @SpringBootConfiguration org.springframework.samples.petclinic.PetClinicApplication for test class org.springframework.samples.petclinic.acceptance.Cp44Tests
INFO  AnnotationConfigContextLoaderUtils - Could not detect default configuration classes for test class [org.springframework.samples.petclinic.acceptance.Cp44Tests]: Cp44Tests does not declare any static, non-private, non-final, nested classes annotated with @Configuration.
INFO  AnnotationConfigContextLoaderUtils - Could not detect default configuration classes for test class [org.springframework.samples.petclinic.acceptance.AcceptanceBase]: AcceptanceBase does not declare any static, non-private, non-final, nested classes annotated with @Configuration.
INFO  SpringBootTestContextBootstrapper - Found @SpringBootConfiguration org.springframework.samples.petclinic.PetClinicApplication for test class org.springframework.samples.petclinic.acceptance.Cp44Tests
INFO  AUDIT - owner created id=215 customerCode=NSW-335C3F11 registrationDate=2026-09-07 membershipLevel=1 membershipNumber=NSW-335C3F11-M27
INFO  AUDIT - owner created id=216 customerCode=UNKNOWN-803C2449 registrationDate=2026-09-07 membershipLevel=1 membershipNumber=UNKNOWN-803C2449-M27
INFO  AnnotationConfigContextLoaderUtils - Could not detect default configuration classes for test class [org.springframework.samples.petclinic.acceptance.Cp12Tests]: Cp12Tests does not declare any static, non-private, non-final, nested classes annotated with @Configuration.
INFO  SpringBootTestContextBootstrapper - Found @SpringBootConfiguration org.springframework.samples.petclinic.PetClinicApplication for test class org.springframework.samples.petclinic.acceptance.Cp12Tests
INFO  AnnotationConfigContextLoaderUtils - Could not detect default configuration classes for test class [org.springframework.samples.petclinic.acceptance.Cp12Tests]: Cp12Tests does not declare any static, non-private, non-final, nested classes annotated with @Configuration.
INFO  AnnotationConfigContextLoaderUtils - Could not detect default configuration classes for test class [org.springframework.samples.petclinic.acceptance.AcceptanceBase]: AcceptanceBase does not declare any static, non-private, non-final, nested classes annotated with @Configuration.
INFO  SpringBootTestContextBootstrapper - Found @SpringBootConfiguration org.springframework.samples.petclinic.PetClinicApplication for test class org.springframework.samples.petclinic.acceptance.Cp12Tests
INFO  AUDIT - owner created id=217 customerCode=NSW-6A3BFDB3 registrationDate=2026-09-07 membershipLevel=1 membershipNumber=NSW-6A3BFDB3-M27
INFO  AnnotationConfigContextLoaderUtils - Could not detect default configuration classes for test class [org.springframework.samples.petclinic.acceptance.Cp39Tests]: Cp39Tests does not declare any static, non-private, non-final, nested classes annotated with @Configuration.
INFO  SpringBootTestContextBootstrapper - Found @SpringBootConfiguration org.springframework.samples.petclinic.PetClinicApplication for test class org.springframework.samples.petclinic.acceptance.Cp39Tests
INFO  AnnotationConfigContextLoaderUtils - Could not detect default configuration classes for test class [org.springframework.samples.petclinic.acceptance.Cp39Tests]: Cp39Tests does not declare any static, non-private, non-final, nested classes annotated with @Configuration.
INFO  AnnotationConfigContextLoaderUtils - Could not detect default configuration classes for test class [org.springframework.samples.petclinic.acceptance.AcceptanceBase]: AcceptanceBase does not declare any static, non-private, non-final, nested classes annotated with @Configuration.
INFO  SpringBootTestContextBootstrapper - Found @SpringBootConfiguration org.springframework.samples.petclinic.PetClinicApplication for test class org.springframework.samples.petclinic.acceptance.Cp39Tests
INFO  AUDIT - owner created id=218 customerCode=NSW-10A71E63 registrationDate=2026-09-07 membershipLevel=1 membershipNumber=NSW-10A71E63-M27
INFO  AUDIT - owner created id=219 customerCode=NSW-52AC5413 registrationDate=2026-09-07 membershipLevel=1 membershipNumber=NSW-52AC5413-M27
INFO  AUDIT - owner created id=220 customerCode=NSW-2E725796 registrationDate=2026-09-07 membershipLevel=3 membershipNumber=NSW-2E725796-M27

MockHttpServletRequest:
      HTTP Method = POST
      Request URI = /api/owners
       Parameters = {}
          Headers = [Content-Type:"application/json;charset=UTF-8", Content-Length:"152"]
             Body = {"firstName":"Fnahx","lastName":"Surahs","address":"905 Test Street","city":"Town906","telephone":"0400000907","postcode":"2000","sharesHousehold":true}
    Session Attrs = {SPRING_SECURITY_CONTEXT=SecurityContextImpl [Authentication=UsernamePasswordAuthenticationToken [Principal=org.springframework.security.core.userdetails.User [Username=acceptance-admin, Password=[PROTECTED], Enabled=true, AccountNonExpired=true, CredentialsNonExpired=true, AccountNonLocked=true, Granted Authorities=[ROLE_ADMIN, ROLE_OWNER_ADMIN, ROLE_VET_ADMIN]], Credentials=[PROTECTED], Authenticated=true, Details=null, Granted Authorities=[ROLE_ADMIN, ROLE_OWNER_ADMIN, ROLE_VET_ADMIN]]]}

Handler:
             Type = org.springframework.samples.petclinic.rest.controller.v1.OwnerRestControllerV1
           Method = org.springframework.samples.petclinic.rest.controller.v1.OwnerRestControllerV1#addOwner(OwnerFieldsDto)

Async:
    Async started = false
     Async result = null

Resolved Exception:
             Type = null

ModelAndView:
        View name = null
             View = null
            Model = null

FlashMap:
       Attributes = null

MockHttpServletResponse:
           Status = 201
    Error message = null
          Headers = [Vary:"Origin", "Access-Control-Request-Method", "Access-Control-Request-Headers", Location:"/api/owners/218", Content-Type:"application/json", X-Content-Type-Options:"nosniff", X-XSS-Protection:"0", Cache-Control:"no-cache, no-store, max-age=0, must-revalidate", Pragma:"no-cache", Expires:"0", X-Frame-Options:"DENY"]
     Content type = application/json
             Body = {"firstName":"FNAHX","lastName":"SURAHS","city":"TOWN906","telephone":"+61400000907","pets":[],"address":"905 TEST STREET","addressLine1":null,"addressLine2":null,"ageBand":null,"birthDate":null,"bulkSignupWarning":false,"checkDigit":8,"contactPreference":"PHONE","customerCode":"NSW-10A71E63","deleted":false,"displayName":"SURAHS, FNAHX","email":null,"fiscalYear":"FY27","householdId":"7319c16eae97","id":218,"identityKey":"+61400000907||7319c16eae97","initials":"F.S.","locality":"NSW","membershipLevel":1,"membershipNumber":"NSW-10A71E63-M27","membershipPoints":1,"namesakeCount":0,"possibleDuplicate":false,"possibleDuplicateOf":null,"postcode":"2000","registrationDate":"2026-09-07","salutation":"Surahs","selfLink":"/api/owners/218","sharesHousehold":null,"telephoneDisplay":"+61 400 000 907","timezone":"Australia/Sydney","title":null}
    Forwarded URL = null
   Redirected URL = /api/owners/218
          Cookies = []

MockHttpServletRequest:
      HTTP Method = POST
      Request URI = /api/owners
       Parameters = {}
          Headers = [Content-Type:"application/json;charset=UTF-8", Content-Length:"152"]
             Body = {"firstName":"Fnaic","lastName":"Surahs","address":"910 Test Street","city":"Town911","telephone":"0400000912","postcode":"2000","sharesHousehold":true}
    Session Attrs = {SPRING_SECURITY_CONTEXT=SecurityContextImpl [Authentication=UsernamePasswordAuthenticationToken [Principal=org.springframework.security.core.userdetails.User [Username=acceptance-admin, Password=[PROTECTED], Enabled=true, AccountNonExpired=true, CredentialsNonExpired=true, AccountNonLocked=true, Granted Authorities=[ROLE_ADMIN, ROLE_OWNER_ADMIN, ROLE_VET_ADMIN]], Credentials=[PROTECTED], Authenticated=true, Details=null, Granted Authorities=[ROLE_ADMIN, ROLE_OWNER_ADMIN, ROLE_VET_ADMIN]]]}

Handler:
             Type = org.springframework.samples.petclinic.rest.controller.v1.OwnerRestControllerV1
           Method = org.springframework.samples.petclinic.rest.controller.v1.OwnerRestControllerV1#addOwner(OwnerFieldsDto)

Async:
    Async started = false
     Async result = null

Resolved Exception:
             Type = null

ModelAndView:
        View name = null
             View = null
            Model = null

FlashMap:
       Attributes = null

MockHttpServletResponse:
           Status = 201
    Error message = null
          Headers = [Vary:"Origin", "Access-Control-Request-Method", "Access-Control-Request-Headers", Location:"/api/owners/219", Content-Type:"application/json", X-Content-Type-Options:"nosniff", X-XSS-Protection:"0", Cache-Control:"no-cache, no-store, max-age=0, must-revalidate", Pragma:"no-cache", Expires:"0", X-Frame-Options:"DENY"]
     Content type = application/json
             Body = {"firstName":"FNAIC","lastName":"SURAHS","city":"TOWN911","telephone":"+61400000912","pets":[],"address":"910 TEST STREET","addressLine1":null,"addressLine2":null,"ageBand":null,"birthDate":null,"bulkSignupWarning":false,"checkDigit":1,"contactPreference":"PHONE","customerCode":"NSW-52AC5413","deleted":false,"displayName":"SURAHS, FNAIC","email":null,"fiscalYear":"FY27","householdId":"7319c16eae97","id":219,"identityKey":"+61400000912||7319c16eae97","initials":"F.S.","locality":"NSW","membershipLevel":1,"membershipNumber":"NSW-52AC5413-M27","membershipPoints":1,"namesakeCount":0,"possibleDuplicate":false,"possibleDuplicateOf":null,"postcode":"2000","registrationDate":"2026-09-07","salutation":"Surahs","selfLink":"/api/owners/219","sharesHousehold":null,"telephoneDisplay":"+61 400 000 912","timezone":"Australia/Sydney","title":null}
    Forwarded URL = null
   Redirected URL = /api/owners/219
          Cookies = []

MockHttpServletRequest:
      HTTP Method = POST
      Request URI = /api/owners
       Parameters = {}
          Headers = [Content-Type:"application/json;charset=UTF-8", Content-Length:"184"]
             Body = {"firstName":"Fnaih","lastName":"Surahs","address":"915 Test Street","city":"Town916","telephone":"0400000917","postcode":"2000","sharesHousehold":true,"email":"owner919@example.test"}
    Session Attrs = {SPRING_SECURITY_CONTEXT=SecurityContextImpl [Authentication=UsernamePasswordAuthenticationToken [Principal=org.springframework.security.core.userdetails.User [Username=acceptance-admin, Password=[PROTECTED], Enabled=true, AccountNonExpired=true, CredentialsNonExpired=true, AccountNonLocked=true, Granted Authorities=[ROLE_ADMIN, ROLE_OWNER_ADMIN, ROLE_VET_ADMIN]], Credentials=[PROTECTED], Authenticated=true, Details=null, Granted Authorities=[ROLE_ADMIN, ROLE_OWNER_ADMIN, ROLE_VET_ADMIN]]]}

Handler:
             Type = org.springframework.samples.petclinic.rest.controller.v1.OwnerRestControllerV1
           Method = org.springframework.samples.petclinic.rest.controller.v1.OwnerRestControllerV1#addOwner(OwnerFieldsDto)

Async:
    Async started = false
     Async result = null

Resolved Exception:
             Type = null

ModelAndView:
        View name = null
             View = null
            Model = null

FlashMap:
       Attributes = null

MockHttpServletResponse:
           Status = 201
    Error message = null
          Headers = [Vary:"Origin", "Access-Control-Request-Method", "Access-Control-Request-Headers", Location:"/api/owners/220", Content-Type:"application/json", X-Content-Type-Options:"nosniff", X-XSS-Protection:"0", Cache-Control:"no-cache, no-store, max-age=0, must-revalidate", Pragma:"no-cache", Expires:"0", X-Frame-Options:"DENY"]
     Content type = application/json
             Body = {"firstName":"FNAIH","lastName":"SURAHS","city":"TOWN916","telephone":"+61400000917","pets":[],"address":"915 TEST STREET","addressLine1":null,"addressLine2":null,"ageBand":null,"birthDate":null,"bulkSignupWarning":false,"checkDigit":3,"contactPreference":"EMAIL","customerCode":"NSW-2E725796","deleted":false,"displayName":"SURAHS, FNAIH","email":"OWNER919@EXAMPLE.TEST","fiscalYear":"FY27","householdId":"7319c16eae97","id":220,"identityKey":"+61400000917|owner919@example.test|7319c16eae97","initials":"F.S.","locality":"NSW","membershipLevel":2,"membershipNumber":"NSW-2E725796-M27","membershipPoints":5,"namesakeCount":0,"possibleDuplicate":false,"possibleDuplicateOf":null,"postcode":"2000","registrationDate":"2026-09-07","salutation":"Surahs","selfLink":"/api/owners/220","sharesHousehold":null,"telephoneDisplay":"+61 400 000 917","timezone":"Australia/Sydney","title":null}
    Forwarded URL = null
   Redirected URL = /api/owners/220
          Cookies = []

MockHttpServletRequest:
      HTTP Method = GET
      Request URI = /api/owners/220
       Parameters = {}
          Headers = []
             Body = null
    Session Attrs = {SPRING_SECURITY_CONTEXT=SecurityContextImpl [Authentication=UsernamePasswordAuthenticationToken [Principal=org.springframework.security.core.userdetails.User [Username=acceptance-admin, Password=[PROTECTED], Enabled=true, AccountNonExpired=true, CredentialsNonExpired=true, AccountNonLocked=true, Granted Authorities=[ROLE_ADMIN, ROLE_OWNER_ADMIN, ROLE_VET_ADMIN]], Credentials=[PROTECTED], Authenticated=true, Details=null, Granted Authorities=[ROLE_ADMIN, ROLE_OWNER_ADMIN, ROLE_VET_ADMIN]]]}

Handler:
             Type = org.springframework.samples.petclinic.rest.controller.v1.OwnerRestControllerV1
           Method = org.springframework.samples.petclinic.rest.controller.v1.OwnerRestControllerV1#getOwner(Integer)

Async:
    Async started = false
     Async result = null

Resolved Exception:
             Type = null

ModelAndView:
        View name = null
             View = null
            Model = null

FlashMap:
       Attributes = null

MockHttpServletResponse:
           Status = 200
    Error message = null
          Headers = [Vary:"Origin", "Access-Control-Request-Method", "Access-Control-Request-Headers", Content-Type:"application/json", X-Content-Type-Options:"nosniff", X-XSS-Protection:"0", Cache-Control:"no-cache, no-store, max-age=0, must-revalidate", Pragma:"no-cache", Expires:"0", X-Frame-Options:"DENY"]
     Content type = application/json
             Body = {"firstName":"FNAIH","lastName":"SURAHS","city":"TOWN916","telephone":"+61400000917","pets":[],"address":"915 TEST STREET","addressLine1":null,"addressLine2":null,"ageBand":null,"birthDate":null,"bulkSignupWarning":false,"checkDigit":3,"contactPreference":"EMAIL","customerCode":"NSW-2E725796","deleted":false,"displayName":"SURAHS, FNAIH","email":"OWNER919@EXAMPLE.TEST","fiscalYear":"FY27","householdId":"7319c16eae97","id":220,"identityKey":"+61400000917|owner919@example.test|7319c16eae97","initials":"F.S.","locality":"NSW","membershipLevel":2,"membershipNumber":"NSW-2E725796-M27","membershipPoints":5,"namesakeCount":0,"possibleDuplicate":false,"possibleDuplicateOf":null,"postcode":"2000","registrationDate":"2026-09-07","salutation":"Surahs","selfLink":"/api/owners/220","sharesHousehold":null,"telephoneDisplay":"+61 400 000 917","timezone":"Australia/Sydney","title":null}
    Forwarded URL = null
   Redirected URL = null
          Cookies = []
[ERROR] Tests run: 1, Failures: 1, Errors: 0, Skipped: 0, Time elapsed: 0.043 s <<< FAILURE! -- in org.springframework.samples.petclinic.acceptance.Cp39Tests
[ERROR] org.springframework.samples.petclinic.acceptance.Cp39Tests.coreNewOwnerCappedBelowFour -- Time elapsed: 0.036 s <<< FAILURE!
java.lang.AssertionError: JSON path "$.membershipLevel" expected:<3> but was:<2>
	at org.springframework.test.util.AssertionErrors.fail(AssertionErrors.java:62)
	at org.springframework.test.util.AssertionErrors.assertEquals(AssertionErrors.java:129)
	at org.springframework.test.util.JsonPathExpectationsHelper.assertValue(JsonPathExpectationsHelper.java:172)
	at org.springframework.test.web.servlet.result.JsonPathResultMatchers.lambda$value$2(JsonPathResultMatchers.java:111)
	at org.springframework.test.web.servlet.MockMvc$1.andExpect(MockMvc.java:212)
	at org.springframework.samples.petclinic.acceptance.Cp39Tests.coreNewOwnerCappedBelowFour(Cp39Tests.java:28)

INFO  AnnotationConfigContextLoaderUtils - Could not detect default configuration classes for test class [org.springframework.samples.petclinic.acceptance.Cp34Tests]: Cp34Tests does not declare any static, non-private, non-final, nested classes annotated with @Configuration.
INFO  SpringBootTestContextBootstrapper - Found @SpringBootConfiguration org.springframework.samples.petclinic.PetClinicApplication for test class org.springframework.samples.petclinic.acceptance.Cp34Tests
INFO  AnnotationConfigContextLoaderUtils - Could not detect default configuration classes for test class [org.springframework.samples.petclinic.acceptance.Cp34Tests]: Cp34Tests does not declare any static, non-private, non-final, nested classes annotated with @Configuration.
INFO  AnnotationConfigContextLoaderUtils - Could not detect default configuration classes for test class [org.springframework.samples.petclinic.acceptance.AcceptanceBase]: AcceptanceBase does not declare any static, non-private, non-final, nested classes annotated with @Configuration.
INFO  SpringBootTestContextBootstrapper - Found @SpringBootConfiguration org.springframework.samples.petclinic.PetClinicApplication for test class org.springframework.samples.petclinic.acceptance.Cp34Tests
INFO  AUDIT - owner created id=221 customerCode=UNKNOWN-13912F3D registrationDate=2026-09-07 membershipLevel=1 membershipNumber=UNKNOWN-13912F3D-M27
INFO  AnnotationConfigContextLoaderUtils - Could not detect default configuration classes for test class [org.springframework.samples.petclinic.acceptance.Cp04Tests]: Cp04Tests does not declare any static, non-private, non-final, nested classes annotated with @Configuration.
INFO  SpringBootTestContextBootstrapper - Found @SpringBootConfiguration org.springframework.samples.petclinic.PetClinicApplication for test class org.springframework.samples.petclinic.acceptance.Cp04Tests
INFO  AnnotationConfigContextLoaderUtils - Could not detect default configuration classes for test class [org.springframework.samples.petclinic.acceptance.Cp04Tests]: Cp04Tests does not declare any static, non-private, non-final, nested classes annotated with @Configuration.
INFO  AnnotationConfigContextLoaderUtils - Could not detect default configuration classes for test class [org.springframework.samples.petclinic.acceptance.AcceptanceBase]: AcceptanceBase does not declare any static, non-private, non-final, nested classes annotated with @Configuration.
INFO  SpringBootTestContextBootstrapper - Found @SpringBootConfiguration org.springframework.samples.petclinic.PetClinicApplication for test class org.springframework.samples.petclinic.acceptance.Cp04Tests
DEBUG ExceptionControllerAdvice - Validation error at POST /api/owners: [Field error in object 'ownerFieldsDto' on field 'email': rejected value [not-an-email]; codes [Email.ownerFieldsDto.email,Email.email,Email.java.lang.String,Email]; arguments [org.springframework.context.support.DefaultMessageSourceResolvable: codes [ownerFieldsDto.email,email]; arguments []; default message [email],[Ljakarta.validation.constraints.Pattern$Flag;@52cc5843,.*]; default message [must be a well-formed email address]]
INFO  AUDIT - owner created id=222 customerCode=UNKNOWN-1931092A registrationDate=2026-09-07 membershipLevel=1 membershipNumber=UNKNOWN-1931092A-M27
INFO  AUDIT - owner created id=223 customerCode=UNKNOWN-56B51763 registrationDate=2026-09-07 membershipLevel=2 membershipNumber=UNKNOWN-56B51763-M27

MockHttpServletRequest:
      HTTP Method = POST
      Request URI = /api/owners
       Parameters = {}
          Headers = [Content-Type:"application/json;charset=UTF-8", Content-Length:"142"]
             Body = {"firstName":"Test","lastName":"Suraiv","address":"933 Test Street","city":"Town934","telephone":"0400000935","email":"Test.User@Example.COM"}
    Session Attrs = {SPRING_SECURITY_CONTEXT=SecurityContextImpl [Authentication=UsernamePasswordAuthenticationToken [Principal=org.springframework.security.core.userdetails.User [Username=acceptance-admin, Password=[PROTECTED], Enabled=true, AccountNonExpired=true, CredentialsNonExpired=true, AccountNonLocked=true, Granted Authorities=[ROLE_ADMIN, ROLE_OWNER_ADMIN, ROLE_VET_ADMIN]], Credentials=[PROTECTED], Authenticated=true, Details=null, Granted Authorities=[ROLE_ADMIN, ROLE_OWNER_ADMIN, ROLE_VET_ADMIN]]]}

Handler:
             Type = org.springframework.samples.petclinic.rest.controller.v1.OwnerRestControllerV1
           Method = org.springframework.samples.petclinic.rest.controller.v1.OwnerRestControllerV1#addOwner(OwnerFieldsDto)

Async:
    Async started = false
     Async result = null

Resolved Exception:
             Type = null

ModelAndView:
        View name = null
             View = null
            Model = null

FlashMap:
       Attributes = null

MockHttpServletResponse:
           Status = 201
    Error message = null
          Headers = [Vary:"Origin", "Access-Control-Request-Method", "Access-Control-Request-Headers", Location:"/api/owners/223", Content-Type:"application/json", X-Content-Type-Options:"nosniff", X-XSS-Protection:"0", Cache-Control:"no-cache, no-store, max-age=0, must-revalidate", Pragma:"no-cache", Expires:"0", X-Frame-Options:"DENY"]
     Content type = application/json
             Body = {"firstName":"TEST","lastName":"SURAIV","city":"TOWN934","telephone":"+61400000935","pets":[],"address":"933 TEST STREET","addressLine1":null,"addressLine2":null,"ageBand":null,"birthDate":null,"bulkSignupWarning":false,"checkDigit":4,"contactPreference":"EMAIL","customerCode":"UNKNOWN-56B51763","deleted":false,"displayName":"SURAIV, TEST","email":"TEST.USER@EXAMPLE.COM","fiscalYear":"FY27","householdId":"00b5058867e5","id":223,"identityKey":"+61400000935|test.user@example.com|00b5058867e5","initials":"T.S.","locality":"UNKNOWN","membershipLevel":2,"membershipNumber":"UNKNOWN-56B51763-M27","membershipPoints":3,"namesakeCount":0,"possibleDuplicate":false,"possibleDuplicateOf":null,"postcode":null,"registrationDate":"2026-09-07","salutation":"Suraiv","selfLink":"/api/owners/223","sharesHousehold":null,"telephoneDisplay":"+61 400 000 935","timezone":null,"title":null}
    Forwarded URL = null
   Redirected URL = /api/owners/223
          Cookies = []

MockHttpServletRequest:
      HTTP Method = GET
      Request URI = /api/owners/223
       Parameters = {}
          Headers = []
             Body = null
    Session Attrs = {SPRING_SECURITY_CONTEXT=SecurityContextImpl [Authentication=UsernamePasswordAuthenticationToken [Principal=org.springframework.security.core.userdetails.User [Username=acceptance-admin, Password=[PROTECTED], Enabled=true, AccountNonExpired=true, CredentialsNonExpired=true, AccountNonLocked=true, Granted Authorities=[ROLE_ADMIN, ROLE_OWNER_ADMIN, ROLE_VET_ADMIN]], Credentials=[PROTECTED], Authenticated=true, Details=null, Granted Authorities=[ROLE_ADMIN, ROLE_OWNER_ADMIN, ROLE_VET_ADMIN]]]}

Handler:
             Type = org.springframework.samples.petclinic.rest.controller.v1.OwnerRestControllerV1
           Method = org.springframework.samples.petclinic.rest.controller.v1.OwnerRestControllerV1#getOwner(Integer)

Async:
    Async started = false
     Async result = null

Resolved Exception:
             Type = null

ModelAndView:
        View name = null
             View = null
            Model = null

FlashMap:
       Attributes = null

MockHttpServletResponse:
           Status = 200
    Error message = null
          Headers = [Vary:"Origin", "Access-Control-Request-Method", "Access-Control-Request-Headers", Content-Type:"application/json", X-Content-Type-Options:"nosniff", X-XSS-Protection:"0", Cache-Control:"no-cache, no-store, max-age=0, must-revalidate", Pragma:"no-cache", Expires:"0", X-Frame-Options:"DENY"]
     Content type = application/json
             Body = {"firstName":"TEST","lastName":"SURAIV","city":"TOWN934","telephone":"+61400000935","pets":[],"address":"933 TEST STREET","addressLine1":null,"addressLine2":null,"ageBand":null,"birthDate":null,"bulkSignupWarning":false,"checkDigit":4,"contactPreference":"EMAIL","customerCode":"UNKNOWN-56B51763","deleted":false,"displayName":"SURAIV, TEST","email":"TEST.USER@EXAMPLE.COM","fiscalYear":"FY27","householdId":"00b5058867e5","id":223,"identityKey":"+61400000935|test.user@example.com|00b5058867e5","initials":"T.S.","locality":"UNKNOWN","membershipLevel":2,"membershipNumber":"UNKNOWN-56B51763-M27","membershipPoints":3,"namesakeCount":0,"possibleDuplicate":false,"possibleDuplicateOf":null,"postcode":null,"registrationDate":"2026-09-07","salutation":"Suraiv","selfLink":"/api/owners/223","sharesHousehold":null,"telephoneDisplay":"+61 400 000 935","timezone":null,"title":null}
    Forwarded URL = null
   Redirected URL = null
          Cookies = []
[ERROR] Tests run: 3, Failures: 1, Errors: 0, Skipped: 0, Time elapsed: 0.060 s <<< FAILURE! -- in org.springframework.samples.petclinic.acceptance.Cp04Tests
[ERROR] org.springframework.samples.petclinic.acceptance.Cp04Tests.coreLowercasesEmail -- Time elapsed: 0.021 s <<< FAILURE!
java.lang.AssertionError: JSON path "$.email" expected:<test.user@example.com> but was:<TEST.USER@EXAMPLE.COM>
	at org.springframework.test.util.AssertionErrors.fail(AssertionErrors.java:62)
	at org.springframework.test.util.AssertionErrors.assertEquals(AssertionErrors.java:129)
	at org.springframework.test.util.JsonPathExpectationsHelper.assertValue(JsonPathExpectationsHelper.java:172)
	at org.springframework.test.web.servlet.result.JsonPathResultMatchers.lambda$value$2(JsonPathResultMatchers.java:111)
	at org.springframework.test.web.servlet.MockMvc$1.andExpect(MockMvc.java:212)
	at org.springframework.samples.petclinic.acceptance.Cp04Tests.coreLowercasesEmail(Cp04Tests.java:18)

INFO  AnnotationConfigContextLoaderUtils - Could not detect default configuration classes for test class [org.springframework.samples.petclinic.acceptance.Cp16Tests]: Cp16Tests does not declare any static, non-private, non-final, nested classes annotated with @Configuration.
INFO  SpringBootTestContextBootstrapper - Found @SpringBootConfiguration org.springframework.samples.petclinic.PetClinicApplication for test class org.springframework.samples.petclinic.acceptance.Cp16Tests
INFO  AnnotationConfigContextLoaderUtils - Could not detect default configuration classes for test class [org.springframework.samples.petclinic.acceptance.Cp16Tests]: Cp16Tests does not declare any static, non-private, non-final, nested classes annotated with @Configuration.
INFO  AnnotationConfigContextLoaderUtils - Could not detect default configuration classes for test class [org.springframework.samples.petclinic.acceptance.AcceptanceBase]: AcceptanceBase does not declare any static, non-private, non-final, nested classes annotated with @Configuration.
INFO  SpringBootTestContextBootstrapper - Found @SpringBootConfiguration org.springframework.samples.petclinic.PetClinicApplication for test class org.springframework.samples.petclinic.acceptance.Cp16Tests
INFO  AUDIT - owner created id=224 customerCode=NSW-739E22F9 registrationDate=2026-09-07 membershipLevel=1 membershipNumber=NSW-739E22F9-M27
INFO  AnnotationConfigContextLoaderUtils - Could not detect default configuration classes for test class [org.springframework.samples.petclinic.acceptance.Cp43Tests]: Cp43Tests does not declare any static, non-private, non-final, nested classes annotated with @Configuration.
INFO  SpringBootTestContextBootstrapper - Found @SpringBootConfiguration org.springframework.samples.petclinic.PetClinicApplication for test class org.springframework.samples.petclinic.acceptance.Cp43Tests
INFO  AnnotationConfigContextLoaderUtils - Could not detect default configuration classes for test class [org.springframework.samples.petclinic.acceptance.Cp43Tests]: Cp43Tests does not declare any static, non-private, non-final, nested classes annotated with @Configuration.
INFO  AnnotationConfigContextLoaderUtils - Could not detect default configuration classes for test class [org.springframework.samples.petclinic.acceptance.AcceptanceBase]: AcceptanceBase does not declare any static, non-private, non-final, nested classes annotated with @Configuration.
INFO  SpringBootTestContextBootstrapper - Found @SpringBootConfiguration org.springframework.samples.petclinic.PetClinicApplication for test class org.springframework.samples.petclinic.acceptance.Cp43Tests
INFO  AUDIT - owner created id=225 customerCode=NSW-E1F654F1 registrationDate=2026-09-07 membershipLevel=2 membershipNumber=NSW-E1F654F1-M27
[ERROR] Failures: 
[ERROR]   Cp04Tests.coreLowercasesEmail:18 JSON path "$.email" expected:<test.user@example.com> but was:<TEST.USER@EXAMPLE.COM>
[ERROR]   Cp05Tests.coreComputesDisplayName:18 JSON path "$.displayName" expected:<Surabb, John> but was:<SURABB, JOHN>
[ERROR]   Cp10Tests.coreSameLastNameAndPostcodeRejected:24 Status expected:<409> but was:<201>
[ERROR]   Cp23Tests.coreHouseholdAddsPoints:29 JSON path "$.membershipLevel" expected:<3> but was:<2>
[ERROR]   Cp35Tests.coreSharedLastNameAndPostcodeIsHouseholdDuplicate:27 Status expected:<409> but was:<201>
[ERROR]   Cp39Tests.coreNewOwnerCappedBelowFour:28 JSON path "$.membershipLevel" expected:<3> but was:<2>
[ERROR] Tests run: 63, Failures: 6, Errors: 0, Skipped: 0
[ERROR] Failed to execute goal org.apache.maven.plugins:maven-surefire-plugin:3.5.6:test (default-test) on project spring-petclinic-rest: There are test failures.
[ERROR] 
[ERROR] See /home/daniel/sandbox/target/surefire-reports for the individual test results.
[ERROR] See dump files (if any exist) [date].dump, [date]-jvmRun[N].dump and [date].dumpstream.
[ERROR] -> [Help 1]
[ERROR] 
[ERROR] To see the full stack trace of the errors, re-run Maven with the -e switch.
[ERROR] Re-run Maven using the -X switch to enable full debug logging.
[ERROR] 
[ERROR] For more information about the errors and possible solutions, please read the following articles:
[ERROR] [Help 1] http://cwiki.apache.org/confluence/display/MAVEN/MojoFailureException
OpenJDK 64-Bit Server VM warning: Sharing is only supported for boot loader classes because bootstrap classpath has been appended
