$ ./mvnw -q -B -DskipTests test-compile
############################################################################################
# Thanks for using OpenAPI Generator.                                                      #
# We appreciate your support! Please consider donation to help us maintain this project.   #
# https://opencollective.com/openapi_generator/donate                                      #
############################################################################################

$ ./mvnw -q -B -Dgroups=cp01,cp02,cp03,cp04,cp05,cp06,cp07,cp08,cp09,cp10,cp11,cp12,cp13,cp14,cp15,cp16,cp17,cp18,cp19,cp20,cp21,cp22,cp23,cp24,cp25,cp26,cp27,cp28,cp29,cp30,cp31,cp32,cp33,cp34,cp35,cp36,cp37,cp38,cp39,cp40,cp41,cp42,cp43,cp44,cp45,cp46,cp47,cp48,cp49,cp50,cp51,cp52 test
############################################################################################
# Thanks for using OpenAPI Generator.                                                      #
# We appreciate your support! Please consider donation to help us maintain this project.   #
# https://opencollective.com/openapi_generator/donate                                      #
############################################################################################
INFO  AnnotationConfigContextLoaderUtils - Could not detect default configuration classes for test class [org.springframework.samples.petclinic.acceptance.Cp17Tests]: Cp17Tests does not declare any static, non-private, non-final, nested classes annotated with @Configuration.
INFO  SpringBootTestContextBootstrapper - Found @SpringBootConfiguration org.springframework.samples.petclinic.PetClinicApplication for test class org.springframework.samples.petclinic.acceptance.Cp17Tests
INFO  AnnotationConfigContextLoaderUtils - Could not detect default configuration classes for test class [org.springframework.samples.petclinic.acceptance.Cp17Tests]: Cp17Tests does not declare any static, non-private, non-final, nested classes annotated with @Configuration.
INFO  AnnotationConfigContextLoaderUtils - Could not detect default configuration classes for test class [org.springframework.samples.petclinic.acceptance.AcceptanceBase]: AcceptanceBase does not declare any static, non-private, non-final, nested classes annotated with @Configuration.
INFO  SpringBootTestContextBootstrapper - Found @SpringBootConfiguration org.springframework.samples.petclinic.PetClinicApplication for test class org.springframework.samples.petclinic.acceptance.Cp17Tests

  .   ____          _            __ _ _
 /\\ / ___'_ __ _ _(_)_ __  __ _ \ \ \ \
( ( )\___ | '_ | '_| | '_ \/ _` | \ \ \ \
 \\/  ___)| |_)| | | | | || (_| |  ) ) ) )
  '  |____| .__|_| |_|_| |_\__, | / / / /
 =========|_|==============|___/=/_/_/_/

 :: Spring Boot ::                (v4.1.0)

INFO  Cp17Tests - Starting Cp17Tests using Java 17.0.20 with PID 2397180 (started by daniel in /home/daniel/sandbox)
DEBUG Cp17Tests - Running with Spring Boot v4.1.0, Spring v7.0.8
INFO  Cp17Tests - The following 2 profiles are active: "hsqldb", "spring-data-jpa"
INFO  Version - HV000001: Hibernate Validator 9.1.0.Final
INFO  RepositoryConfigurationDelegate - Bootstrapping Spring Data JPA repositories in DEFAULT mode.
INFO  RepositoryConfigurationDelegate - Finished Spring Data repository scanning in 77 ms. Found 7 JPA repository interfaces.
INFO  HikariDataSource - HikariPool-1 - Starting...
INFO  PoolBase - HikariPool-1 - Driver does not support get/set network timeout for connections. (feature not supported)
INFO  HikariPool - HikariPool-1 - Added connection org.hsqldb.jdbc.JDBCConnection@6fa1dc0c
INFO  HikariDataSource - HikariPool-1 - Start completed.
INFO  jpa - HHH008540: Processing PersistenceUnitInfo [name: default]
INFO  core - HHH000001: Hibernate ORM core version 7.4.1.Final
INFO  SpringPersistenceUnitInfo - No LoadTimeWeaver setup: ignoring JPA class transformer
INFO  pooling - HHH10001005: Database info:
	Database JDBC URL [jdbc:hsqldb:mem:petclinic]
	Database driver: HSQL Database Engine Driver
	Database dialect: HSQLDialect
	Database version: 2.7.3
	Default catalog/schema: PUBLIC/PUBLIC
	Autocommit mode: undefined/unknown
	Isolation level: READ_COMMITTED [default READ_COMMITTED]
	JDBC fetch size: none
	Pool: DataSourceConnectionProvider
	Minimum pool size: undefined/unknown
	Maximum pool size: undefined/unknown
INFO  core - HHH000489: No JTA platform available (set 'hibernate.transaction.jta.platform' to enable JTA platform integration)
INFO  LocalContainerEntityManagerFactoryBean - Initialized JPA EntityManagerFactory for persistence unit 'default'
WARN  InitializeUserDetailsBeanManagerConfigurer$InitializeUserDetailsManagerConfigurer - Global AuthenticationManager configured with an AuthenticationProvider bean. UserDetailsService beans will not be used by Spring Security for automatically configuring username/password login. Consider removing the AuthenticationProvider bean. Alternatively, consider using the UserDetailsService in a manually instantiated DaoAuthenticationProvider. If the current configuration is intentional, to turn off this warning, increase the logging level of 'org.springframework.security.config.annotation.authentication.configuration.InitializeUserDetailsBeanManagerConfigurer' to ERROR
INFO  QueryEnhancerFactories - Hibernate is in classpath; If applicable, HQL parser will be used.
INFO  OFFICE - Loading REST endpoints:
INFO  OFFICE -   GET /
INFO  OFFICE -   GET /api/pets
INFO  OFFICE -   GET /api/vets
INFO  OFFICE -   POST /api/vets
INFO  OFFICE -   POST /api/users
INFO  OFFICE -   GET /api/owners
INFO  OFFICE -   POST /api/owners
INFO  OFFICE -   GET /api/visits
INFO  OFFICE -   POST /api/visits
INFO  OFFICE -   GET /api/v2/pets
INFO  OFFICE -   GET /api/pettypes
INFO  OFFICE -   POST /api/pettypes
INFO  OFFICE -   GET /api/v2/owners
INFO  OFFICE -   GET /api/specialties
INFO  OFFICE -   POST /api/specialties
INFO  OFFICE -   DELETE /api/pets/{petId}
INFO  OFFICE -   GET /api/pets/{petId}
INFO  OFFICE -   PUT /api/pets/{petId}
INFO  OFFICE -   DELETE /api/vets/{vetId}
INFO  OFFICE -   GET /api/vets/{vetId}
INFO  OFFICE -   PUT /api/vets/{vetId}
INFO  OFFICE -   DELETE /api/owners/{ownerId}
INFO  OFFICE -   GET /api/owners/{ownerId}
INFO  OFFICE -   PUT /api/owners/{ownerId}
INFO  OFFICE -   DELETE /api/visits/{visitId}
INFO  OFFICE -   GET /api/visits/{visitId}
INFO  OFFICE -   PUT /api/visits/{visitId}
INFO  OFFICE -   DELETE /api/pettypes/{petTypeId}
INFO  OFFICE -   GET /api/pettypes/{petTypeId}
INFO  OFFICE -   PUT /api/pettypes/{petTypeId}
INFO  OFFICE -   POST /api/owners/{ownerId}/pets
INFO  OFFICE -   DELETE /api/specialties/{specialtyId}
INFO  OFFICE -   GET /api/specialties/{specialtyId}
INFO  OFFICE -   PUT /api/specialties/{specialtyId}
INFO  OFFICE -   GET /api/owners/{ownerId}/pets/{petId}
INFO  OFFICE -   PUT /api/owners/{ownerId}/pets/{petId}
INFO  OFFICE -   POST /api/owners/{ownerId}/pets/{petId}/visits
INFO  OFFICE - OfficeFloor bridging Spring Security
WARN  UserDetailsServiceAutoConfiguration - 

Using generated security password: b37d700c-93c0-4d67-b9c3-11b5f7837740

This generated password is for development use only. Your security configuration must be updated before running your application in production.

INFO  SpringBootMockServletContext - Initializing Spring TestDispatcherServlet ''
INFO  TestDispatcherServlet - Initializing Servlet ''
INFO  EndpointLinksResolver - Exposing 1 endpoint beneath base path '/actuator'
INFO  TestDispatcherServlet - Completed initialization in 24 ms
INFO  Cp17Tests - Started Cp17Tests in 13.601 seconds (process running for 15.506)
WARN  SpringDocAppInitializer - SpringDoc /v3/api-docs endpoint is enabled by default. To disable it in production, set the property 'springdoc.api-docs.enabled=false'
WARN  SpringDocAppInitializer - SpringDoc /swagger-ui.html endpoint is enabled by default. To disable it in production, set the property 'springdoc.swagger-ui.enabled=false'
INFO  AUDIT - Created owner id=11 customerCode=NSW-16E6609E registrationDate=2026-09-07 membershipLevel=1 membershipNumber=NSW-16E6609E-M27
INFO  AnnotationConfigContextLoaderUtils - Could not detect default configuration classes for test class [org.springframework.samples.petclinic.acceptance.Cp10Tests]: Cp10Tests does not declare any static, non-private, non-final, nested classes annotated with @Configuration.
INFO  SpringBootTestContextBootstrapper - Found @SpringBootConfiguration org.springframework.samples.petclinic.PetClinicApplication for test class org.springframework.samples.petclinic.acceptance.Cp10Tests
INFO  AnnotationConfigContextLoaderUtils - Could not detect default configuration classes for test class [org.springframework.samples.petclinic.acceptance.Cp10Tests]: Cp10Tests does not declare any static, non-private, non-final, nested classes annotated with @Configuration.
INFO  AnnotationConfigContextLoaderUtils - Could not detect default configuration classes for test class [org.springframework.samples.petclinic.acceptance.AcceptanceBase]: AcceptanceBase does not declare any static, non-private, non-final, nested classes annotated with @Configuration.
INFO  SpringBootTestContextBootstrapper - Found @SpringBootConfiguration org.springframework.samples.petclinic.PetClinicApplication for test class org.springframework.samples.petclinic.acceptance.Cp10Tests
INFO  AUDIT - Created owner id=12 customerCode=NSW-2311369A registrationDate=2026-09-07 membershipLevel=1 membershipNumber=NSW-2311369A-M27
INFO  AUDIT - Created owner id=13 customerCode=NSW-26183587 registrationDate=2026-09-07 membershipLevel=1 membershipNumber=NSW-26183587-M27
INFO  AnnotationConfigContextLoaderUtils - Could not detect default configuration classes for test class [org.springframework.samples.petclinic.acceptance.Cp29Tests]: Cp29Tests does not declare any static, non-private, non-final, nested classes annotated with @Configuration.
INFO  SpringBootTestContextBootstrapper - Found @SpringBootConfiguration org.springframework.samples.petclinic.PetClinicApplication for test class org.springframework.samples.petclinic.acceptance.Cp29Tests
INFO  AnnotationConfigContextLoaderUtils - Could not detect default configuration classes for test class [org.springframework.samples.petclinic.acceptance.Cp29Tests]: Cp29Tests does not declare any static, non-private, non-final, nested classes annotated with @Configuration.
INFO  AnnotationConfigContextLoaderUtils - Could not detect default configuration classes for test class [org.springframework.samples.petclinic.acceptance.AcceptanceBase]: AcceptanceBase does not declare any static, non-private, non-final, nested classes annotated with @Configuration.
INFO  SpringBootTestContextBootstrapper - Found @SpringBootConfiguration org.springframework.samples.petclinic.PetClinicApplication for test class org.springframework.samples.petclinic.acceptance.Cp29Tests
INFO  AUDIT - Created owner id=14 customerCode=NSW-1F04417F registrationDate=2026-09-07 membershipLevel=1 membershipNumber=NSW-1F04417F-M27
INFO  AnnotationConfigContextLoaderUtils - Could not detect default configuration classes for test class [org.springframework.samples.petclinic.acceptance.Cp11Tests]: Cp11Tests does not declare any static, non-private, non-final, nested classes annotated with @Configuration.
INFO  SpringBootTestContextBootstrapper - Found @SpringBootConfiguration org.springframework.samples.petclinic.PetClinicApplication for test class org.springframework.samples.petclinic.acceptance.Cp11Tests
INFO  AnnotationConfigContextLoaderUtils - Could not detect default configuration classes for test class [org.springframework.samples.petclinic.acceptance.Cp11Tests]: Cp11Tests does not declare any static, non-private, non-final, nested classes annotated with @Configuration.
INFO  AnnotationConfigContextLoaderUtils - Could not detect default configuration classes for test class [org.springframework.samples.petclinic.acceptance.AcceptanceBase]: AcceptanceBase does not declare any static, non-private, non-final, nested classes annotated with @Configuration.
INFO  SpringBootTestContextBootstrapper - Found @SpringBootConfiguration org.springframework.samples.petclinic.PetClinicApplication for test class org.springframework.samples.petclinic.acceptance.Cp11Tests
INFO  AUDIT - Created owner id=15 customerCode=NSW-9644A64C registrationDate=2026-09-07 membershipLevel=1 membershipNumber=NSW-9644A64C-M27
INFO  AUDIT - Created owner id=16 customerCode=NSW-172820B4 registrationDate=2026-09-07 membershipLevel=1 membershipNumber=NSW-172820B4-M27
INFO  AnnotationConfigContextLoaderUtils - Could not detect default configuration classes for test class [org.springframework.samples.petclinic.acceptance.Cp21Tests]: Cp21Tests does not declare any static, non-private, non-final, nested classes annotated with @Configuration.
INFO  SpringBootTestContextBootstrapper - Found @SpringBootConfiguration org.springframework.samples.petclinic.PetClinicApplication for test class org.springframework.samples.petclinic.acceptance.Cp21Tests
INFO  AnnotationConfigContextLoaderUtils - Could not detect default configuration classes for test class [org.springframework.samples.petclinic.acceptance.Cp21Tests]: Cp21Tests does not declare any static, non-private, non-final, nested classes annotated with @Configuration.
INFO  AnnotationConfigContextLoaderUtils - Could not detect default configuration classes for test class [org.springframework.samples.petclinic.acceptance.AcceptanceBase]: AcceptanceBase does not declare any static, non-private, non-final, nested classes annotated with @Configuration.
INFO  SpringBootTestContextBootstrapper - Found @SpringBootConfiguration org.springframework.samples.petclinic.PetClinicApplication for test class org.springframework.samples.petclinic.acceptance.Cp21Tests
INFO  AUDIT - Created owner id=17 customerCode=NSW-3C70EBD8 registrationDate=2026-09-07 membershipLevel=1 membershipNumber=NSW-3C70EBD8-M27
INFO  AnnotationConfigContextLoaderUtils - Could not detect default configuration classes for test class [org.springframework.samples.petclinic.acceptance.Cp06Tests]: Cp06Tests does not declare any static, non-private, non-final, nested classes annotated with @Configuration.
INFO  SpringBootTestContextBootstrapper - Found @SpringBootConfiguration org.springframework.samples.petclinic.PetClinicApplication for test class org.springframework.samples.petclinic.acceptance.Cp06Tests
INFO  AnnotationConfigContextLoaderUtils - Could not detect default configuration classes for test class [org.springframework.samples.petclinic.acceptance.Cp06Tests]: Cp06Tests does not declare any static, non-private, non-final, nested classes annotated with @Configuration.
INFO  AnnotationConfigContextLoaderUtils - Could not detect default configuration classes for test class [org.springframework.samples.petclinic.acceptance.AcceptanceBase]: AcceptanceBase does not declare any static, non-private, non-final, nested classes annotated with @Configuration.
INFO  SpringBootTestContextBootstrapper - Found @SpringBootConfiguration org.springframework.samples.petclinic.PetClinicApplication for test class org.springframework.samples.petclinic.acceptance.Cp06Tests
INFO  AUDIT - Created owner id=18 customerCode=UNKNOWN-D1D393A1 registrationDate=2026-09-07 membershipLevel=1 membershipNumber=UNKNOWN-D1D393A1-M27
INFO  AnnotationConfigContextLoaderUtils - Could not detect default configuration classes for test class [org.springframework.samples.petclinic.acceptance.Cp03Tests]: Cp03Tests does not declare any static, non-private, non-final, nested classes annotated with @Configuration.
INFO  SpringBootTestContextBootstrapper - Found @SpringBootConfiguration org.springframework.samples.petclinic.PetClinicApplication for test class org.springframework.samples.petclinic.acceptance.Cp03Tests
INFO  AnnotationConfigContextLoaderUtils - Could not detect default configuration classes for test class [org.springframework.samples.petclinic.acceptance.Cp03Tests]: Cp03Tests does not declare any static, non-private, non-final, nested classes annotated with @Configuration.
INFO  AnnotationConfigContextLoaderUtils - Could not detect default configuration classes for test class [org.springframework.samples.petclinic.acceptance.AcceptanceBase]: AcceptanceBase does not declare any static, non-private, non-final, nested classes annotated with @Configuration.
INFO  SpringBootTestContextBootstrapper - Found @SpringBootConfiguration org.springframework.samples.petclinic.PetClinicApplication for test class org.springframework.samples.petclinic.acceptance.Cp03Tests
INFO  AUDIT - Created owner id=19 customerCode=UNKNOWN-D8AB4AA4 registrationDate=2026-09-07 membershipLevel=1 membershipNumber=UNKNOWN-D8AB4AA4-M27
INFO  AnnotationConfigContextLoaderUtils - Could not detect default configuration classes for test class [org.springframework.samples.petclinic.acceptance.Cp13Tests]: Cp13Tests does not declare any static, non-private, non-final, nested classes annotated with @Configuration.
INFO  SpringBootTestContextBootstrapper - Found @SpringBootConfiguration org.springframework.samples.petclinic.PetClinicApplication for test class org.springframework.samples.petclinic.acceptance.Cp13Tests
INFO  AnnotationConfigContextLoaderUtils - Could not detect default configuration classes for test class [org.springframework.samples.petclinic.acceptance.Cp13Tests]: Cp13Tests does not declare any static, non-private, non-final, nested classes annotated with @Configuration.
INFO  AnnotationConfigContextLoaderUtils - Could not detect default configuration classes for test class [org.springframework.samples.petclinic.acceptance.AcceptanceBase]: AcceptanceBase does not declare any static, non-private, non-final, nested classes annotated with @Configuration.
INFO  SpringBootTestContextBootstrapper - Found @SpringBootConfiguration org.springframework.samples.petclinic.PetClinicApplication for test class org.springframework.samples.petclinic.acceptance.Cp13Tests
INFO  AUDIT - Created owner id=20 customerCode=NSW-DF3D8043 registrationDate=2026-09-07 membershipLevel=1 membershipNumber=NSW-DF3D8043-M27
INFO  AUDIT - Created owner id=21 customerCode=NSW-9694390C registrationDate=2026-09-07 membershipLevel=1 membershipNumber=NSW-9694390C-M27

MockHttpServletRequest:
      HTTP Method = POST
      Request URI = /api/owners
       Parameters = {}
          Headers = [Content-Type:"application/json;charset=UTF-8", Content-Length:"124"]
             Body = {"firstName":"Ann","lastName":"Suras","address":"47 Test Street","city":"Town48","telephone":"0400000049","postcode":"2000"}
    Session Attrs = {SPRING_SECURITY_CONTEXT=SecurityContextImpl [Authentication=UsernamePasswordAuthenticationToken [Principal=org.springframework.security.core.userdetails.User [Username=acceptance-admin, Password=[PROTECTED], Enabled=true, AccountNonExpired=true, CredentialsNonExpired=true, AccountNonLocked=true, Granted Authorities=[ROLE_ADMIN, ROLE_OWNER_ADMIN, ROLE_VET_ADMIN]], Credentials=[PROTECTED], Authenticated=true, Details=null, Granted Authorities=[ROLE_ADMIN, ROLE_OWNER_ADMIN, ROLE_VET_ADMIN]]]}

Handler:
             Type = org.springframework.web.servlet.resource.ResourceHttpRequestHandler

Async:
    Async started = false
     Async result = null

Resolved Exception:
             Type = null

ModelAndView:
        View name = null
             View = null
            Model = null

FlashMap:
       Attributes = null

MockHttpServletResponse:
           Status = 201
    Error message = null
          Headers = [Location:"/api/owners/20", Content-Type:"application/json", X-Content-Type-Options:"nosniff", X-XSS-Protection:"0", Cache-Control:"no-cache, no-store, max-age=0, must-revalidate", Pragma:"no-cache", Expires:"0", X-Frame-Options:"DENY"]
     Content type = application/json
             Body = {"firstName":"Ann","lastName":"Suras","city":"Town48","telephone":"+61400000049","pets":[],"address":"47 TEST STREET","addressLine1":null,"addressLine2":null,"ageBand":null,"birthDate":null,"bulkSignupWarning":false,"checkDigit":6,"contactPreference":"PHONE","customerCode":"NSW-DF3D8043","deleted":false,"displayName":"Suras, Ann","email":null,"fiscalYear":"FY27","householdId":"a619935c1d65","id":20,"identityKey":"f1be0cc47de1180e26b608301ede04f1e8b3ae090ffd0a3599e4056d0668a084","initials":"A.S.","locality":"NSW","membershipLevel":1,"membershipNumber":"NSW-DF3D8043-M27","membershipPoints":1,"namesakeCount":0,"possibleDuplicate":false,"possibleDuplicateOf":null,"postcode":"2000","registrationDate":"2026-09-07","salutation":"Suras","selfLink":null,"sharesHousehold":null,"telephoneDisplay":"+61 400 000 049","timezone":"Australia/Sydney","title":null}
    Forwarded URL = null
   Redirected URL = /api/owners/20
          Cookies = []

MockHttpServletRequest:
      HTTP Method = POST
      Request URI = /api/owners
       Parameters = {}
          Headers = [Content-Type:"application/json;charset=UTF-8", Content-Length:"124"]
             Body = {"firstName":"Ann","lastName":"Suras","address":"51 Test Street","city":"Town52","telephone":"0400000053","postcode":"2001"}
    Session Attrs = {SPRING_SECURITY_CONTEXT=SecurityContextImpl [Authentication=UsernamePasswordAuthenticationToken [Principal=org.springframework.security.core.userdetails.User [Username=acceptance-admin, Password=[PROTECTED], Enabled=true, AccountNonExpired=true, CredentialsNonExpired=true, AccountNonLocked=true, Granted Authorities=[ROLE_ADMIN, ROLE_OWNER_ADMIN, ROLE_VET_ADMIN]], Credentials=[PROTECTED], Authenticated=true, Details=null, Granted Authorities=[ROLE_ADMIN, ROLE_OWNER_ADMIN, ROLE_VET_ADMIN]]]}

Handler:
             Type = org.springframework.web.servlet.resource.ResourceHttpRequestHandler

Async:
    Async started = false
     Async result = null

Resolved Exception:
             Type = null

ModelAndView:
        View name = null
             View = null
            Model = null

FlashMap:
       Attributes = null

MockHttpServletResponse:
           Status = 201
    Error message = null
          Headers = [Location:"/api/owners/21", Content-Type:"application/json", X-Content-Type-Options:"nosniff", X-XSS-Protection:"0", Cache-Control:"no-cache, no-store, max-age=0, must-revalidate", Pragma:"no-cache", Expires:"0", X-Frame-Options:"DENY"]
     Content type = application/json
             Body = {"firstName":"Ann","lastName":"Suras","city":"Town52","telephone":"+61400000053","pets":[],"address":"51 TEST STREET","addressLine1":null,"addressLine2":null,"ageBand":null,"birthDate":null,"bulkSignupWarning":false,"checkDigit":7,"contactPreference":"PHONE","customerCode":"NSW-9694390C","deleted":false,"displayName":"Suras, Ann","email":null,"fiscalYear":"FY27","householdId":"1ff598ca62d4","id":21,"identityKey":"dd3036e56108963239318b2555fe9eaf007aad95ac472800319ed892be78c51f","initials":"A.S.","locality":"NSW","membershipLevel":1,"membershipNumber":"NSW-9694390C-M27","membershipPoints":1,"namesakeCount":0,"possibleDuplicate":false,"possibleDuplicateOf":null,"postcode":"2001","registrationDate":"2026-09-07","salutation":"Suras","selfLink":null,"sharesHousehold":null,"telephoneDisplay":"+61 400 000 053","timezone":"Australia/Sydney","title":null}
    Forwarded URL = null
   Redirected URL = /api/owners/21
          Cookies = []

MockHttpServletRequest:
      HTTP Method = GET
      Request URI = /api/owners/21
       Parameters = {}
          Headers = []
             Body = null
    Session Attrs = {SPRING_SECURITY_CONTEXT=SecurityContextImpl [Authentication=UsernamePasswordAuthenticationToken [Principal=org.springframework.security.core.userdetails.User [Username=acceptance-admin, Password=[PROTECTED], Enabled=true, AccountNonExpired=true, CredentialsNonExpired=true, AccountNonLocked=true, Granted Authorities=[ROLE_ADMIN, ROLE_OWNER_ADMIN, ROLE_VET_ADMIN]], Credentials=[PROTECTED], Authenticated=true, Details=null, Granted Authorities=[ROLE_ADMIN, ROLE_OWNER_ADMIN, ROLE_VET_ADMIN]]]}

Handler:
             Type = org.springframework.web.servlet.resource.ResourceHttpRequestHandler

Async:
    Async started = false
     Async result = null

Resolved Exception:
             Type = null

ModelAndView:
        View name = null
             View = null
            Model = null

FlashMap:
       Attributes = null

MockHttpServletResponse:
           Status = 200
    Error message = null
          Headers = [Content-Type:"application/json", X-Content-Type-Options:"nosniff", X-XSS-Protection:"0", Cache-Control:"no-cache, no-store, max-age=0, must-revalidate", Pragma:"no-cache", Expires:"0", X-Frame-Options:"DENY"]
     Content type = application/json
             Body = {"firstName":"Ann","lastName":"Suras","city":"Town52","telephone":"+61400000053","pets":[],"address":"51 TEST STREET","addressLine1":null,"addressLine2":null,"ageBand":null,"birthDate":null,"bulkSignupWarning":false,"checkDigit":7,"contactPreference":"PHONE","customerCode":"NSW-9694390C","deleted":false,"displayName":"Suras, Ann","email":null,"fiscalYear":"FY27","householdId":"1ff598ca62d4","id":21,"identityKey":"dd3036e56108963239318b2555fe9eaf007aad95ac472800319ed892be78c51f","initials":"A.S.","locality":"NSW","membershipLevel":1,"membershipNumber":"NSW-9694390C-M27","membershipPoints":1,"namesakeCount":0,"possibleDuplicate":false,"possibleDuplicateOf":null,"postcode":"2001","registrationDate":"2026-09-07","salutation":"Suras","selfLink":"/api/owners/21","sharesHousehold":null,"telephoneDisplay":"+61 400 000 053","timezone":"Australia/Sydney","title":null}
    Forwarded URL = null
   Redirected URL = null
          Cookies = []
[ERROR] Tests run: 1, Failures: 1, Errors: 0, Skipped: 0, Time elapsed: 0.090 s <<< FAILURE! -- in org.springframework.samples.petclinic.acceptance.Cp13Tests
[ERROR] org.springframework.samples.petclinic.acceptance.Cp13Tests.coreCountsNamesakes -- Time elapsed: 0.077 s <<< FAILURE!
java.lang.AssertionError: JSON path "$.namesakeCount" expected:<1> but was:<0>
	at org.springframework.test.util.AssertionErrors.fail(AssertionErrors.java:62)
	at org.springframework.test.util.AssertionErrors.assertEquals(AssertionErrors.java:129)
	at org.springframework.test.util.JsonPathExpectationsHelper.assertValue(JsonPathExpectationsHelper.java:172)
	at org.springframework.test.web.servlet.result.JsonPathResultMatchers.lambda$value$2(JsonPathResultMatchers.java:111)
	at org.springframework.test.web.servlet.MockMvc$1.andExpect(MockMvc.java:212)
	at org.springframework.samples.petclinic.acceptance.Cp13Tests.coreCountsNamesakes(Cp13Tests.java:24)

INFO  AnnotationConfigContextLoaderUtils - Could not detect default configuration classes for test class [org.springframework.samples.petclinic.acceptance.Cp19Tests]: Cp19Tests does not declare any static, non-private, non-final, nested classes annotated with @Configuration.
INFO  SpringBootTestContextBootstrapper - Found @SpringBootConfiguration org.springframework.samples.petclinic.PetClinicApplication for test class org.springframework.samples.petclinic.acceptance.Cp19Tests
INFO  AnnotationConfigContextLoaderUtils - Could not detect default configuration classes for test class [org.springframework.samples.petclinic.acceptance.Cp19Tests]: Cp19Tests does not declare any static, non-private, non-final, nested classes annotated with @Configuration.
INFO  AnnotationConfigContextLoaderUtils - Could not detect default configuration classes for test class [org.springframework.samples.petclinic.acceptance.AcceptanceBase]: AcceptanceBase does not declare any static, non-private, non-final, nested classes annotated with @Configuration.
INFO  SpringBootTestContextBootstrapper - Found @SpringBootConfiguration org.springframework.samples.petclinic.PetClinicApplication for test class org.springframework.samples.petclinic.acceptance.Cp19Tests
INFO  AUDIT - Created owner id=22 customerCode=UNKNOWN-BD4FBDF7 registrationDate=2026-09-07 membershipLevel=1 membershipNumber=UNKNOWN-BD4FBDF7-M27
INFO  AUDIT - Created owner id=23 customerCode=UNKNOWN-AAC762D5 registrationDate=2026-09-07 membershipLevel=1 membershipNumber=UNKNOWN-AAC762D5-M27
INFO  AUDIT - Created owner id=24 customerCode=UNKNOWN-3586509B registrationDate=2026-09-07 membershipLevel=1 membershipNumber=UNKNOWN-3586509B-M27
INFO  AUDIT - Created owner id=25 customerCode=UNKNOWN-46C5727F registrationDate=2026-09-07 membershipLevel=1 membershipNumber=UNKNOWN-46C5727F-M27
INFO  AUDIT - Created owner id=26 customerCode=UNKNOWN-3123707F registrationDate=2026-09-07 membershipLevel=1 membershipNumber=UNKNOWN-3123707F-M27
INFO  AUDIT - Created owner id=27 customerCode=UNKNOWN-0EEBE2CE registrationDate=2026-09-07 membershipLevel=1 membershipNumber=UNKNOWN-0EEBE2CE-M27
INFO  AUDIT - Created owner id=28 customerCode=UNKNOWN-66CB7B28 registrationDate=2026-09-07 membershipLevel=1 membershipNumber=UNKNOWN-66CB7B28-M27
INFO  AUDIT - Created owner id=29 customerCode=UNKNOWN-3FE304F8 registrationDate=2026-09-07 membershipLevel=1 membershipNumber=UNKNOWN-3FE304F8-M27
INFO  AUDIT - Created owner id=30 customerCode=UNKNOWN-310F679D registrationDate=2026-09-07 membershipLevel=1 membershipNumber=UNKNOWN-310F679D-M27
INFO  AUDIT - Created owner id=31 customerCode=UNKNOWN-CD4B43FB registrationDate=2026-09-07 membershipLevel=1 membershipNumber=UNKNOWN-CD4B43FB-M27
INFO  AUDIT - Created owner id=32 customerCode=UNKNOWN-7F6E07BD registrationDate=2026-09-07 membershipLevel=1 membershipNumber=UNKNOWN-7F6E07BD-M27
INFO  AUDIT - Created owner id=33 customerCode=UNKNOWN-8AC38604 registrationDate=2026-09-07 membershipLevel=1 membershipNumber=UNKNOWN-8AC38604-M27
INFO  AUDIT - Created owner id=34 customerCode=UNKNOWN-BBCDCE4F registrationDate=2026-09-07 membershipLevel=1 membershipNumber=UNKNOWN-BBCDCE4F-M27
INFO  AUDIT - Created owner id=35 customerCode=UNKNOWN-A584662B registrationDate=2026-09-07 membershipLevel=1 membershipNumber=UNKNOWN-A584662B-M27
INFO  AUDIT - Created owner id=36 customerCode=UNKNOWN-4251A05D registrationDate=2026-09-07 membershipLevel=1 membershipNumber=UNKNOWN-4251A05D-M27
INFO  AUDIT - Created owner id=37 customerCode=UNKNOWN-DB6D45E5 registrationDate=2026-09-07 membershipLevel=1 membershipNumber=UNKNOWN-DB6D45E5-M27
INFO  AUDIT - Created owner id=38 customerCode=UNKNOWN-E059CE15 registrationDate=2026-09-07 membershipLevel=1 membershipNumber=UNKNOWN-E059CE15-M27
INFO  AUDIT - Created owner id=39 customerCode=UNKNOWN-4298387B registrationDate=2026-09-07 membershipLevel=1 membershipNumber=UNKNOWN-4298387B-M27
INFO  AUDIT - Created owner id=40 customerCode=UNKNOWN-BB3695F7 registrationDate=2026-09-07 membershipLevel=1 membershipNumber=UNKNOWN-BB3695F7-M27
INFO  AUDIT - Created owner id=41 customerCode=UNKNOWN-7692DCDA registrationDate=2026-09-07 membershipLevel=1 membershipNumber=UNKNOWN-7692DCDA-M27
INFO  AUDIT - Created owner id=42 customerCode=UNKNOWN-F33D7F3E registrationDate=2026-09-07 membershipLevel=1 membershipNumber=UNKNOWN-F33D7F3E-M27
INFO  AUDIT - Created owner id=43 customerCode=UNKNOWN-425DE87E registrationDate=2026-09-07 membershipLevel=1 membershipNumber=UNKNOWN-425DE87E-M27
INFO  AUDIT - Created owner id=44 customerCode=UNKNOWN-91B1606E registrationDate=2026-09-07 membershipLevel=1 membershipNumber=UNKNOWN-91B1606E-M27
INFO  AUDIT - Created owner id=45 customerCode=UNKNOWN-E3EDDA01 registrationDate=2026-09-07 membershipLevel=1 membershipNumber=UNKNOWN-E3EDDA01-M27
INFO  AUDIT - Created owner id=46 customerCode=UNKNOWN-740558C7 registrationDate=2026-09-07 membershipLevel=1 membershipNumber=UNKNOWN-740558C7-M27
INFO  AUDIT - Created owner id=47 customerCode=UNKNOWN-A5588F09 registrationDate=2026-09-07 membershipLevel=1 membershipNumber=UNKNOWN-A5588F09-M27
INFO  AUDIT - Created owner id=48 customerCode=UNKNOWN-A4118957 registrationDate=2026-09-07 membershipLevel=1 membershipNumber=UNKNOWN-A4118957-M27
INFO  AUDIT - Created owner id=49 customerCode=UNKNOWN-29EBF669 registrationDate=2026-09-07 membershipLevel=1 membershipNumber=UNKNOWN-29EBF669-M27
INFO  AUDIT - Created owner id=50 customerCode=UNKNOWN-B51CAA96 registrationDate=2026-09-07 membershipLevel=1 membershipNumber=UNKNOWN-B51CAA96-M27
INFO  AUDIT - Created owner id=51 customerCode=UNKNOWN-EC5BD7B5 registrationDate=2026-09-07 membershipLevel=1 membershipNumber=UNKNOWN-EC5BD7B5-M27
INFO  AUDIT - Created owner id=52 customerCode=UNKNOWN-BE3788CE registrationDate=2026-09-07 membershipLevel=1 membershipNumber=UNKNOWN-BE3788CE-M27
INFO  AUDIT - Created owner id=53 customerCode=UNKNOWN-54BB7CB3 registrationDate=2026-09-07 membershipLevel=1 membershipNumber=UNKNOWN-54BB7CB3-M27
INFO  AUDIT - Created owner id=54 customerCode=UNKNOWN-B1CC34FD registrationDate=2026-09-07 membershipLevel=1 membershipNumber=UNKNOWN-B1CC34FD-M27
INFO  AUDIT - Created owner id=55 customerCode=UNKNOWN-FAED1507 registrationDate=2026-09-07 membershipLevel=1 membershipNumber=UNKNOWN-FAED1507-M27
INFO  AUDIT - Created owner id=56 customerCode=UNKNOWN-EAD71F41 registrationDate=2026-09-07 membershipLevel=1 membershipNumber=UNKNOWN-EAD71F41-M27
INFO  AUDIT - Created owner id=57 customerCode=UNKNOWN-6E1BF428 registrationDate=2026-09-07 membershipLevel=1 membershipNumber=UNKNOWN-6E1BF428-M27
INFO  AUDIT - Created owner id=58 customerCode=UNKNOWN-933DE6B3 registrationDate=2026-09-07 membershipLevel=1 membershipNumber=UNKNOWN-933DE6B3-M27
INFO  AUDIT - Created owner id=59 customerCode=UNKNOWN-28E8311D registrationDate=2026-09-07 membershipLevel=1 membershipNumber=UNKNOWN-28E8311D-M27
INFO  AUDIT - Created owner id=60 customerCode=UNKNOWN-48E11A01 registrationDate=2026-09-07 membershipLevel=1 membershipNumber=UNKNOWN-48E11A01-M27
INFO  AUDIT - Created owner id=61 customerCode=UNKNOWN-AC59B6E2 registrationDate=2026-09-07 membershipLevel=1 membershipNumber=UNKNOWN-AC59B6E2-M27
INFO  AUDIT - Created owner id=62 customerCode=UNKNOWN-7E7FDE6F registrationDate=2026-09-07 membershipLevel=1 membershipNumber=UNKNOWN-7E7FDE6F-M27
INFO  AUDIT - Created owner id=63 customerCode=UNKNOWN-597A8622 registrationDate=2026-09-07 membershipLevel=1 membershipNumber=UNKNOWN-597A8622-M27
INFO  AUDIT - Created owner id=64 customerCode=UNKNOWN-F85265DF registrationDate=2026-09-07 membershipLevel=1 membershipNumber=UNKNOWN-F85265DF-M27
INFO  AUDIT - Created owner id=65 customerCode=UNKNOWN-6642F4CE registrationDate=2026-09-07 membershipLevel=1 membershipNumber=UNKNOWN-6642F4CE-M27
INFO  AUDIT - Created owner id=66 customerCode=UNKNOWN-F2DE4704 registrationDate=2026-09-07 membershipLevel=1 membershipNumber=UNKNOWN-F2DE4704-M27
INFO  AUDIT - Created owner id=67 customerCode=UNKNOWN-82FD995A registrationDate=2026-09-07 membershipLevel=1 membershipNumber=UNKNOWN-82FD995A-M27
INFO  AUDIT - Created owner id=68 customerCode=UNKNOWN-848BA44D registrationDate=2026-09-07 membershipLevel=1 membershipNumber=UNKNOWN-848BA44D-M27
INFO  AUDIT - Created owner id=69 customerCode=UNKNOWN-C60CDFC4 registrationDate=2026-09-07 membershipLevel=1 membershipNumber=UNKNOWN-C60CDFC4-M27
INFO  AUDIT - Created owner id=70 customerCode=UNKNOWN-98D05CFA registrationDate=2026-09-07 membershipLevel=1 membershipNumber=UNKNOWN-98D05CFA-M27
INFO  AUDIT - Created owner id=71 customerCode=UNKNOWN-2BC3574B registrationDate=2026-09-07 membershipLevel=1 membershipNumber=UNKNOWN-2BC3574B-M27
INFO  AUDIT - Created owner id=72 customerCode=UNKNOWN-FC76B5E5 registrationDate=2026-09-07 membershipLevel=1 membershipNumber=UNKNOWN-FC76B5E5-M27
INFO  AUDIT - Created owner id=73 customerCode=UNKNOWN-F2905EB5 registrationDate=2026-09-07 membershipLevel=1 membershipNumber=UNKNOWN-F2905EB5-M27
INFO  AUDIT - Created owner id=74 customerCode=UNKNOWN-3BD72B85 registrationDate=2026-09-07 membershipLevel=1 membershipNumber=UNKNOWN-3BD72B85-M27
INFO  AUDIT - Created owner id=75 customerCode=UNKNOWN-01081DA6 registrationDate=2026-09-07 membershipLevel=1 membershipNumber=UNKNOWN-01081DA6-M27
INFO  AUDIT - Created owner id=76 customerCode=UNKNOWN-8378BC13 registrationDate=2026-09-07 membershipLevel=1 membershipNumber=UNKNOWN-8378BC13-M27
INFO  AUDIT - Created owner id=77 customerCode=UNKNOWN-AC91E560 registrationDate=2026-09-07 membershipLevel=1 membershipNumber=UNKNOWN-AC91E560-M27
INFO  AUDIT - Created owner id=78 customerCode=UNKNOWN-A2D12C2B registrationDate=2026-09-07 membershipLevel=1 membershipNumber=UNKNOWN-A2D12C2B-M27
INFO  AUDIT - Created owner id=79 customerCode=UNKNOWN-D78B4F88 registrationDate=2026-09-07 membershipLevel=1 membershipNumber=UNKNOWN-D78B4F88-M27
INFO  AUDIT - Created owner id=80 customerCode=UNKNOWN-ED38F842 registrationDate=2026-09-07 membershipLevel=1 membershipNumber=UNKNOWN-ED38F842-M27
INFO  AUDIT - Created owner id=81 customerCode=UNKNOWN-B5B1D482 registrationDate=2026-09-07 membershipLevel=1 membershipNumber=UNKNOWN-B5B1D482-M27
INFO  AUDIT - Created owner id=82 customerCode=UNKNOWN-BC5785AE registrationDate=2026-09-07 membershipLevel=1 membershipNumber=UNKNOWN-BC5785AE-M27
INFO  AUDIT - Created owner id=83 customerCode=UNKNOWN-A572CBB7 registrationDate=2026-09-07 membershipLevel=1 membershipNumber=UNKNOWN-A572CBB7-M27
INFO  AUDIT - Created owner id=84 customerCode=UNKNOWN-DA2DEFCE registrationDate=2026-09-07 membershipLevel=1 membershipNumber=UNKNOWN-DA2DEFCE-M27
INFO  AUDIT - Created owner id=85 customerCode=UNKNOWN-0B086A46 registrationDate=2026-09-07 membershipLevel=1 membershipNumber=UNKNOWN-0B086A46-M27
INFO  AUDIT - Created owner id=86 customerCode=UNKNOWN-0BBA6A05 registrationDate=2026-09-07 membershipLevel=1 membershipNumber=UNKNOWN-0BBA6A05-M27
INFO  AUDIT - Created owner id=87 customerCode=UNKNOWN-67D3F596 registrationDate=2026-09-07 membershipLevel=1 membershipNumber=UNKNOWN-67D3F596-M27
INFO  AUDIT - Created owner id=88 customerCode=UNKNOWN-A40331F0 registrationDate=2026-09-07 membershipLevel=1 membershipNumber=UNKNOWN-A40331F0-M27
INFO  AUDIT - Created owner id=89 customerCode=UNKNOWN-4842D4B5 registrationDate=2026-09-07 membershipLevel=1 membershipNumber=UNKNOWN-4842D4B5-M27
INFO  AUDIT - Created owner id=90 customerCode=UNKNOWN-FF828AB8 registrationDate=2026-09-07 membershipLevel=1 membershipNumber=UNKNOWN-FF828AB8-M27
INFO  AUDIT - Created owner id=91 customerCode=UNKNOWN-D2225BBF registrationDate=2026-09-07 membershipLevel=1 membershipNumber=UNKNOWN-D2225BBF-M27
INFO  AUDIT - Created owner id=92 customerCode=UNKNOWN-5D6F4E87 registrationDate=2026-09-07 membershipLevel=1 membershipNumber=UNKNOWN-5D6F4E87-M27
INFO  AUDIT - Created owner id=93 customerCode=UNKNOWN-DD3FCED5 registrationDate=2026-09-07 membershipLevel=1 membershipNumber=UNKNOWN-DD3FCED5-M27
INFO  AUDIT - Created owner id=94 customerCode=UNKNOWN-E25B8BA8 registrationDate=2026-09-07 membershipLevel=1 membershipNumber=UNKNOWN-E25B8BA8-M27
INFO  AUDIT - Created owner id=95 customerCode=UNKNOWN-5BAB0281 registrationDate=2026-09-07 membershipLevel=1 membershipNumber=UNKNOWN-5BAB0281-M27
INFO  AUDIT - Created owner id=96 customerCode=UNKNOWN-00706CAE registrationDate=2026-09-07 membershipLevel=1 membershipNumber=UNKNOWN-00706CAE-M27
INFO  AUDIT - Created owner id=97 customerCode=UNKNOWN-3D710DA5 registrationDate=2026-09-07 membershipLevel=1 membershipNumber=UNKNOWN-3D710DA5-M27
INFO  AUDIT - Created owner id=98 customerCode=UNKNOWN-9717C0CF registrationDate=2026-09-07 membershipLevel=1 membershipNumber=UNKNOWN-9717C0CF-M27
INFO  AUDIT - Created owner id=99 customerCode=UNKNOWN-71FF1452 registrationDate=2026-09-07 membershipLevel=1 membershipNumber=UNKNOWN-71FF1452-M27
INFO  AUDIT - Created owner id=100 customerCode=UNKNOWN-364A07EF registrationDate=2026-09-07 membershipLevel=1 membershipNumber=UNKNOWN-364A07EF-M27
INFO  AUDIT - Created owner id=101 customerCode=UNKNOWN-32679F92 registrationDate=2026-09-07 membershipLevel=1 membershipNumber=UNKNOWN-32679F92-M27
INFO  AUDIT - Created owner id=102 customerCode=UNKNOWN-471A75AA registrationDate=2026-09-07 membershipLevel=1 membershipNumber=UNKNOWN-471A75AA-M27
INFO  AUDIT - Created owner id=103 customerCode=UNKNOWN-82466573 registrationDate=2026-09-07 membershipLevel=1 membershipNumber=UNKNOWN-82466573-M27
INFO  AUDIT - Created owner id=104 customerCode=UNKNOWN-8C511437 registrationDate=2026-09-07 membershipLevel=1 membershipNumber=UNKNOWN-8C511437-M27
INFO  AUDIT - Created owner id=105 customerCode=UNKNOWN-BD963974 registrationDate=2026-09-07 membershipLevel=1 membershipNumber=UNKNOWN-BD963974-M27
INFO  AUDIT - Created owner id=106 customerCode=UNKNOWN-C2405D0F registrationDate=2026-09-07 membershipLevel=1 membershipNumber=UNKNOWN-C2405D0F-M27
INFO  AUDIT - Created owner id=107 customerCode=UNKNOWN-9D142190 registrationDate=2026-09-07 membershipLevel=1 membershipNumber=UNKNOWN-9D142190-M27
INFO  AUDIT - Created owner id=108 customerCode=UNKNOWN-225C391E registrationDate=2026-09-07 membershipLevel=1 membershipNumber=UNKNOWN-225C391E-M27
INFO  AUDIT - Created owner id=109 customerCode=UNKNOWN-F27965E2 registrationDate=2026-09-07 membershipLevel=1 membershipNumber=UNKNOWN-F27965E2-M27
INFO  AUDIT - Created owner id=110 customerCode=UNKNOWN-8C6A894C registrationDate=2026-09-07 membershipLevel=1 membershipNumber=UNKNOWN-8C6A894C-M27
INFO  AUDIT - Created owner id=111 customerCode=UNKNOWN-415DC089 registrationDate=2026-09-07 membershipLevel=1 membershipNumber=UNKNOWN-415DC089-M27
INFO  AUDIT - Created owner id=112 customerCode=UNKNOWN-28B105E9 registrationDate=2026-09-07 membershipLevel=1 membershipNumber=UNKNOWN-28B105E9-M27
INFO  AUDIT - Created owner id=113 customerCode=UNKNOWN-30170AE3 registrationDate=2026-09-07 membershipLevel=1 membershipNumber=UNKNOWN-30170AE3-M27
INFO  AUDIT - Created owner id=114 customerCode=UNKNOWN-9AF0292A registrationDate=2026-09-07 membershipLevel=1 membershipNumber=UNKNOWN-9AF0292A-M27
INFO  AUDIT - Created owner id=115 customerCode=UNKNOWN-CC4DA9C9 registrationDate=2026-09-07 membershipLevel=1 membershipNumber=UNKNOWN-CC4DA9C9-M27
INFO  AUDIT - Created owner id=116 customerCode=UNKNOWN-42854F35 registrationDate=2026-09-07 membershipLevel=1 membershipNumber=UNKNOWN-42854F35-M27
INFO  AUDIT - Created owner id=117 customerCode=UNKNOWN-79B436B3 registrationDate=2026-09-07 membershipLevel=1 membershipNumber=UNKNOWN-79B436B3-M27
INFO  AUDIT - Created owner id=118 customerCode=UNKNOWN-9EE04ABE registrationDate=2026-09-07 membershipLevel=1 membershipNumber=UNKNOWN-9EE04ABE-M27
INFO  AUDIT - Created owner id=119 customerCode=UNKNOWN-3AFD652A registrationDate=2026-09-07 membershipLevel=1 membershipNumber=UNKNOWN-3AFD652A-M27
INFO  AUDIT - Created owner id=120 customerCode=UNKNOWN-4A466936 registrationDate=2026-09-07 membershipLevel=1 membershipNumber=UNKNOWN-4A466936-M27
INFO  AUDIT - Created owner id=121 customerCode=UNKNOWN-B91E002F registrationDate=2026-09-07 membershipLevel=1 membershipNumber=UNKNOWN-B91E002F-M27
INFO  AnnotationConfigContextLoaderUtils - Could not detect default configuration classes for test class [org.springframework.samples.petclinic.acceptance.Cp28Tests]: Cp28Tests does not declare any static, non-private, non-final, nested classes annotated with @Configuration.
INFO  SpringBootTestContextBootstrapper - Found @SpringBootConfiguration org.springframework.samples.petclinic.PetClinicApplication for test class org.springframework.samples.petclinic.acceptance.Cp28Tests
INFO  AnnotationConfigContextLoaderUtils - Could not detect default configuration classes for test class [org.springframework.samples.petclinic.acceptance.Cp28Tests]: Cp28Tests does not declare any static, non-private, non-final, nested classes annotated with @Configuration.
INFO  AnnotationConfigContextLoaderUtils - Could not detect default configuration classes for test class [org.springframework.samples.petclinic.acceptance.AcceptanceBase]: AcceptanceBase does not declare any static, non-private, non-final, nested classes annotated with @Configuration.
INFO  SpringBootTestContextBootstrapper - Found @SpringBootConfiguration org.springframework.samples.petclinic.PetClinicApplication for test class org.springframework.samples.petclinic.acceptance.Cp28Tests
INFO  AUDIT - Created owner id=122 customerCode=NSW-9356F591 registrationDate=2026-09-07 membershipLevel=1 membershipNumber=NSW-9356F591-M27
INFO  AUDIT - Created owner id=123 customerCode=NSW-8D3B974D registrationDate=2026-09-07 membershipLevel=2 membershipNumber=NSW-8D3B974D-M27
INFO  AnnotationConfigContextLoaderUtils - Could not detect default configuration classes for test class [org.springframework.samples.petclinic.acceptance.Cp18Tests]: Cp18Tests does not declare any static, non-private, non-final, nested classes annotated with @Configuration.
INFO  SpringBootTestContextBootstrapper - Found @SpringBootConfiguration org.springframework.samples.petclinic.PetClinicApplication for test class org.springframework.samples.petclinic.acceptance.Cp18Tests
INFO  AnnotationConfigContextLoaderUtils - Could not detect default configuration classes for test class [org.springframework.samples.petclinic.acceptance.Cp18Tests]: Cp18Tests does not declare any static, non-private, non-final, nested classes annotated with @Configuration.
INFO  AnnotationConfigContextLoaderUtils - Could not detect default configuration classes for test class [org.springframework.samples.petclinic.acceptance.AcceptanceBase]: AcceptanceBase does not declare any static, non-private, non-final, nested classes annotated with @Configuration.
INFO  SpringBootTestContextBootstrapper - Found @SpringBootConfiguration org.springframework.samples.petclinic.PetClinicApplication for test class org.springframework.samples.petclinic.acceptance.Cp18Tests
INFO  AUDIT - Created owner id=124 customerCode=UNKNOWN-FEC02606 registrationDate=2026-09-07 membershipLevel=1 membershipNumber=UNKNOWN-FEC02606-M27
INFO  AUDIT - Created owner id=125 customerCode=UNKNOWN-8D6D5720 registrationDate=2026-09-07 membershipLevel=1 membershipNumber=UNKNOWN-8D6D5720-M27
INFO  AUDIT - Created owner id=126 customerCode=UNKNOWN-F0874147 registrationDate=2026-09-07 membershipLevel=1 membershipNumber=UNKNOWN-F0874147-M27
INFO  AUDIT - Created owner id=127 customerCode=UNKNOWN-5F2F8014 registrationDate=2026-09-07 membershipLevel=1 membershipNumber=UNKNOWN-5F2F8014-M27
INFO  AUDIT - Created owner id=128 customerCode=UNKNOWN-71165785 registrationDate=2026-09-07 membershipLevel=1 membershipNumber=UNKNOWN-71165785-M27
INFO  AUDIT - Created owner id=129 customerCode=UNKNOWN-F4F36ABF registrationDate=2026-09-07 membershipLevel=1 membershipNumber=UNKNOWN-F4F36ABF-M27
INFO  AUDIT - Created owner id=130 customerCode=UNKNOWN-C02C6105 registrationDate=2026-09-07 membershipLevel=1 membershipNumber=UNKNOWN-C02C6105-M27
INFO  AUDIT - Created owner id=131 customerCode=UNKNOWN-41081155 registrationDate=2026-09-07 membershipLevel=1 membershipNumber=UNKNOWN-41081155-M27
INFO  AUDIT - Created owner id=132 customerCode=UNKNOWN-1E13E3A0 registrationDate=2026-09-07 membershipLevel=1 membershipNumber=UNKNOWN-1E13E3A0-M27
INFO  AUDIT - Created owner id=133 customerCode=UNKNOWN-521C669A registrationDate=2026-09-07 membershipLevel=1 membershipNumber=UNKNOWN-521C669A-M27
INFO  AUDIT - Created owner id=134 customerCode=UNKNOWN-6BEF25A4 registrationDate=2026-09-07 membershipLevel=1 membershipNumber=UNKNOWN-6BEF25A4-M27
INFO  AUDIT - Created owner id=135 customerCode=UNKNOWN-20D713B9 registrationDate=2026-09-07 membershipLevel=1 membershipNumber=UNKNOWN-20D713B9-M27
INFO  AUDIT - Created owner id=136 customerCode=UNKNOWN-36CAC12F registrationDate=2026-09-07 membershipLevel=1 membershipNumber=UNKNOWN-36CAC12F-M27
INFO  AUDIT - Created owner id=137 customerCode=UNKNOWN-72263E7B registrationDate=2026-09-07 membershipLevel=1 membershipNumber=UNKNOWN-72263E7B-M27
INFO  AUDIT - Created owner id=138 customerCode=UNKNOWN-1DEE8499 registrationDate=2026-09-07 membershipLevel=1 membershipNumber=UNKNOWN-1DEE8499-M27
INFO  AUDIT - Created owner id=139 customerCode=UNKNOWN-7AD146AF registrationDate=2026-09-07 membershipLevel=1 membershipNumber=UNKNOWN-7AD146AF-M27
INFO  AUDIT - Created owner id=140 customerCode=UNKNOWN-E888A8B9 registrationDate=2026-09-07 membershipLevel=1 membershipNumber=UNKNOWN-E888A8B9-M27
INFO  AUDIT - Created owner id=141 customerCode=UNKNOWN-E9D6C50D registrationDate=2026-09-07 membershipLevel=1 membershipNumber=UNKNOWN-E9D6C50D-M27
INFO  AUDIT - Created owner id=142 customerCode=UNKNOWN-CDB31B44 registrationDate=2026-09-07 membershipLevel=1 membershipNumber=UNKNOWN-CDB31B44-M27
INFO  AUDIT - Created owner id=143 customerCode=UNKNOWN-0CF5738C registrationDate=2026-09-07 membershipLevel=1 membershipNumber=UNKNOWN-0CF5738C-M27
INFO  AUDIT - Created owner id=144 customerCode=UNKNOWN-ED164D8E registrationDate=2026-09-07 membershipLevel=1 membershipNumber=UNKNOWN-ED164D8E-M27
INFO  AUDIT - Created owner id=145 customerCode=UNKNOWN-763B67F6 registrationDate=2026-09-07 membershipLevel=1 membershipNumber=UNKNOWN-763B67F6-M27
INFO  AUDIT - Created owner id=146 customerCode=UNKNOWN-94628A6D registrationDate=2026-09-07 membershipLevel=1 membershipNumber=UNKNOWN-94628A6D-M27
INFO  AUDIT - Created owner id=147 customerCode=UNKNOWN-E0D1322F registrationDate=2026-09-07 membershipLevel=1 membershipNumber=UNKNOWN-E0D1322F-M27
INFO  AUDIT - Created owner id=148 customerCode=UNKNOWN-161E4C44 registrationDate=2026-09-07 membershipLevel=1 membershipNumber=UNKNOWN-161E4C44-M27
INFO  AUDIT - Created owner id=149 customerCode=UNKNOWN-966BA022 registrationDate=2026-09-07 membershipLevel=1 membershipNumber=UNKNOWN-966BA022-M27
INFO  AUDIT - Created owner id=150 customerCode=UNKNOWN-B86D0A69 registrationDate=2026-09-07 membershipLevel=1 membershipNumber=UNKNOWN-B86D0A69-M27
INFO  AUDIT - Created owner id=151 customerCode=UNKNOWN-BD81023C registrationDate=2026-09-07 membershipLevel=1 membershipNumber=UNKNOWN-BD81023C-M27
INFO  AUDIT - Created owner id=152 customerCode=UNKNOWN-48A6A4BC registrationDate=2026-09-07 membershipLevel=1 membershipNumber=UNKNOWN-48A6A4BC-M27
INFO  AUDIT - Created owner id=153 customerCode=UNKNOWN-D225D8A3 registrationDate=2026-09-07 membershipLevel=1 membershipNumber=UNKNOWN-D225D8A3-M27
INFO  AUDIT - Created owner id=154 customerCode=UNKNOWN-9AD220E1 registrationDate=2026-09-07 membershipLevel=1 membershipNumber=UNKNOWN-9AD220E1-M27
INFO  AUDIT - Created owner id=155 customerCode=UNKNOWN-850726D0 registrationDate=2026-09-07 membershipLevel=1 membershipNumber=UNKNOWN-850726D0-M27
INFO  AUDIT - Created owner id=156 customerCode=UNKNOWN-185F5A17 registrationDate=2026-09-07 membershipLevel=1 membershipNumber=UNKNOWN-185F5A17-M27
INFO  AUDIT - Created owner id=157 customerCode=UNKNOWN-C72106F5 registrationDate=2026-09-07 membershipLevel=1 membershipNumber=UNKNOWN-C72106F5-M27
INFO  AUDIT - Created owner id=158 customerCode=UNKNOWN-201C78D8 registrationDate=2026-09-07 membershipLevel=1 membershipNumber=UNKNOWN-201C78D8-M27
INFO  AUDIT - Created owner id=159 customerCode=UNKNOWN-A5FF30B2 registrationDate=2026-09-07 membershipLevel=1 membershipNumber=UNKNOWN-A5FF30B2-M27
INFO  AUDIT - Created owner id=160 customerCode=UNKNOWN-868A37A5 registrationDate=2026-09-07 membershipLevel=1 membershipNumber=UNKNOWN-868A37A5-M27
INFO  AUDIT - Created owner id=161 customerCode=UNKNOWN-58BCFCB1 registrationDate=2026-09-07 membershipLevel=1 membershipNumber=UNKNOWN-58BCFCB1-M27
INFO  AUDIT - Created owner id=162 customerCode=UNKNOWN-34BA7CF7 registrationDate=2026-09-07 membershipLevel=1 membershipNumber=UNKNOWN-34BA7CF7-M27
INFO  AUDIT - Created owner id=163 customerCode=UNKNOWN-04F12666 registrationDate=2026-09-07 membershipLevel=1 membershipNumber=UNKNOWN-04F12666-M27
INFO  AUDIT - Created owner id=164 customerCode=UNKNOWN-6B39FC7F registrationDate=2026-09-07 membershipLevel=1 membershipNumber=UNKNOWN-6B39FC7F-M27
INFO  AUDIT - Created owner id=165 customerCode=UNKNOWN-C093C08B registrationDate=2026-09-07 membershipLevel=1 membershipNumber=UNKNOWN-C093C08B-M27
INFO  AUDIT - Created owner id=166 customerCode=UNKNOWN-2B56DBBC registrationDate=2026-09-07 membershipLevel=1 membershipNumber=UNKNOWN-2B56DBBC-M27
INFO  AUDIT - Created owner id=167 customerCode=UNKNOWN-0D3B23D7 registrationDate=2026-09-07 membershipLevel=1 membershipNumber=UNKNOWN-0D3B23D7-M27
INFO  AUDIT - Created owner id=168 customerCode=UNKNOWN-5697E6A1 registrationDate=2026-09-07 membershipLevel=1 membershipNumber=UNKNOWN-5697E6A1-M27
INFO  AUDIT - Created owner id=169 customerCode=UNKNOWN-F3D46FFF registrationDate=2026-09-07 membershipLevel=1 membershipNumber=UNKNOWN-F3D46FFF-M27
INFO  AUDIT - Created owner id=170 customerCode=UNKNOWN-4DC793CA registrationDate=2026-09-07 membershipLevel=1 membershipNumber=UNKNOWN-4DC793CA-M27
INFO  AUDIT - Created owner id=171 customerCode=UNKNOWN-9852482D registrationDate=2026-09-07 membershipLevel=1 membershipNumber=UNKNOWN-9852482D-M27
INFO  AUDIT - Created owner id=172 customerCode=UNKNOWN-F4B02ADC registrationDate=2026-09-07 membershipLevel=1 membershipNumber=UNKNOWN-F4B02ADC-M27
INFO  AUDIT - Created owner id=173 customerCode=UNKNOWN-FBA37572 registrationDate=2026-09-07 membershipLevel=1 membershipNumber=UNKNOWN-FBA37572-M27
INFO  AnnotationConfigContextLoaderUtils - Could not detect default configuration classes for test class [org.springframework.samples.petclinic.acceptance.Cp08Tests]: Cp08Tests does not declare any static, non-private, non-final, nested classes annotated with @Configuration.
INFO  SpringBootTestContextBootstrapper - Found @SpringBootConfiguration org.springframework.samples.petclinic.PetClinicApplication for test class org.springframework.samples.petclinic.acceptance.Cp08Tests
INFO  AnnotationConfigContextLoaderUtils - Could not detect default configuration classes for test class [org.springframework.samples.petclinic.acceptance.Cp08Tests]: Cp08Tests does not declare any static, non-private, non-final, nested classes annotated with @Configuration.
INFO  AnnotationConfigContextLoaderUtils - Could not detect default configuration classes for test class [org.springframework.samples.petclinic.acceptance.AcceptanceBase]: AcceptanceBase does not declare any static, non-private, non-final, nested classes annotated with @Configuration.
INFO  SpringBootTestContextBootstrapper - Found @SpringBootConfiguration org.springframework.samples.petclinic.PetClinicApplication for test class org.springframework.samples.petclinic.acceptance.Cp08Tests
INFO  AUDIT - Created owner id=174 customerCode=UNKNOWN-FAA8573B registrationDate=2026-09-07 membershipLevel=1 membershipNumber=UNKNOWN-FAA8573B-M27
INFO  AUDIT - Created owner id=175 customerCode=UNKNOWN-8B4FC11F registrationDate=2026-09-07 membershipLevel=1 membershipNumber=UNKNOWN-8B4FC11F-M27
INFO  AnnotationConfigContextLoaderUtils - Could not detect default configuration classes for test class [org.springframework.samples.petclinic.acceptance.Cp07Tests]: Cp07Tests does not declare any static, non-private, non-final, nested classes annotated with @Configuration.
INFO  SpringBootTestContextBootstrapper - Found @SpringBootConfiguration org.springframework.samples.petclinic.PetClinicApplication for test class org.springframework.samples.petclinic.acceptance.Cp07Tests
INFO  AnnotationConfigContextLoaderUtils - Could not detect default configuration classes for test class [org.springframework.samples.petclinic.acceptance.Cp07Tests]: Cp07Tests does not declare any static, non-private, non-final, nested classes annotated with @Configuration.
INFO  AnnotationConfigContextLoaderUtils - Could not detect default configuration classes for test class [org.springframework.samples.petclinic.acceptance.AcceptanceBase]: AcceptanceBase does not declare any static, non-private, non-final, nested classes annotated with @Configuration.
INFO  SpringBootTestContextBootstrapper - Found @SpringBootConfiguration org.springframework.samples.petclinic.PetClinicApplication for test class org.springframework.samples.petclinic.acceptance.Cp07Tests
INFO  AUDIT - Created owner id=176 customerCode=UNKNOWN-C3B27636 registrationDate=2026-01-06 membershipLevel=3 membershipNumber=UNKNOWN-C3B27636-M26
INFO  AUDIT - Created owner id=177 customerCode=UNKNOWN-5C566900 registrationDate=2026-01-05 membershipLevel=3 membershipNumber=UNKNOWN-5C566900-M26
INFO  AnnotationConfigContextLoaderUtils - Could not detect default configuration classes for test class [org.springframework.samples.petclinic.acceptance.Cp36Tests]: Cp36Tests does not declare any static, non-private, non-final, nested classes annotated with @Configuration.
INFO  SpringBootTestContextBootstrapper - Found @SpringBootConfiguration org.springframework.samples.petclinic.PetClinicApplication for test class org.springframework.samples.petclinic.acceptance.Cp36Tests
INFO  AnnotationConfigContextLoaderUtils - Could not detect default configuration classes for test class [org.springframework.samples.petclinic.acceptance.Cp36Tests]: Cp36Tests does not declare any static, non-private, non-final, nested classes annotated with @Configuration.
INFO  AnnotationConfigContextLoaderUtils - Could not detect default configuration classes for test class [org.springframework.samples.petclinic.acceptance.AcceptanceBase]: AcceptanceBase does not declare any static, non-private, non-final, nested classes annotated with @Configuration.
INFO  SpringBootTestContextBootstrapper - Found @SpringBootConfiguration org.springframework.samples.petclinic.PetClinicApplication for test class org.springframework.samples.petclinic.acceptance.Cp36Tests
INFO  AUDIT - Created owner id=178 customerCode=NSW-9F867895 registrationDate=2026-09-07 membershipLevel=1 membershipNumber=NSW-9F867895-M27
INFO  AUDIT - Created owner id=179 customerCode=NSW-CD823C18 registrationDate=2026-09-07 membershipLevel=1 membershipNumber=NSW-CD823C18-M27
INFO  AnnotationConfigContextLoaderUtils - Could not detect default configuration classes for test class [org.springframework.samples.petclinic.acceptance.Cp37Tests]: Cp37Tests does not declare any static, non-private, non-final, nested classes annotated with @Configuration.
INFO  SpringBootTestContextBootstrapper - Found @SpringBootConfiguration org.springframework.samples.petclinic.PetClinicApplication for test class org.springframework.samples.petclinic.acceptance.Cp37Tests
INFO  AnnotationConfigContextLoaderUtils - Could not detect default configuration classes for test class [org.springframework.samples.petclinic.acceptance.Cp37Tests]: Cp37Tests does not declare any static, non-private, non-final, nested classes annotated with @Configuration.
INFO  AnnotationConfigContextLoaderUtils - Could not detect default configuration classes for test class [org.springframework.samples.petclinic.acceptance.AcceptanceBase]: AcceptanceBase does not declare any static, non-private, non-final, nested classes annotated with @Configuration.
INFO  SpringBootTestContextBootstrapper - Found @SpringBootConfiguration org.springframework.samples.petclinic.PetClinicApplication for test class org.springframework.samples.petclinic.acceptance.Cp37Tests
INFO  AUDIT - Created owner id=180 customerCode=UNKNOWN-B6922347 registrationDate=2026-09-07 membershipLevel=1 membershipNumber=UNKNOWN-B6922347-M27
INFO  AnnotationConfigContextLoaderUtils - Could not detect default configuration classes for test class [org.springframework.samples.petclinic.acceptance.Cp40Tests]: Cp40Tests does not declare any static, non-private, non-final, nested classes annotated with @Configuration.
INFO  SpringBootTestContextBootstrapper - Found @SpringBootConfiguration org.springframework.samples.petclinic.PetClinicApplication for test class org.springframework.samples.petclinic.acceptance.Cp40Tests
INFO  AnnotationConfigContextLoaderUtils - Could not detect default configuration classes for test class [org.springframework.samples.petclinic.acceptance.Cp40Tests]: Cp40Tests does not declare any static, non-private, non-final, nested classes annotated with @Configuration.
INFO  AnnotationConfigContextLoaderUtils - Could not detect default configuration classes for test class [org.springframework.samples.petclinic.acceptance.AcceptanceBase]: AcceptanceBase does not declare any static, non-private, non-final, nested classes annotated with @Configuration.
INFO  SpringBootTestContextBootstrapper - Found @SpringBootConfiguration org.springframework.samples.petclinic.PetClinicApplication for test class org.springframework.samples.petclinic.acceptance.Cp40Tests
INFO  AUDIT - Created owner id=181 customerCode=NSW-4AECA990 registrationDate=2026-09-07 membershipLevel=2 membershipNumber=NSW-4AECA990-M27
INFO  AnnotationConfigContextLoaderUtils - Could not detect default configuration classes for test class [org.springframework.samples.petclinic.acceptance.Cp25Tests]: Cp25Tests does not declare any static, non-private, non-final, nested classes annotated with @Configuration.
INFO  SpringBootTestContextBootstrapper - Found @SpringBootConfiguration org.springframework.samples.petclinic.PetClinicApplication for test class org.springframework.samples.petclinic.acceptance.Cp25Tests
INFO  AnnotationConfigContextLoaderUtils - Could not detect default configuration classes for test class [org.springframework.samples.petclinic.acceptance.Cp25Tests]: Cp25Tests does not declare any static, non-private, non-final, nested classes annotated with @Configuration.
INFO  AnnotationConfigContextLoaderUtils - Could not detect default configuration classes for test class [org.springframework.samples.petclinic.acceptance.AcceptanceBase]: AcceptanceBase does not declare any static, non-private, non-final, nested classes annotated with @Configuration.
INFO  SpringBootTestContextBootstrapper - Found @SpringBootConfiguration org.springframework.samples.petclinic.PetClinicApplication for test class org.springframework.samples.petclinic.acceptance.Cp25Tests
INFO  AUDIT - Created owner id=182 customerCode=UNKNOWN-6C6C2EB5 registrationDate=2026-09-07 membershipLevel=2 membershipNumber=UNKNOWN-6C6C2EB5-M27
INFO  AnnotationConfigContextLoaderUtils - Could not detect default configuration classes for test class [org.springframework.samples.petclinic.acceptance.Cp35Tests]: Cp35Tests does not declare any static, non-private, non-final, nested classes annotated with @Configuration.
INFO  SpringBootTestContextBootstrapper - Found @SpringBootConfiguration org.springframework.samples.petclinic.PetClinicApplication for test class org.springframework.samples.petclinic.acceptance.Cp35Tests
INFO  AnnotationConfigContextLoaderUtils - Could not detect default configuration classes for test class [org.springframework.samples.petclinic.acceptance.Cp35Tests]: Cp35Tests does not declare any static, non-private, non-final, nested classes annotated with @Configuration.
INFO  AnnotationConfigContextLoaderUtils - Could not detect default configuration classes for test class [org.springframework.samples.petclinic.acceptance.AcceptanceBase]: AcceptanceBase does not declare any static, non-private, non-final, nested classes annotated with @Configuration.
INFO  SpringBootTestContextBootstrapper - Found @SpringBootConfiguration org.springframework.samples.petclinic.PetClinicApplication for test class org.springframework.samples.petclinic.acceptance.Cp35Tests
INFO  AUDIT - Created owner id=183 customerCode=NSW-A3A0CCB5 registrationDate=2026-09-07 membershipLevel=1 membershipNumber=NSW-A3A0CCB5-M27
INFO  AUDIT - Created owner id=184 customerCode=NSW-8A2BE3DD registrationDate=2026-09-07 membershipLevel=1 membershipNumber=NSW-8A2BE3DD-M27
INFO  AnnotationConfigContextLoaderUtils - Could not detect default configuration classes for test class [org.springframework.samples.petclinic.acceptance.Cp05Tests]: Cp05Tests does not declare any static, non-private, non-final, nested classes annotated with @Configuration.
INFO  SpringBootTestContextBootstrapper - Found @SpringBootConfiguration org.springframework.samples.petclinic.PetClinicApplication for test class org.springframework.samples.petclinic.acceptance.Cp05Tests
INFO  AnnotationConfigContextLoaderUtils - Could not detect default configuration classes for test class [org.springframework.samples.petclinic.acceptance.Cp05Tests]: Cp05Tests does not declare any static, non-private, non-final, nested classes annotated with @Configuration.
INFO  AnnotationConfigContextLoaderUtils - Could not detect default configuration classes for test class [org.springframework.samples.petclinic.acceptance.AcceptanceBase]: AcceptanceBase does not declare any static, non-private, non-final, nested classes annotated with @Configuration.
INFO  SpringBootTestContextBootstrapper - Found @SpringBootConfiguration org.springframework.samples.petclinic.PetClinicApplication for test class org.springframework.samples.petclinic.acceptance.Cp05Tests
INFO  AUDIT - Created owner id=185 customerCode=UNKNOWN-FA022719 registrationDate=2026-09-07 membershipLevel=1 membershipNumber=UNKNOWN-FA022719-M27
INFO  AnnotationConfigContextLoaderUtils - Could not detect default configuration classes for test class [org.springframework.samples.petclinic.acceptance.Cp51Tests]: Cp51Tests does not declare any static, non-private, non-final, nested classes annotated with @Configuration.
INFO  SpringBootTestContextBootstrapper - Found @SpringBootConfiguration org.springframework.samples.petclinic.PetClinicApplication for test class org.springframework.samples.petclinic.acceptance.Cp51Tests
INFO  AnnotationConfigContextLoaderUtils - Could not detect default configuration classes for test class [org.springframework.samples.petclinic.acceptance.Cp51Tests]: Cp51Tests does not declare any static, non-private, non-final, nested classes annotated with @Configuration.
INFO  AnnotationConfigContextLoaderUtils - Could not detect default configuration classes for test class [org.springframework.samples.petclinic.acceptance.AcceptanceBase]: AcceptanceBase does not declare any static, non-private, non-final, nested classes annotated with @Configuration.
INFO  SpringBootTestContextBootstrapper - Found @SpringBootConfiguration org.springframework.samples.petclinic.PetClinicApplication for test class org.springframework.samples.petclinic.acceptance.Cp51Tests
INFO  AUDIT - Created owner id=186 customerCode=NSW-95ED3DD3 registrationDate=2026-09-07 membershipLevel=1 membershipNumber=NSW-95ED3DD3-M27
INFO  AUDIT - Created owner id=187 customerCode=NSW-79399600 registrationDate=2026-09-07 membershipLevel=2 membershipNumber=NSW-79399600-M27
INFO  AnnotationConfigContextLoaderUtils - Could not detect default configuration classes for test class [org.springframework.samples.petclinic.acceptance.Cp47Tests]: Cp47Tests does not declare any static, non-private, non-final, nested classes annotated with @Configuration.
INFO  SpringBootTestContextBootstrapper - Found @SpringBootConfiguration org.springframework.samples.petclinic.PetClinicApplication for test class org.springframework.samples.petclinic.acceptance.Cp47Tests
INFO  AnnotationConfigContextLoaderUtils - Could not detect default configuration classes for test class [org.springframework.samples.petclinic.acceptance.Cp47Tests]: Cp47Tests does not declare any static, non-private, non-final, nested classes annotated with @Configuration.
INFO  AnnotationConfigContextLoaderUtils - Could not detect default configuration classes for test class [org.springframework.samples.petclinic.acceptance.AcceptanceBase]: AcceptanceBase does not declare any static, non-private, non-final, nested classes annotated with @Configuration.
INFO  SpringBootTestContextBootstrapper - Found @SpringBootConfiguration org.springframework.samples.petclinic.PetClinicApplication for test class org.springframework.samples.petclinic.acceptance.Cp47Tests
INFO  AUDIT - Created owner id=188 customerCode=NSW-49889DC4 registrationDate=2026-09-07 membershipLevel=1 membershipNumber=NSW-49889DC4-M27
INFO  AnnotationConfigContextLoaderUtils - Could not detect default configuration classes for test class [org.springframework.samples.petclinic.acceptance.Cp09Tests]: Cp09Tests does not declare any static, non-private, non-final, nested classes annotated with @Configuration.
INFO  SpringBootTestContextBootstrapper - Found @SpringBootConfiguration org.springframework.samples.petclinic.PetClinicApplication for test class org.springframework.samples.petclinic.acceptance.Cp09Tests
INFO  AnnotationConfigContextLoaderUtils - Could not detect default configuration classes for test class [org.springframework.samples.petclinic.acceptance.Cp09Tests]: Cp09Tests does not declare any static, non-private, non-final, nested classes annotated with @Configuration.
INFO  AnnotationConfigContextLoaderUtils - Could not detect default configuration classes for test class [org.springframework.samples.petclinic.acceptance.AcceptanceBase]: AcceptanceBase does not declare any static, non-private, non-final, nested classes annotated with @Configuration.
INFO  SpringBootTestContextBootstrapper - Found @SpringBootConfiguration org.springframework.samples.petclinic.PetClinicApplication for test class org.springframework.samples.petclinic.acceptance.Cp09Tests
INFO  AUDIT - Created owner id=189 customerCode=NSW-B0652E28 registrationDate=2026-09-07 membershipLevel=1 membershipNumber=NSW-B0652E28-M27
INFO  AnnotationConfigContextLoaderUtils - Could not detect default configuration classes for test class [org.springframework.samples.petclinic.acceptance.Cp52Tests]: Cp52Tests does not declare any static, non-private, non-final, nested classes annotated with @Configuration.
INFO  SpringBootTestContextBootstrapper - Found @SpringBootConfiguration org.springframework.samples.petclinic.PetClinicApplication for test class org.springframework.samples.petclinic.acceptance.Cp52Tests
INFO  AnnotationConfigContextLoaderUtils - Could not detect default configuration classes for test class [org.springframework.samples.petclinic.acceptance.Cp52Tests]: Cp52Tests does not declare any static, non-private, non-final, nested classes annotated with @Configuration.
INFO  AnnotationConfigContextLoaderUtils - Could not detect default configuration classes for test class [org.springframework.samples.petclinic.acceptance.AcceptanceBase]: AcceptanceBase does not declare any static, non-private, non-final, nested classes annotated with @Configuration.
INFO  SpringBootTestContextBootstrapper - Found @SpringBootConfiguration org.springframework.samples.petclinic.PetClinicApplication for test class org.springframework.samples.petclinic.acceptance.Cp52Tests
INFO  AUDIT - Created owner id=190 customerCode=NSW-6A778911 registrationDate=2026-09-07 membershipLevel=1 membershipNumber=NSW-6A778911-M27
INFO  AUDIT - Created owner id=191 customerCode=NSW-1A91DA51 registrationDate=2026-09-07 membershipLevel=2 membershipNumber=NSW-1A91DA51-M27
INFO  AnnotationConfigContextLoaderUtils - Could not detect default configuration classes for test class [org.springframework.samples.petclinic.acceptance.Cp23Tests]: Cp23Tests does not declare any static, non-private, non-final, nested classes annotated with @Configuration.
INFO  SpringBootTestContextBootstrapper - Found @SpringBootConfiguration org.springframework.samples.petclinic.PetClinicApplication for test class org.springframework.samples.petclinic.acceptance.Cp23Tests
INFO  AnnotationConfigContextLoaderUtils - Could not detect default configuration classes for test class [org.springframework.samples.petclinic.acceptance.Cp23Tests]: Cp23Tests does not declare any static, non-private, non-final, nested classes annotated with @Configuration.
INFO  AnnotationConfigContextLoaderUtils - Could not detect default configuration classes for test class [org.springframework.samples.petclinic.acceptance.AcceptanceBase]: AcceptanceBase does not declare any static, non-private, non-final, nested classes annotated with @Configuration.
INFO  SpringBootTestContextBootstrapper - Found @SpringBootConfiguration org.springframework.samples.petclinic.PetClinicApplication for test class org.springframework.samples.petclinic.acceptance.Cp23Tests
INFO  AUDIT - Created owner id=192 customerCode=NSW-F487F9A3 registrationDate=2026-09-07 membershipLevel=1 membershipNumber=NSW-F487F9A3-M27
INFO  AUDIT - Created owner id=193 customerCode=NSW-57996BD5 registrationDate=2026-09-07 membershipLevel=1 membershipNumber=NSW-57996BD5-M27
INFO  AUDIT - Created owner id=194 customerCode=NSW-9C250940 registrationDate=2026-09-07 membershipLevel=3 membershipNumber=NSW-9C250940-M27

MockHttpServletRequest:
      HTTP Method = POST
      Request URI = /api/owners
       Parameters = {}
          Headers = [Content-Type:"application/json;charset=UTF-8", Content-Length:"152"]
             Body = {"firstName":"Fnaco","lastName":"Suracj","address":"766 Test Street","city":"Town767","telephone":"0400000768","postcode":"2000","sharesHousehold":true}
    Session Attrs = {SPRING_SECURITY_CONTEXT=SecurityContextImpl [Authentication=UsernamePasswordAuthenticationToken [Principal=org.springframework.security.core.userdetails.User [Username=acceptance-admin, Password=[PROTECTED], Enabled=true, AccountNonExpired=true, CredentialsNonExpired=true, AccountNonLocked=true, Granted Authorities=[ROLE_ADMIN, ROLE_OWNER_ADMIN, ROLE_VET_ADMIN]], Credentials=[PROTECTED], Authenticated=true, Details=null, Granted Authorities=[ROLE_ADMIN, ROLE_OWNER_ADMIN, ROLE_VET_ADMIN]]]}

Handler:
             Type = org.springframework.web.servlet.resource.ResourceHttpRequestHandler

Async:
    Async started = false
     Async result = null

Resolved Exception:
             Type = null

ModelAndView:
        View name = null
             View = null
            Model = null

FlashMap:
       Attributes = null

MockHttpServletResponse:
           Status = 201
    Error message = null
          Headers = [Location:"/api/owners/192", Content-Type:"application/json", X-Content-Type-Options:"nosniff", X-XSS-Protection:"0", Cache-Control:"no-cache, no-store, max-age=0, must-revalidate", Pragma:"no-cache", Expires:"0", X-Frame-Options:"DENY"]
     Content type = application/json
             Body = {"firstName":"Fnaco","lastName":"Suracj","city":"Town767","telephone":"+61400000768","pets":[],"address":"766 TEST STREET","addressLine1":null,"addressLine2":null,"ageBand":null,"birthDate":null,"bulkSignupWarning":false,"checkDigit":4,"contactPreference":"PHONE","customerCode":"NSW-F487F9A3","deleted":false,"displayName":"Suracj, Fnaco","email":null,"fiscalYear":"FY27","householdId":"15ea206430d8","id":192,"identityKey":"69e1386039c6d1b4241f9f52573225ca5423072a83dd708c1f914a38d3e7e32d","initials":"F.S.","locality":"NSW","membershipLevel":1,"membershipNumber":"NSW-F487F9A3-M27","membershipPoints":1,"namesakeCount":0,"possibleDuplicate":false,"possibleDuplicateOf":null,"postcode":"2000","registrationDate":"2026-09-07","salutation":"Suracj","selfLink":null,"sharesHousehold":null,"telephoneDisplay":"+61 400 000 768","timezone":"Australia/Sydney","title":null}
    Forwarded URL = null
   Redirected URL = /api/owners/192
          Cookies = []

MockHttpServletRequest:
      HTTP Method = POST
      Request URI = /api/owners
       Parameters = {}
          Headers = [Content-Type:"application/json;charset=UTF-8", Content-Length:"152"]
             Body = {"firstName":"Fnact","lastName":"Suracj","address":"771 Test Street","city":"Town772","telephone":"0400000773","postcode":"2000","sharesHousehold":true}
    Session Attrs = {SPRING_SECURITY_CONTEXT=SecurityContextImpl [Authentication=UsernamePasswordAuthenticationToken [Principal=org.springframework.security.core.userdetails.User [Username=acceptance-admin, Password=[PROTECTED], Enabled=true, AccountNonExpired=true, CredentialsNonExpired=true, AccountNonLocked=true, Granted Authorities=[ROLE_ADMIN, ROLE_OWNER_ADMIN, ROLE_VET_ADMIN]], Credentials=[PROTECTED], Authenticated=true, Details=null, Granted Authorities=[ROLE_ADMIN, ROLE_OWNER_ADMIN, ROLE_VET_ADMIN]]]}

Handler:
             Type = org.springframework.web.servlet.resource.ResourceHttpRequestHandler

Async:
    Async started = false
     Async result = null

Resolved Exception:
             Type = null

ModelAndView:
        View name = null
             View = null
            Model = null

FlashMap:
       Attributes = null

MockHttpServletResponse:
           Status = 201
    Error message = null
          Headers = [Location:"/api/owners/193", Content-Type:"application/json", X-Content-Type-Options:"nosniff", X-XSS-Protection:"0", Cache-Control:"no-cache, no-store, max-age=0, must-revalidate", Pragma:"no-cache", Expires:"0", X-Frame-Options:"DENY"]
     Content type = application/json
             Body = {"firstName":"Fnact","lastName":"Suracj","city":"Town772","telephone":"+61400000773","pets":[],"address":"771 TEST STREET","addressLine1":null,"addressLine2":null,"ageBand":null,"birthDate":null,"bulkSignupWarning":false,"checkDigit":5,"contactPreference":"PHONE","customerCode":"NSW-57996BD5","deleted":false,"displayName":"Suracj, Fnact","email":null,"fiscalYear":"FY27","householdId":"15ea206430d8","id":193,"identityKey":"21bc9d3fb1965da3b0127c18444bb393507d8da27e522dda2342cd3123fd4f48","initials":"F.S.","locality":"NSW","membershipLevel":1,"membershipNumber":"NSW-57996BD5-M27","membershipPoints":0,"namesakeCount":1,"possibleDuplicate":false,"possibleDuplicateOf":null,"postcode":"2000","registrationDate":"2026-09-07","salutation":"Suracj","selfLink":null,"sharesHousehold":null,"telephoneDisplay":"+61 400 000 773","timezone":"Australia/Sydney","title":null}
    Forwarded URL = null
   Redirected URL = /api/owners/193
          Cookies = []

MockHttpServletRequest:
      HTTP Method = POST
      Request URI = /api/owners
       Parameters = {}
          Headers = [Content-Type:"application/json;charset=UTF-8", Content-Length:"184"]
             Body = {"firstName":"Fnacy","lastName":"Suracj","address":"776 Test Street","city":"Town777","telephone":"0400000778","postcode":"2000","sharesHousehold":true,"email":"owner780@example.test"}
    Session Attrs = {SPRING_SECURITY_CONTEXT=SecurityContextImpl [Authentication=UsernamePasswordAuthenticationToken [Principal=org.springframework.security.core.userdetails.User [Username=acceptance-admin, Password=[PROTECTED], Enabled=true, AccountNonExpired=true, CredentialsNonExpired=true, AccountNonLocked=true, Granted Authorities=[ROLE_ADMIN, ROLE_OWNER_ADMIN, ROLE_VET_ADMIN]], Credentials=[PROTECTED], Authenticated=true, Details=null, Granted Authorities=[ROLE_ADMIN, ROLE_OWNER_ADMIN, ROLE_VET_ADMIN]]]}

Handler:
             Type = org.springframework.web.servlet.resource.ResourceHttpRequestHandler

Async:
    Async started = false
     Async result = null

Resolved Exception:
             Type = null

ModelAndView:
        View name = null
             View = null
            Model = null

FlashMap:
       Attributes = null

MockHttpServletResponse:
           Status = 201
    Error message = null
          Headers = [Location:"/api/owners/194", Content-Type:"application/json", X-Content-Type-Options:"nosniff", X-XSS-Protection:"0", Cache-Control:"no-cache, no-store, max-age=0, must-revalidate", Pragma:"no-cache", Expires:"0", X-Frame-Options:"DENY"]
     Content type = application/json
             Body = {"firstName":"Fnacy","lastName":"Suracj","city":"Town777","telephone":"+61400000778","pets":[],"address":"776 TEST STREET","addressLine1":null,"addressLine2":null,"ageBand":null,"birthDate":null,"bulkSignupWarning":false,"checkDigit":5,"contactPreference":"EMAIL","customerCode":"NSW-9C250940","deleted":false,"displayName":"Suracj, Fnacy","email":"owner780@example.test","fiscalYear":"FY27","householdId":"15ea206430d8","id":194,"identityKey":"d90f79c710864ff9ba83519da0c78dae0c1e0a0c2ed3857e0876bb797f356ae7","initials":"F.S.","locality":"NSW","membershipLevel":2,"membershipNumber":"NSW-9C250940-M27","membershipPoints":4,"namesakeCount":2,"possibleDuplicate":false,"possibleDuplicateOf":null,"postcode":"2000","registrationDate":"2026-09-07","salutation":"Suracj","selfLink":null,"sharesHousehold":null,"telephoneDisplay":"+61 400 000 778","timezone":"Australia/Sydney","title":null}
    Forwarded URL = null
   Redirected URL = /api/owners/194
          Cookies = []

MockHttpServletRequest:
      HTTP Method = GET
      Request URI = /api/owners/194
       Parameters = {}
          Headers = []
             Body = null
    Session Attrs = {SPRING_SECURITY_CONTEXT=SecurityContextImpl [Authentication=UsernamePasswordAuthenticationToken [Principal=org.springframework.security.core.userdetails.User [Username=acceptance-admin, Password=[PROTECTED], Enabled=true, AccountNonExpired=true, CredentialsNonExpired=true, AccountNonLocked=true, Granted Authorities=[ROLE_ADMIN, ROLE_OWNER_ADMIN, ROLE_VET_ADMIN]], Credentials=[PROTECTED], Authenticated=true, Details=null, Granted Authorities=[ROLE_ADMIN, ROLE_OWNER_ADMIN, ROLE_VET_ADMIN]]]}

Handler:
             Type = org.springframework.web.servlet.resource.ResourceHttpRequestHandler

Async:
    Async started = false
     Async result = null

Resolved Exception:
             Type = null

ModelAndView:
        View name = null
             View = null
            Model = null

FlashMap:
       Attributes = null

MockHttpServletResponse:
           Status = 200
    Error message = null
          Headers = [Content-Type:"application/json", X-Content-Type-Options:"nosniff", X-XSS-Protection:"0", Cache-Control:"no-cache, no-store, max-age=0, must-revalidate", Pragma:"no-cache", Expires:"0", X-Frame-Options:"DENY"]
     Content type = application/json
             Body = {"firstName":"Fnacy","lastName":"Suracj","city":"Town777","telephone":"+61400000778","pets":[],"address":"776 TEST STREET","addressLine1":null,"addressLine2":null,"ageBand":null,"birthDate":null,"bulkSignupWarning":false,"checkDigit":5,"contactPreference":"EMAIL","customerCode":"NSW-9C250940","deleted":false,"displayName":"Suracj, Fnacy","email":"owner780@example.test","fiscalYear":"FY27","householdId":"15ea206430d8","id":194,"identityKey":"d90f79c710864ff9ba83519da0c78dae0c1e0a0c2ed3857e0876bb797f356ae7","initials":"F.S.","locality":"NSW","membershipLevel":2,"membershipNumber":"NSW-9C250940-M27","membershipPoints":4,"namesakeCount":2,"possibleDuplicate":false,"possibleDuplicateOf":null,"postcode":"2000","registrationDate":"2026-09-07","salutation":"Suracj","selfLink":"/api/owners/194","sharesHousehold":null,"telephoneDisplay":"+61 400 000 778","timezone":"Australia/Sydney","title":null}
    Forwarded URL = null
   Redirected URL = null
          Cookies = []
[ERROR] Tests run: 1, Failures: 1, Errors: 0, Skipped: 0, Time elapsed: 0.051 s <<< FAILURE! -- in org.springframework.samples.petclinic.acceptance.Cp23Tests
[ERROR] org.springframework.samples.petclinic.acceptance.Cp23Tests.coreHouseholdAddsPoints -- Time elapsed: 0.044 s <<< FAILURE!
java.lang.AssertionError: JSON path "$.membershipPoints" expected:<5> but was:<4>
	at org.springframework.test.util.AssertionErrors.fail(AssertionErrors.java:62)
	at org.springframework.test.util.AssertionErrors.assertEquals(AssertionErrors.java:129)
	at org.springframework.test.util.JsonPathExpectationsHelper.assertValue(JsonPathExpectationsHelper.java:172)
	at org.springframework.test.web.servlet.result.JsonPathResultMatchers.lambda$value$2(JsonPathResultMatchers.java:111)
	at org.springframework.test.web.servlet.MockMvc$1.andExpect(MockMvc.java:212)
	at org.springframework.samples.petclinic.acceptance.Cp23Tests.coreHouseholdAddsPoints(Cp23Tests.java:28)

INFO  AnnotationConfigContextLoaderUtils - Could not detect default configuration classes for test class [org.springframework.samples.petclinic.acceptance.Cp33Tests]: Cp33Tests does not declare any static, non-private, non-final, nested classes annotated with @Configuration.
INFO  SpringBootTestContextBootstrapper - Found @SpringBootConfiguration org.springframework.samples.petclinic.PetClinicApplication for test class org.springframework.samples.petclinic.acceptance.Cp33Tests
INFO  AnnotationConfigContextLoaderUtils - Could not detect default configuration classes for test class [org.springframework.samples.petclinic.acceptance.Cp33Tests]: Cp33Tests does not declare any static, non-private, non-final, nested classes annotated with @Configuration.
INFO  AnnotationConfigContextLoaderUtils - Could not detect default configuration classes for test class [org.springframework.samples.petclinic.acceptance.AcceptanceBase]: AcceptanceBase does not declare any static, non-private, non-final, nested classes annotated with @Configuration.
INFO  SpringBootTestContextBootstrapper - Found @SpringBootConfiguration org.springframework.samples.petclinic.PetClinicApplication for test class org.springframework.samples.petclinic.acceptance.Cp33Tests
INFO  AnnotationConfigContextLoaderUtils - Could not detect default configuration classes for test class [org.springframework.samples.petclinic.acceptance.Cp20Tests]: Cp20Tests does not declare any static, non-private, non-final, nested classes annotated with @Configuration.
INFO  SpringBootTestContextBootstrapper - Found @SpringBootConfiguration org.springframework.samples.petclinic.PetClinicApplication for test class org.springframework.samples.petclinic.acceptance.Cp20Tests
INFO  AnnotationConfigContextLoaderUtils - Could not detect default configuration classes for test class [org.springframework.samples.petclinic.acceptance.Cp20Tests]: Cp20Tests does not declare any static, non-private, non-final, nested classes annotated with @Configuration.
INFO  AnnotationConfigContextLoaderUtils - Could not detect default configuration classes for test class [org.springframework.samples.petclinic.acceptance.AcceptanceBase]: AcceptanceBase does not declare any static, non-private, non-final, nested classes annotated with @Configuration.
INFO  SpringBootTestContextBootstrapper - Found @SpringBootConfiguration org.springframework.samples.petclinic.PetClinicApplication for test class org.springframework.samples.petclinic.acceptance.Cp20Tests
INFO  AUDIT - Created owner id=195 customerCode=UNKNOWN-44E1E1E9 registrationDate=2026-09-07 membershipLevel=1 membershipNumber=UNKNOWN-44E1E1E9-M27
INFO  AnnotationConfigContextLoaderUtils - Could not detect default configuration classes for test class [org.springframework.samples.petclinic.acceptance.Cp15Tests]: Cp15Tests does not declare any static, non-private, non-final, nested classes annotated with @Configuration.
INFO  SpringBootTestContextBootstrapper - Found @SpringBootConfiguration org.springframework.samples.petclinic.PetClinicApplication for test class org.springframework.samples.petclinic.acceptance.Cp15Tests
INFO  AnnotationConfigContextLoaderUtils - Could not detect default configuration classes for test class [org.springframework.samples.petclinic.acceptance.Cp15Tests]: Cp15Tests does not declare any static, non-private, non-final, nested classes annotated with @Configuration.
INFO  AnnotationConfigContextLoaderUtils - Could not detect default configuration classes for test class [org.springframework.samples.petclinic.acceptance.AcceptanceBase]: AcceptanceBase does not declare any static, non-private, non-final, nested classes annotated with @Configuration.
INFO  SpringBootTestContextBootstrapper - Found @SpringBootConfiguration org.springframework.samples.petclinic.PetClinicApplication for test class org.springframework.samples.petclinic.acceptance.Cp15Tests
INFO  AUDIT - Created owner id=196 customerCode=UNKNOWN-0E8076A4 registrationDate=2026-09-07 membershipLevel=2 membershipNumber=UNKNOWN-0E8076A4-M27
INFO  AnnotationConfigContextLoaderUtils - Could not detect default configuration classes for test class [org.springframework.samples.petclinic.acceptance.Cp31Tests]: Cp31Tests does not declare any static, non-private, non-final, nested classes annotated with @Configuration.
INFO  SpringBootTestContextBootstrapper - Found @SpringBootConfiguration org.springframework.samples.petclinic.PetClinicApplication for test class org.springframework.samples.petclinic.acceptance.Cp31Tests
INFO  AnnotationConfigContextLoaderUtils - Could not detect default configuration classes for test class [org.springframework.samples.petclinic.acceptance.Cp31Tests]: Cp31Tests does not declare any static, non-private, non-final, nested classes annotated with @Configuration.
INFO  AnnotationConfigContextLoaderUtils - Could not detect default configuration classes for test class [org.springframework.samples.petclinic.acceptance.AcceptanceBase]: AcceptanceBase does not declare any static, non-private, non-final, nested classes annotated with @Configuration.
INFO  SpringBootTestContextBootstrapper - Found @SpringBootConfiguration org.springframework.samples.petclinic.PetClinicApplication for test class org.springframework.samples.petclinic.acceptance.Cp31Tests
INFO  AUDIT - Created owner id=197 customerCode=NSW-502995F0 registrationDate=2026-09-07 membershipLevel=1 membershipNumber=NSW-502995F0-M27
INFO  AnnotationConfigContextLoaderUtils - Could not detect default configuration classes for test class [org.springframework.samples.petclinic.acceptance.Cp01Tests]: Cp01Tests does not declare any static, non-private, non-final, nested classes annotated with @Configuration.
INFO  SpringBootTestContextBootstrapper - Found @SpringBootConfiguration org.springframework.samples.petclinic.PetClinicApplication for test class org.springframework.samples.petclinic.acceptance.Cp01Tests
INFO  AnnotationConfigContextLoaderUtils - Could not detect default configuration classes for test class [org.springframework.samples.petclinic.acceptance.Cp01Tests]: Cp01Tests does not declare any static, non-private, non-final, nested classes annotated with @Configuration.
INFO  AnnotationConfigContextLoaderUtils - Could not detect default configuration classes for test class [org.springframework.samples.petclinic.acceptance.AcceptanceBase]: AcceptanceBase does not declare any static, non-private, non-final, nested classes annotated with @Configuration.
INFO  SpringBootTestContextBootstrapper - Found @SpringBootConfiguration org.springframework.samples.petclinic.PetClinicApplication for test class org.springframework.samples.petclinic.acceptance.Cp01Tests
INFO  AnnotationConfigContextLoaderUtils - Could not detect default configuration classes for test class [org.springframework.samples.petclinic.acceptance.Cp26Tests]: Cp26Tests does not declare any static, non-private, non-final, nested classes annotated with @Configuration.
INFO  SpringBootTestContextBootstrapper - Found @SpringBootConfiguration org.springframework.samples.petclinic.PetClinicApplication for test class org.springframework.samples.petclinic.acceptance.Cp26Tests
INFO  AnnotationConfigContextLoaderUtils - Could not detect default configuration classes for test class [org.springframework.samples.petclinic.acceptance.Cp26Tests]: Cp26Tests does not declare any static, non-private, non-final, nested classes annotated with @Configuration.
INFO  AnnotationConfigContextLoaderUtils - Could not detect default configuration classes for test class [org.springframework.samples.petclinic.acceptance.AcceptanceBase]: AcceptanceBase does not declare any static, non-private, non-final, nested classes annotated with @Configuration.
INFO  SpringBootTestContextBootstrapper - Found @SpringBootConfiguration org.springframework.samples.petclinic.PetClinicApplication for test class org.springframework.samples.petclinic.acceptance.Cp26Tests
INFO  AnnotationConfigContextLoaderUtils - Could not detect default configuration classes for test class [org.springframework.samples.petclinic.acceptance.Cp46Tests]: Cp46Tests does not declare any static, non-private, non-final, nested classes annotated with @Configuration.
INFO  SpringBootTestContextBootstrapper - Found @SpringBootConfiguration org.springframework.samples.petclinic.PetClinicApplication for test class org.springframework.samples.petclinic.acceptance.Cp46Tests
INFO  AnnotationConfigContextLoaderUtils - Could not detect default configuration classes for test class [org.springframework.samples.petclinic.acceptance.Cp46Tests]: Cp46Tests does not declare any static, non-private, non-final, nested classes annotated with @Configuration.
INFO  AnnotationConfigContextLoaderUtils - Could not detect default configuration classes for test class [org.springframework.samples.petclinic.acceptance.AcceptanceBase]: AcceptanceBase does not declare any static, non-private, non-final, nested classes annotated with @Configuration.
INFO  SpringBootTestContextBootstrapper - Found @SpringBootConfiguration org.springframework.samples.petclinic.PetClinicApplication for test class org.springframework.samples.petclinic.acceptance.Cp46Tests
INFO  AUDIT - Created owner id=198 customerCode=NSW-F06A8EAA registrationDate=2026-09-07 membershipLevel=2 membershipNumber=NSW-F06A8EAA-M27
INFO  AUDIT - Created owner id=199 customerCode=NSW-F06A8EAA-2 registrationDate=2026-09-07 membershipLevel=2 membershipNumber=NSW-F06A8EAA-2-M27
INFO  AnnotationConfigContextLoaderUtils - Could not detect default configuration classes for test class [org.springframework.samples.petclinic.acceptance.Cp27Tests]: Cp27Tests does not declare any static, non-private, non-final, nested classes annotated with @Configuration.
INFO  SpringBootTestContextBootstrapper - Found @SpringBootConfiguration org.springframework.samples.petclinic.PetClinicApplication for test class org.springframework.samples.petclinic.acceptance.Cp27Tests
INFO  AnnotationConfigContextLoaderUtils - Could not detect default configuration classes for test class [org.springframework.samples.petclinic.acceptance.Cp27Tests]: Cp27Tests does not declare any static, non-private, non-final, nested classes annotated with @Configuration.
INFO  AnnotationConfigContextLoaderUtils - Could not detect default configuration classes for test class [org.springframework.samples.petclinic.acceptance.AcceptanceBase]: AcceptanceBase does not declare any static, non-private, non-final, nested classes annotated with @Configuration.
INFO  SpringBootTestContextBootstrapper - Found @SpringBootConfiguration org.springframework.samples.petclinic.PetClinicApplication for test class org.springframework.samples.petclinic.acceptance.Cp27Tests
INFO  AUDIT - Created owner id=200 customerCode=UNKNOWN-DDD1FC1C registrationDate=2026-09-07 membershipLevel=2 membershipNumber=UNKNOWN-DDD1FC1C-M27
INFO  AUDIT - Created owner id=201 customerCode=UNKNOWN-9A661A83 registrationDate=2026-09-07 membershipLevel=1 membershipNumber=UNKNOWN-9A661A83-M27
INFO  AnnotationConfigContextLoaderUtils - Could not detect default configuration classes for test class [org.springframework.samples.petclinic.acceptance.Cp22Tests]: Cp22Tests does not declare any static, non-private, non-final, nested classes annotated with @Configuration.
INFO  SpringBootTestContextBootstrapper - Found @SpringBootConfiguration org.springframework.samples.petclinic.PetClinicApplication for test class org.springframework.samples.petclinic.acceptance.Cp22Tests
INFO  AnnotationConfigContextLoaderUtils - Could not detect default configuration classes for test class [org.springframework.samples.petclinic.acceptance.Cp22Tests]: Cp22Tests does not declare any static, non-private, non-final, nested classes annotated with @Configuration.
INFO  AnnotationConfigContextLoaderUtils - Could not detect default configuration classes for test class [org.springframework.samples.petclinic.acceptance.AcceptanceBase]: AcceptanceBase does not declare any static, non-private, non-final, nested classes annotated with @Configuration.
INFO  SpringBootTestContextBootstrapper - Found @SpringBootConfiguration org.springframework.samples.petclinic.PetClinicApplication for test class org.springframework.samples.petclinic.acceptance.Cp22Tests
INFO  AUDIT - Created owner id=202 customerCode=UNKNOWN-D73BCEC3 registrationDate=2026-09-07 membershipLevel=1 membershipNumber=UNKNOWN-D73BCEC3-M27
INFO  AnnotationConfigContextLoaderUtils - Could not detect default configuration classes for test class [org.springframework.samples.petclinic.acceptance.Cp30Tests]: Cp30Tests does not declare any static, non-private, non-final, nested classes annotated with @Configuration.
INFO  SpringBootTestContextBootstrapper - Found @SpringBootConfiguration org.springframework.samples.petclinic.PetClinicApplication for test class org.springframework.samples.petclinic.acceptance.Cp30Tests
INFO  AnnotationConfigContextLoaderUtils - Could not detect default configuration classes for test class [org.springframework.samples.petclinic.acceptance.Cp30Tests]: Cp30Tests does not declare any static, non-private, non-final, nested classes annotated with @Configuration.
INFO  AnnotationConfigContextLoaderUtils - Could not detect default configuration classes for test class [org.springframework.samples.petclinic.acceptance.AcceptanceBase]: AcceptanceBase does not declare any static, non-private, non-final, nested classes annotated with @Configuration.
INFO  SpringBootTestContextBootstrapper - Found @SpringBootConfiguration org.springframework.samples.petclinic.PetClinicApplication for test class org.springframework.samples.petclinic.acceptance.Cp30Tests
INFO  AUDIT - Created owner id=203 customerCode=NSW-26199C46 registrationDate=2026-09-07 membershipLevel=1 membershipNumber=NSW-26199C46-M27
INFO  AnnotationConfigContextLoaderUtils - Could not detect default configuration classes for test class [org.springframework.samples.petclinic.acceptance.Cp50Tests]: Cp50Tests does not declare any static, non-private, non-final, nested classes annotated with @Configuration.
INFO  SpringBootTestContextBootstrapper - Found @SpringBootConfiguration org.springframework.samples.petclinic.PetClinicApplication for test class org.springframework.samples.petclinic.acceptance.Cp50Tests
INFO  AnnotationConfigContextLoaderUtils - Could not detect default configuration classes for test class [org.springframework.samples.petclinic.acceptance.Cp50Tests]: Cp50Tests does not declare any static, non-private, non-final, nested classes annotated with @Configuration.
INFO  AnnotationConfigContextLoaderUtils - Could not detect default configuration classes for test class [org.springframework.samples.petclinic.acceptance.AcceptanceBase]: AcceptanceBase does not declare any static, non-private, non-final, nested classes annotated with @Configuration.
INFO  SpringBootTestContextBootstrapper - Found @SpringBootConfiguration org.springframework.samples.petclinic.PetClinicApplication for test class org.springframework.samples.petclinic.acceptance.Cp50Tests
INFO  AUDIT - Created owner id=204 customerCode=NSW-C415EC7F registrationDate=2026-09-07 membershipLevel=1 membershipNumber=NSW-C415EC7F-M27
INFO  AnnotationConfigContextLoaderUtils - Could not detect default configuration classes for test class [org.springframework.samples.petclinic.acceptance.Cp24Tests]: Cp24Tests does not declare any static, non-private, non-final, nested classes annotated with @Configuration.
INFO  SpringBootTestContextBootstrapper - Found @SpringBootConfiguration org.springframework.samples.petclinic.PetClinicApplication for test class org.springframework.samples.petclinic.acceptance.Cp24Tests
INFO  AnnotationConfigContextLoaderUtils - Could not detect default configuration classes for test class [org.springframework.samples.petclinic.acceptance.Cp24Tests]: Cp24Tests does not declare any static, non-private, non-final, nested classes annotated with @Configuration.
INFO  AnnotationConfigContextLoaderUtils - Could not detect default configuration classes for test class [org.springframework.samples.petclinic.acceptance.AcceptanceBase]: AcceptanceBase does not declare any static, non-private, non-final, nested classes annotated with @Configuration.
INFO  SpringBootTestContextBootstrapper - Found @SpringBootConfiguration org.springframework.samples.petclinic.PetClinicApplication for test class org.springframework.samples.petclinic.acceptance.Cp24Tests
INFO  AUDIT - Created owner id=205 customerCode=NSW-3006BE33 registrationDate=2026-09-07 membershipLevel=2 membershipNumber=NSW-3006BE33-M27
INFO  AnnotationConfigContextLoaderUtils - Could not detect default configuration classes for test class [org.springframework.samples.petclinic.acceptance.Cp42Tests]: Cp42Tests does not declare any static, non-private, non-final, nested classes annotated with @Configuration.
INFO  SpringBootTestContextBootstrapper - Found @SpringBootConfiguration org.springframework.samples.petclinic.PetClinicApplication for test class org.springframework.samples.petclinic.acceptance.Cp42Tests
INFO  AnnotationConfigContextLoaderUtils - Could not detect default configuration classes for test class [org.springframework.samples.petclinic.acceptance.Cp42Tests]: Cp42Tests does not declare any static, non-private, non-final, nested classes annotated with @Configuration.
INFO  AnnotationConfigContextLoaderUtils - Could not detect default configuration classes for test class [org.springframework.samples.petclinic.acceptance.AcceptanceBase]: AcceptanceBase does not declare any static, non-private, non-final, nested classes annotated with @Configuration.
INFO  SpringBootTestContextBootstrapper - Found @SpringBootConfiguration org.springframework.samples.petclinic.PetClinicApplication for test class org.springframework.samples.petclinic.acceptance.Cp42Tests
INFO  AUDIT - Created owner id=206 customerCode=NSW-C6672215 registrationDate=2026-09-07 membershipLevel=1 membershipNumber=NSW-C6672215-M27
INFO  AnnotationConfigContextLoaderUtils - Could not detect default configuration classes for test class [org.springframework.samples.petclinic.acceptance.Cp41Tests]: Cp41Tests does not declare any static, non-private, non-final, nested classes annotated with @Configuration.
INFO  SpringBootTestContextBootstrapper - Found @SpringBootConfiguration org.springframework.samples.petclinic.PetClinicApplication for test class org.springframework.samples.petclinic.acceptance.Cp41Tests
INFO  AnnotationConfigContextLoaderUtils - Could not detect default configuration classes for test class [org.springframework.samples.petclinic.acceptance.Cp41Tests]: Cp41Tests does not declare any static, non-private, non-final, nested classes annotated with @Configuration.
INFO  AnnotationConfigContextLoaderUtils - Could not detect default configuration classes for test class [org.springframework.samples.petclinic.acceptance.AcceptanceBase]: AcceptanceBase does not declare any static, non-private, non-final, nested classes annotated with @Configuration.
INFO  SpringBootTestContextBootstrapper - Found @SpringBootConfiguration org.springframework.samples.petclinic.PetClinicApplication for test class org.springframework.samples.petclinic.acceptance.Cp41Tests
INFO  AUDIT - Created owner id=207 customerCode=NSW-C96245B5 registrationDate=2026-09-07 membershipLevel=1 membershipNumber=NSW-C96245B5-M27
INFO  AUDIT - Created owner id=208 customerCode=NSW-F9B223E4 registrationDate=2026-09-07 membershipLevel=1 membershipNumber=NSW-F9B223E4-M27
INFO  AnnotationConfigContextLoaderUtils - Could not detect default configuration classes for test class [org.springframework.samples.petclinic.acceptance.Cp32Tests]: Cp32Tests does not declare any static, non-private, non-final, nested classes annotated with @Configuration.
INFO  SpringBootTestContextBootstrapper - Found @SpringBootConfiguration org.springframework.samples.petclinic.PetClinicApplication for test class org.springframework.samples.petclinic.acceptance.Cp32Tests
INFO  AnnotationConfigContextLoaderUtils - Could not detect default configuration classes for test class [org.springframework.samples.petclinic.acceptance.Cp32Tests]: Cp32Tests does not declare any static, non-private, non-final, nested classes annotated with @Configuration.
INFO  AnnotationConfigContextLoaderUtils - Could not detect default configuration classes for test class [org.springframework.samples.petclinic.acceptance.AcceptanceBase]: AcceptanceBase does not declare any static, non-private, non-final, nested classes annotated with @Configuration.
INFO  SpringBootTestContextBootstrapper - Found @SpringBootConfiguration org.springframework.samples.petclinic.PetClinicApplication for test class org.springframework.samples.petclinic.acceptance.Cp32Tests
INFO  AUDIT - Created owner id=209 customerCode=NSW-B66B98FB registrationDate=2026-09-07 membershipLevel=1 membershipNumber=NSW-B66B98FB-M27
INFO  AnnotationConfigContextLoaderUtils - Could not detect default configuration classes for test class [org.springframework.samples.petclinic.acceptance.Cp38Tests]: Cp38Tests does not declare any static, non-private, non-final, nested classes annotated with @Configuration.
INFO  SpringBootTestContextBootstrapper - Found @SpringBootConfiguration org.springframework.samples.petclinic.PetClinicApplication for test class org.springframework.samples.petclinic.acceptance.Cp38Tests
INFO  AnnotationConfigContextLoaderUtils - Could not detect default configuration classes for test class [org.springframework.samples.petclinic.acceptance.Cp38Tests]: Cp38Tests does not declare any static, non-private, non-final, nested classes annotated with @Configuration.
INFO  AnnotationConfigContextLoaderUtils - Could not detect default configuration classes for test class [org.springframework.samples.petclinic.acceptance.AcceptanceBase]: AcceptanceBase does not declare any static, non-private, non-final, nested classes annotated with @Configuration.
INFO  SpringBootTestContextBootstrapper - Found @SpringBootConfiguration org.springframework.samples.petclinic.PetClinicApplication for test class org.springframework.samples.petclinic.acceptance.Cp38Tests
INFO  AnnotationConfigContextLoaderUtils - Could not detect default configuration classes for test class [org.springframework.samples.petclinic.acceptance.Cp02Tests]: Cp02Tests does not declare any static, non-private, non-final, nested classes annotated with @Configuration.
INFO  SpringBootTestContextBootstrapper - Found @SpringBootConfiguration org.springframework.samples.petclinic.PetClinicApplication for test class org.springframework.samples.petclinic.acceptance.Cp02Tests
INFO  AnnotationConfigContextLoaderUtils - Could not detect default configuration classes for test class [org.springframework.samples.petclinic.acceptance.Cp02Tests]: Cp02Tests does not declare any static, non-private, non-final, nested classes annotated with @Configuration.
INFO  AnnotationConfigContextLoaderUtils - Could not detect default configuration classes for test class [org.springframework.samples.petclinic.acceptance.AcceptanceBase]: AcceptanceBase does not declare any static, non-private, non-final, nested classes annotated with @Configuration.
INFO  SpringBootTestContextBootstrapper - Found @SpringBootConfiguration org.springframework.samples.petclinic.PetClinicApplication for test class org.springframework.samples.petclinic.acceptance.Cp02Tests
INFO  AUDIT - Created owner id=210 customerCode=UNKNOWN-E8D2536E registrationDate=2026-09-07 membershipLevel=1 membershipNumber=UNKNOWN-E8D2536E-M27
INFO  AnnotationConfigContextLoaderUtils - Could not detect default configuration classes for test class [org.springframework.samples.petclinic.acceptance.Cp49Tests]: Cp49Tests does not declare any static, non-private, non-final, nested classes annotated with @Configuration.
INFO  SpringBootTestContextBootstrapper - Found @SpringBootConfiguration org.springframework.samples.petclinic.PetClinicApplication for test class org.springframework.samples.petclinic.acceptance.Cp49Tests
INFO  AnnotationConfigContextLoaderUtils - Could not detect default configuration classes for test class [org.springframework.samples.petclinic.acceptance.Cp49Tests]: Cp49Tests does not declare any static, non-private, non-final, nested classes annotated with @Configuration.
INFO  AnnotationConfigContextLoaderUtils - Could not detect default configuration classes for test class [org.springframework.samples.petclinic.acceptance.AcceptanceBase]: AcceptanceBase does not declare any static, non-private, non-final, nested classes annotated with @Configuration.
INFO  SpringBootTestContextBootstrapper - Found @SpringBootConfiguration org.springframework.samples.petclinic.PetClinicApplication for test class org.springframework.samples.petclinic.acceptance.Cp49Tests
INFO  AUDIT - Created owner id=211 customerCode=NSW-63B37D3F registrationDate=2026-09-07 membershipLevel=1 membershipNumber=NSW-63B37D3F-M27
INFO  AnnotationConfigContextLoaderUtils - Could not detect default configuration classes for test class [org.springframework.samples.petclinic.acceptance.Cp45Tests]: Cp45Tests does not declare any static, non-private, non-final, nested classes annotated with @Configuration.
INFO  SpringBootTestContextBootstrapper - Found @SpringBootConfiguration org.springframework.samples.petclinic.PetClinicApplication for test class org.springframework.samples.petclinic.acceptance.Cp45Tests
INFO  AnnotationConfigContextLoaderUtils - Could not detect default configuration classes for test class [org.springframework.samples.petclinic.acceptance.Cp45Tests]: Cp45Tests does not declare any static, non-private, non-final, nested classes annotated with @Configuration.
INFO  AnnotationConfigContextLoaderUtils - Could not detect default configuration classes for test class [org.springframework.samples.petclinic.acceptance.AcceptanceBase]: AcceptanceBase does not declare any static, non-private, non-final, nested classes annotated with @Configuration.
INFO  SpringBootTestContextBootstrapper - Found @SpringBootConfiguration org.springframework.samples.petclinic.PetClinicApplication for test class org.springframework.samples.petclinic.acceptance.Cp45Tests
INFO  AUDIT - Created owner id=212 customerCode=NSW-11648D8C registrationDate=2026-09-07 membershipLevel=1 membershipNumber=NSW-11648D8C-M27
INFO  AnnotationConfigContextLoaderUtils - Could not detect default configuration classes for test class [org.springframework.samples.petclinic.acceptance.Cp14Tests]: Cp14Tests does not declare any static, non-private, non-final, nested classes annotated with @Configuration.
INFO  SpringBootTestContextBootstrapper - Found @SpringBootConfiguration org.springframework.samples.petclinic.PetClinicApplication for test class org.springframework.samples.petclinic.acceptance.Cp14Tests
INFO  AnnotationConfigContextLoaderUtils - Could not detect default configuration classes for test class [org.springframework.samples.petclinic.acceptance.Cp14Tests]: Cp14Tests does not declare any static, non-private, non-final, nested classes annotated with @Configuration.
INFO  AnnotationConfigContextLoaderUtils - Could not detect default configuration classes for test class [org.springframework.samples.petclinic.acceptance.AcceptanceBase]: AcceptanceBase does not declare any static, non-private, non-final, nested classes annotated with @Configuration.
INFO  SpringBootTestContextBootstrapper - Found @SpringBootConfiguration org.springframework.samples.petclinic.PetClinicApplication for test class org.springframework.samples.petclinic.acceptance.Cp14Tests
INFO  AUDIT - Created owner id=213 customerCode=NSW-737F6CC9 registrationDate=2026-09-07 membershipLevel=1 membershipNumber=NSW-737F6CC9-M27
INFO  AnnotationConfigContextLoaderUtils - Could not detect default configuration classes for test class [org.springframework.samples.petclinic.acceptance.Cp48Tests]: Cp48Tests does not declare any static, non-private, non-final, nested classes annotated with @Configuration.
INFO  SpringBootTestContextBootstrapper - Found @SpringBootConfiguration org.springframework.samples.petclinic.PetClinicApplication for test class org.springframework.samples.petclinic.acceptance.Cp48Tests
INFO  AnnotationConfigContextLoaderUtils - Could not detect default configuration classes for test class [org.springframework.samples.petclinic.acceptance.Cp48Tests]: Cp48Tests does not declare any static, non-private, non-final, nested classes annotated with @Configuration.
INFO  AnnotationConfigContextLoaderUtils - Could not detect default configuration classes for test class [org.springframework.samples.petclinic.acceptance.AcceptanceBase]: AcceptanceBase does not declare any static, non-private, non-final, nested classes annotated with @Configuration.
INFO  SpringBootTestContextBootstrapper - Found @SpringBootConfiguration org.springframework.samples.petclinic.PetClinicApplication for test class org.springframework.samples.petclinic.acceptance.Cp48Tests
INFO  AUDIT - Created owner id=214 customerCode=NSW-F8B91D37 registrationDate=2026-09-07 membershipLevel=1 membershipNumber=NSW-F8B91D37-M27
INFO  AnnotationConfigContextLoaderUtils - Could not detect default configuration classes for test class [org.springframework.samples.petclinic.acceptance.Cp44Tests]: Cp44Tests does not declare any static, non-private, non-final, nested classes annotated with @Configuration.
INFO  SpringBootTestContextBootstrapper - Found @SpringBootConfiguration org.springframework.samples.petclinic.PetClinicApplication for test class org.springframework.samples.petclinic.acceptance.Cp44Tests
INFO  AnnotationConfigContextLoaderUtils - Could not detect default configuration classes for test class [org.springframework.samples.petclinic.acceptance.Cp44Tests]: Cp44Tests does not declare any static, non-private, non-final, nested classes annotated with @Configuration.
INFO  AnnotationConfigContextLoaderUtils - Could not detect default configuration classes for test class [org.springframework.samples.petclinic.acceptance.AcceptanceBase]: AcceptanceBase does not declare any static, non-private, non-final, nested classes annotated with @Configuration.
INFO  SpringBootTestContextBootstrapper - Found @SpringBootConfiguration org.springframework.samples.petclinic.PetClinicApplication for test class org.springframework.samples.petclinic.acceptance.Cp44Tests
INFO  AUDIT - Created owner id=215 customerCode=NSW-D50A98FF registrationDate=2026-09-07 membershipLevel=1 membershipNumber=NSW-D50A98FF-M27
INFO  AUDIT - Created owner id=216 customerCode=UNKNOWN-92D9D57C registrationDate=2026-09-07 membershipLevel=1 membershipNumber=UNKNOWN-92D9D57C-M27
INFO  AnnotationConfigContextLoaderUtils - Could not detect default configuration classes for test class [org.springframework.samples.petclinic.acceptance.Cp12Tests]: Cp12Tests does not declare any static, non-private, non-final, nested classes annotated with @Configuration.
INFO  SpringBootTestContextBootstrapper - Found @SpringBootConfiguration org.springframework.samples.petclinic.PetClinicApplication for test class org.springframework.samples.petclinic.acceptance.Cp12Tests
INFO  AnnotationConfigContextLoaderUtils - Could not detect default configuration classes for test class [org.springframework.samples.petclinic.acceptance.Cp12Tests]: Cp12Tests does not declare any static, non-private, non-final, nested classes annotated with @Configuration.
INFO  AnnotationConfigContextLoaderUtils - Could not detect default configuration classes for test class [org.springframework.samples.petclinic.acceptance.AcceptanceBase]: AcceptanceBase does not declare any static, non-private, non-final, nested classes annotated with @Configuration.
INFO  SpringBootTestContextBootstrapper - Found @SpringBootConfiguration org.springframework.samples.petclinic.PetClinicApplication for test class org.springframework.samples.petclinic.acceptance.Cp12Tests
INFO  AUDIT - Created owner id=217 customerCode=NSW-5646902E registrationDate=2026-09-07 membershipLevel=1 membershipNumber=NSW-5646902E-M27
INFO  AnnotationConfigContextLoaderUtils - Could not detect default configuration classes for test class [org.springframework.samples.petclinic.acceptance.Cp39Tests]: Cp39Tests does not declare any static, non-private, non-final, nested classes annotated with @Configuration.
INFO  SpringBootTestContextBootstrapper - Found @SpringBootConfiguration org.springframework.samples.petclinic.PetClinicApplication for test class org.springframework.samples.petclinic.acceptance.Cp39Tests
INFO  AnnotationConfigContextLoaderUtils - Could not detect default configuration classes for test class [org.springframework.samples.petclinic.acceptance.Cp39Tests]: Cp39Tests does not declare any static, non-private, non-final, nested classes annotated with @Configuration.
INFO  AnnotationConfigContextLoaderUtils - Could not detect default configuration classes for test class [org.springframework.samples.petclinic.acceptance.AcceptanceBase]: AcceptanceBase does not declare any static, non-private, non-final, nested classes annotated with @Configuration.
INFO  SpringBootTestContextBootstrapper - Found @SpringBootConfiguration org.springframework.samples.petclinic.PetClinicApplication for test class org.springframework.samples.petclinic.acceptance.Cp39Tests
INFO  AUDIT - Created owner id=218 customerCode=NSW-E4BAAF86 registrationDate=2026-09-07 membershipLevel=1 membershipNumber=NSW-E4BAAF86-M27
INFO  AUDIT - Created owner id=219 customerCode=NSW-B79B0A96 registrationDate=2026-09-07 membershipLevel=1 membershipNumber=NSW-B79B0A96-M27
INFO  AUDIT - Created owner id=220 customerCode=NSW-57318D35 registrationDate=2026-09-07 membershipLevel=3 membershipNumber=NSW-57318D35-M27

MockHttpServletRequest:
      HTTP Method = POST
      Request URI = /api/owners
       Parameters = {}
          Headers = [Content-Type:"application/json;charset=UTF-8", Content-Length:"152"]
             Body = {"firstName":"Fnaid","lastName":"Surahy","address":"911 Test Street","city":"Town912","telephone":"0400000913","postcode":"2000","sharesHousehold":true}
    Session Attrs = {SPRING_SECURITY_CONTEXT=SecurityContextImpl [Authentication=UsernamePasswordAuthenticationToken [Principal=org.springframework.security.core.userdetails.User [Username=acceptance-admin, Password=[PROTECTED], Enabled=true, AccountNonExpired=true, CredentialsNonExpired=true, AccountNonLocked=true, Granted Authorities=[ROLE_ADMIN, ROLE_OWNER_ADMIN, ROLE_VET_ADMIN]], Credentials=[PROTECTED], Authenticated=true, Details=null, Granted Authorities=[ROLE_ADMIN, ROLE_OWNER_ADMIN, ROLE_VET_ADMIN]]]}

Handler:
             Type = org.springframework.web.servlet.resource.ResourceHttpRequestHandler

Async:
    Async started = false
     Async result = null

Resolved Exception:
             Type = null

ModelAndView:
        View name = null
             View = null
            Model = null

FlashMap:
       Attributes = null

MockHttpServletResponse:
           Status = 201
    Error message = null
          Headers = [Location:"/api/owners/218", Content-Type:"application/json", X-Content-Type-Options:"nosniff", X-XSS-Protection:"0", Cache-Control:"no-cache, no-store, max-age=0, must-revalidate", Pragma:"no-cache", Expires:"0", X-Frame-Options:"DENY"]
     Content type = application/json
             Body = {"firstName":"Fnaid","lastName":"Surahy","city":"Town912","telephone":"+61400000913","pets":[],"address":"911 TEST STREET","addressLine1":null,"addressLine2":null,"ageBand":null,"birthDate":null,"bulkSignupWarning":false,"checkDigit":1,"contactPreference":"PHONE","customerCode":"NSW-E4BAAF86","deleted":false,"displayName":"Surahy, Fnaid","email":null,"fiscalYear":"FY27","householdId":"4581a48881ed","id":218,"identityKey":"807ced9720579581f297b7a1284650d49892911b69c75378c61bbeab8def24c0","initials":"F.S.","locality":"NSW","membershipLevel":1,"membershipNumber":"NSW-E4BAAF86-M27","membershipPoints":1,"namesakeCount":0,"possibleDuplicate":false,"possibleDuplicateOf":null,"postcode":"2000","registrationDate":"2026-09-07","salutation":"Surahy","selfLink":null,"sharesHousehold":null,"telephoneDisplay":"+61 400 000 913","timezone":"Australia/Sydney","title":null}
    Forwarded URL = null
   Redirected URL = /api/owners/218
          Cookies = []

MockHttpServletRequest:
      HTTP Method = POST
      Request URI = /api/owners
       Parameters = {}
          Headers = [Content-Type:"application/json;charset=UTF-8", Content-Length:"152"]
             Body = {"firstName":"Fnaii","lastName":"Surahy","address":"916 Test Street","city":"Town917","telephone":"0400000918","postcode":"2000","sharesHousehold":true}
    Session Attrs = {SPRING_SECURITY_CONTEXT=SecurityContextImpl [Authentication=UsernamePasswordAuthenticationToken [Principal=org.springframework.security.core.userdetails.User [Username=acceptance-admin, Password=[PROTECTED], Enabled=true, AccountNonExpired=true, CredentialsNonExpired=true, AccountNonLocked=true, Granted Authorities=[ROLE_ADMIN, ROLE_OWNER_ADMIN, ROLE_VET_ADMIN]], Credentials=[PROTECTED], Authenticated=true, Details=null, Granted Authorities=[ROLE_ADMIN, ROLE_OWNER_ADMIN, ROLE_VET_ADMIN]]]}

Handler:
             Type = org.springframework.web.servlet.resource.ResourceHttpRequestHandler

Async:
    Async started = false
     Async result = null

Resolved Exception:
             Type = null

ModelAndView:
        View name = null
             View = null
            Model = null

FlashMap:
       Attributes = null

MockHttpServletResponse:
           Status = 201
    Error message = null
          Headers = [Location:"/api/owners/219", Content-Type:"application/json", X-Content-Type-Options:"nosniff", X-XSS-Protection:"0", Cache-Control:"no-cache, no-store, max-age=0, must-revalidate", Pragma:"no-cache", Expires:"0", X-Frame-Options:"DENY"]
     Content type = application/json
             Body = {"firstName":"Fnaii","lastName":"Surahy","city":"Town917","telephone":"+61400000918","pets":[],"address":"916 TEST STREET","addressLine1":null,"addressLine2":null,"ageBand":null,"birthDate":null,"bulkSignupWarning":false,"checkDigit":4,"contactPreference":"PHONE","customerCode":"NSW-B79B0A96","deleted":false,"displayName":"Surahy, Fnaii","email":null,"fiscalYear":"FY27","householdId":"4581a48881ed","id":219,"identityKey":"efcdf38c14b5d6466181c5a4258b04695404067c48dba85c21c70195c5306115","initials":"F.S.","locality":"NSW","membershipLevel":1,"membershipNumber":"NSW-B79B0A96-M27","membershipPoints":0,"namesakeCount":1,"possibleDuplicate":false,"possibleDuplicateOf":null,"postcode":"2000","registrationDate":"2026-09-07","salutation":"Surahy","selfLink":null,"sharesHousehold":null,"telephoneDisplay":"+61 400 000 918","timezone":"Australia/Sydney","title":null}
    Forwarded URL = null
   Redirected URL = /api/owners/219
          Cookies = []

MockHttpServletRequest:
      HTTP Method = POST
      Request URI = /api/owners
       Parameters = {}
          Headers = [Content-Type:"application/json;charset=UTF-8", Content-Length:"184"]
             Body = {"firstName":"Fnain","lastName":"Surahy","address":"921 Test Street","city":"Town922","telephone":"0400000923","postcode":"2000","sharesHousehold":true,"email":"owner925@example.test"}
    Session Attrs = {SPRING_SECURITY_CONTEXT=SecurityContextImpl [Authentication=UsernamePasswordAuthenticationToken [Principal=org.springframework.security.core.userdetails.User [Username=acceptance-admin, Password=[PROTECTED], Enabled=true, AccountNonExpired=true, CredentialsNonExpired=true, AccountNonLocked=true, Granted Authorities=[ROLE_ADMIN, ROLE_OWNER_ADMIN, ROLE_VET_ADMIN]], Credentials=[PROTECTED], Authenticated=true, Details=null, Granted Authorities=[ROLE_ADMIN, ROLE_OWNER_ADMIN, ROLE_VET_ADMIN]]]}

Handler:
             Type = org.springframework.web.servlet.resource.ResourceHttpRequestHandler

Async:
    Async started = false
     Async result = null

Resolved Exception:
             Type = null

ModelAndView:
        View name = null
             View = null
            Model = null

FlashMap:
       Attributes = null

MockHttpServletResponse:
           Status = 201
    Error message = null
          Headers = [Location:"/api/owners/220", Content-Type:"application/json", X-Content-Type-Options:"nosniff", X-XSS-Protection:"0", Cache-Control:"no-cache, no-store, max-age=0, must-revalidate", Pragma:"no-cache", Expires:"0", X-Frame-Options:"DENY"]
     Content type = application/json
             Body = {"firstName":"Fnain","lastName":"Surahy","city":"Town922","telephone":"+61400000923","pets":[],"address":"921 TEST STREET","addressLine1":null,"addressLine2":null,"ageBand":null,"birthDate":null,"bulkSignupWarning":false,"checkDigit":4,"contactPreference":"EMAIL","customerCode":"NSW-57318D35","deleted":false,"displayName":"Surahy, Fnain","email":"owner925@example.test","fiscalYear":"FY27","householdId":"4581a48881ed","id":220,"identityKey":"63756c38fec31346f0954a0990237bb6c5aad44b4097280ad8a1c9946596d9d0","initials":"F.S.","locality":"NSW","membershipLevel":2,"membershipNumber":"NSW-57318D35-M27","membershipPoints":4,"namesakeCount":2,"possibleDuplicate":false,"possibleDuplicateOf":null,"postcode":"2000","registrationDate":"2026-09-07","salutation":"Surahy","selfLink":null,"sharesHousehold":null,"telephoneDisplay":"+61 400 000 923","timezone":"Australia/Sydney","title":null}
    Forwarded URL = null
   Redirected URL = /api/owners/220
          Cookies = []

MockHttpServletRequest:
      HTTP Method = GET
      Request URI = /api/owners/220
       Parameters = {}
          Headers = []
             Body = null
    Session Attrs = {SPRING_SECURITY_CONTEXT=SecurityContextImpl [Authentication=UsernamePasswordAuthenticationToken [Principal=org.springframework.security.core.userdetails.User [Username=acceptance-admin, Password=[PROTECTED], Enabled=true, AccountNonExpired=true, CredentialsNonExpired=true, AccountNonLocked=true, Granted Authorities=[ROLE_ADMIN, ROLE_OWNER_ADMIN, ROLE_VET_ADMIN]], Credentials=[PROTECTED], Authenticated=true, Details=null, Granted Authorities=[ROLE_ADMIN, ROLE_OWNER_ADMIN, ROLE_VET_ADMIN]]]}

Handler:
             Type = org.springframework.web.servlet.resource.ResourceHttpRequestHandler

Async:
    Async started = false
     Async result = null

Resolved Exception:
             Type = null

ModelAndView:
        View name = null
             View = null
            Model = null

FlashMap:
       Attributes = null

MockHttpServletResponse:
           Status = 200
    Error message = null
          Headers = [Content-Type:"application/json", X-Content-Type-Options:"nosniff", X-XSS-Protection:"0", Cache-Control:"no-cache, no-store, max-age=0, must-revalidate", Pragma:"no-cache", Expires:"0", X-Frame-Options:"DENY"]
     Content type = application/json
             Body = {"firstName":"Fnain","lastName":"Surahy","city":"Town922","telephone":"+61400000923","pets":[],"address":"921 TEST STREET","addressLine1":null,"addressLine2":null,"ageBand":null,"birthDate":null,"bulkSignupWarning":false,"checkDigit":4,"contactPreference":"EMAIL","customerCode":"NSW-57318D35","deleted":false,"displayName":"Surahy, Fnain","email":"owner925@example.test","fiscalYear":"FY27","householdId":"4581a48881ed","id":220,"identityKey":"63756c38fec31346f0954a0990237bb6c5aad44b4097280ad8a1c9946596d9d0","initials":"F.S.","locality":"NSW","membershipLevel":2,"membershipNumber":"NSW-57318D35-M27","membershipPoints":4,"namesakeCount":2,"possibleDuplicate":false,"possibleDuplicateOf":null,"postcode":"2000","registrationDate":"2026-09-07","salutation":"Surahy","selfLink":"/api/owners/220","sharesHousehold":null,"telephoneDisplay":"+61 400 000 923","timezone":"Australia/Sydney","title":null}
    Forwarded URL = null
   Redirected URL = null
          Cookies = []
[ERROR] Tests run: 1, Failures: 1, Errors: 0, Skipped: 0, Time elapsed: 0.041 s <<< FAILURE! -- in org.springframework.samples.petclinic.acceptance.Cp39Tests
[ERROR] org.springframework.samples.petclinic.acceptance.Cp39Tests.coreNewOwnerCappedBelowFour -- Time elapsed: 0.034 s <<< FAILURE!
java.lang.AssertionError: JSON path "$.membershipLevel" expected:<3> but was:<2>
	at org.springframework.test.util.AssertionErrors.fail(AssertionErrors.java:62)
	at org.springframework.test.util.AssertionErrors.assertEquals(AssertionErrors.java:129)
	at org.springframework.test.util.JsonPathExpectationsHelper.assertValue(JsonPathExpectationsHelper.java:172)
	at org.springframework.test.web.servlet.result.JsonPathResultMatchers.lambda$value$2(JsonPathResultMatchers.java:111)
	at org.springframework.test.web.servlet.MockMvc$1.andExpect(MockMvc.java:212)
	at org.springframework.samples.petclinic.acceptance.Cp39Tests.coreNewOwnerCappedBelowFour(Cp39Tests.java:28)

INFO  AnnotationConfigContextLoaderUtils - Could not detect default configuration classes for test class [org.springframework.samples.petclinic.acceptance.Cp34Tests]: Cp34Tests does not declare any static, non-private, non-final, nested classes annotated with @Configuration.
INFO  SpringBootTestContextBootstrapper - Found @SpringBootConfiguration org.springframework.samples.petclinic.PetClinicApplication for test class org.springframework.samples.petclinic.acceptance.Cp34Tests
INFO  AnnotationConfigContextLoaderUtils - Could not detect default configuration classes for test class [org.springframework.samples.petclinic.acceptance.Cp34Tests]: Cp34Tests does not declare any static, non-private, non-final, nested classes annotated with @Configuration.
INFO  AnnotationConfigContextLoaderUtils - Could not detect default configuration classes for test class [org.springframework.samples.petclinic.acceptance.AcceptanceBase]: AcceptanceBase does not declare any static, non-private, non-final, nested classes annotated with @Configuration.
INFO  SpringBootTestContextBootstrapper - Found @SpringBootConfiguration org.springframework.samples.petclinic.PetClinicApplication for test class org.springframework.samples.petclinic.acceptance.Cp34Tests
INFO  AUDIT - Created owner id=221 customerCode=UNKNOWN-D6D4F803 registrationDate=2026-09-07 membershipLevel=1 membershipNumber=UNKNOWN-D6D4F803-M27
INFO  AnnotationConfigContextLoaderUtils - Could not detect default configuration classes for test class [org.springframework.samples.petclinic.acceptance.Cp04Tests]: Cp04Tests does not declare any static, non-private, non-final, nested classes annotated with @Configuration.
INFO  SpringBootTestContextBootstrapper - Found @SpringBootConfiguration org.springframework.samples.petclinic.PetClinicApplication for test class org.springframework.samples.petclinic.acceptance.Cp04Tests
INFO  AnnotationConfigContextLoaderUtils - Could not detect default configuration classes for test class [org.springframework.samples.petclinic.acceptance.Cp04Tests]: Cp04Tests does not declare any static, non-private, non-final, nested classes annotated with @Configuration.
INFO  AnnotationConfigContextLoaderUtils - Could not detect default configuration classes for test class [org.springframework.samples.petclinic.acceptance.AcceptanceBase]: AcceptanceBase does not declare any static, non-private, non-final, nested classes annotated with @Configuration.
INFO  SpringBootTestContextBootstrapper - Found @SpringBootConfiguration org.springframework.samples.petclinic.PetClinicApplication for test class org.springframework.samples.petclinic.acceptance.Cp04Tests
INFO  AUDIT - Created owner id=222 customerCode=UNKNOWN-379122E8 registrationDate=2026-09-07 membershipLevel=1 membershipNumber=UNKNOWN-379122E8-M27
INFO  AUDIT - Created owner id=223 customerCode=UNKNOWN-7D49606E registrationDate=2026-09-07 membershipLevel=2 membershipNumber=UNKNOWN-7D49606E-M27
INFO  AnnotationConfigContextLoaderUtils - Could not detect default configuration classes for test class [org.springframework.samples.petclinic.acceptance.Cp16Tests]: Cp16Tests does not declare any static, non-private, non-final, nested classes annotated with @Configuration.
INFO  SpringBootTestContextBootstrapper - Found @SpringBootConfiguration org.springframework.samples.petclinic.PetClinicApplication for test class org.springframework.samples.petclinic.acceptance.Cp16Tests
INFO  AnnotationConfigContextLoaderUtils - Could not detect default configuration classes for test class [org.springframework.samples.petclinic.acceptance.Cp16Tests]: Cp16Tests does not declare any static, non-private, non-final, nested classes annotated with @Configuration.
INFO  AnnotationConfigContextLoaderUtils - Could not detect default configuration classes for test class [org.springframework.samples.petclinic.acceptance.AcceptanceBase]: AcceptanceBase does not declare any static, non-private, non-final, nested classes annotated with @Configuration.
INFO  SpringBootTestContextBootstrapper - Found @SpringBootConfiguration org.springframework.samples.petclinic.PetClinicApplication for test class org.springframework.samples.petclinic.acceptance.Cp16Tests
INFO  AUDIT - Created owner id=224 customerCode=NSW-3313BF42 registrationDate=2026-09-07 membershipLevel=1 membershipNumber=NSW-3313BF42-M27
INFO  AnnotationConfigContextLoaderUtils - Could not detect default configuration classes for test class [org.springframework.samples.petclinic.acceptance.Cp43Tests]: Cp43Tests does not declare any static, non-private, non-final, nested classes annotated with @Configuration.
INFO  SpringBootTestContextBootstrapper - Found @SpringBootConfiguration org.springframework.samples.petclinic.PetClinicApplication for test class org.springframework.samples.petclinic.acceptance.Cp43Tests
INFO  AnnotationConfigContextLoaderUtils - Could not detect default configuration classes for test class [org.springframework.samples.petclinic.acceptance.Cp43Tests]: Cp43Tests does not declare any static, non-private, non-final, nested classes annotated with @Configuration.
INFO  AnnotationConfigContextLoaderUtils - Could not detect default configuration classes for test class [org.springframework.samples.petclinic.acceptance.AcceptanceBase]: AcceptanceBase does not declare any static, non-private, non-final, nested classes annotated with @Configuration.
INFO  SpringBootTestContextBootstrapper - Found @SpringBootConfiguration org.springframework.samples.petclinic.PetClinicApplication for test class org.springframework.samples.petclinic.acceptance.Cp43Tests
INFO  AUDIT - Created owner id=225 customerCode=NSW-7BC2E339 registrationDate=2026-09-07 membershipLevel=2 membershipNumber=NSW-7BC2E339-M27
[ERROR] Failures: 
[ERROR]   Cp13Tests.coreCountsNamesakes:24 JSON path "$.namesakeCount" expected:<1> but was:<0>
[ERROR]   Cp23Tests.coreHouseholdAddsPoints:28 JSON path "$.membershipPoints" expected:<5> but was:<4>
[ERROR]   Cp39Tests.coreNewOwnerCappedBelowFour:28 JSON path "$.membershipLevel" expected:<3> but was:<2>
[ERROR] Tests run: 64, Failures: 3, Errors: 0, Skipped: 0
[ERROR] Failed to execute goal org.apache.maven.plugins:maven-surefire-plugin:3.5.6:test (default-test) on project spring-petclinic-rest: There are test failures.
[ERROR] 
[ERROR] See /home/daniel/sandbox/target/surefire-reports for the individual test results.
[ERROR] See dump files (if any exist) [date].dump, [date]-jvmRun[N].dump and [date].dumpstream.
[ERROR] -> [Help 1]
[ERROR] 
[ERROR] To see the full stack trace of the errors, re-run Maven with the -e switch.
[ERROR] Re-run Maven using the -X switch to enable full debug logging.
[ERROR] 
[ERROR] For more information about the errors and possible solutions, please read the following articles:
[ERROR] [Help 1] http://cwiki.apache.org/confluence/display/MAVEN/MojoFailureException
OpenJDK 64-Bit Server VM warning: Sharing is only supported for boot loader classes because bootstrap classpath has been appended
