$ ./mvnw -q -B -DskipTests test-compile
############################################################################################
# Thanks for using OpenAPI Generator.                                                      #
# We appreciate your support! Please consider donation to help us maintain this project.   #
# https://opencollective.com/openapi_generator/donate                                      #
############################################################################################

$ ./mvnw -q -B -Dgroups=cp01,cp02,cp03,cp04,cp05,cp06,cp07,cp08,cp09,cp10,cp11,cp12,cp13,cp14,cp15,cp16,cp17,cp18,cp19,cp20,cp21,cp22,cp23,cp24,cp25,cp26,cp27,cp28,cp29,cp30,cp31,cp32,cp33,cp34,cp35,cp36,cp37,cp38,cp39,cp40,cp41,cp42,cp43,cp44,cp45,cp46,cp47,cp48,cp49,cp50,cp51,cp52,cp53 test
############################################################################################
# Thanks for using OpenAPI Generator.                                                      #
# We appreciate your support! Please consider donation to help us maintain this project.   #
# https://opencollective.com/openapi_generator/donate                                      #
############################################################################################
INFO  AnnotationConfigContextLoaderUtils - Could not detect default configuration classes for test class [org.springframework.samples.petclinic.acceptance.Cp53Tests]: Cp53Tests does not declare any static, non-private, non-final, nested classes annotated with @Configuration.
INFO  SpringBootTestContextBootstrapper - Found @SpringBootConfiguration org.springframework.samples.petclinic.PetClinicApplication for test class org.springframework.samples.petclinic.acceptance.Cp53Tests
INFO  AnnotationConfigContextLoaderUtils - Could not detect default configuration classes for test class [org.springframework.samples.petclinic.acceptance.Cp53Tests]: Cp53Tests does not declare any static, non-private, non-final, nested classes annotated with @Configuration.
INFO  AnnotationConfigContextLoaderUtils - Could not detect default configuration classes for test class [org.springframework.samples.petclinic.acceptance.AcceptanceBase]: AcceptanceBase does not declare any static, non-private, non-final, nested classes annotated with @Configuration.
INFO  SpringBootTestContextBootstrapper - Found @SpringBootConfiguration org.springframework.samples.petclinic.PetClinicApplication for test class org.springframework.samples.petclinic.acceptance.Cp53Tests

  .   ____          _            __ _ _
 /\\ / ___'_ __ _ _(_)_ __  __ _ \ \ \ \
( ( )\___ | '_ | '_| | '_ \/ _` | \ \ \ \
 \\/  ___)| |_)| | | | | || (_| |  ) ) ) )
  '  |____| .__|_| |_|_| |_\__, | / / / /
 =========|_|==============|___/=/_/_/_/

 :: Spring Boot ::                (v4.1.0)

INFO  Cp53Tests - Starting Cp53Tests using Java 17.0.20 with PID 2399447 (started by daniel in /home/daniel/sandbox)
DEBUG Cp53Tests - Running with Spring Boot v4.1.0, Spring v7.0.8
INFO  Cp53Tests - The following 2 profiles are active: "hsqldb", "spring-data-jpa"
INFO  Version - HV000001: Hibernate Validator 9.1.0.Final
INFO  RepositoryConfigurationDelegate - Bootstrapping Spring Data JPA repositories in DEFAULT mode.
INFO  RepositoryConfigurationDelegate - Finished Spring Data repository scanning in 80 ms. Found 7 JPA repository interfaces.
INFO  HikariDataSource - HikariPool-1 - Starting...
INFO  PoolBase - HikariPool-1 - Driver does not support get/set network timeout for connections. (feature not supported)
INFO  HikariPool - HikariPool-1 - Added connection org.hsqldb.jdbc.JDBCConnection@3d18bdb3
INFO  HikariDataSource - HikariPool-1 - Start completed.
INFO  jpa - HHH008540: Processing PersistenceUnitInfo [name: default]
INFO  core - HHH000001: Hibernate ORM core version 7.4.1.Final
INFO  SpringPersistenceUnitInfo - No LoadTimeWeaver setup: ignoring JPA class transformer
INFO  pooling - HHH10001005: Database info:
	Database JDBC URL [jdbc:hsqldb:mem:petclinic]
	Database driver: HSQL Database Engine Driver
	Database dialect: HSQLDialect
	Database version: 2.7.3
	Default catalog/schema: PUBLIC/PUBLIC
	Autocommit mode: undefined/unknown
	Isolation level: READ_COMMITTED [default READ_COMMITTED]
	JDBC fetch size: none
	Pool: DataSourceConnectionProvider
	Minimum pool size: undefined/unknown
	Maximum pool size: undefined/unknown
INFO  core - HHH000489: No JTA platform available (set 'hibernate.transaction.jta.platform' to enable JTA platform integration)
INFO  LocalContainerEntityManagerFactoryBean - Initialized JPA EntityManagerFactory for persistence unit 'default'
WARN  InitializeUserDetailsBeanManagerConfigurer$InitializeUserDetailsManagerConfigurer - Global AuthenticationManager configured with an AuthenticationProvider bean. UserDetailsService beans will not be used by Spring Security for automatically configuring username/password login. Consider removing the AuthenticationProvider bean. Alternatively, consider using the UserDetailsService in a manually instantiated DaoAuthenticationProvider. If the current configuration is intentional, to turn off this warning, increase the logging level of 'org.springframework.security.config.annotation.authentication.configuration.InitializeUserDetailsBeanManagerConfigurer' to ERROR
INFO  QueryEnhancerFactories - Hibernate is in classpath; If applicable, HQL parser will be used.
INFO  OFFICE - Loading REST endpoints:
INFO  OFFICE -   GET /
INFO  OFFICE -   GET /api/pets
INFO  OFFICE -   GET /api/vets
INFO  OFFICE -   POST /api/vets
INFO  OFFICE -   POST /api/users
INFO  OFFICE -   GET /api/owners
INFO  OFFICE -   POST /api/owners
INFO  OFFICE -   GET /api/visits
INFO  OFFICE -   POST /api/visits
INFO  OFFICE -   GET /api/v2/pets
INFO  OFFICE -   GET /api/pettypes
INFO  OFFICE -   POST /api/pettypes
INFO  OFFICE -   GET /api/v2/owners
INFO  OFFICE -   GET /api/specialties
INFO  OFFICE -   POST /api/specialties
INFO  OFFICE -   DELETE /api/pets/{petId}
INFO  OFFICE -   GET /api/pets/{petId}
INFO  OFFICE -   PUT /api/pets/{petId}
INFO  OFFICE -   DELETE /api/vets/{vetId}
INFO  OFFICE -   GET /api/vets/{vetId}
INFO  OFFICE -   PUT /api/vets/{vetId}
INFO  OFFICE -   DELETE /api/owners/{ownerId}
INFO  OFFICE -   GET /api/owners/{ownerId}
INFO  OFFICE -   PUT /api/owners/{ownerId}
INFO  OFFICE -   DELETE /api/visits/{visitId}
INFO  OFFICE -   GET /api/visits/{visitId}
INFO  OFFICE -   PUT /api/visits/{visitId}
INFO  OFFICE -   DELETE /api/pettypes/{petTypeId}
INFO  OFFICE -   GET /api/pettypes/{petTypeId}
INFO  OFFICE -   PUT /api/pettypes/{petTypeId}
INFO  OFFICE -   POST /api/owners/{ownerId}/pets
INFO  OFFICE -   DELETE /api/specialties/{specialtyId}
INFO  OFFICE -   GET /api/specialties/{specialtyId}
INFO  OFFICE -   PUT /api/specialties/{specialtyId}
INFO  OFFICE -   GET /api/owners/{ownerId}/pets/{petId}
INFO  OFFICE -   PUT /api/owners/{ownerId}/pets/{petId}
INFO  OFFICE -   POST /api/owners/{ownerId}/pets/{petId}/visits
INFO  OFFICE - OfficeFloor bridging Spring Security
WARN  UserDetailsServiceAutoConfiguration - 

Using generated security password: c852c3c8-e9a1-4d27-a343-1627eb4c5412

This generated password is for development use only. Your security configuration must be updated before running your application in production.

INFO  SpringBootMockServletContext - Initializing Spring TestDispatcherServlet ''
INFO  TestDispatcherServlet - Initializing Servlet ''
INFO  EndpointLinksResolver - Exposing 1 endpoint beneath base path '/actuator'
INFO  TestDispatcherServlet - Completed initialization in 23 ms
INFO  Cp53Tests - Started Cp53Tests in 13.739 seconds (process running for 15.798)
WARN  SpringDocAppInitializer - SpringDoc /v3/api-docs endpoint is enabled by default. To disable it in production, set the property 'springdoc.api-docs.enabled=false'
WARN  SpringDocAppInitializer - SpringDoc /swagger-ui.html endpoint is enabled by default. To disable it in production, set the property 'springdoc.swagger-ui.enabled=false'
INFO  AUDIT - Created owner id=11 customerCode=NSW-16E6609E registrationDate=2026-09-07 membershipLevel=1 membershipNumber=NSW-16E6609E-M27
INFO  AUDIT - {"seq":1,"ownerId":11,"customerCode":"NSW-16E6609E","membershipLevel":1,"event":"OWNER_CREATED"}
INFO  AnnotationConfigContextLoaderUtils - Could not detect default configuration classes for test class [org.springframework.samples.petclinic.acceptance.Cp17Tests]: Cp17Tests does not declare any static, non-private, non-final, nested classes annotated with @Configuration.
INFO  SpringBootTestContextBootstrapper - Found @SpringBootConfiguration org.springframework.samples.petclinic.PetClinicApplication for test class org.springframework.samples.petclinic.acceptance.Cp17Tests
INFO  AnnotationConfigContextLoaderUtils - Could not detect default configuration classes for test class [org.springframework.samples.petclinic.acceptance.Cp17Tests]: Cp17Tests does not declare any static, non-private, non-final, nested classes annotated with @Configuration.
INFO  AnnotationConfigContextLoaderUtils - Could not detect default configuration classes for test class [org.springframework.samples.petclinic.acceptance.AcceptanceBase]: AcceptanceBase does not declare any static, non-private, non-final, nested classes annotated with @Configuration.
INFO  SpringBootTestContextBootstrapper - Found @SpringBootConfiguration org.springframework.samples.petclinic.PetClinicApplication for test class org.springframework.samples.petclinic.acceptance.Cp17Tests
INFO  AUDIT - Created owner id=12 customerCode=NSW-F4F6FF62 registrationDate=2026-09-07 membershipLevel=1 membershipNumber=NSW-F4F6FF62-M27
INFO  AUDIT - {"seq":2,"ownerId":12,"customerCode":"NSW-F4F6FF62","membershipLevel":1,"event":"OWNER_CREATED"}
INFO  AnnotationConfigContextLoaderUtils - Could not detect default configuration classes for test class [org.springframework.samples.petclinic.acceptance.Cp10Tests]: Cp10Tests does not declare any static, non-private, non-final, nested classes annotated with @Configuration.
INFO  SpringBootTestContextBootstrapper - Found @SpringBootConfiguration org.springframework.samples.petclinic.PetClinicApplication for test class org.springframework.samples.petclinic.acceptance.Cp10Tests
INFO  AnnotationConfigContextLoaderUtils - Could not detect default configuration classes for test class [org.springframework.samples.petclinic.acceptance.Cp10Tests]: Cp10Tests does not declare any static, non-private, non-final, nested classes annotated with @Configuration.
INFO  AnnotationConfigContextLoaderUtils - Could not detect default configuration classes for test class [org.springframework.samples.petclinic.acceptance.AcceptanceBase]: AcceptanceBase does not declare any static, non-private, non-final, nested classes annotated with @Configuration.
INFO  SpringBootTestContextBootstrapper - Found @SpringBootConfiguration org.springframework.samples.petclinic.PetClinicApplication for test class org.springframework.samples.petclinic.acceptance.Cp10Tests
INFO  AUDIT - Created owner id=13 customerCode=NSW-A67F7480 registrationDate=2026-09-07 membershipLevel=1 membershipNumber=NSW-A67F7480-M27
INFO  AUDIT - {"seq":3,"ownerId":13,"customerCode":"NSW-A67F7480","membershipLevel":1,"event":"OWNER_CREATED"}
INFO  AUDIT - Created owner id=14 customerCode=NSW-8F040A64 registrationDate=2026-09-07 membershipLevel=1 membershipNumber=NSW-8F040A64-M27
INFO  AUDIT - {"seq":4,"ownerId":14,"customerCode":"NSW-8F040A64","membershipLevel":1,"event":"OWNER_CREATED"}
INFO  AnnotationConfigContextLoaderUtils - Could not detect default configuration classes for test class [org.springframework.samples.petclinic.acceptance.Cp29Tests]: Cp29Tests does not declare any static, non-private, non-final, nested classes annotated with @Configuration.
INFO  SpringBootTestContextBootstrapper - Found @SpringBootConfiguration org.springframework.samples.petclinic.PetClinicApplication for test class org.springframework.samples.petclinic.acceptance.Cp29Tests
INFO  AnnotationConfigContextLoaderUtils - Could not detect default configuration classes for test class [org.springframework.samples.petclinic.acceptance.Cp29Tests]: Cp29Tests does not declare any static, non-private, non-final, nested classes annotated with @Configuration.
INFO  AnnotationConfigContextLoaderUtils - Could not detect default configuration classes for test class [org.springframework.samples.petclinic.acceptance.AcceptanceBase]: AcceptanceBase does not declare any static, non-private, non-final, nested classes annotated with @Configuration.
INFO  SpringBootTestContextBootstrapper - Found @SpringBootConfiguration org.springframework.samples.petclinic.PetClinicApplication for test class org.springframework.samples.petclinic.acceptance.Cp29Tests
INFO  AUDIT - Created owner id=15 customerCode=NSW-E64BA08C registrationDate=2026-09-07 membershipLevel=1 membershipNumber=NSW-E64BA08C-M27
INFO  AUDIT - {"seq":5,"ownerId":15,"customerCode":"NSW-E64BA08C","membershipLevel":1,"event":"OWNER_CREATED"}
INFO  AnnotationConfigContextLoaderUtils - Could not detect default configuration classes for test class [org.springframework.samples.petclinic.acceptance.Cp11Tests]: Cp11Tests does not declare any static, non-private, non-final, nested classes annotated with @Configuration.
INFO  SpringBootTestContextBootstrapper - Found @SpringBootConfiguration org.springframework.samples.petclinic.PetClinicApplication for test class org.springframework.samples.petclinic.acceptance.Cp11Tests
INFO  AnnotationConfigContextLoaderUtils - Could not detect default configuration classes for test class [org.springframework.samples.petclinic.acceptance.Cp11Tests]: Cp11Tests does not declare any static, non-private, non-final, nested classes annotated with @Configuration.
INFO  AnnotationConfigContextLoaderUtils - Could not detect default configuration classes for test class [org.springframework.samples.petclinic.acceptance.AcceptanceBase]: AcceptanceBase does not declare any static, non-private, non-final, nested classes annotated with @Configuration.
INFO  SpringBootTestContextBootstrapper - Found @SpringBootConfiguration org.springframework.samples.petclinic.PetClinicApplication for test class org.springframework.samples.petclinic.acceptance.Cp11Tests
INFO  AUDIT - Created owner id=16 customerCode=NSW-295193D8 registrationDate=2026-09-07 membershipLevel=1 membershipNumber=NSW-295193D8-M27
INFO  AUDIT - {"seq":6,"ownerId":16,"customerCode":"NSW-295193D8","membershipLevel":1,"event":"OWNER_CREATED"}
INFO  AUDIT - Created owner id=17 customerCode=NSW-9CCBFAD9 registrationDate=2026-09-07 membershipLevel=1 membershipNumber=NSW-9CCBFAD9-M27
INFO  AUDIT - {"seq":7,"ownerId":17,"customerCode":"NSW-9CCBFAD9","membershipLevel":1,"event":"OWNER_CREATED"}
INFO  AnnotationConfigContextLoaderUtils - Could not detect default configuration classes for test class [org.springframework.samples.petclinic.acceptance.Cp21Tests]: Cp21Tests does not declare any static, non-private, non-final, nested classes annotated with @Configuration.
INFO  SpringBootTestContextBootstrapper - Found @SpringBootConfiguration org.springframework.samples.petclinic.PetClinicApplication for test class org.springframework.samples.petclinic.acceptance.Cp21Tests
INFO  AnnotationConfigContextLoaderUtils - Could not detect default configuration classes for test class [org.springframework.samples.petclinic.acceptance.Cp21Tests]: Cp21Tests does not declare any static, non-private, non-final, nested classes annotated with @Configuration.
INFO  AnnotationConfigContextLoaderUtils - Could not detect default configuration classes for test class [org.springframework.samples.petclinic.acceptance.AcceptanceBase]: AcceptanceBase does not declare any static, non-private, non-final, nested classes annotated with @Configuration.
INFO  SpringBootTestContextBootstrapper - Found @SpringBootConfiguration org.springframework.samples.petclinic.PetClinicApplication for test class org.springframework.samples.petclinic.acceptance.Cp21Tests
INFO  AUDIT - Created owner id=18 customerCode=NSW-2CC0274C registrationDate=2026-09-07 membershipLevel=1 membershipNumber=NSW-2CC0274C-M27
INFO  AUDIT - {"seq":8,"ownerId":18,"customerCode":"NSW-2CC0274C","membershipLevel":1,"event":"OWNER_CREATED"}
INFO  AnnotationConfigContextLoaderUtils - Could not detect default configuration classes for test class [org.springframework.samples.petclinic.acceptance.Cp06Tests]: Cp06Tests does not declare any static, non-private, non-final, nested classes annotated with @Configuration.
INFO  SpringBootTestContextBootstrapper - Found @SpringBootConfiguration org.springframework.samples.petclinic.PetClinicApplication for test class org.springframework.samples.petclinic.acceptance.Cp06Tests
INFO  AnnotationConfigContextLoaderUtils - Could not detect default configuration classes for test class [org.springframework.samples.petclinic.acceptance.Cp06Tests]: Cp06Tests does not declare any static, non-private, non-final, nested classes annotated with @Configuration.
INFO  AnnotationConfigContextLoaderUtils - Could not detect default configuration classes for test class [org.springframework.samples.petclinic.acceptance.AcceptanceBase]: AcceptanceBase does not declare any static, non-private, non-final, nested classes annotated with @Configuration.
INFO  SpringBootTestContextBootstrapper - Found @SpringBootConfiguration org.springframework.samples.petclinic.PetClinicApplication for test class org.springframework.samples.petclinic.acceptance.Cp06Tests
INFO  AUDIT - Created owner id=19 customerCode=UNKNOWN-B4F68CE5 registrationDate=2026-09-07 membershipLevel=1 membershipNumber=UNKNOWN-B4F68CE5-M27
INFO  AUDIT - {"seq":9,"ownerId":19,"customerCode":"UNKNOWN-B4F68CE5","membershipLevel":1,"event":"OWNER_CREATED"}
INFO  AnnotationConfigContextLoaderUtils - Could not detect default configuration classes for test class [org.springframework.samples.petclinic.acceptance.Cp03Tests]: Cp03Tests does not declare any static, non-private, non-final, nested classes annotated with @Configuration.
INFO  SpringBootTestContextBootstrapper - Found @SpringBootConfiguration org.springframework.samples.petclinic.PetClinicApplication for test class org.springframework.samples.petclinic.acceptance.Cp03Tests
INFO  AnnotationConfigContextLoaderUtils - Could not detect default configuration classes for test class [org.springframework.samples.petclinic.acceptance.Cp03Tests]: Cp03Tests does not declare any static, non-private, non-final, nested classes annotated with @Configuration.
INFO  AnnotationConfigContextLoaderUtils - Could not detect default configuration classes for test class [org.springframework.samples.petclinic.acceptance.AcceptanceBase]: AcceptanceBase does not declare any static, non-private, non-final, nested classes annotated with @Configuration.
INFO  SpringBootTestContextBootstrapper - Found @SpringBootConfiguration org.springframework.samples.petclinic.PetClinicApplication for test class org.springframework.samples.petclinic.acceptance.Cp03Tests
INFO  AUDIT - Created owner id=20 customerCode=UNKNOWN-D008F078 registrationDate=2026-09-07 membershipLevel=1 membershipNumber=UNKNOWN-D008F078-M27
INFO  AUDIT - {"seq":10,"ownerId":20,"customerCode":"UNKNOWN-D008F078","membershipLevel":1,"event":"OWNER_CREATED"}
INFO  AnnotationConfigContextLoaderUtils - Could not detect default configuration classes for test class [org.springframework.samples.petclinic.acceptance.Cp13Tests]: Cp13Tests does not declare any static, non-private, non-final, nested classes annotated with @Configuration.
INFO  SpringBootTestContextBootstrapper - Found @SpringBootConfiguration org.springframework.samples.petclinic.PetClinicApplication for test class org.springframework.samples.petclinic.acceptance.Cp13Tests
INFO  AnnotationConfigContextLoaderUtils - Could not detect default configuration classes for test class [org.springframework.samples.petclinic.acceptance.Cp13Tests]: Cp13Tests does not declare any static, non-private, non-final, nested classes annotated with @Configuration.
INFO  AnnotationConfigContextLoaderUtils - Could not detect default configuration classes for test class [org.springframework.samples.petclinic.acceptance.AcceptanceBase]: AcceptanceBase does not declare any static, non-private, non-final, nested classes annotated with @Configuration.
INFO  SpringBootTestContextBootstrapper - Found @SpringBootConfiguration org.springframework.samples.petclinic.PetClinicApplication for test class org.springframework.samples.petclinic.acceptance.Cp13Tests
INFO  AUDIT - Created owner id=21 customerCode=NSW-B5CC522E registrationDate=2026-09-07 membershipLevel=1 membershipNumber=NSW-B5CC522E-M27
INFO  AUDIT - {"seq":11,"ownerId":21,"customerCode":"NSW-B5CC522E","membershipLevel":1,"event":"OWNER_CREATED"}
INFO  AUDIT - Created owner id=22 customerCode=NSW-8E12ED12 registrationDate=2026-09-07 membershipLevel=1 membershipNumber=NSW-8E12ED12-M27
INFO  AUDIT - {"seq":12,"ownerId":22,"customerCode":"NSW-8E12ED12","membershipLevel":1,"event":"OWNER_CREATED"}

MockHttpServletRequest:
      HTTP Method = POST
      Request URI = /api/owners
       Parameters = {}
          Headers = [Content-Type:"application/json;charset=UTF-8", Content-Length:"124"]
             Body = {"firstName":"Ann","lastName":"Suraw","address":"51 Test Street","city":"Town52","telephone":"0400000053","postcode":"2000"}
    Session Attrs = {SPRING_SECURITY_CONTEXT=SecurityContextImpl [Authentication=UsernamePasswordAuthenticationToken [Principal=org.springframework.security.core.userdetails.User [Username=acceptance-admin, Password=[PROTECTED], Enabled=true, AccountNonExpired=true, CredentialsNonExpired=true, AccountNonLocked=true, Granted Authorities=[ROLE_ADMIN, ROLE_OWNER_ADMIN, ROLE_VET_ADMIN]], Credentials=[PROTECTED], Authenticated=true, Details=null, Granted Authorities=[ROLE_ADMIN, ROLE_OWNER_ADMIN, ROLE_VET_ADMIN]]]}

Handler:
             Type = org.springframework.web.servlet.resource.ResourceHttpRequestHandler

Async:
    Async started = false
     Async result = null

Resolved Exception:
             Type = null

ModelAndView:
        View name = null
             View = null
            Model = null

FlashMap:
       Attributes = null

MockHttpServletResponse:
           Status = 201
    Error message = null
          Headers = [Location:"/api/owners/21", Content-Type:"application/json", X-Content-Type-Options:"nosniff", X-XSS-Protection:"0", Cache-Control:"no-cache, no-store, max-age=0, must-revalidate", Pragma:"no-cache", Expires:"0", X-Frame-Options:"DENY"]
     Content type = application/json
             Body = {"firstName":"Ann","lastName":"Suraw","city":"Town52","telephone":"+61400000053","pets":[],"address":"51 TEST STREET","addressLine1":null,"addressLine2":null,"ageBand":null,"birthDate":null,"bulkSignupWarning":false,"checkDigit":8,"contactPreference":"PHONE","customerCode":"NSW-B5CC522E","deleted":false,"displayName":"Suraw, Ann","email":null,"fiscalYear":"FY27","householdId":"b0677686c937","id":21,"identityKey":"f987b195edbc0c8291d1bd4a27d1ad8947d31995ff6783b13eefd42a56b5a40a","initials":"A.S.","locality":"NSW","membershipLevel":1,"membershipNumber":"NSW-B5CC522E-M27","membershipPoints":1,"namesakeCount":0,"possibleDuplicate":false,"possibleDuplicateOf":null,"postcode":"2000","registrationDate":"2026-09-07","salutation":"Suraw","selfLink":null,"sharesHousehold":null,"telephoneDisplay":"+61 400 000 053","timezone":"Australia/Sydney","title":null}
    Forwarded URL = null
   Redirected URL = /api/owners/21
          Cookies = []

MockHttpServletRequest:
      HTTP Method = POST
      Request URI = /api/owners
       Parameters = {}
          Headers = [Content-Type:"application/json;charset=UTF-8", Content-Length:"124"]
             Body = {"firstName":"Ann","lastName":"Suraw","address":"55 Test Street","city":"Town56","telephone":"0400000057","postcode":"2001"}
    Session Attrs = {SPRING_SECURITY_CONTEXT=SecurityContextImpl [Authentication=UsernamePasswordAuthenticationToken [Principal=org.springframework.security.core.userdetails.User [Username=acceptance-admin, Password=[PROTECTED], Enabled=true, AccountNonExpired=true, CredentialsNonExpired=true, AccountNonLocked=true, Granted Authorities=[ROLE_ADMIN, ROLE_OWNER_ADMIN, ROLE_VET_ADMIN]], Credentials=[PROTECTED], Authenticated=true, Details=null, Granted Authorities=[ROLE_ADMIN, ROLE_OWNER_ADMIN, ROLE_VET_ADMIN]]]}

Handler:
             Type = org.springframework.web.servlet.resource.ResourceHttpRequestHandler

Async:
    Async started = false
     Async result = null

Resolved Exception:
             Type = null

ModelAndView:
        View name = null
             View = null
            Model = null

FlashMap:
       Attributes = null

MockHttpServletResponse:
           Status = 201
    Error message = null
          Headers = [Location:"/api/owners/22", Content-Type:"application/json", X-Content-Type-Options:"nosniff", X-XSS-Protection:"0", Cache-Control:"no-cache, no-store, max-age=0, must-revalidate", Pragma:"no-cache", Expires:"0", X-Frame-Options:"DENY"]
     Content type = application/json
             Body = {"firstName":"Ann","lastName":"Suraw","city":"Town56","telephone":"+61400000057","pets":[],"address":"55 TEST STREET","addressLine1":null,"addressLine2":null,"ageBand":null,"birthDate":null,"bulkSignupWarning":false,"checkDigit":3,"contactPreference":"PHONE","customerCode":"NSW-8E12ED12","deleted":false,"displayName":"Suraw, Ann","email":null,"fiscalYear":"FY27","householdId":"f151dc80d3ed","id":22,"identityKey":"3d5ac94d0b9a05c41f08c016ad1422d2738016d59646fc158acfdfa44c805a1a","initials":"A.S.","locality":"NSW","membershipLevel":1,"membershipNumber":"NSW-8E12ED12-M27","membershipPoints":1,"namesakeCount":0,"possibleDuplicate":false,"possibleDuplicateOf":null,"postcode":"2001","registrationDate":"2026-09-07","salutation":"Suraw","selfLink":null,"sharesHousehold":null,"telephoneDisplay":"+61 400 000 057","timezone":"Australia/Sydney","title":null}
    Forwarded URL = null
   Redirected URL = /api/owners/22
          Cookies = []

MockHttpServletRequest:
      HTTP Method = GET
      Request URI = /api/owners/22
       Parameters = {}
          Headers = []
             Body = null
    Session Attrs = {SPRING_SECURITY_CONTEXT=SecurityContextImpl [Authentication=UsernamePasswordAuthenticationToken [Principal=org.springframework.security.core.userdetails.User [Username=acceptance-admin, Password=[PROTECTED], Enabled=true, AccountNonExpired=true, CredentialsNonExpired=true, AccountNonLocked=true, Granted Authorities=[ROLE_ADMIN, ROLE_OWNER_ADMIN, ROLE_VET_ADMIN]], Credentials=[PROTECTED], Authenticated=true, Details=null, Granted Authorities=[ROLE_ADMIN, ROLE_OWNER_ADMIN, ROLE_VET_ADMIN]]]}

Handler:
             Type = org.springframework.web.servlet.resource.ResourceHttpRequestHandler

Async:
    Async started = false
     Async result = null

Resolved Exception:
             Type = null

ModelAndView:
        View name = null
             View = null
            Model = null

FlashMap:
       Attributes = null

MockHttpServletResponse:
           Status = 200
    Error message = null
          Headers = [Content-Type:"application/json", X-Content-Type-Options:"nosniff", X-XSS-Protection:"0", Cache-Control:"no-cache, no-store, max-age=0, must-revalidate", Pragma:"no-cache", Expires:"0", X-Frame-Options:"DENY"]
     Content type = application/json
             Body = {"firstName":"Ann","lastName":"Suraw","city":"Town56","telephone":"+61400000057","pets":[],"address":"55 TEST STREET","addressLine1":null,"addressLine2":null,"ageBand":null,"birthDate":null,"bulkSignupWarning":false,"checkDigit":3,"contactPreference":"PHONE","customerCode":"NSW-8E12ED12","deleted":false,"displayName":"Suraw, Ann","email":null,"fiscalYear":"FY27","householdId":"f151dc80d3ed","id":22,"identityKey":"3d5ac94d0b9a05c41f08c016ad1422d2738016d59646fc158acfdfa44c805a1a","initials":"A.S.","locality":"NSW","membershipLevel":1,"membershipNumber":"NSW-8E12ED12-M27","membershipPoints":1,"namesakeCount":0,"possibleDuplicate":false,"possibleDuplicateOf":null,"postcode":"2001","registrationDate":"2026-09-07","salutation":"Suraw","selfLink":"/api/owners/22","sharesHousehold":null,"telephoneDisplay":"+61 400 000 057","timezone":"Australia/Sydney","title":null}
    Forwarded URL = null
   Redirected URL = null
          Cookies = []
[ERROR] Tests run: 1, Failures: 1, Errors: 0, Skipped: 0, Time elapsed: 0.094 s <<< FAILURE! -- in org.springframework.samples.petclinic.acceptance.Cp13Tests
[ERROR] org.springframework.samples.petclinic.acceptance.Cp13Tests.coreCountsNamesakes -- Time elapsed: 0.081 s <<< FAILURE!
java.lang.AssertionError: JSON path "$.namesakeCount" expected:<1> but was:<0>
	at org.springframework.test.util.AssertionErrors.fail(AssertionErrors.java:62)
	at org.springframework.test.util.AssertionErrors.assertEquals(AssertionErrors.java:129)
	at org.springframework.test.util.JsonPathExpectationsHelper.assertValue(JsonPathExpectationsHelper.java:172)
	at org.springframework.test.web.servlet.result.JsonPathResultMatchers.lambda$value$2(JsonPathResultMatchers.java:111)
	at org.springframework.test.web.servlet.MockMvc$1.andExpect(MockMvc.java:212)
	at org.springframework.samples.petclinic.acceptance.Cp13Tests.coreCountsNamesakes(Cp13Tests.java:24)

INFO  AnnotationConfigContextLoaderUtils - Could not detect default configuration classes for test class [org.springframework.samples.petclinic.acceptance.Cp19Tests]: Cp19Tests does not declare any static, non-private, non-final, nested classes annotated with @Configuration.
INFO  SpringBootTestContextBootstrapper - Found @SpringBootConfiguration org.springframework.samples.petclinic.PetClinicApplication for test class org.springframework.samples.petclinic.acceptance.Cp19Tests
INFO  AnnotationConfigContextLoaderUtils - Could not detect default configuration classes for test class [org.springframework.samples.petclinic.acceptance.Cp19Tests]: Cp19Tests does not declare any static, non-private, non-final, nested classes annotated with @Configuration.
INFO  AnnotationConfigContextLoaderUtils - Could not detect default configuration classes for test class [org.springframework.samples.petclinic.acceptance.AcceptanceBase]: AcceptanceBase does not declare any static, non-private, non-final, nested classes annotated with @Configuration.
INFO  SpringBootTestContextBootstrapper - Found @SpringBootConfiguration org.springframework.samples.petclinic.PetClinicApplication for test class org.springframework.samples.petclinic.acceptance.Cp19Tests
INFO  AUDIT - Created owner id=23 customerCode=UNKNOWN-AAC762D5 registrationDate=2026-09-07 membershipLevel=1 membershipNumber=UNKNOWN-AAC762D5-M27
INFO  AUDIT - {"seq":13,"ownerId":23,"customerCode":"UNKNOWN-AAC762D5","membershipLevel":1,"event":"OWNER_CREATED"}
INFO  AUDIT - Created owner id=24 customerCode=UNKNOWN-3586509B registrationDate=2026-09-07 membershipLevel=1 membershipNumber=UNKNOWN-3586509B-M27
INFO  AUDIT - {"seq":14,"ownerId":24,"customerCode":"UNKNOWN-3586509B","membershipLevel":1,"event":"OWNER_CREATED"}
INFO  AUDIT - Created owner id=25 customerCode=UNKNOWN-46C5727F registrationDate=2026-09-07 membershipLevel=1 membershipNumber=UNKNOWN-46C5727F-M27
INFO  AUDIT - {"seq":15,"ownerId":25,"customerCode":"UNKNOWN-46C5727F","membershipLevel":1,"event":"OWNER_CREATED"}
INFO  AUDIT - Created owner id=26 customerCode=UNKNOWN-3123707F registrationDate=2026-09-07 membershipLevel=1 membershipNumber=UNKNOWN-3123707F-M27
INFO  AUDIT - {"seq":16,"ownerId":26,"customerCode":"UNKNOWN-3123707F","membershipLevel":1,"event":"OWNER_CREATED"}
INFO  AUDIT - Created owner id=27 customerCode=UNKNOWN-0EEBE2CE registrationDate=2026-09-07 membershipLevel=1 membershipNumber=UNKNOWN-0EEBE2CE-M27
INFO  AUDIT - {"seq":17,"ownerId":27,"customerCode":"UNKNOWN-0EEBE2CE","membershipLevel":1,"event":"OWNER_CREATED"}
INFO  AUDIT - Created owner id=28 customerCode=UNKNOWN-66CB7B28 registrationDate=2026-09-07 membershipLevel=1 membershipNumber=UNKNOWN-66CB7B28-M27
INFO  AUDIT - {"seq":18,"ownerId":28,"customerCode":"UNKNOWN-66CB7B28","membershipLevel":1,"event":"OWNER_CREATED"}
INFO  AUDIT - Created owner id=29 customerCode=UNKNOWN-3FE304F8 registrationDate=2026-09-07 membershipLevel=1 membershipNumber=UNKNOWN-3FE304F8-M27
INFO  AUDIT - {"seq":19,"ownerId":29,"customerCode":"UNKNOWN-3FE304F8","membershipLevel":1,"event":"OWNER_CREATED"}
INFO  AUDIT - Created owner id=30 customerCode=UNKNOWN-310F679D registrationDate=2026-09-07 membershipLevel=1 membershipNumber=UNKNOWN-310F679D-M27
INFO  AUDIT - {"seq":20,"ownerId":30,"customerCode":"UNKNOWN-310F679D","membershipLevel":1,"event":"OWNER_CREATED"}
INFO  AUDIT - Created owner id=31 customerCode=UNKNOWN-CD4B43FB registrationDate=2026-09-07 membershipLevel=1 membershipNumber=UNKNOWN-CD4B43FB-M27
INFO  AUDIT - {"seq":21,"ownerId":31,"customerCode":"UNKNOWN-CD4B43FB","membershipLevel":1,"event":"OWNER_CREATED"}
INFO  AUDIT - Created owner id=32 customerCode=UNKNOWN-7F6E07BD registrationDate=2026-09-07 membershipLevel=1 membershipNumber=UNKNOWN-7F6E07BD-M27
INFO  AUDIT - {"seq":22,"ownerId":32,"customerCode":"UNKNOWN-7F6E07BD","membershipLevel":1,"event":"OWNER_CREATED"}
INFO  AUDIT - Created owner id=33 customerCode=UNKNOWN-8AC38604 registrationDate=2026-09-07 membershipLevel=1 membershipNumber=UNKNOWN-8AC38604-M27
INFO  AUDIT - {"seq":23,"ownerId":33,"customerCode":"UNKNOWN-8AC38604","membershipLevel":1,"event":"OWNER_CREATED"}
INFO  AUDIT - Created owner id=34 customerCode=UNKNOWN-BBCDCE4F registrationDate=2026-09-07 membershipLevel=1 membershipNumber=UNKNOWN-BBCDCE4F-M27
INFO  AUDIT - {"seq":24,"ownerId":34,"customerCode":"UNKNOWN-BBCDCE4F","membershipLevel":1,"event":"OWNER_CREATED"}
INFO  AUDIT - Created owner id=35 customerCode=UNKNOWN-A584662B registrationDate=2026-09-07 membershipLevel=1 membershipNumber=UNKNOWN-A584662B-M27
INFO  AUDIT - {"seq":25,"ownerId":35,"customerCode":"UNKNOWN-A584662B","membershipLevel":1,"event":"OWNER_CREATED"}
INFO  AUDIT - Created owner id=36 customerCode=UNKNOWN-4251A05D registrationDate=2026-09-07 membershipLevel=1 membershipNumber=UNKNOWN-4251A05D-M27
INFO  AUDIT - {"seq":26,"ownerId":36,"customerCode":"UNKNOWN-4251A05D","membershipLevel":1,"event":"OWNER_CREATED"}
INFO  AUDIT - Created owner id=37 customerCode=UNKNOWN-DB6D45E5 registrationDate=2026-09-07 membershipLevel=1 membershipNumber=UNKNOWN-DB6D45E5-M27
INFO  AUDIT - {"seq":27,"ownerId":37,"customerCode":"UNKNOWN-DB6D45E5","membershipLevel":1,"event":"OWNER_CREATED"}
INFO  AUDIT - Created owner id=38 customerCode=UNKNOWN-E059CE15 registrationDate=2026-09-07 membershipLevel=1 membershipNumber=UNKNOWN-E059CE15-M27
INFO  AUDIT - {"seq":28,"ownerId":38,"customerCode":"UNKNOWN-E059CE15","membershipLevel":1,"event":"OWNER_CREATED"}
INFO  AUDIT - Created owner id=39 customerCode=UNKNOWN-4298387B registrationDate=2026-09-07 membershipLevel=1 membershipNumber=UNKNOWN-4298387B-M27
INFO  AUDIT - {"seq":29,"ownerId":39,"customerCode":"UNKNOWN-4298387B","membershipLevel":1,"event":"OWNER_CREATED"}
INFO  AUDIT - Created owner id=40 customerCode=UNKNOWN-BB3695F7 registrationDate=2026-09-07 membershipLevel=1 membershipNumber=UNKNOWN-BB3695F7-M27
INFO  AUDIT - {"seq":30,"ownerId":40,"customerCode":"UNKNOWN-BB3695F7","membershipLevel":1,"event":"OWNER_CREATED"}
INFO  AUDIT - Created owner id=41 customerCode=UNKNOWN-7692DCDA registrationDate=2026-09-07 membershipLevel=1 membershipNumber=UNKNOWN-7692DCDA-M27
INFO  AUDIT - {"seq":31,"ownerId":41,"customerCode":"UNKNOWN-7692DCDA","membershipLevel":1,"event":"OWNER_CREATED"}
INFO  AUDIT - Created owner id=42 customerCode=UNKNOWN-F33D7F3E registrationDate=2026-09-07 membershipLevel=1 membershipNumber=UNKNOWN-F33D7F3E-M27
INFO  AUDIT - {"seq":32,"ownerId":42,"customerCode":"UNKNOWN-F33D7F3E","membershipLevel":1,"event":"OWNER_CREATED"}
INFO  AUDIT - Created owner id=43 customerCode=UNKNOWN-425DE87E registrationDate=2026-09-07 membershipLevel=1 membershipNumber=UNKNOWN-425DE87E-M27
INFO  AUDIT - {"seq":33,"ownerId":43,"customerCode":"UNKNOWN-425DE87E","membershipLevel":1,"event":"OWNER_CREATED"}
INFO  AUDIT - Created owner id=44 customerCode=UNKNOWN-91B1606E registrationDate=2026-09-07 membershipLevel=1 membershipNumber=UNKNOWN-91B1606E-M27
INFO  AUDIT - {"seq":34,"ownerId":44,"customerCode":"UNKNOWN-91B1606E","membershipLevel":1,"event":"OWNER_CREATED"}
INFO  AUDIT - Created owner id=45 customerCode=UNKNOWN-E3EDDA01 registrationDate=2026-09-07 membershipLevel=1 membershipNumber=UNKNOWN-E3EDDA01-M27
INFO  AUDIT - {"seq":35,"ownerId":45,"customerCode":"UNKNOWN-E3EDDA01","membershipLevel":1,"event":"OWNER_CREATED"}
INFO  AUDIT - Created owner id=46 customerCode=UNKNOWN-740558C7 registrationDate=2026-09-07 membershipLevel=1 membershipNumber=UNKNOWN-740558C7-M27
INFO  AUDIT - {"seq":36,"ownerId":46,"customerCode":"UNKNOWN-740558C7","membershipLevel":1,"event":"OWNER_CREATED"}
INFO  AUDIT - Created owner id=47 customerCode=UNKNOWN-A5588F09 registrationDate=2026-09-07 membershipLevel=1 membershipNumber=UNKNOWN-A5588F09-M27
INFO  AUDIT - {"seq":37,"ownerId":47,"customerCode":"UNKNOWN-A5588F09","membershipLevel":1,"event":"OWNER_CREATED"}
INFO  AUDIT - Created owner id=48 customerCode=UNKNOWN-A4118957 registrationDate=2026-09-07 membershipLevel=1 membershipNumber=UNKNOWN-A4118957-M27
INFO  AUDIT - {"seq":38,"ownerId":48,"customerCode":"UNKNOWN-A4118957","membershipLevel":1,"event":"OWNER_CREATED"}
INFO  AUDIT - Created owner id=49 customerCode=UNKNOWN-29EBF669 registrationDate=2026-09-07 membershipLevel=1 membershipNumber=UNKNOWN-29EBF669-M27
INFO  AUDIT - {"seq":39,"ownerId":49,"customerCode":"UNKNOWN-29EBF669","membershipLevel":1,"event":"OWNER_CREATED"}
INFO  AUDIT - Created owner id=50 customerCode=UNKNOWN-B51CAA96 registrationDate=2026-09-07 membershipLevel=1 membershipNumber=UNKNOWN-B51CAA96-M27
INFO  AUDIT - {"seq":40,"ownerId":50,"customerCode":"UNKNOWN-B51CAA96","membershipLevel":1,"event":"OWNER_CREATED"}
INFO  AUDIT - Created owner id=51 customerCode=UNKNOWN-EC5BD7B5 registrationDate=2026-09-07 membershipLevel=1 membershipNumber=UNKNOWN-EC5BD7B5-M27
INFO  AUDIT - {"seq":41,"ownerId":51,"customerCode":"UNKNOWN-EC5BD7B5","membershipLevel":1,"event":"OWNER_CREATED"}
INFO  AUDIT - Created owner id=52 customerCode=UNKNOWN-BE3788CE registrationDate=2026-09-07 membershipLevel=1 membershipNumber=UNKNOWN-BE3788CE-M27
INFO  AUDIT - {"seq":42,"ownerId":52,"customerCode":"UNKNOWN-BE3788CE","membershipLevel":1,"event":"OWNER_CREATED"}
INFO  AUDIT - Created owner id=53 customerCode=UNKNOWN-54BB7CB3 registrationDate=2026-09-07 membershipLevel=1 membershipNumber=UNKNOWN-54BB7CB3-M27
INFO  AUDIT - {"seq":43,"ownerId":53,"customerCode":"UNKNOWN-54BB7CB3","membershipLevel":1,"event":"OWNER_CREATED"}
INFO  AUDIT - Created owner id=54 customerCode=UNKNOWN-B1CC34FD registrationDate=2026-09-07 membershipLevel=1 membershipNumber=UNKNOWN-B1CC34FD-M27
INFO  AUDIT - {"seq":44,"ownerId":54,"customerCode":"UNKNOWN-B1CC34FD","membershipLevel":1,"event":"OWNER_CREATED"}
INFO  AUDIT - Created owner id=55 customerCode=UNKNOWN-FAED1507 registrationDate=2026-09-07 membershipLevel=1 membershipNumber=UNKNOWN-FAED1507-M27
INFO  AUDIT - {"seq":45,"ownerId":55,"customerCode":"UNKNOWN-FAED1507","membershipLevel":1,"event":"OWNER_CREATED"}
INFO  AUDIT - Created owner id=56 customerCode=UNKNOWN-EAD71F41 registrationDate=2026-09-07 membershipLevel=1 membershipNumber=UNKNOWN-EAD71F41-M27
INFO  AUDIT - {"seq":46,"ownerId":56,"customerCode":"UNKNOWN-EAD71F41","membershipLevel":1,"event":"OWNER_CREATED"}
INFO  AUDIT - Created owner id=57 customerCode=UNKNOWN-6E1BF428 registrationDate=2026-09-07 membershipLevel=1 membershipNumber=UNKNOWN-6E1BF428-M27
INFO  AUDIT - {"seq":47,"ownerId":57,"customerCode":"UNKNOWN-6E1BF428","membershipLevel":1,"event":"OWNER_CREATED"}
INFO  AUDIT - Created owner id=58 customerCode=UNKNOWN-933DE6B3 registrationDate=2026-09-07 membershipLevel=1 membershipNumber=UNKNOWN-933DE6B3-M27
INFO  AUDIT - {"seq":48,"ownerId":58,"customerCode":"UNKNOWN-933DE6B3","membershipLevel":1,"event":"OWNER_CREATED"}
INFO  AUDIT - Created owner id=59 customerCode=UNKNOWN-28E8311D registrationDate=2026-09-07 membershipLevel=1 membershipNumber=UNKNOWN-28E8311D-M27
INFO  AUDIT - {"seq":49,"ownerId":59,"customerCode":"UNKNOWN-28E8311D","membershipLevel":1,"event":"OWNER_CREATED"}
INFO  AUDIT - Created owner id=60 customerCode=UNKNOWN-48E11A01 registrationDate=2026-09-07 membershipLevel=1 membershipNumber=UNKNOWN-48E11A01-M27
INFO  AUDIT - {"seq":50,"ownerId":60,"customerCode":"UNKNOWN-48E11A01","membershipLevel":1,"event":"OWNER_CREATED"}
INFO  AUDIT - Created owner id=61 customerCode=UNKNOWN-AC59B6E2 registrationDate=2026-09-07 membershipLevel=1 membershipNumber=UNKNOWN-AC59B6E2-M27
INFO  AUDIT - {"seq":51,"ownerId":61,"customerCode":"UNKNOWN-AC59B6E2","membershipLevel":1,"event":"OWNER_CREATED"}
INFO  AUDIT - Created owner id=62 customerCode=UNKNOWN-7E7FDE6F registrationDate=2026-09-07 membershipLevel=1 membershipNumber=UNKNOWN-7E7FDE6F-M27
INFO  AUDIT - {"seq":52,"ownerId":62,"customerCode":"UNKNOWN-7E7FDE6F","membershipLevel":1,"event":"OWNER_CREATED"}
INFO  AUDIT - Created owner id=63 customerCode=UNKNOWN-597A8622 registrationDate=2026-09-07 membershipLevel=1 membershipNumber=UNKNOWN-597A8622-M27
INFO  AUDIT - {"seq":53,"ownerId":63,"customerCode":"UNKNOWN-597A8622","membershipLevel":1,"event":"OWNER_CREATED"}
INFO  AUDIT - Created owner id=64 customerCode=UNKNOWN-F85265DF registrationDate=2026-09-07 membershipLevel=1 membershipNumber=UNKNOWN-F85265DF-M27
INFO  AUDIT - {"seq":54,"ownerId":64,"customerCode":"UNKNOWN-F85265DF","membershipLevel":1,"event":"OWNER_CREATED"}
INFO  AUDIT - Created owner id=65 customerCode=UNKNOWN-6642F4CE registrationDate=2026-09-07 membershipLevel=1 membershipNumber=UNKNOWN-6642F4CE-M27
INFO  AUDIT - {"seq":55,"ownerId":65,"customerCode":"UNKNOWN-6642F4CE","membershipLevel":1,"event":"OWNER_CREATED"}
INFO  AUDIT - Created owner id=66 customerCode=UNKNOWN-F2DE4704 registrationDate=2026-09-07 membershipLevel=1 membershipNumber=UNKNOWN-F2DE4704-M27
INFO  AUDIT - {"seq":56,"ownerId":66,"customerCode":"UNKNOWN-F2DE4704","membershipLevel":1,"event":"OWNER_CREATED"}
INFO  AUDIT - Created owner id=67 customerCode=UNKNOWN-82FD995A registrationDate=2026-09-07 membershipLevel=1 membershipNumber=UNKNOWN-82FD995A-M27
INFO  AUDIT - {"seq":57,"ownerId":67,"customerCode":"UNKNOWN-82FD995A","membershipLevel":1,"event":"OWNER_CREATED"}
INFO  AUDIT - Created owner id=68 customerCode=UNKNOWN-848BA44D registrationDate=2026-09-07 membershipLevel=1 membershipNumber=UNKNOWN-848BA44D-M27
INFO  AUDIT - {"seq":58,"ownerId":68,"customerCode":"UNKNOWN-848BA44D","membershipLevel":1,"event":"OWNER_CREATED"}
INFO  AUDIT - Created owner id=69 customerCode=UNKNOWN-C60CDFC4 registrationDate=2026-09-07 membershipLevel=1 membershipNumber=UNKNOWN-C60CDFC4-M27
INFO  AUDIT - {"seq":59,"ownerId":69,"customerCode":"UNKNOWN-C60CDFC4","membershipLevel":1,"event":"OWNER_CREATED"}
INFO  AUDIT - Created owner id=70 customerCode=UNKNOWN-98D05CFA registrationDate=2026-09-07 membershipLevel=1 membershipNumber=UNKNOWN-98D05CFA-M27
INFO  AUDIT - {"seq":60,"ownerId":70,"customerCode":"UNKNOWN-98D05CFA","membershipLevel":1,"event":"OWNER_CREATED"}
INFO  AUDIT - Created owner id=71 customerCode=UNKNOWN-2BC3574B registrationDate=2026-09-07 membershipLevel=1 membershipNumber=UNKNOWN-2BC3574B-M27
INFO  AUDIT - {"seq":61,"ownerId":71,"customerCode":"UNKNOWN-2BC3574B","membershipLevel":1,"event":"OWNER_CREATED"}
INFO  AUDIT - Created owner id=72 customerCode=UNKNOWN-FC76B5E5 registrationDate=2026-09-07 membershipLevel=1 membershipNumber=UNKNOWN-FC76B5E5-M27
INFO  AUDIT - {"seq":62,"ownerId":72,"customerCode":"UNKNOWN-FC76B5E5","membershipLevel":1,"event":"OWNER_CREATED"}
INFO  AUDIT - Created owner id=73 customerCode=UNKNOWN-F2905EB5 registrationDate=2026-09-07 membershipLevel=1 membershipNumber=UNKNOWN-F2905EB5-M27
INFO  AUDIT - {"seq":63,"ownerId":73,"customerCode":"UNKNOWN-F2905EB5","membershipLevel":1,"event":"OWNER_CREATED"}
INFO  AUDIT - Created owner id=74 customerCode=UNKNOWN-3BD72B85 registrationDate=2026-09-07 membershipLevel=1 membershipNumber=UNKNOWN-3BD72B85-M27
INFO  AUDIT - {"seq":64,"ownerId":74,"customerCode":"UNKNOWN-3BD72B85","membershipLevel":1,"event":"OWNER_CREATED"}
INFO  AUDIT - Created owner id=75 customerCode=UNKNOWN-01081DA6 registrationDate=2026-09-07 membershipLevel=1 membershipNumber=UNKNOWN-01081DA6-M27
INFO  AUDIT - {"seq":65,"ownerId":75,"customerCode":"UNKNOWN-01081DA6","membershipLevel":1,"event":"OWNER_CREATED"}
INFO  AUDIT - Created owner id=76 customerCode=UNKNOWN-8378BC13 registrationDate=2026-09-07 membershipLevel=1 membershipNumber=UNKNOWN-8378BC13-M27
INFO  AUDIT - {"seq":66,"ownerId":76,"customerCode":"UNKNOWN-8378BC13","membershipLevel":1,"event":"OWNER_CREATED"}
INFO  AUDIT - Created owner id=77 customerCode=UNKNOWN-AC91E560 registrationDate=2026-09-07 membershipLevel=1 membershipNumber=UNKNOWN-AC91E560-M27
INFO  AUDIT - {"seq":67,"ownerId":77,"customerCode":"UNKNOWN-AC91E560","membershipLevel":1,"event":"OWNER_CREATED"}
INFO  AUDIT - Created owner id=78 customerCode=UNKNOWN-A2D12C2B registrationDate=2026-09-07 membershipLevel=1 membershipNumber=UNKNOWN-A2D12C2B-M27
INFO  AUDIT - {"seq":68,"ownerId":78,"customerCode":"UNKNOWN-A2D12C2B","membershipLevel":1,"event":"OWNER_CREATED"}
INFO  AUDIT - Created owner id=79 customerCode=UNKNOWN-D78B4F88 registrationDate=2026-09-07 membershipLevel=1 membershipNumber=UNKNOWN-D78B4F88-M27
INFO  AUDIT - {"seq":69,"ownerId":79,"customerCode":"UNKNOWN-D78B4F88","membershipLevel":1,"event":"OWNER_CREATED"}
INFO  AUDIT - Created owner id=80 customerCode=UNKNOWN-ED38F842 registrationDate=2026-09-07 membershipLevel=1 membershipNumber=UNKNOWN-ED38F842-M27
INFO  AUDIT - {"seq":70,"ownerId":80,"customerCode":"UNKNOWN-ED38F842","membershipLevel":1,"event":"OWNER_CREATED"}
INFO  AUDIT - Created owner id=81 customerCode=UNKNOWN-B5B1D482 registrationDate=2026-09-07 membershipLevel=1 membershipNumber=UNKNOWN-B5B1D482-M27
INFO  AUDIT - {"seq":71,"ownerId":81,"customerCode":"UNKNOWN-B5B1D482","membershipLevel":1,"event":"OWNER_CREATED"}
INFO  AUDIT - Created owner id=82 customerCode=UNKNOWN-BC5785AE registrationDate=2026-09-07 membershipLevel=1 membershipNumber=UNKNOWN-BC5785AE-M27
INFO  AUDIT - {"seq":72,"ownerId":82,"customerCode":"UNKNOWN-BC5785AE","membershipLevel":1,"event":"OWNER_CREATED"}
INFO  AUDIT - Created owner id=83 customerCode=UNKNOWN-A572CBB7 registrationDate=2026-09-07 membershipLevel=1 membershipNumber=UNKNOWN-A572CBB7-M27
INFO  AUDIT - {"seq":73,"ownerId":83,"customerCode":"UNKNOWN-A572CBB7","membershipLevel":1,"event":"OWNER_CREATED"}
INFO  AUDIT - Created owner id=84 customerCode=UNKNOWN-DA2DEFCE registrationDate=2026-09-07 membershipLevel=1 membershipNumber=UNKNOWN-DA2DEFCE-M27
INFO  AUDIT - {"seq":74,"ownerId":84,"customerCode":"UNKNOWN-DA2DEFCE","membershipLevel":1,"event":"OWNER_CREATED"}
INFO  AUDIT - Created owner id=85 customerCode=UNKNOWN-0B086A46 registrationDate=2026-09-07 membershipLevel=1 membershipNumber=UNKNOWN-0B086A46-M27
INFO  AUDIT - {"seq":75,"ownerId":85,"customerCode":"UNKNOWN-0B086A46","membershipLevel":1,"event":"OWNER_CREATED"}
INFO  AUDIT - Created owner id=86 customerCode=UNKNOWN-0BBA6A05 registrationDate=2026-09-07 membershipLevel=1 membershipNumber=UNKNOWN-0BBA6A05-M27
INFO  AUDIT - {"seq":76,"ownerId":86,"customerCode":"UNKNOWN-0BBA6A05","membershipLevel":1,"event":"OWNER_CREATED"}
INFO  AUDIT - Created owner id=87 customerCode=UNKNOWN-67D3F596 registrationDate=2026-09-07 membershipLevel=1 membershipNumber=UNKNOWN-67D3F596-M27
INFO  AUDIT - {"seq":77,"ownerId":87,"customerCode":"UNKNOWN-67D3F596","membershipLevel":1,"event":"OWNER_CREATED"}
INFO  AUDIT - Created owner id=88 customerCode=UNKNOWN-A40331F0 registrationDate=2026-09-07 membershipLevel=1 membershipNumber=UNKNOWN-A40331F0-M27
INFO  AUDIT - {"seq":78,"ownerId":88,"customerCode":"UNKNOWN-A40331F0","membershipLevel":1,"event":"OWNER_CREATED"}
INFO  AUDIT - Created owner id=89 customerCode=UNKNOWN-4842D4B5 registrationDate=2026-09-07 membershipLevel=1 membershipNumber=UNKNOWN-4842D4B5-M27
INFO  AUDIT - {"seq":79,"ownerId":89,"customerCode":"UNKNOWN-4842D4B5","membershipLevel":1,"event":"OWNER_CREATED"}
INFO  AUDIT - Created owner id=90 customerCode=UNKNOWN-FF828AB8 registrationDate=2026-09-07 membershipLevel=1 membershipNumber=UNKNOWN-FF828AB8-M27
INFO  AUDIT - {"seq":80,"ownerId":90,"customerCode":"UNKNOWN-FF828AB8","membershipLevel":1,"event":"OWNER_CREATED"}
INFO  AUDIT - Created owner id=91 customerCode=UNKNOWN-D2225BBF registrationDate=2026-09-07 membershipLevel=1 membershipNumber=UNKNOWN-D2225BBF-M27
INFO  AUDIT - {"seq":81,"ownerId":91,"customerCode":"UNKNOWN-D2225BBF","membershipLevel":1,"event":"OWNER_CREATED"}
INFO  AUDIT - Created owner id=92 customerCode=UNKNOWN-5D6F4E87 registrationDate=2026-09-07 membershipLevel=1 membershipNumber=UNKNOWN-5D6F4E87-M27
INFO  AUDIT - {"seq":82,"ownerId":92,"customerCode":"UNKNOWN-5D6F4E87","membershipLevel":1,"event":"OWNER_CREATED"}
INFO  AUDIT - Created owner id=93 customerCode=UNKNOWN-DD3FCED5 registrationDate=2026-09-07 membershipLevel=1 membershipNumber=UNKNOWN-DD3FCED5-M27
INFO  AUDIT - {"seq":83,"ownerId":93,"customerCode":"UNKNOWN-DD3FCED5","membershipLevel":1,"event":"OWNER_CREATED"}
INFO  AUDIT - Created owner id=94 customerCode=UNKNOWN-E25B8BA8 registrationDate=2026-09-07 membershipLevel=1 membershipNumber=UNKNOWN-E25B8BA8-M27
INFO  AUDIT - {"seq":84,"ownerId":94,"customerCode":"UNKNOWN-E25B8BA8","membershipLevel":1,"event":"OWNER_CREATED"}
INFO  AUDIT - Created owner id=95 customerCode=UNKNOWN-5BAB0281 registrationDate=2026-09-07 membershipLevel=1 membershipNumber=UNKNOWN-5BAB0281-M27
INFO  AUDIT - {"seq":85,"ownerId":95,"customerCode":"UNKNOWN-5BAB0281","membershipLevel":1,"event":"OWNER_CREATED"}
INFO  AUDIT - Created owner id=96 customerCode=UNKNOWN-00706CAE registrationDate=2026-09-07 membershipLevel=1 membershipNumber=UNKNOWN-00706CAE-M27
INFO  AUDIT - {"seq":86,"ownerId":96,"customerCode":"UNKNOWN-00706CAE","membershipLevel":1,"event":"OWNER_CREATED"}
INFO  AUDIT - Created owner id=97 customerCode=UNKNOWN-3D710DA5 registrationDate=2026-09-07 membershipLevel=1 membershipNumber=UNKNOWN-3D710DA5-M27
INFO  AUDIT - {"seq":87,"ownerId":97,"customerCode":"UNKNOWN-3D710DA5","membershipLevel":1,"event":"OWNER_CREATED"}
INFO  AUDIT - Created owner id=98 customerCode=UNKNOWN-9717C0CF registrationDate=2026-09-07 membershipLevel=1 membershipNumber=UNKNOWN-9717C0CF-M27
INFO  AUDIT - {"seq":88,"ownerId":98,"customerCode":"UNKNOWN-9717C0CF","membershipLevel":1,"event":"OWNER_CREATED"}
INFO  AUDIT - Created owner id=99 customerCode=UNKNOWN-71FF1452 registrationDate=2026-09-07 membershipLevel=1 membershipNumber=UNKNOWN-71FF1452-M27
INFO  AUDIT - {"seq":89,"ownerId":99,"customerCode":"UNKNOWN-71FF1452","membershipLevel":1,"event":"OWNER_CREATED"}
INFO  AUDIT - Created owner id=100 customerCode=UNKNOWN-364A07EF registrationDate=2026-09-07 membershipLevel=1 membershipNumber=UNKNOWN-364A07EF-M27
INFO  AUDIT - {"seq":90,"ownerId":100,"customerCode":"UNKNOWN-364A07EF","membershipLevel":1,"event":"OWNER_CREATED"}
INFO  AUDIT - Created owner id=101 customerCode=UNKNOWN-32679F92 registrationDate=2026-09-07 membershipLevel=1 membershipNumber=UNKNOWN-32679F92-M27
INFO  AUDIT - {"seq":91,"ownerId":101,"customerCode":"UNKNOWN-32679F92","membershipLevel":1,"event":"OWNER_CREATED"}
INFO  AUDIT - Created owner id=102 customerCode=UNKNOWN-471A75AA registrationDate=2026-09-07 membershipLevel=1 membershipNumber=UNKNOWN-471A75AA-M27
INFO  AUDIT - {"seq":92,"ownerId":102,"customerCode":"UNKNOWN-471A75AA","membershipLevel":1,"event":"OWNER_CREATED"}
INFO  AUDIT - Created owner id=103 customerCode=UNKNOWN-82466573 registrationDate=2026-09-07 membershipLevel=1 membershipNumber=UNKNOWN-82466573-M27
INFO  AUDIT - {"seq":93,"ownerId":103,"customerCode":"UNKNOWN-82466573","membershipLevel":1,"event":"OWNER_CREATED"}
INFO  AUDIT - Created owner id=104 customerCode=UNKNOWN-8C511437 registrationDate=2026-09-07 membershipLevel=1 membershipNumber=UNKNOWN-8C511437-M27
INFO  AUDIT - {"seq":94,"ownerId":104,"customerCode":"UNKNOWN-8C511437","membershipLevel":1,"event":"OWNER_CREATED"}
INFO  AUDIT - Created owner id=105 customerCode=UNKNOWN-BD963974 registrationDate=2026-09-07 membershipLevel=1 membershipNumber=UNKNOWN-BD963974-M27
INFO  AUDIT - {"seq":95,"ownerId":105,"customerCode":"UNKNOWN-BD963974","membershipLevel":1,"event":"OWNER_CREATED"}
INFO  AUDIT - Created owner id=106 customerCode=UNKNOWN-C2405D0F registrationDate=2026-09-07 membershipLevel=1 membershipNumber=UNKNOWN-C2405D0F-M27
INFO  AUDIT - {"seq":96,"ownerId":106,"customerCode":"UNKNOWN-C2405D0F","membershipLevel":1,"event":"OWNER_CREATED"}
INFO  AUDIT - Created owner id=107 customerCode=UNKNOWN-9D142190 registrationDate=2026-09-07 membershipLevel=1 membershipNumber=UNKNOWN-9D142190-M27
INFO  AUDIT - {"seq":97,"ownerId":107,"customerCode":"UNKNOWN-9D142190","membershipLevel":1,"event":"OWNER_CREATED"}
INFO  AUDIT - Created owner id=108 customerCode=UNKNOWN-225C391E registrationDate=2026-09-07 membershipLevel=1 membershipNumber=UNKNOWN-225C391E-M27
INFO  AUDIT - {"seq":98,"ownerId":108,"customerCode":"UNKNOWN-225C391E","membershipLevel":1,"event":"OWNER_CREATED"}
INFO  AUDIT - Created owner id=109 customerCode=UNKNOWN-F27965E2 registrationDate=2026-09-07 membershipLevel=1 membershipNumber=UNKNOWN-F27965E2-M27
INFO  AUDIT - {"seq":99,"ownerId":109,"customerCode":"UNKNOWN-F27965E2","membershipLevel":1,"event":"OWNER_CREATED"}
INFO  AUDIT - Created owner id=110 customerCode=UNKNOWN-8C6A894C registrationDate=2026-09-07 membershipLevel=1 membershipNumber=UNKNOWN-8C6A894C-M27
INFO  AUDIT - {"seq":100,"ownerId":110,"customerCode":"UNKNOWN-8C6A894C","membershipLevel":1,"event":"OWNER_CREATED"}
INFO  AUDIT - Created owner id=111 customerCode=UNKNOWN-415DC089 registrationDate=2026-09-07 membershipLevel=1 membershipNumber=UNKNOWN-415DC089-M27
INFO  AUDIT - {"seq":101,"ownerId":111,"customerCode":"UNKNOWN-415DC089","membershipLevel":1,"event":"OWNER_CREATED"}
INFO  AUDIT - Created owner id=112 customerCode=UNKNOWN-28B105E9 registrationDate=2026-09-07 membershipLevel=1 membershipNumber=UNKNOWN-28B105E9-M27
INFO  AUDIT - {"seq":102,"ownerId":112,"customerCode":"UNKNOWN-28B105E9","membershipLevel":1,"event":"OWNER_CREATED"}
INFO  AUDIT - Created owner id=113 customerCode=UNKNOWN-30170AE3 registrationDate=2026-09-07 membershipLevel=1 membershipNumber=UNKNOWN-30170AE3-M27
INFO  AUDIT - {"seq":103,"ownerId":113,"customerCode":"UNKNOWN-30170AE3","membershipLevel":1,"event":"OWNER_CREATED"}
INFO  AUDIT - Created owner id=114 customerCode=UNKNOWN-9AF0292A registrationDate=2026-09-07 membershipLevel=1 membershipNumber=UNKNOWN-9AF0292A-M27
INFO  AUDIT - {"seq":104,"ownerId":114,"customerCode":"UNKNOWN-9AF0292A","membershipLevel":1,"event":"OWNER_CREATED"}
INFO  AUDIT - Created owner id=115 customerCode=UNKNOWN-CC4DA9C9 registrationDate=2026-09-07 membershipLevel=1 membershipNumber=UNKNOWN-CC4DA9C9-M27
INFO  AUDIT - {"seq":105,"ownerId":115,"customerCode":"UNKNOWN-CC4DA9C9","membershipLevel":1,"event":"OWNER_CREATED"}
INFO  AUDIT - Created owner id=116 customerCode=UNKNOWN-42854F35 registrationDate=2026-09-07 membershipLevel=1 membershipNumber=UNKNOWN-42854F35-M27
INFO  AUDIT - {"seq":106,"ownerId":116,"customerCode":"UNKNOWN-42854F35","membershipLevel":1,"event":"OWNER_CREATED"}
INFO  AUDIT - Created owner id=117 customerCode=UNKNOWN-79B436B3 registrationDate=2026-09-07 membershipLevel=1 membershipNumber=UNKNOWN-79B436B3-M27
INFO  AUDIT - {"seq":107,"ownerId":117,"customerCode":"UNKNOWN-79B436B3","membershipLevel":1,"event":"OWNER_CREATED"}
INFO  AUDIT - Created owner id=118 customerCode=UNKNOWN-9EE04ABE registrationDate=2026-09-07 membershipLevel=1 membershipNumber=UNKNOWN-9EE04ABE-M27
INFO  AUDIT - {"seq":108,"ownerId":118,"customerCode":"UNKNOWN-9EE04ABE","membershipLevel":1,"event":"OWNER_CREATED"}
INFO  AUDIT - Created owner id=119 customerCode=UNKNOWN-3AFD652A registrationDate=2026-09-07 membershipLevel=1 membershipNumber=UNKNOWN-3AFD652A-M27
INFO  AUDIT - {"seq":109,"ownerId":119,"customerCode":"UNKNOWN-3AFD652A","membershipLevel":1,"event":"OWNER_CREATED"}
INFO  AUDIT - Created owner id=120 customerCode=UNKNOWN-4A466936 registrationDate=2026-09-07 membershipLevel=1 membershipNumber=UNKNOWN-4A466936-M27
INFO  AUDIT - {"seq":110,"ownerId":120,"customerCode":"UNKNOWN-4A466936","membershipLevel":1,"event":"OWNER_CREATED"}
INFO  AUDIT - Created owner id=121 customerCode=UNKNOWN-B91E002F registrationDate=2026-09-07 membershipLevel=1 membershipNumber=UNKNOWN-B91E002F-M27
INFO  AUDIT - {"seq":111,"ownerId":121,"customerCode":"UNKNOWN-B91E002F","membershipLevel":1,"event":"OWNER_CREATED"}
INFO  AUDIT - Created owner id=122 customerCode=UNKNOWN-8D4AEFB8 registrationDate=2026-09-07 membershipLevel=1 membershipNumber=UNKNOWN-8D4AEFB8-M27
INFO  AUDIT - {"seq":112,"ownerId":122,"customerCode":"UNKNOWN-8D4AEFB8","membershipLevel":1,"event":"OWNER_CREATED"}
INFO  AnnotationConfigContextLoaderUtils - Could not detect default configuration classes for test class [org.springframework.samples.petclinic.acceptance.Cp28Tests]: Cp28Tests does not declare any static, non-private, non-final, nested classes annotated with @Configuration.
INFO  SpringBootTestContextBootstrapper - Found @SpringBootConfiguration org.springframework.samples.petclinic.PetClinicApplication for test class org.springframework.samples.petclinic.acceptance.Cp28Tests
INFO  AnnotationConfigContextLoaderUtils - Could not detect default configuration classes for test class [org.springframework.samples.petclinic.acceptance.Cp28Tests]: Cp28Tests does not declare any static, non-private, non-final, nested classes annotated with @Configuration.
INFO  AnnotationConfigContextLoaderUtils - Could not detect default configuration classes for test class [org.springframework.samples.petclinic.acceptance.AcceptanceBase]: AcceptanceBase does not declare any static, non-private, non-final, nested classes annotated with @Configuration.
INFO  SpringBootTestContextBootstrapper - Found @SpringBootConfiguration org.springframework.samples.petclinic.PetClinicApplication for test class org.springframework.samples.petclinic.acceptance.Cp28Tests
INFO  AUDIT - Created owner id=123 customerCode=NSW-65B0B2F0 registrationDate=2026-09-07 membershipLevel=1 membershipNumber=NSW-65B0B2F0-M27
INFO  AUDIT - {"seq":113,"ownerId":123,"customerCode":"NSW-65B0B2F0","membershipLevel":1,"event":"OWNER_CREATED"}
INFO  AUDIT - Created owner id=124 customerCode=NSW-F27F2B8F registrationDate=2026-09-07 membershipLevel=2 membershipNumber=NSW-F27F2B8F-M27
INFO  AUDIT - {"seq":114,"ownerId":124,"customerCode":"NSW-F27F2B8F","membershipLevel":2,"event":"OWNER_CREATED"}
INFO  AnnotationConfigContextLoaderUtils - Could not detect default configuration classes for test class [org.springframework.samples.petclinic.acceptance.Cp18Tests]: Cp18Tests does not declare any static, non-private, non-final, nested classes annotated with @Configuration.
INFO  SpringBootTestContextBootstrapper - Found @SpringBootConfiguration org.springframework.samples.petclinic.PetClinicApplication for test class org.springframework.samples.petclinic.acceptance.Cp18Tests
INFO  AnnotationConfigContextLoaderUtils - Could not detect default configuration classes for test class [org.springframework.samples.petclinic.acceptance.Cp18Tests]: Cp18Tests does not declare any static, non-private, non-final, nested classes annotated with @Configuration.
INFO  AnnotationConfigContextLoaderUtils - Could not detect default configuration classes for test class [org.springframework.samples.petclinic.acceptance.AcceptanceBase]: AcceptanceBase does not declare any static, non-private, non-final, nested classes annotated with @Configuration.
INFO  SpringBootTestContextBootstrapper - Found @SpringBootConfiguration org.springframework.samples.petclinic.PetClinicApplication for test class org.springframework.samples.petclinic.acceptance.Cp18Tests
INFO  AUDIT - Created owner id=125 customerCode=UNKNOWN-8D6D5720 registrationDate=2026-09-07 membershipLevel=1 membershipNumber=UNKNOWN-8D6D5720-M27
INFO  AUDIT - {"seq":115,"ownerId":125,"customerCode":"UNKNOWN-8D6D5720","membershipLevel":1,"event":"OWNER_CREATED"}
INFO  AUDIT - Created owner id=126 customerCode=UNKNOWN-F0874147 registrationDate=2026-09-07 membershipLevel=1 membershipNumber=UNKNOWN-F0874147-M27
INFO  AUDIT - {"seq":116,"ownerId":126,"customerCode":"UNKNOWN-F0874147","membershipLevel":1,"event":"OWNER_CREATED"}
INFO  AUDIT - Created owner id=127 customerCode=UNKNOWN-5F2F8014 registrationDate=2026-09-07 membershipLevel=1 membershipNumber=UNKNOWN-5F2F8014-M27
INFO  AUDIT - {"seq":117,"ownerId":127,"customerCode":"UNKNOWN-5F2F8014","membershipLevel":1,"event":"OWNER_CREATED"}
INFO  AUDIT - Created owner id=128 customerCode=UNKNOWN-71165785 registrationDate=2026-09-07 membershipLevel=1 membershipNumber=UNKNOWN-71165785-M27
INFO  AUDIT - {"seq":118,"ownerId":128,"customerCode":"UNKNOWN-71165785","membershipLevel":1,"event":"OWNER_CREATED"}
INFO  AUDIT - Created owner id=129 customerCode=UNKNOWN-F4F36ABF registrationDate=2026-09-07 membershipLevel=1 membershipNumber=UNKNOWN-F4F36ABF-M27
INFO  AUDIT - {"seq":119,"ownerId":129,"customerCode":"UNKNOWN-F4F36ABF","membershipLevel":1,"event":"OWNER_CREATED"}
INFO  AUDIT - Created owner id=130 customerCode=UNKNOWN-C02C6105 registrationDate=2026-09-07 membershipLevel=1 membershipNumber=UNKNOWN-C02C6105-M27
INFO  AUDIT - {"seq":120,"ownerId":130,"customerCode":"UNKNOWN-C02C6105","membershipLevel":1,"event":"OWNER_CREATED"}
INFO  AUDIT - Created owner id=131 customerCode=UNKNOWN-41081155 registrationDate=2026-09-07 membershipLevel=1 membershipNumber=UNKNOWN-41081155-M27
INFO  AUDIT - {"seq":121,"ownerId":131,"customerCode":"UNKNOWN-41081155","membershipLevel":1,"event":"OWNER_CREATED"}
INFO  AUDIT - Created owner id=132 customerCode=UNKNOWN-1E13E3A0 registrationDate=2026-09-07 membershipLevel=1 membershipNumber=UNKNOWN-1E13E3A0-M27
INFO  AUDIT - {"seq":122,"ownerId":132,"customerCode":"UNKNOWN-1E13E3A0","membershipLevel":1,"event":"OWNER_CREATED"}
INFO  AUDIT - Created owner id=133 customerCode=UNKNOWN-521C669A registrationDate=2026-09-07 membershipLevel=1 membershipNumber=UNKNOWN-521C669A-M27
INFO  AUDIT - {"seq":123,"ownerId":133,"customerCode":"UNKNOWN-521C669A","membershipLevel":1,"event":"OWNER_CREATED"}
INFO  AUDIT - Created owner id=134 customerCode=UNKNOWN-6BEF25A4 registrationDate=2026-09-07 membershipLevel=1 membershipNumber=UNKNOWN-6BEF25A4-M27
INFO  AUDIT - {"seq":124,"ownerId":134,"customerCode":"UNKNOWN-6BEF25A4","membershipLevel":1,"event":"OWNER_CREATED"}
INFO  AUDIT - Created owner id=135 customerCode=UNKNOWN-20D713B9 registrationDate=2026-09-07 membershipLevel=1 membershipNumber=UNKNOWN-20D713B9-M27
INFO  AUDIT - {"seq":125,"ownerId":135,"customerCode":"UNKNOWN-20D713B9","membershipLevel":1,"event":"OWNER_CREATED"}
INFO  AUDIT - Created owner id=136 customerCode=UNKNOWN-36CAC12F registrationDate=2026-09-07 membershipLevel=1 membershipNumber=UNKNOWN-36CAC12F-M27
INFO  AUDIT - {"seq":126,"ownerId":136,"customerCode":"UNKNOWN-36CAC12F","membershipLevel":1,"event":"OWNER_CREATED"}
INFO  AUDIT - Created owner id=137 customerCode=UNKNOWN-72263E7B registrationDate=2026-09-07 membershipLevel=1 membershipNumber=UNKNOWN-72263E7B-M27
INFO  AUDIT - {"seq":127,"ownerId":137,"customerCode":"UNKNOWN-72263E7B","membershipLevel":1,"event":"OWNER_CREATED"}
INFO  AUDIT - Created owner id=138 customerCode=UNKNOWN-1DEE8499 registrationDate=2026-09-07 membershipLevel=1 membershipNumber=UNKNOWN-1DEE8499-M27
INFO  AUDIT - {"seq":128,"ownerId":138,"customerCode":"UNKNOWN-1DEE8499","membershipLevel":1,"event":"OWNER_CREATED"}
INFO  AUDIT - Created owner id=139 customerCode=UNKNOWN-7AD146AF registrationDate=2026-09-07 membershipLevel=1 membershipNumber=UNKNOWN-7AD146AF-M27
INFO  AUDIT - {"seq":129,"ownerId":139,"customerCode":"UNKNOWN-7AD146AF","membershipLevel":1,"event":"OWNER_CREATED"}
INFO  AUDIT - Created owner id=140 customerCode=UNKNOWN-E888A8B9 registrationDate=2026-09-07 membershipLevel=1 membershipNumber=UNKNOWN-E888A8B9-M27
INFO  AUDIT - {"seq":130,"ownerId":140,"customerCode":"UNKNOWN-E888A8B9","membershipLevel":1,"event":"OWNER_CREATED"}
INFO  AUDIT - Created owner id=141 customerCode=UNKNOWN-E9D6C50D registrationDate=2026-09-07 membershipLevel=1 membershipNumber=UNKNOWN-E9D6C50D-M27
INFO  AUDIT - {"seq":131,"ownerId":141,"customerCode":"UNKNOWN-E9D6C50D","membershipLevel":1,"event":"OWNER_CREATED"}
INFO  AUDIT - Created owner id=142 customerCode=UNKNOWN-CDB31B44 registrationDate=2026-09-07 membershipLevel=1 membershipNumber=UNKNOWN-CDB31B44-M27
INFO  AUDIT - {"seq":132,"ownerId":142,"customerCode":"UNKNOWN-CDB31B44","membershipLevel":1,"event":"OWNER_CREATED"}
INFO  AUDIT - Created owner id=143 customerCode=UNKNOWN-0CF5738C registrationDate=2026-09-07 membershipLevel=1 membershipNumber=UNKNOWN-0CF5738C-M27
INFO  AUDIT - {"seq":133,"ownerId":143,"customerCode":"UNKNOWN-0CF5738C","membershipLevel":1,"event":"OWNER_CREATED"}
INFO  AUDIT - Created owner id=144 customerCode=UNKNOWN-ED164D8E registrationDate=2026-09-07 membershipLevel=1 membershipNumber=UNKNOWN-ED164D8E-M27
INFO  AUDIT - {"seq":134,"ownerId":144,"customerCode":"UNKNOWN-ED164D8E","membershipLevel":1,"event":"OWNER_CREATED"}
INFO  AUDIT - Created owner id=145 customerCode=UNKNOWN-763B67F6 registrationDate=2026-09-07 membershipLevel=1 membershipNumber=UNKNOWN-763B67F6-M27
INFO  AUDIT - {"seq":135,"ownerId":145,"customerCode":"UNKNOWN-763B67F6","membershipLevel":1,"event":"OWNER_CREATED"}
INFO  AUDIT - Created owner id=146 customerCode=UNKNOWN-94628A6D registrationDate=2026-09-07 membershipLevel=1 membershipNumber=UNKNOWN-94628A6D-M27
INFO  AUDIT - {"seq":136,"ownerId":146,"customerCode":"UNKNOWN-94628A6D","membershipLevel":1,"event":"OWNER_CREATED"}
INFO  AUDIT - Created owner id=147 customerCode=UNKNOWN-E0D1322F registrationDate=2026-09-07 membershipLevel=1 membershipNumber=UNKNOWN-E0D1322F-M27
INFO  AUDIT - {"seq":137,"ownerId":147,"customerCode":"UNKNOWN-E0D1322F","membershipLevel":1,"event":"OWNER_CREATED"}
INFO  AUDIT - Created owner id=148 customerCode=UNKNOWN-161E4C44 registrationDate=2026-09-07 membershipLevel=1 membershipNumber=UNKNOWN-161E4C44-M27
INFO  AUDIT - {"seq":138,"ownerId":148,"customerCode":"UNKNOWN-161E4C44","membershipLevel":1,"event":"OWNER_CREATED"}
INFO  AUDIT - Created owner id=149 customerCode=UNKNOWN-966BA022 registrationDate=2026-09-07 membershipLevel=1 membershipNumber=UNKNOWN-966BA022-M27
INFO  AUDIT - {"seq":139,"ownerId":149,"customerCode":"UNKNOWN-966BA022","membershipLevel":1,"event":"OWNER_CREATED"}
INFO  AUDIT - Created owner id=150 customerCode=UNKNOWN-B86D0A69 registrationDate=2026-09-07 membershipLevel=1 membershipNumber=UNKNOWN-B86D0A69-M27
INFO  AUDIT - {"seq":140,"ownerId":150,"customerCode":"UNKNOWN-B86D0A69","membershipLevel":1,"event":"OWNER_CREATED"}
INFO  AUDIT - Created owner id=151 customerCode=UNKNOWN-BD81023C registrationDate=2026-09-07 membershipLevel=1 membershipNumber=UNKNOWN-BD81023C-M27
INFO  AUDIT - {"seq":141,"ownerId":151,"customerCode":"UNKNOWN-BD81023C","membershipLevel":1,"event":"OWNER_CREATED"}
INFO  AUDIT - Created owner id=152 customerCode=UNKNOWN-48A6A4BC registrationDate=2026-09-07 membershipLevel=1 membershipNumber=UNKNOWN-48A6A4BC-M27
INFO  AUDIT - {"seq":142,"ownerId":152,"customerCode":"UNKNOWN-48A6A4BC","membershipLevel":1,"event":"OWNER_CREATED"}
INFO  AUDIT - Created owner id=153 customerCode=UNKNOWN-D225D8A3 registrationDate=2026-09-07 membershipLevel=1 membershipNumber=UNKNOWN-D225D8A3-M27
INFO  AUDIT - {"seq":143,"ownerId":153,"customerCode":"UNKNOWN-D225D8A3","membershipLevel":1,"event":"OWNER_CREATED"}
INFO  AUDIT - Created owner id=154 customerCode=UNKNOWN-9AD220E1 registrationDate=2026-09-07 membershipLevel=1 membershipNumber=UNKNOWN-9AD220E1-M27
INFO  AUDIT - {"seq":144,"ownerId":154,"customerCode":"UNKNOWN-9AD220E1","membershipLevel":1,"event":"OWNER_CREATED"}
INFO  AUDIT - Created owner id=155 customerCode=UNKNOWN-850726D0 registrationDate=2026-09-07 membershipLevel=1 membershipNumber=UNKNOWN-850726D0-M27
INFO  AUDIT - {"seq":145,"ownerId":155,"customerCode":"UNKNOWN-850726D0","membershipLevel":1,"event":"OWNER_CREATED"}
INFO  AUDIT - Created owner id=156 customerCode=UNKNOWN-185F5A17 registrationDate=2026-09-07 membershipLevel=1 membershipNumber=UNKNOWN-185F5A17-M27
INFO  AUDIT - {"seq":146,"ownerId":156,"customerCode":"UNKNOWN-185F5A17","membershipLevel":1,"event":"OWNER_CREATED"}
INFO  AUDIT - Created owner id=157 customerCode=UNKNOWN-C72106F5 registrationDate=2026-09-07 membershipLevel=1 membershipNumber=UNKNOWN-C72106F5-M27
INFO  AUDIT - {"seq":147,"ownerId":157,"customerCode":"UNKNOWN-C72106F5","membershipLevel":1,"event":"OWNER_CREATED"}
INFO  AUDIT - Created owner id=158 customerCode=UNKNOWN-201C78D8 registrationDate=2026-09-07 membershipLevel=1 membershipNumber=UNKNOWN-201C78D8-M27
INFO  AUDIT - {"seq":148,"ownerId":158,"customerCode":"UNKNOWN-201C78D8","membershipLevel":1,"event":"OWNER_CREATED"}
INFO  AUDIT - Created owner id=159 customerCode=UNKNOWN-A5FF30B2 registrationDate=2026-09-07 membershipLevel=1 membershipNumber=UNKNOWN-A5FF30B2-M27
INFO  AUDIT - {"seq":149,"ownerId":159,"customerCode":"UNKNOWN-A5FF30B2","membershipLevel":1,"event":"OWNER_CREATED"}
INFO  AUDIT - Created owner id=160 customerCode=UNKNOWN-868A37A5 registrationDate=2026-09-07 membershipLevel=1 membershipNumber=UNKNOWN-868A37A5-M27
INFO  AUDIT - {"seq":150,"ownerId":160,"customerCode":"UNKNOWN-868A37A5","membershipLevel":1,"event":"OWNER_CREATED"}
INFO  AUDIT - Created owner id=161 customerCode=UNKNOWN-58BCFCB1 registrationDate=2026-09-07 membershipLevel=1 membershipNumber=UNKNOWN-58BCFCB1-M27
INFO  AUDIT - {"seq":151,"ownerId":161,"customerCode":"UNKNOWN-58BCFCB1","membershipLevel":1,"event":"OWNER_CREATED"}
INFO  AUDIT - Created owner id=162 customerCode=UNKNOWN-34BA7CF7 registrationDate=2026-09-07 membershipLevel=1 membershipNumber=UNKNOWN-34BA7CF7-M27
INFO  AUDIT - {"seq":152,"ownerId":162,"customerCode":"UNKNOWN-34BA7CF7","membershipLevel":1,"event":"OWNER_CREATED"}
INFO  AUDIT - Created owner id=163 customerCode=UNKNOWN-04F12666 registrationDate=2026-09-07 membershipLevel=1 membershipNumber=UNKNOWN-04F12666-M27
INFO  AUDIT - {"seq":153,"ownerId":163,"customerCode":"UNKNOWN-04F12666","membershipLevel":1,"event":"OWNER_CREATED"}
INFO  AUDIT - Created owner id=164 customerCode=UNKNOWN-6B39FC7F registrationDate=2026-09-07 membershipLevel=1 membershipNumber=UNKNOWN-6B39FC7F-M27
INFO  AUDIT - {"seq":154,"ownerId":164,"customerCode":"UNKNOWN-6B39FC7F","membershipLevel":1,"event":"OWNER_CREATED"}
INFO  AUDIT - Created owner id=165 customerCode=UNKNOWN-C093C08B registrationDate=2026-09-07 membershipLevel=1 membershipNumber=UNKNOWN-C093C08B-M27
INFO  AUDIT - {"seq":155,"ownerId":165,"customerCode":"UNKNOWN-C093C08B","membershipLevel":1,"event":"OWNER_CREATED"}
INFO  AUDIT - Created owner id=166 customerCode=UNKNOWN-2B56DBBC registrationDate=2026-09-07 membershipLevel=1 membershipNumber=UNKNOWN-2B56DBBC-M27
INFO  AUDIT - {"seq":156,"ownerId":166,"customerCode":"UNKNOWN-2B56DBBC","membershipLevel":1,"event":"OWNER_CREATED"}
INFO  AUDIT - Created owner id=167 customerCode=UNKNOWN-0D3B23D7 registrationDate=2026-09-07 membershipLevel=1 membershipNumber=UNKNOWN-0D3B23D7-M27
INFO  AUDIT - {"seq":157,"ownerId":167,"customerCode":"UNKNOWN-0D3B23D7","membershipLevel":1,"event":"OWNER_CREATED"}
INFO  AUDIT - Created owner id=168 customerCode=UNKNOWN-5697E6A1 registrationDate=2026-09-07 membershipLevel=1 membershipNumber=UNKNOWN-5697E6A1-M27
INFO  AUDIT - {"seq":158,"ownerId":168,"customerCode":"UNKNOWN-5697E6A1","membershipLevel":1,"event":"OWNER_CREATED"}
INFO  AUDIT - Created owner id=169 customerCode=UNKNOWN-F3D46FFF registrationDate=2026-09-07 membershipLevel=1 membershipNumber=UNKNOWN-F3D46FFF-M27
INFO  AUDIT - {"seq":159,"ownerId":169,"customerCode":"UNKNOWN-F3D46FFF","membershipLevel":1,"event":"OWNER_CREATED"}
INFO  AUDIT - Created owner id=170 customerCode=UNKNOWN-4DC793CA registrationDate=2026-09-07 membershipLevel=1 membershipNumber=UNKNOWN-4DC793CA-M27
INFO  AUDIT - {"seq":160,"ownerId":170,"customerCode":"UNKNOWN-4DC793CA","membershipLevel":1,"event":"OWNER_CREATED"}
INFO  AUDIT - Created owner id=171 customerCode=UNKNOWN-9852482D registrationDate=2026-09-07 membershipLevel=1 membershipNumber=UNKNOWN-9852482D-M27
INFO  AUDIT - {"seq":161,"ownerId":171,"customerCode":"UNKNOWN-9852482D","membershipLevel":1,"event":"OWNER_CREATED"}
INFO  AUDIT - Created owner id=172 customerCode=UNKNOWN-F4B02ADC registrationDate=2026-09-07 membershipLevel=1 membershipNumber=UNKNOWN-F4B02ADC-M27
INFO  AUDIT - {"seq":162,"ownerId":172,"customerCode":"UNKNOWN-F4B02ADC","membershipLevel":1,"event":"OWNER_CREATED"}
INFO  AUDIT - Created owner id=173 customerCode=UNKNOWN-FBA37572 registrationDate=2026-09-07 membershipLevel=1 membershipNumber=UNKNOWN-FBA37572-M27
INFO  AUDIT - {"seq":163,"ownerId":173,"customerCode":"UNKNOWN-FBA37572","membershipLevel":1,"event":"OWNER_CREATED"}
INFO  AUDIT - Created owner id=174 customerCode=UNKNOWN-B01E9F56 registrationDate=2026-09-07 membershipLevel=1 membershipNumber=UNKNOWN-B01E9F56-M27
INFO  AUDIT - {"seq":164,"ownerId":174,"customerCode":"UNKNOWN-B01E9F56","membershipLevel":1,"event":"OWNER_CREATED"}
INFO  AnnotationConfigContextLoaderUtils - Could not detect default configuration classes for test class [org.springframework.samples.petclinic.acceptance.Cp08Tests]: Cp08Tests does not declare any static, non-private, non-final, nested classes annotated with @Configuration.
INFO  SpringBootTestContextBootstrapper - Found @SpringBootConfiguration org.springframework.samples.petclinic.PetClinicApplication for test class org.springframework.samples.petclinic.acceptance.Cp08Tests
INFO  AnnotationConfigContextLoaderUtils - Could not detect default configuration classes for test class [org.springframework.samples.petclinic.acceptance.Cp08Tests]: Cp08Tests does not declare any static, non-private, non-final, nested classes annotated with @Configuration.
INFO  AnnotationConfigContextLoaderUtils - Could not detect default configuration classes for test class [org.springframework.samples.petclinic.acceptance.AcceptanceBase]: AcceptanceBase does not declare any static, non-private, non-final, nested classes annotated with @Configuration.
INFO  SpringBootTestContextBootstrapper - Found @SpringBootConfiguration org.springframework.samples.petclinic.PetClinicApplication for test class org.springframework.samples.petclinic.acceptance.Cp08Tests
INFO  AUDIT - Created owner id=175 customerCode=UNKNOWN-645E7D7E registrationDate=2026-09-07 membershipLevel=1 membershipNumber=UNKNOWN-645E7D7E-M27
INFO  AUDIT - {"seq":165,"ownerId":175,"customerCode":"UNKNOWN-645E7D7E","membershipLevel":1,"event":"OWNER_CREATED"}
INFO  AUDIT - Created owner id=176 customerCode=UNKNOWN-4B258185 registrationDate=2026-09-07 membershipLevel=1 membershipNumber=UNKNOWN-4B258185-M27
INFO  AUDIT - {"seq":166,"ownerId":176,"customerCode":"UNKNOWN-4B258185","membershipLevel":1,"event":"OWNER_CREATED"}
INFO  AnnotationConfigContextLoaderUtils - Could not detect default configuration classes for test class [org.springframework.samples.petclinic.acceptance.Cp07Tests]: Cp07Tests does not declare any static, non-private, non-final, nested classes annotated with @Configuration.
INFO  SpringBootTestContextBootstrapper - Found @SpringBootConfiguration org.springframework.samples.petclinic.PetClinicApplication for test class org.springframework.samples.petclinic.acceptance.Cp07Tests
INFO  AnnotationConfigContextLoaderUtils - Could not detect default configuration classes for test class [org.springframework.samples.petclinic.acceptance.Cp07Tests]: Cp07Tests does not declare any static, non-private, non-final, nested classes annotated with @Configuration.
INFO  AnnotationConfigContextLoaderUtils - Could not detect default configuration classes for test class [org.springframework.samples.petclinic.acceptance.AcceptanceBase]: AcceptanceBase does not declare any static, non-private, non-final, nested classes annotated with @Configuration.
INFO  SpringBootTestContextBootstrapper - Found @SpringBootConfiguration org.springframework.samples.petclinic.PetClinicApplication for test class org.springframework.samples.petclinic.acceptance.Cp07Tests
INFO  AUDIT - Created owner id=177 customerCode=UNKNOWN-5C566900 registrationDate=2026-01-06 membershipLevel=3 membershipNumber=UNKNOWN-5C566900-M26
INFO  AUDIT - {"seq":167,"ownerId":177,"customerCode":"UNKNOWN-5C566900","membershipLevel":3,"event":"OWNER_CREATED"}
INFO  AUDIT - Created owner id=178 customerCode=UNKNOWN-3A860BC8 registrationDate=2026-01-05 membershipLevel=3 membershipNumber=UNKNOWN-3A860BC8-M26
INFO  AUDIT - {"seq":168,"ownerId":178,"customerCode":"UNKNOWN-3A860BC8","membershipLevel":3,"event":"OWNER_CREATED"}
INFO  AnnotationConfigContextLoaderUtils - Could not detect default configuration classes for test class [org.springframework.samples.petclinic.acceptance.Cp36Tests]: Cp36Tests does not declare any static, non-private, non-final, nested classes annotated with @Configuration.
INFO  SpringBootTestContextBootstrapper - Found @SpringBootConfiguration org.springframework.samples.petclinic.PetClinicApplication for test class org.springframework.samples.petclinic.acceptance.Cp36Tests
INFO  AnnotationConfigContextLoaderUtils - Could not detect default configuration classes for test class [org.springframework.samples.petclinic.acceptance.Cp36Tests]: Cp36Tests does not declare any static, non-private, non-final, nested classes annotated with @Configuration.
INFO  AnnotationConfigContextLoaderUtils - Could not detect default configuration classes for test class [org.springframework.samples.petclinic.acceptance.AcceptanceBase]: AcceptanceBase does not declare any static, non-private, non-final, nested classes annotated with @Configuration.
INFO  SpringBootTestContextBootstrapper - Found @SpringBootConfiguration org.springframework.samples.petclinic.PetClinicApplication for test class org.springframework.samples.petclinic.acceptance.Cp36Tests
INFO  AUDIT - Created owner id=179 customerCode=NSW-9C4118CF registrationDate=2026-09-07 membershipLevel=1 membershipNumber=NSW-9C4118CF-M27
INFO  AUDIT - {"seq":169,"ownerId":179,"customerCode":"NSW-9C4118CF","membershipLevel":1,"event":"OWNER_CREATED"}
INFO  AUDIT - Created owner id=180 customerCode=NSW-991DB57F registrationDate=2026-09-07 membershipLevel=1 membershipNumber=NSW-991DB57F-M27
INFO  AUDIT - {"seq":170,"ownerId":180,"customerCode":"NSW-991DB57F","membershipLevel":1,"event":"OWNER_CREATED"}
INFO  AnnotationConfigContextLoaderUtils - Could not detect default configuration classes for test class [org.springframework.samples.petclinic.acceptance.Cp37Tests]: Cp37Tests does not declare any static, non-private, non-final, nested classes annotated with @Configuration.
INFO  SpringBootTestContextBootstrapper - Found @SpringBootConfiguration org.springframework.samples.petclinic.PetClinicApplication for test class org.springframework.samples.petclinic.acceptance.Cp37Tests
INFO  AnnotationConfigContextLoaderUtils - Could not detect default configuration classes for test class [org.springframework.samples.petclinic.acceptance.Cp37Tests]: Cp37Tests does not declare any static, non-private, non-final, nested classes annotated with @Configuration.
INFO  AnnotationConfigContextLoaderUtils - Could not detect default configuration classes for test class [org.springframework.samples.petclinic.acceptance.AcceptanceBase]: AcceptanceBase does not declare any static, non-private, non-final, nested classes annotated with @Configuration.
INFO  SpringBootTestContextBootstrapper - Found @SpringBootConfiguration org.springframework.samples.petclinic.PetClinicApplication for test class org.springframework.samples.petclinic.acceptance.Cp37Tests
INFO  AUDIT - Created owner id=181 customerCode=UNKNOWN-365190CD registrationDate=2026-09-07 membershipLevel=1 membershipNumber=UNKNOWN-365190CD-M27
INFO  AUDIT - {"seq":171,"ownerId":181,"customerCode":"UNKNOWN-365190CD","membershipLevel":1,"event":"OWNER_CREATED"}
INFO  AnnotationConfigContextLoaderUtils - Could not detect default configuration classes for test class [org.springframework.samples.petclinic.acceptance.Cp40Tests]: Cp40Tests does not declare any static, non-private, non-final, nested classes annotated with @Configuration.
INFO  SpringBootTestContextBootstrapper - Found @SpringBootConfiguration org.springframework.samples.petclinic.PetClinicApplication for test class org.springframework.samples.petclinic.acceptance.Cp40Tests
INFO  AnnotationConfigContextLoaderUtils - Could not detect default configuration classes for test class [org.springframework.samples.petclinic.acceptance.Cp40Tests]: Cp40Tests does not declare any static, non-private, non-final, nested classes annotated with @Configuration.
INFO  AnnotationConfigContextLoaderUtils - Could not detect default configuration classes for test class [org.springframework.samples.petclinic.acceptance.AcceptanceBase]: AcceptanceBase does not declare any static, non-private, non-final, nested classes annotated with @Configuration.
INFO  SpringBootTestContextBootstrapper - Found @SpringBootConfiguration org.springframework.samples.petclinic.PetClinicApplication for test class org.springframework.samples.petclinic.acceptance.Cp40Tests
INFO  AUDIT - Created owner id=182 customerCode=NSW-CC3C73F8 registrationDate=2026-09-07 membershipLevel=2 membershipNumber=NSW-CC3C73F8-M27
INFO  AUDIT - {"seq":172,"ownerId":182,"customerCode":"NSW-CC3C73F8","membershipLevel":2,"event":"OWNER_CREATED"}
INFO  AnnotationConfigContextLoaderUtils - Could not detect default configuration classes for test class [org.springframework.samples.petclinic.acceptance.Cp25Tests]: Cp25Tests does not declare any static, non-private, non-final, nested classes annotated with @Configuration.
INFO  SpringBootTestContextBootstrapper - Found @SpringBootConfiguration org.springframework.samples.petclinic.PetClinicApplication for test class org.springframework.samples.petclinic.acceptance.Cp25Tests
INFO  AnnotationConfigContextLoaderUtils - Could not detect default configuration classes for test class [org.springframework.samples.petclinic.acceptance.Cp25Tests]: Cp25Tests does not declare any static, non-private, non-final, nested classes annotated with @Configuration.
INFO  AnnotationConfigContextLoaderUtils - Could not detect default configuration classes for test class [org.springframework.samples.petclinic.acceptance.AcceptanceBase]: AcceptanceBase does not declare any static, non-private, non-final, nested classes annotated with @Configuration.
INFO  SpringBootTestContextBootstrapper - Found @SpringBootConfiguration org.springframework.samples.petclinic.PetClinicApplication for test class org.springframework.samples.petclinic.acceptance.Cp25Tests
INFO  AUDIT - Created owner id=183 customerCode=UNKNOWN-E2B08E5C registrationDate=2026-09-07 membershipLevel=2 membershipNumber=UNKNOWN-E2B08E5C-M27
INFO  AUDIT - {"seq":173,"ownerId":183,"customerCode":"UNKNOWN-E2B08E5C","membershipLevel":2,"event":"OWNER_CREATED"}
INFO  AnnotationConfigContextLoaderUtils - Could not detect default configuration classes for test class [org.springframework.samples.petclinic.acceptance.Cp35Tests]: Cp35Tests does not declare any static, non-private, non-final, nested classes annotated with @Configuration.
INFO  SpringBootTestContextBootstrapper - Found @SpringBootConfiguration org.springframework.samples.petclinic.PetClinicApplication for test class org.springframework.samples.petclinic.acceptance.Cp35Tests
INFO  AnnotationConfigContextLoaderUtils - Could not detect default configuration classes for test class [org.springframework.samples.petclinic.acceptance.Cp35Tests]: Cp35Tests does not declare any static, non-private, non-final, nested classes annotated with @Configuration.
INFO  AnnotationConfigContextLoaderUtils - Could not detect default configuration classes for test class [org.springframework.samples.petclinic.acceptance.AcceptanceBase]: AcceptanceBase does not declare any static, non-private, non-final, nested classes annotated with @Configuration.
INFO  SpringBootTestContextBootstrapper - Found @SpringBootConfiguration org.springframework.samples.petclinic.PetClinicApplication for test class org.springframework.samples.petclinic.acceptance.Cp35Tests
INFO  AUDIT - Created owner id=184 customerCode=NSW-147E2C4F registrationDate=2026-09-07 membershipLevel=1 membershipNumber=NSW-147E2C4F-M27
INFO  AUDIT - {"seq":174,"ownerId":184,"customerCode":"NSW-147E2C4F","membershipLevel":1,"event":"OWNER_CREATED"}
INFO  AUDIT - Created owner id=185 customerCode=NSW-8F03DB9E registrationDate=2026-09-07 membershipLevel=1 membershipNumber=NSW-8F03DB9E-M27
INFO  AUDIT - {"seq":175,"ownerId":185,"customerCode":"NSW-8F03DB9E","membershipLevel":1,"event":"OWNER_CREATED"}
INFO  AnnotationConfigContextLoaderUtils - Could not detect default configuration classes for test class [org.springframework.samples.petclinic.acceptance.Cp05Tests]: Cp05Tests does not declare any static, non-private, non-final, nested classes annotated with @Configuration.
INFO  SpringBootTestContextBootstrapper - Found @SpringBootConfiguration org.springframework.samples.petclinic.PetClinicApplication for test class org.springframework.samples.petclinic.acceptance.Cp05Tests
INFO  AnnotationConfigContextLoaderUtils - Could not detect default configuration classes for test class [org.springframework.samples.petclinic.acceptance.Cp05Tests]: Cp05Tests does not declare any static, non-private, non-final, nested classes annotated with @Configuration.
INFO  AnnotationConfigContextLoaderUtils - Could not detect default configuration classes for test class [org.springframework.samples.petclinic.acceptance.AcceptanceBase]: AcceptanceBase does not declare any static, non-private, non-final, nested classes annotated with @Configuration.
INFO  SpringBootTestContextBootstrapper - Found @SpringBootConfiguration org.springframework.samples.petclinic.PetClinicApplication for test class org.springframework.samples.petclinic.acceptance.Cp05Tests
INFO  AUDIT - Created owner id=186 customerCode=UNKNOWN-E62F6CC4 registrationDate=2026-09-07 membershipLevel=1 membershipNumber=UNKNOWN-E62F6CC4-M27
INFO  AUDIT - {"seq":176,"ownerId":186,"customerCode":"UNKNOWN-E62F6CC4","membershipLevel":1,"event":"OWNER_CREATED"}
INFO  AnnotationConfigContextLoaderUtils - Could not detect default configuration classes for test class [org.springframework.samples.petclinic.acceptance.Cp51Tests]: Cp51Tests does not declare any static, non-private, non-final, nested classes annotated with @Configuration.
INFO  SpringBootTestContextBootstrapper - Found @SpringBootConfiguration org.springframework.samples.petclinic.PetClinicApplication for test class org.springframework.samples.petclinic.acceptance.Cp51Tests
INFO  AnnotationConfigContextLoaderUtils - Could not detect default configuration classes for test class [org.springframework.samples.petclinic.acceptance.Cp51Tests]: Cp51Tests does not declare any static, non-private, non-final, nested classes annotated with @Configuration.
INFO  AnnotationConfigContextLoaderUtils - Could not detect default configuration classes for test class [org.springframework.samples.petclinic.acceptance.AcceptanceBase]: AcceptanceBase does not declare any static, non-private, non-final, nested classes annotated with @Configuration.
INFO  SpringBootTestContextBootstrapper - Found @SpringBootConfiguration org.springframework.samples.petclinic.PetClinicApplication for test class org.springframework.samples.petclinic.acceptance.Cp51Tests
INFO  AUDIT - Created owner id=187 customerCode=NSW-C913EF32 registrationDate=2026-09-07 membershipLevel=1 membershipNumber=NSW-C913EF32-M27
INFO  AUDIT - {"seq":177,"ownerId":187,"customerCode":"NSW-C913EF32","membershipLevel":1,"event":"OWNER_CREATED"}
INFO  AUDIT - Created owner id=188 customerCode=NSW-8587E2C1 registrationDate=2026-09-07 membershipLevel=2 membershipNumber=NSW-8587E2C1-M27
INFO  AUDIT - {"seq":178,"ownerId":188,"customerCode":"NSW-8587E2C1","membershipLevel":2,"event":"OWNER_CREATED"}
INFO  AnnotationConfigContextLoaderUtils - Could not detect default configuration classes for test class [org.springframework.samples.petclinic.acceptance.Cp47Tests]: Cp47Tests does not declare any static, non-private, non-final, nested classes annotated with @Configuration.
INFO  SpringBootTestContextBootstrapper - Found @SpringBootConfiguration org.springframework.samples.petclinic.PetClinicApplication for test class org.springframework.samples.petclinic.acceptance.Cp47Tests
INFO  AnnotationConfigContextLoaderUtils - Could not detect default configuration classes for test class [org.springframework.samples.petclinic.acceptance.Cp47Tests]: Cp47Tests does not declare any static, non-private, non-final, nested classes annotated with @Configuration.
INFO  AnnotationConfigContextLoaderUtils - Could not detect default configuration classes for test class [org.springframework.samples.petclinic.acceptance.AcceptanceBase]: AcceptanceBase does not declare any static, non-private, non-final, nested classes annotated with @Configuration.
INFO  SpringBootTestContextBootstrapper - Found @SpringBootConfiguration org.springframework.samples.petclinic.PetClinicApplication for test class org.springframework.samples.petclinic.acceptance.Cp47Tests
INFO  AUDIT - Created owner id=189 customerCode=NSW-8F0E1676 registrationDate=2026-09-07 membershipLevel=1 membershipNumber=NSW-8F0E1676-M27
INFO  AUDIT - {"seq":179,"ownerId":189,"customerCode":"NSW-8F0E1676","membershipLevel":1,"event":"OWNER_CREATED"}
INFO  AnnotationConfigContextLoaderUtils - Could not detect default configuration classes for test class [org.springframework.samples.petclinic.acceptance.Cp09Tests]: Cp09Tests does not declare any static, non-private, non-final, nested classes annotated with @Configuration.
INFO  SpringBootTestContextBootstrapper - Found @SpringBootConfiguration org.springframework.samples.petclinic.PetClinicApplication for test class org.springframework.samples.petclinic.acceptance.Cp09Tests
INFO  AnnotationConfigContextLoaderUtils - Could not detect default configuration classes for test class [org.springframework.samples.petclinic.acceptance.Cp09Tests]: Cp09Tests does not declare any static, non-private, non-final, nested classes annotated with @Configuration.
INFO  AnnotationConfigContextLoaderUtils - Could not detect default configuration classes for test class [org.springframework.samples.petclinic.acceptance.AcceptanceBase]: AcceptanceBase does not declare any static, non-private, non-final, nested classes annotated with @Configuration.
INFO  SpringBootTestContextBootstrapper - Found @SpringBootConfiguration org.springframework.samples.petclinic.PetClinicApplication for test class org.springframework.samples.petclinic.acceptance.Cp09Tests
INFO  AUDIT - Created owner id=190 customerCode=NSW-6A778911 registrationDate=2026-09-07 membershipLevel=1 membershipNumber=NSW-6A778911-M27
INFO  AUDIT - {"seq":180,"ownerId":190,"customerCode":"NSW-6A778911","membershipLevel":1,"event":"OWNER_CREATED"}
INFO  AnnotationConfigContextLoaderUtils - Could not detect default configuration classes for test class [org.springframework.samples.petclinic.acceptance.Cp52Tests]: Cp52Tests does not declare any static, non-private, non-final, nested classes annotated with @Configuration.
INFO  SpringBootTestContextBootstrapper - Found @SpringBootConfiguration org.springframework.samples.petclinic.PetClinicApplication for test class org.springframework.samples.petclinic.acceptance.Cp52Tests
INFO  AnnotationConfigContextLoaderUtils - Could not detect default configuration classes for test class [org.springframework.samples.petclinic.acceptance.Cp52Tests]: Cp52Tests does not declare any static, non-private, non-final, nested classes annotated with @Configuration.
INFO  AnnotationConfigContextLoaderUtils - Could not detect default configuration classes for test class [org.springframework.samples.petclinic.acceptance.AcceptanceBase]: AcceptanceBase does not declare any static, non-private, non-final, nested classes annotated with @Configuration.
INFO  SpringBootTestContextBootstrapper - Found @SpringBootConfiguration org.springframework.samples.petclinic.PetClinicApplication for test class org.springframework.samples.petclinic.acceptance.Cp52Tests
INFO  AUDIT - Created owner id=191 customerCode=NSW-77C2CA6F registrationDate=2026-09-07 membershipLevel=1 membershipNumber=NSW-77C2CA6F-M27
INFO  AUDIT - {"seq":181,"ownerId":191,"customerCode":"NSW-77C2CA6F","membershipLevel":1,"event":"OWNER_CREATED"}
INFO  AUDIT - Created owner id=192 customerCode=NSW-46001E7C registrationDate=2026-09-07 membershipLevel=2 membershipNumber=NSW-46001E7C-M27
INFO  AUDIT - {"seq":182,"ownerId":192,"customerCode":"NSW-46001E7C","membershipLevel":2,"event":"OWNER_CREATED"}
INFO  AnnotationConfigContextLoaderUtils - Could not detect default configuration classes for test class [org.springframework.samples.petclinic.acceptance.Cp23Tests]: Cp23Tests does not declare any static, non-private, non-final, nested classes annotated with @Configuration.
INFO  SpringBootTestContextBootstrapper - Found @SpringBootConfiguration org.springframework.samples.petclinic.PetClinicApplication for test class org.springframework.samples.petclinic.acceptance.Cp23Tests
INFO  AnnotationConfigContextLoaderUtils - Could not detect default configuration classes for test class [org.springframework.samples.petclinic.acceptance.Cp23Tests]: Cp23Tests does not declare any static, non-private, non-final, nested classes annotated with @Configuration.
INFO  AnnotationConfigContextLoaderUtils - Could not detect default configuration classes for test class [org.springframework.samples.petclinic.acceptance.AcceptanceBase]: AcceptanceBase does not declare any static, non-private, non-final, nested classes annotated with @Configuration.
INFO  SpringBootTestContextBootstrapper - Found @SpringBootConfiguration org.springframework.samples.petclinic.PetClinicApplication for test class org.springframework.samples.petclinic.acceptance.Cp23Tests
INFO  AUDIT - Created owner id=193 customerCode=NSW-2A546A86 registrationDate=2026-09-07 membershipLevel=1 membershipNumber=NSW-2A546A86-M27
INFO  AUDIT - {"seq":183,"ownerId":193,"customerCode":"NSW-2A546A86","membershipLevel":1,"event":"OWNER_CREATED"}
INFO  AUDIT - Created owner id=194 customerCode=NSW-787AD101 registrationDate=2026-09-07 membershipLevel=1 membershipNumber=NSW-787AD101-M27
INFO  AUDIT - {"seq":184,"ownerId":194,"customerCode":"NSW-787AD101","membershipLevel":1,"event":"OWNER_CREATED"}
INFO  AUDIT - Created owner id=195 customerCode=NSW-908D70C2 registrationDate=2026-09-07 membershipLevel=3 membershipNumber=NSW-908D70C2-M27
INFO  AUDIT - {"seq":185,"ownerId":195,"customerCode":"NSW-908D70C2","membershipLevel":3,"event":"OWNER_CREATED"}

MockHttpServletRequest:
      HTTP Method = POST
      Request URI = /api/owners
       Parameters = {}
          Headers = [Content-Type:"application/json;charset=UTF-8", Content-Length:"152"]
             Body = {"firstName":"Fnacs","lastName":"Suracn","address":"770 Test Street","city":"Town771","telephone":"0400000772","postcode":"2000","sharesHousehold":true}
    Session Attrs = {SPRING_SECURITY_CONTEXT=SecurityContextImpl [Authentication=UsernamePasswordAuthenticationToken [Principal=org.springframework.security.core.userdetails.User [Username=acceptance-admin, Password=[PROTECTED], Enabled=true, AccountNonExpired=true, CredentialsNonExpired=true, AccountNonLocked=true, Granted Authorities=[ROLE_ADMIN, ROLE_OWNER_ADMIN, ROLE_VET_ADMIN]], Credentials=[PROTECTED], Authenticated=true, Details=null, Granted Authorities=[ROLE_ADMIN, ROLE_OWNER_ADMIN, ROLE_VET_ADMIN]]]}

Handler:
             Type = org.springframework.web.servlet.resource.ResourceHttpRequestHandler

Async:
    Async started = false
     Async result = null

Resolved Exception:
             Type = null

ModelAndView:
        View name = null
             View = null
            Model = null

FlashMap:
       Attributes = null

MockHttpServletResponse:
           Status = 201
    Error message = null
          Headers = [Location:"/api/owners/193", Content-Type:"application/json", X-Content-Type-Options:"nosniff", X-XSS-Protection:"0", Cache-Control:"no-cache, no-store, max-age=0, must-revalidate", Pragma:"no-cache", Expires:"0", X-Frame-Options:"DENY"]
     Content type = application/json
             Body = {"firstName":"Fnacs","lastName":"Suracn","city":"Town771","telephone":"+61400000772","pets":[],"address":"770 TEST STREET","addressLine1":null,"addressLine2":null,"ageBand":null,"birthDate":null,"bulkSignupWarning":false,"checkDigit":9,"contactPreference":"PHONE","customerCode":"NSW-2A546A86","deleted":false,"displayName":"Suracn, Fnacs","email":null,"fiscalYear":"FY27","householdId":"8a76db9bb716","id":193,"identityKey":"cf5c601c27a0d33e458df0cbacfcb940af2e7e7e15c8adf5590822d740a47ffb","initials":"F.S.","locality":"NSW","membershipLevel":1,"membershipNumber":"NSW-2A546A86-M27","membershipPoints":1,"namesakeCount":0,"possibleDuplicate":false,"possibleDuplicateOf":null,"postcode":"2000","registrationDate":"2026-09-07","salutation":"Suracn","selfLink":null,"sharesHousehold":null,"telephoneDisplay":"+61 400 000 772","timezone":"Australia/Sydney","title":null}
    Forwarded URL = null
   Redirected URL = /api/owners/193
          Cookies = []

MockHttpServletRequest:
      HTTP Method = POST
      Request URI = /api/owners
       Parameters = {}
          Headers = [Content-Type:"application/json;charset=UTF-8", Content-Length:"152"]
             Body = {"firstName":"Fnacx","lastName":"Suracn","address":"775 Test Street","city":"Town776","telephone":"0400000777","postcode":"2000","sharesHousehold":true}
    Session Attrs = {SPRING_SECURITY_CONTEXT=SecurityContextImpl [Authentication=UsernamePasswordAuthenticationToken [Principal=org.springframework.security.core.userdetails.User [Username=acceptance-admin, Password=[PROTECTED], Enabled=true, AccountNonExpired=true, CredentialsNonExpired=true, AccountNonLocked=true, Granted Authorities=[ROLE_ADMIN, ROLE_OWNER_ADMIN, ROLE_VET_ADMIN]], Credentials=[PROTECTED], Authenticated=true, Details=null, Granted Authorities=[ROLE_ADMIN, ROLE_OWNER_ADMIN, ROLE_VET_ADMIN]]]}

Handler:
             Type = org.springframework.web.servlet.resource.ResourceHttpRequestHandler

Async:
    Async started = false
     Async result = null

Resolved Exception:
             Type = null

ModelAndView:
        View name = null
             View = null
            Model = null

FlashMap:
       Attributes = null

MockHttpServletResponse:
           Status = 201
    Error message = null
          Headers = [Location:"/api/owners/194", Content-Type:"application/json", X-Content-Type-Options:"nosniff", X-XSS-Protection:"0", Cache-Control:"no-cache, no-store, max-age=0, must-revalidate", Pragma:"no-cache", Expires:"0", X-Frame-Options:"DENY"]
     Content type = application/json
             Body = {"firstName":"Fnacx","lastName":"Suracn","city":"Town776","telephone":"+61400000777","pets":[],"address":"775 TEST STREET","addressLine1":null,"addressLine2":null,"ageBand":null,"birthDate":null,"bulkSignupWarning":false,"checkDigit":5,"contactPreference":"PHONE","customerCode":"NSW-787AD101","deleted":false,"displayName":"Suracn, Fnacx","email":null,"fiscalYear":"FY27","householdId":"8a76db9bb716","id":194,"identityKey":"26d07b353460a359a5748cd93ce217d76871fb87314c388ffe213e09b4bb323c","initials":"F.S.","locality":"NSW","membershipLevel":1,"membershipNumber":"NSW-787AD101-M27","membershipPoints":0,"namesakeCount":1,"possibleDuplicate":false,"possibleDuplicateOf":null,"postcode":"2000","registrationDate":"2026-09-07","salutation":"Suracn","selfLink":null,"sharesHousehold":null,"telephoneDisplay":"+61 400 000 777","timezone":"Australia/Sydney","title":null}
    Forwarded URL = null
   Redirected URL = /api/owners/194
          Cookies = []

MockHttpServletRequest:
      HTTP Method = POST
      Request URI = /api/owners
       Parameters = {}
          Headers = [Content-Type:"application/json;charset=UTF-8", Content-Length:"184"]
             Body = {"firstName":"Fnadc","lastName":"Suracn","address":"780 Test Street","city":"Town781","telephone":"0400000782","postcode":"2000","sharesHousehold":true,"email":"owner784@example.test"}
    Session Attrs = {SPRING_SECURITY_CONTEXT=SecurityContextImpl [Authentication=UsernamePasswordAuthenticationToken [Principal=org.springframework.security.core.userdetails.User [Username=acceptance-admin, Password=[PROTECTED], Enabled=true, AccountNonExpired=true, CredentialsNonExpired=true, AccountNonLocked=true, Granted Authorities=[ROLE_ADMIN, ROLE_OWNER_ADMIN, ROLE_VET_ADMIN]], Credentials=[PROTECTED], Authenticated=true, Details=null, Granted Authorities=[ROLE_ADMIN, ROLE_OWNER_ADMIN, ROLE_VET_ADMIN]]]}

Handler:
             Type = org.springframework.web.servlet.resource.ResourceHttpRequestHandler

Async:
    Async started = false
     Async result = null

Resolved Exception:
             Type = null

ModelAndView:
        View name = null
             View = null
            Model = null

FlashMap:
       Attributes = null

MockHttpServletResponse:
           Status = 201
    Error message = null
          Headers = [Location:"/api/owners/195", Content-Type:"application/json", X-Content-Type-Options:"nosniff", X-XSS-Protection:"0", Cache-Control:"no-cache, no-store, max-age=0, must-revalidate", Pragma:"no-cache", Expires:"0", X-Frame-Options:"DENY"]
     Content type = application/json
             Body = {"firstName":"Fnadc","lastName":"Suracn","city":"Town781","telephone":"+61400000782","pets":[],"address":"780 TEST STREET","addressLine1":null,"addressLine2":null,"ageBand":null,"birthDate":null,"bulkSignupWarning":false,"checkDigit":4,"contactPreference":"EMAIL","customerCode":"NSW-908D70C2","deleted":false,"displayName":"Suracn, Fnadc","email":"owner784@example.test","fiscalYear":"FY27","householdId":"8a76db9bb716","id":195,"identityKey":"cfbb86c062cbc25e7c1e55459b450cd922e2c9c763ad3f31531cd5a177056874","initials":"F.S.","locality":"NSW","membershipLevel":2,"membershipNumber":"NSW-908D70C2-M27","membershipPoints":4,"namesakeCount":2,"possibleDuplicate":false,"possibleDuplicateOf":null,"postcode":"2000","registrationDate":"2026-09-07","salutation":"Suracn","selfLink":null,"sharesHousehold":null,"telephoneDisplay":"+61 400 000 782","timezone":"Australia/Sydney","title":null}
    Forwarded URL = null
   Redirected URL = /api/owners/195
          Cookies = []

MockHttpServletRequest:
      HTTP Method = GET
      Request URI = /api/owners/195
       Parameters = {}
          Headers = []
             Body = null
    Session Attrs = {SPRING_SECURITY_CONTEXT=SecurityContextImpl [Authentication=UsernamePasswordAuthenticationToken [Principal=org.springframework.security.core.userdetails.User [Username=acceptance-admin, Password=[PROTECTED], Enabled=true, AccountNonExpired=true, CredentialsNonExpired=true, AccountNonLocked=true, Granted Authorities=[ROLE_ADMIN, ROLE_OWNER_ADMIN, ROLE_VET_ADMIN]], Credentials=[PROTECTED], Authenticated=true, Details=null, Granted Authorities=[ROLE_ADMIN, ROLE_OWNER_ADMIN, ROLE_VET_ADMIN]]]}

Handler:
             Type = org.springframework.web.servlet.resource.ResourceHttpRequestHandler

Async:
    Async started = false
     Async result = null

Resolved Exception:
             Type = null

ModelAndView:
        View name = null
             View = null
            Model = null

FlashMap:
       Attributes = null

MockHttpServletResponse:
           Status = 200
    Error message = null
          Headers = [Content-Type:"application/json", X-Content-Type-Options:"nosniff", X-XSS-Protection:"0", Cache-Control:"no-cache, no-store, max-age=0, must-revalidate", Pragma:"no-cache", Expires:"0", X-Frame-Options:"DENY"]
     Content type = application/json
             Body = {"firstName":"Fnadc","lastName":"Suracn","city":"Town781","telephone":"+61400000782","pets":[],"address":"780 TEST STREET","addressLine1":null,"addressLine2":null,"ageBand":null,"birthDate":null,"bulkSignupWarning":false,"checkDigit":4,"contactPreference":"EMAIL","customerCode":"NSW-908D70C2","deleted":false,"displayName":"Suracn, Fnadc","email":"owner784@example.test","fiscalYear":"FY27","householdId":"8a76db9bb716","id":195,"identityKey":"cfbb86c062cbc25e7c1e55459b450cd922e2c9c763ad3f31531cd5a177056874","initials":"F.S.","locality":"NSW","membershipLevel":2,"membershipNumber":"NSW-908D70C2-M27","membershipPoints":4,"namesakeCount":2,"possibleDuplicate":false,"possibleDuplicateOf":null,"postcode":"2000","registrationDate":"2026-09-07","salutation":"Suracn","selfLink":"/api/owners/195","sharesHousehold":null,"telephoneDisplay":"+61 400 000 782","timezone":"Australia/Sydney","title":null}
    Forwarded URL = null
   Redirected URL = null
          Cookies = []
[ERROR] Tests run: 1, Failures: 1, Errors: 0, Skipped: 0, Time elapsed: 0.050 s <<< FAILURE! -- in org.springframework.samples.petclinic.acceptance.Cp23Tests
[ERROR] org.springframework.samples.petclinic.acceptance.Cp23Tests.coreHouseholdAddsPoints -- Time elapsed: 0.044 s <<< FAILURE!
java.lang.AssertionError: JSON path "$.membershipPoints" expected:<5> but was:<4>
	at org.springframework.test.util.AssertionErrors.fail(AssertionErrors.java:62)
	at org.springframework.test.util.AssertionErrors.assertEquals(AssertionErrors.java:129)
	at org.springframework.test.util.JsonPathExpectationsHelper.assertValue(JsonPathExpectationsHelper.java:172)
	at org.springframework.test.web.servlet.result.JsonPathResultMatchers.lambda$value$2(JsonPathResultMatchers.java:111)
	at org.springframework.test.web.servlet.MockMvc$1.andExpect(MockMvc.java:212)
	at org.springframework.samples.petclinic.acceptance.Cp23Tests.coreHouseholdAddsPoints(Cp23Tests.java:28)

INFO  AnnotationConfigContextLoaderUtils - Could not detect default configuration classes for test class [org.springframework.samples.petclinic.acceptance.Cp33Tests]: Cp33Tests does not declare any static, non-private, non-final, nested classes annotated with @Configuration.
INFO  SpringBootTestContextBootstrapper - Found @SpringBootConfiguration org.springframework.samples.petclinic.PetClinicApplication for test class org.springframework.samples.petclinic.acceptance.Cp33Tests
INFO  AnnotationConfigContextLoaderUtils - Could not detect default configuration classes for test class [org.springframework.samples.petclinic.acceptance.Cp33Tests]: Cp33Tests does not declare any static, non-private, non-final, nested classes annotated with @Configuration.
INFO  AnnotationConfigContextLoaderUtils - Could not detect default configuration classes for test class [org.springframework.samples.petclinic.acceptance.AcceptanceBase]: AcceptanceBase does not declare any static, non-private, non-final, nested classes annotated with @Configuration.
INFO  SpringBootTestContextBootstrapper - Found @SpringBootConfiguration org.springframework.samples.petclinic.PetClinicApplication for test class org.springframework.samples.petclinic.acceptance.Cp33Tests
INFO  AnnotationConfigContextLoaderUtils - Could not detect default configuration classes for test class [org.springframework.samples.petclinic.acceptance.Cp20Tests]: Cp20Tests does not declare any static, non-private, non-final, nested classes annotated with @Configuration.
INFO  SpringBootTestContextBootstrapper - Found @SpringBootConfiguration org.springframework.samples.petclinic.PetClinicApplication for test class org.springframework.samples.petclinic.acceptance.Cp20Tests
INFO  AnnotationConfigContextLoaderUtils - Could not detect default configuration classes for test class [org.springframework.samples.petclinic.acceptance.Cp20Tests]: Cp20Tests does not declare any static, non-private, non-final, nested classes annotated with @Configuration.
INFO  AnnotationConfigContextLoaderUtils - Could not detect default configuration classes for test class [org.springframework.samples.petclinic.acceptance.AcceptanceBase]: AcceptanceBase does not declare any static, non-private, non-final, nested classes annotated with @Configuration.
INFO  SpringBootTestContextBootstrapper - Found @SpringBootConfiguration org.springframework.samples.petclinic.PetClinicApplication for test class org.springframework.samples.petclinic.acceptance.Cp20Tests
INFO  AUDIT - Created owner id=196 customerCode=UNKNOWN-0E8076A4 registrationDate=2026-09-07 membershipLevel=1 membershipNumber=UNKNOWN-0E8076A4-M27
INFO  AUDIT - {"seq":186,"ownerId":196,"customerCode":"UNKNOWN-0E8076A4","membershipLevel":1,"event":"OWNER_CREATED"}
INFO  AnnotationConfigContextLoaderUtils - Could not detect default configuration classes for test class [org.springframework.samples.petclinic.acceptance.Cp15Tests]: Cp15Tests does not declare any static, non-private, non-final, nested classes annotated with @Configuration.
INFO  SpringBootTestContextBootstrapper - Found @SpringBootConfiguration org.springframework.samples.petclinic.PetClinicApplication for test class org.springframework.samples.petclinic.acceptance.Cp15Tests
INFO  AnnotationConfigContextLoaderUtils - Could not detect default configuration classes for test class [org.springframework.samples.petclinic.acceptance.Cp15Tests]: Cp15Tests does not declare any static, non-private, non-final, nested classes annotated with @Configuration.
INFO  AnnotationConfigContextLoaderUtils - Could not detect default configuration classes for test class [org.springframework.samples.petclinic.acceptance.AcceptanceBase]: AcceptanceBase does not declare any static, non-private, non-final, nested classes annotated with @Configuration.
INFO  SpringBootTestContextBootstrapper - Found @SpringBootConfiguration org.springframework.samples.petclinic.PetClinicApplication for test class org.springframework.samples.petclinic.acceptance.Cp15Tests
INFO  AUDIT - Created owner id=197 customerCode=UNKNOWN-9AF3C23C registrationDate=2026-09-07 membershipLevel=2 membershipNumber=UNKNOWN-9AF3C23C-M27
INFO  AUDIT - {"seq":187,"ownerId":197,"customerCode":"UNKNOWN-9AF3C23C","membershipLevel":2,"event":"OWNER_CREATED"}
INFO  AnnotationConfigContextLoaderUtils - Could not detect default configuration classes for test class [org.springframework.samples.petclinic.acceptance.Cp31Tests]: Cp31Tests does not declare any static, non-private, non-final, nested classes annotated with @Configuration.
INFO  SpringBootTestContextBootstrapper - Found @SpringBootConfiguration org.springframework.samples.petclinic.PetClinicApplication for test class org.springframework.samples.petclinic.acceptance.Cp31Tests
INFO  AnnotationConfigContextLoaderUtils - Could not detect default configuration classes for test class [org.springframework.samples.petclinic.acceptance.Cp31Tests]: Cp31Tests does not declare any static, non-private, non-final, nested classes annotated with @Configuration.
INFO  AnnotationConfigContextLoaderUtils - Could not detect default configuration classes for test class [org.springframework.samples.petclinic.acceptance.AcceptanceBase]: AcceptanceBase does not declare any static, non-private, non-final, nested classes annotated with @Configuration.
INFO  SpringBootTestContextBootstrapper - Found @SpringBootConfiguration org.springframework.samples.petclinic.PetClinicApplication for test class org.springframework.samples.petclinic.acceptance.Cp31Tests
INFO  AUDIT - Created owner id=198 customerCode=NSW-90357BE7 registrationDate=2026-09-07 membershipLevel=1 membershipNumber=NSW-90357BE7-M27
INFO  AUDIT - {"seq":188,"ownerId":198,"customerCode":"NSW-90357BE7","membershipLevel":1,"event":"OWNER_CREATED"}
INFO  AnnotationConfigContextLoaderUtils - Could not detect default configuration classes for test class [org.springframework.samples.petclinic.acceptance.Cp01Tests]: Cp01Tests does not declare any static, non-private, non-final, nested classes annotated with @Configuration.
INFO  SpringBootTestContextBootstrapper - Found @SpringBootConfiguration org.springframework.samples.petclinic.PetClinicApplication for test class org.springframework.samples.petclinic.acceptance.Cp01Tests
INFO  AnnotationConfigContextLoaderUtils - Could not detect default configuration classes for test class [org.springframework.samples.petclinic.acceptance.Cp01Tests]: Cp01Tests does not declare any static, non-private, non-final, nested classes annotated with @Configuration.
INFO  AnnotationConfigContextLoaderUtils - Could not detect default configuration classes for test class [org.springframework.samples.petclinic.acceptance.AcceptanceBase]: AcceptanceBase does not declare any static, non-private, non-final, nested classes annotated with @Configuration.
INFO  SpringBootTestContextBootstrapper - Found @SpringBootConfiguration org.springframework.samples.petclinic.PetClinicApplication for test class org.springframework.samples.petclinic.acceptance.Cp01Tests
INFO  AnnotationConfigContextLoaderUtils - Could not detect default configuration classes for test class [org.springframework.samples.petclinic.acceptance.Cp26Tests]: Cp26Tests does not declare any static, non-private, non-final, nested classes annotated with @Configuration.
INFO  SpringBootTestContextBootstrapper - Found @SpringBootConfiguration org.springframework.samples.petclinic.PetClinicApplication for test class org.springframework.samples.petclinic.acceptance.Cp26Tests
INFO  AnnotationConfigContextLoaderUtils - Could not detect default configuration classes for test class [org.springframework.samples.petclinic.acceptance.Cp26Tests]: Cp26Tests does not declare any static, non-private, non-final, nested classes annotated with @Configuration.
INFO  AnnotationConfigContextLoaderUtils - Could not detect default configuration classes for test class [org.springframework.samples.petclinic.acceptance.AcceptanceBase]: AcceptanceBase does not declare any static, non-private, non-final, nested classes annotated with @Configuration.
INFO  SpringBootTestContextBootstrapper - Found @SpringBootConfiguration org.springframework.samples.petclinic.PetClinicApplication for test class org.springframework.samples.petclinic.acceptance.Cp26Tests
INFO  AnnotationConfigContextLoaderUtils - Could not detect default configuration classes for test class [org.springframework.samples.petclinic.acceptance.Cp46Tests]: Cp46Tests does not declare any static, non-private, non-final, nested classes annotated with @Configuration.
INFO  SpringBootTestContextBootstrapper - Found @SpringBootConfiguration org.springframework.samples.petclinic.PetClinicApplication for test class org.springframework.samples.petclinic.acceptance.Cp46Tests
INFO  AnnotationConfigContextLoaderUtils - Could not detect default configuration classes for test class [org.springframework.samples.petclinic.acceptance.Cp46Tests]: Cp46Tests does not declare any static, non-private, non-final, nested classes annotated with @Configuration.
INFO  AnnotationConfigContextLoaderUtils - Could not detect default configuration classes for test class [org.springframework.samples.petclinic.acceptance.AcceptanceBase]: AcceptanceBase does not declare any static, non-private, non-final, nested classes annotated with @Configuration.
INFO  SpringBootTestContextBootstrapper - Found @SpringBootConfiguration org.springframework.samples.petclinic.PetClinicApplication for test class org.springframework.samples.petclinic.acceptance.Cp46Tests
INFO  AUDIT - Created owner id=199 customerCode=NSW-B052A1CC registrationDate=2026-09-07 membershipLevel=2 membershipNumber=NSW-B052A1CC-M27
INFO  AUDIT - {"seq":189,"ownerId":199,"customerCode":"NSW-B052A1CC","membershipLevel":2,"event":"OWNER_CREATED"}
INFO  AUDIT - Created owner id=200 customerCode=NSW-B052A1CC-2 registrationDate=2026-09-07 membershipLevel=2 membershipNumber=NSW-B052A1CC-2-M27
INFO  AUDIT - {"seq":190,"ownerId":200,"customerCode":"NSW-B052A1CC-2","membershipLevel":2,"event":"OWNER_CREATED"}
INFO  AnnotationConfigContextLoaderUtils - Could not detect default configuration classes for test class [org.springframework.samples.petclinic.acceptance.Cp27Tests]: Cp27Tests does not declare any static, non-private, non-final, nested classes annotated with @Configuration.
INFO  SpringBootTestContextBootstrapper - Found @SpringBootConfiguration org.springframework.samples.petclinic.PetClinicApplication for test class org.springframework.samples.petclinic.acceptance.Cp27Tests
INFO  AnnotationConfigContextLoaderUtils - Could not detect default configuration classes for test class [org.springframework.samples.petclinic.acceptance.Cp27Tests]: Cp27Tests does not declare any static, non-private, non-final, nested classes annotated with @Configuration.
INFO  AnnotationConfigContextLoaderUtils - Could not detect default configuration classes for test class [org.springframework.samples.petclinic.acceptance.AcceptanceBase]: AcceptanceBase does not declare any static, non-private, non-final, nested classes annotated with @Configuration.
INFO  SpringBootTestContextBootstrapper - Found @SpringBootConfiguration org.springframework.samples.petclinic.PetClinicApplication for test class org.springframework.samples.petclinic.acceptance.Cp27Tests
INFO  AUDIT - Created owner id=201 customerCode=UNKNOWN-6089382B registrationDate=2026-09-07 membershipLevel=2 membershipNumber=UNKNOWN-6089382B-M27
INFO  AUDIT - {"seq":191,"ownerId":201,"customerCode":"UNKNOWN-6089382B","membershipLevel":2,"event":"OWNER_CREATED"}
INFO  AUDIT - Created owner id=202 customerCode=UNKNOWN-D73BCEC3 registrationDate=2026-09-07 membershipLevel=1 membershipNumber=UNKNOWN-D73BCEC3-M27
INFO  AUDIT - {"seq":192,"ownerId":202,"customerCode":"UNKNOWN-D73BCEC3","membershipLevel":1,"event":"OWNER_CREATED"}
INFO  AnnotationConfigContextLoaderUtils - Could not detect default configuration classes for test class [org.springframework.samples.petclinic.acceptance.Cp22Tests]: Cp22Tests does not declare any static, non-private, non-final, nested classes annotated with @Configuration.
INFO  SpringBootTestContextBootstrapper - Found @SpringBootConfiguration org.springframework.samples.petclinic.PetClinicApplication for test class org.springframework.samples.petclinic.acceptance.Cp22Tests
INFO  AnnotationConfigContextLoaderUtils - Could not detect default configuration classes for test class [org.springframework.samples.petclinic.acceptance.Cp22Tests]: Cp22Tests does not declare any static, non-private, non-final, nested classes annotated with @Configuration.
INFO  AnnotationConfigContextLoaderUtils - Could not detect default configuration classes for test class [org.springframework.samples.petclinic.acceptance.AcceptanceBase]: AcceptanceBase does not declare any static, non-private, non-final, nested classes annotated with @Configuration.
INFO  SpringBootTestContextBootstrapper - Found @SpringBootConfiguration org.springframework.samples.petclinic.PetClinicApplication for test class org.springframework.samples.petclinic.acceptance.Cp22Tests
INFO  AUDIT - Created owner id=203 customerCode=UNKNOWN-26199C46 registrationDate=2026-09-07 membershipLevel=1 membershipNumber=UNKNOWN-26199C46-M27
INFO  AUDIT - {"seq":193,"ownerId":203,"customerCode":"UNKNOWN-26199C46","membershipLevel":1,"event":"OWNER_CREATED"}
INFO  AnnotationConfigContextLoaderUtils - Could not detect default configuration classes for test class [org.springframework.samples.petclinic.acceptance.Cp30Tests]: Cp30Tests does not declare any static, non-private, non-final, nested classes annotated with @Configuration.
INFO  SpringBootTestContextBootstrapper - Found @SpringBootConfiguration org.springframework.samples.petclinic.PetClinicApplication for test class org.springframework.samples.petclinic.acceptance.Cp30Tests
INFO  AnnotationConfigContextLoaderUtils - Could not detect default configuration classes for test class [org.springframework.samples.petclinic.acceptance.Cp30Tests]: Cp30Tests does not declare any static, non-private, non-final, nested classes annotated with @Configuration.
INFO  AnnotationConfigContextLoaderUtils - Could not detect default configuration classes for test class [org.springframework.samples.petclinic.acceptance.AcceptanceBase]: AcceptanceBase does not declare any static, non-private, non-final, nested classes annotated with @Configuration.
INFO  SpringBootTestContextBootstrapper - Found @SpringBootConfiguration org.springframework.samples.petclinic.PetClinicApplication for test class org.springframework.samples.petclinic.acceptance.Cp30Tests
INFO  AUDIT - Created owner id=204 customerCode=NSW-40427469 registrationDate=2026-09-07 membershipLevel=1 membershipNumber=NSW-40427469-M27
INFO  AUDIT - {"seq":194,"ownerId":204,"customerCode":"NSW-40427469","membershipLevel":1,"event":"OWNER_CREATED"}
INFO  AnnotationConfigContextLoaderUtils - Could not detect default configuration classes for test class [org.springframework.samples.petclinic.acceptance.Cp50Tests]: Cp50Tests does not declare any static, non-private, non-final, nested classes annotated with @Configuration.
INFO  SpringBootTestContextBootstrapper - Found @SpringBootConfiguration org.springframework.samples.petclinic.PetClinicApplication for test class org.springframework.samples.petclinic.acceptance.Cp50Tests
INFO  AnnotationConfigContextLoaderUtils - Could not detect default configuration classes for test class [org.springframework.samples.petclinic.acceptance.Cp50Tests]: Cp50Tests does not declare any static, non-private, non-final, nested classes annotated with @Configuration.
INFO  AnnotationConfigContextLoaderUtils - Could not detect default configuration classes for test class [org.springframework.samples.petclinic.acceptance.AcceptanceBase]: AcceptanceBase does not declare any static, non-private, non-final, nested classes annotated with @Configuration.
INFO  SpringBootTestContextBootstrapper - Found @SpringBootConfiguration org.springframework.samples.petclinic.PetClinicApplication for test class org.springframework.samples.petclinic.acceptance.Cp50Tests
INFO  AUDIT - Created owner id=205 customerCode=NSW-F86CB358 registrationDate=2026-09-07 membershipLevel=1 membershipNumber=NSW-F86CB358-M27
INFO  AUDIT - {"seq":195,"ownerId":205,"customerCode":"NSW-F86CB358","membershipLevel":1,"event":"OWNER_CREATED"}
INFO  AnnotationConfigContextLoaderUtils - Could not detect default configuration classes for test class [org.springframework.samples.petclinic.acceptance.Cp24Tests]: Cp24Tests does not declare any static, non-private, non-final, nested classes annotated with @Configuration.
INFO  SpringBootTestContextBootstrapper - Found @SpringBootConfiguration org.springframework.samples.petclinic.PetClinicApplication for test class org.springframework.samples.petclinic.acceptance.Cp24Tests
INFO  AnnotationConfigContextLoaderUtils - Could not detect default configuration classes for test class [org.springframework.samples.petclinic.acceptance.Cp24Tests]: Cp24Tests does not declare any static, non-private, non-final, nested classes annotated with @Configuration.
INFO  AnnotationConfigContextLoaderUtils - Could not detect default configuration classes for test class [org.springframework.samples.petclinic.acceptance.AcceptanceBase]: AcceptanceBase does not declare any static, non-private, non-final, nested classes annotated with @Configuration.
INFO  SpringBootTestContextBootstrapper - Found @SpringBootConfiguration org.springframework.samples.petclinic.PetClinicApplication for test class org.springframework.samples.petclinic.acceptance.Cp24Tests
INFO  AUDIT - Created owner id=206 customerCode=NSW-BAA4DDA8 registrationDate=2026-09-07 membershipLevel=2 membershipNumber=NSW-BAA4DDA8-M27
INFO  AUDIT - {"seq":196,"ownerId":206,"customerCode":"NSW-BAA4DDA8","membershipLevel":2,"event":"OWNER_CREATED"}
INFO  AnnotationConfigContextLoaderUtils - Could not detect default configuration classes for test class [org.springframework.samples.petclinic.acceptance.Cp42Tests]: Cp42Tests does not declare any static, non-private, non-final, nested classes annotated with @Configuration.
INFO  SpringBootTestContextBootstrapper - Found @SpringBootConfiguration org.springframework.samples.petclinic.PetClinicApplication for test class org.springframework.samples.petclinic.acceptance.Cp42Tests
INFO  AnnotationConfigContextLoaderUtils - Could not detect default configuration classes for test class [org.springframework.samples.petclinic.acceptance.Cp42Tests]: Cp42Tests does not declare any static, non-private, non-final, nested classes annotated with @Configuration.
INFO  AnnotationConfigContextLoaderUtils - Could not detect default configuration classes for test class [org.springframework.samples.petclinic.acceptance.AcceptanceBase]: AcceptanceBase does not declare any static, non-private, non-final, nested classes annotated with @Configuration.
INFO  SpringBootTestContextBootstrapper - Found @SpringBootConfiguration org.springframework.samples.petclinic.PetClinicApplication for test class org.springframework.samples.petclinic.acceptance.Cp42Tests
INFO  AUDIT - Created owner id=207 customerCode=NSW-C96245B5 registrationDate=2026-09-07 membershipLevel=1 membershipNumber=NSW-C96245B5-M27
INFO  AUDIT - {"seq":197,"ownerId":207,"customerCode":"NSW-C96245B5","membershipLevel":1,"event":"OWNER_CREATED"}
INFO  AnnotationConfigContextLoaderUtils - Could not detect default configuration classes for test class [org.springframework.samples.petclinic.acceptance.Cp41Tests]: Cp41Tests does not declare any static, non-private, non-final, nested classes annotated with @Configuration.
INFO  SpringBootTestContextBootstrapper - Found @SpringBootConfiguration org.springframework.samples.petclinic.PetClinicApplication for test class org.springframework.samples.petclinic.acceptance.Cp41Tests
INFO  AnnotationConfigContextLoaderUtils - Could not detect default configuration classes for test class [org.springframework.samples.petclinic.acceptance.Cp41Tests]: Cp41Tests does not declare any static, non-private, non-final, nested classes annotated with @Configuration.
INFO  AnnotationConfigContextLoaderUtils - Could not detect default configuration classes for test class [org.springframework.samples.petclinic.acceptance.AcceptanceBase]: AcceptanceBase does not declare any static, non-private, non-final, nested classes annotated with @Configuration.
INFO  SpringBootTestContextBootstrapper - Found @SpringBootConfiguration org.springframework.samples.petclinic.PetClinicApplication for test class org.springframework.samples.petclinic.acceptance.Cp41Tests
INFO  AUDIT - Created owner id=208 customerCode=NSW-F9B223E4 registrationDate=2026-09-07 membershipLevel=1 membershipNumber=NSW-F9B223E4-M27
INFO  AUDIT - {"seq":198,"ownerId":208,"customerCode":"NSW-F9B223E4","membershipLevel":1,"event":"OWNER_CREATED"}
INFO  AUDIT - Created owner id=209 customerCode=NSW-B66B98FB registrationDate=2026-09-07 membershipLevel=1 membershipNumber=NSW-B66B98FB-M27
INFO  AUDIT - {"seq":199,"ownerId":209,"customerCode":"NSW-B66B98FB","membershipLevel":1,"event":"OWNER_CREATED"}
INFO  AnnotationConfigContextLoaderUtils - Could not detect default configuration classes for test class [org.springframework.samples.petclinic.acceptance.Cp32Tests]: Cp32Tests does not declare any static, non-private, non-final, nested classes annotated with @Configuration.
INFO  SpringBootTestContextBootstrapper - Found @SpringBootConfiguration org.springframework.samples.petclinic.PetClinicApplication for test class org.springframework.samples.petclinic.acceptance.Cp32Tests
INFO  AnnotationConfigContextLoaderUtils - Could not detect default configuration classes for test class [org.springframework.samples.petclinic.acceptance.Cp32Tests]: Cp32Tests does not declare any static, non-private, non-final, nested classes annotated with @Configuration.
INFO  AnnotationConfigContextLoaderUtils - Could not detect default configuration classes for test class [org.springframework.samples.petclinic.acceptance.AcceptanceBase]: AcceptanceBase does not declare any static, non-private, non-final, nested classes annotated with @Configuration.
INFO  SpringBootTestContextBootstrapper - Found @SpringBootConfiguration org.springframework.samples.petclinic.PetClinicApplication for test class org.springframework.samples.petclinic.acceptance.Cp32Tests
INFO  AUDIT - Created owner id=210 customerCode=NSW-6AAE2B9C registrationDate=2026-09-07 membershipLevel=1 membershipNumber=NSW-6AAE2B9C-M27
INFO  AUDIT - {"seq":200,"ownerId":210,"customerCode":"NSW-6AAE2B9C","membershipLevel":1,"event":"OWNER_CREATED"}
INFO  AnnotationConfigContextLoaderUtils - Could not detect default configuration classes for test class [org.springframework.samples.petclinic.acceptance.Cp38Tests]: Cp38Tests does not declare any static, non-private, non-final, nested classes annotated with @Configuration.
INFO  SpringBootTestContextBootstrapper - Found @SpringBootConfiguration org.springframework.samples.petclinic.PetClinicApplication for test class org.springframework.samples.petclinic.acceptance.Cp38Tests
INFO  AnnotationConfigContextLoaderUtils - Could not detect default configuration classes for test class [org.springframework.samples.petclinic.acceptance.Cp38Tests]: Cp38Tests does not declare any static, non-private, non-final, nested classes annotated with @Configuration.
INFO  AnnotationConfigContextLoaderUtils - Could not detect default configuration classes for test class [org.springframework.samples.petclinic.acceptance.AcceptanceBase]: AcceptanceBase does not declare any static, non-private, non-final, nested classes annotated with @Configuration.
INFO  SpringBootTestContextBootstrapper - Found @SpringBootConfiguration org.springframework.samples.petclinic.PetClinicApplication for test class org.springframework.samples.petclinic.acceptance.Cp38Tests
INFO  AnnotationConfigContextLoaderUtils - Could not detect default configuration classes for test class [org.springframework.samples.petclinic.acceptance.Cp02Tests]: Cp02Tests does not declare any static, non-private, non-final, nested classes annotated with @Configuration.
INFO  SpringBootTestContextBootstrapper - Found @SpringBootConfiguration org.springframework.samples.petclinic.PetClinicApplication for test class org.springframework.samples.petclinic.acceptance.Cp02Tests
INFO  AnnotationConfigContextLoaderUtils - Could not detect default configuration classes for test class [org.springframework.samples.petclinic.acceptance.Cp02Tests]: Cp02Tests does not declare any static, non-private, non-final, nested classes annotated with @Configuration.
INFO  AnnotationConfigContextLoaderUtils - Could not detect default configuration classes for test class [org.springframework.samples.petclinic.acceptance.AcceptanceBase]: AcceptanceBase does not declare any static, non-private, non-final, nested classes annotated with @Configuration.
INFO  SpringBootTestContextBootstrapper - Found @SpringBootConfiguration org.springframework.samples.petclinic.PetClinicApplication for test class org.springframework.samples.petclinic.acceptance.Cp02Tests
INFO  AUDIT - Created owner id=211 customerCode=UNKNOWN-45C09619 registrationDate=2026-09-07 membershipLevel=1 membershipNumber=UNKNOWN-45C09619-M27
INFO  AUDIT - {"seq":201,"ownerId":211,"customerCode":"UNKNOWN-45C09619","membershipLevel":1,"event":"OWNER_CREATED"}
INFO  AnnotationConfigContextLoaderUtils - Could not detect default configuration classes for test class [org.springframework.samples.petclinic.acceptance.Cp49Tests]: Cp49Tests does not declare any static, non-private, non-final, nested classes annotated with @Configuration.
INFO  SpringBootTestContextBootstrapper - Found @SpringBootConfiguration org.springframework.samples.petclinic.PetClinicApplication for test class org.springframework.samples.petclinic.acceptance.Cp49Tests
INFO  AnnotationConfigContextLoaderUtils - Could not detect default configuration classes for test class [org.springframework.samples.petclinic.acceptance.Cp49Tests]: Cp49Tests does not declare any static, non-private, non-final, nested classes annotated with @Configuration.
INFO  AnnotationConfigContextLoaderUtils - Could not detect default configuration classes for test class [org.springframework.samples.petclinic.acceptance.AcceptanceBase]: AcceptanceBase does not declare any static, non-private, non-final, nested classes annotated with @Configuration.
INFO  SpringBootTestContextBootstrapper - Found @SpringBootConfiguration org.springframework.samples.petclinic.PetClinicApplication for test class org.springframework.samples.petclinic.acceptance.Cp49Tests
INFO  AUDIT - Created owner id=212 customerCode=NSW-1D8CD443 registrationDate=2026-09-07 membershipLevel=1 membershipNumber=NSW-1D8CD443-M27
INFO  AUDIT - {"seq":202,"ownerId":212,"customerCode":"NSW-1D8CD443","membershipLevel":1,"event":"OWNER_CREATED"}
INFO  AnnotationConfigContextLoaderUtils - Could not detect default configuration classes for test class [org.springframework.samples.petclinic.acceptance.Cp45Tests]: Cp45Tests does not declare any static, non-private, non-final, nested classes annotated with @Configuration.
INFO  SpringBootTestContextBootstrapper - Found @SpringBootConfiguration org.springframework.samples.petclinic.PetClinicApplication for test class org.springframework.samples.petclinic.acceptance.Cp45Tests
INFO  AnnotationConfigContextLoaderUtils - Could not detect default configuration classes for test class [org.springframework.samples.petclinic.acceptance.Cp45Tests]: Cp45Tests does not declare any static, non-private, non-final, nested classes annotated with @Configuration.
INFO  AnnotationConfigContextLoaderUtils - Could not detect default configuration classes for test class [org.springframework.samples.petclinic.acceptance.AcceptanceBase]: AcceptanceBase does not declare any static, non-private, non-final, nested classes annotated with @Configuration.
INFO  SpringBootTestContextBootstrapper - Found @SpringBootConfiguration org.springframework.samples.petclinic.PetClinicApplication for test class org.springframework.samples.petclinic.acceptance.Cp45Tests
INFO  AUDIT - Created owner id=213 customerCode=NSW-87CEE0C8 registrationDate=2026-09-07 membershipLevel=1 membershipNumber=NSW-87CEE0C8-M27
INFO  AUDIT - {"seq":203,"ownerId":213,"customerCode":"NSW-87CEE0C8","membershipLevel":1,"event":"OWNER_CREATED"}
INFO  AnnotationConfigContextLoaderUtils - Could not detect default configuration classes for test class [org.springframework.samples.petclinic.acceptance.Cp14Tests]: Cp14Tests does not declare any static, non-private, non-final, nested classes annotated with @Configuration.
INFO  SpringBootTestContextBootstrapper - Found @SpringBootConfiguration org.springframework.samples.petclinic.PetClinicApplication for test class org.springframework.samples.petclinic.acceptance.Cp14Tests
INFO  AnnotationConfigContextLoaderUtils - Could not detect default configuration classes for test class [org.springframework.samples.petclinic.acceptance.Cp14Tests]: Cp14Tests does not declare any static, non-private, non-final, nested classes annotated with @Configuration.
INFO  AnnotationConfigContextLoaderUtils - Could not detect default configuration classes for test class [org.springframework.samples.petclinic.acceptance.AcceptanceBase]: AcceptanceBase does not declare any static, non-private, non-final, nested classes annotated with @Configuration.
INFO  SpringBootTestContextBootstrapper - Found @SpringBootConfiguration org.springframework.samples.petclinic.PetClinicApplication for test class org.springframework.samples.petclinic.acceptance.Cp14Tests
INFO  AUDIT - Created owner id=214 customerCode=NSW-F8B91D37 registrationDate=2026-09-07 membershipLevel=1 membershipNumber=NSW-F8B91D37-M27
INFO  AUDIT - {"seq":204,"ownerId":214,"customerCode":"NSW-F8B91D37","membershipLevel":1,"event":"OWNER_CREATED"}
INFO  AnnotationConfigContextLoaderUtils - Could not detect default configuration classes for test class [org.springframework.samples.petclinic.acceptance.Cp48Tests]: Cp48Tests does not declare any static, non-private, non-final, nested classes annotated with @Configuration.
INFO  SpringBootTestContextBootstrapper - Found @SpringBootConfiguration org.springframework.samples.petclinic.PetClinicApplication for test class org.springframework.samples.petclinic.acceptance.Cp48Tests
INFO  AnnotationConfigContextLoaderUtils - Could not detect default configuration classes for test class [org.springframework.samples.petclinic.acceptance.Cp48Tests]: Cp48Tests does not declare any static, non-private, non-final, nested classes annotated with @Configuration.
INFO  AnnotationConfigContextLoaderUtils - Could not detect default configuration classes for test class [org.springframework.samples.petclinic.acceptance.AcceptanceBase]: AcceptanceBase does not declare any static, non-private, non-final, nested classes annotated with @Configuration.
INFO  SpringBootTestContextBootstrapper - Found @SpringBootConfiguration org.springframework.samples.petclinic.PetClinicApplication for test class org.springframework.samples.petclinic.acceptance.Cp48Tests
INFO  AUDIT - Created owner id=215 customerCode=NSW-3BA81E7D registrationDate=2026-09-07 membershipLevel=1 membershipNumber=NSW-3BA81E7D-M27
INFO  AUDIT - {"seq":205,"ownerId":215,"customerCode":"NSW-3BA81E7D","membershipLevel":1,"event":"OWNER_CREATED"}
INFO  AnnotationConfigContextLoaderUtils - Could not detect default configuration classes for test class [org.springframework.samples.petclinic.acceptance.Cp44Tests]: Cp44Tests does not declare any static, non-private, non-final, nested classes annotated with @Configuration.
INFO  SpringBootTestContextBootstrapper - Found @SpringBootConfiguration org.springframework.samples.petclinic.PetClinicApplication for test class org.springframework.samples.petclinic.acceptance.Cp44Tests
INFO  AnnotationConfigContextLoaderUtils - Could not detect default configuration classes for test class [org.springframework.samples.petclinic.acceptance.Cp44Tests]: Cp44Tests does not declare any static, non-private, non-final, nested classes annotated with @Configuration.
INFO  AnnotationConfigContextLoaderUtils - Could not detect default configuration classes for test class [org.springframework.samples.petclinic.acceptance.AcceptanceBase]: AcceptanceBase does not declare any static, non-private, non-final, nested classes annotated with @Configuration.
INFO  SpringBootTestContextBootstrapper - Found @SpringBootConfiguration org.springframework.samples.petclinic.PetClinicApplication for test class org.springframework.samples.petclinic.acceptance.Cp44Tests
INFO  AUDIT - Created owner id=216 customerCode=NSW-C92BCB00 registrationDate=2026-09-07 membershipLevel=1 membershipNumber=NSW-C92BCB00-M27
INFO  AUDIT - {"seq":206,"ownerId":216,"customerCode":"NSW-C92BCB00","membershipLevel":1,"event":"OWNER_CREATED"}
INFO  AUDIT - Created owner id=217 customerCode=UNKNOWN-5646902E registrationDate=2026-09-07 membershipLevel=1 membershipNumber=UNKNOWN-5646902E-M27
INFO  AUDIT - {"seq":207,"ownerId":217,"customerCode":"UNKNOWN-5646902E","membershipLevel":1,"event":"OWNER_CREATED"}
INFO  AnnotationConfigContextLoaderUtils - Could not detect default configuration classes for test class [org.springframework.samples.petclinic.acceptance.Cp12Tests]: Cp12Tests does not declare any static, non-private, non-final, nested classes annotated with @Configuration.
INFO  SpringBootTestContextBootstrapper - Found @SpringBootConfiguration org.springframework.samples.petclinic.PetClinicApplication for test class org.springframework.samples.petclinic.acceptance.Cp12Tests
INFO  AnnotationConfigContextLoaderUtils - Could not detect default configuration classes for test class [org.springframework.samples.petclinic.acceptance.Cp12Tests]: Cp12Tests does not declare any static, non-private, non-final, nested classes annotated with @Configuration.
INFO  AnnotationConfigContextLoaderUtils - Could not detect default configuration classes for test class [org.springframework.samples.petclinic.acceptance.AcceptanceBase]: AcceptanceBase does not declare any static, non-private, non-final, nested classes annotated with @Configuration.
INFO  SpringBootTestContextBootstrapper - Found @SpringBootConfiguration org.springframework.samples.petclinic.PetClinicApplication for test class org.springframework.samples.petclinic.acceptance.Cp12Tests
INFO  AUDIT - Created owner id=218 customerCode=NSW-D72436B0 registrationDate=2026-09-07 membershipLevel=1 membershipNumber=NSW-D72436B0-M27
INFO  AUDIT - {"seq":208,"ownerId":218,"customerCode":"NSW-D72436B0","membershipLevel":1,"event":"OWNER_CREATED"}
INFO  AnnotationConfigContextLoaderUtils - Could not detect default configuration classes for test class [org.springframework.samples.petclinic.acceptance.Cp39Tests]: Cp39Tests does not declare any static, non-private, non-final, nested classes annotated with @Configuration.
INFO  SpringBootTestContextBootstrapper - Found @SpringBootConfiguration org.springframework.samples.petclinic.PetClinicApplication for test class org.springframework.samples.petclinic.acceptance.Cp39Tests
INFO  AnnotationConfigContextLoaderUtils - Could not detect default configuration classes for test class [org.springframework.samples.petclinic.acceptance.Cp39Tests]: Cp39Tests does not declare any static, non-private, non-final, nested classes annotated with @Configuration.
INFO  AnnotationConfigContextLoaderUtils - Could not detect default configuration classes for test class [org.springframework.samples.petclinic.acceptance.AcceptanceBase]: AcceptanceBase does not declare any static, non-private, non-final, nested classes annotated with @Configuration.
INFO  SpringBootTestContextBootstrapper - Found @SpringBootConfiguration org.springframework.samples.petclinic.PetClinicApplication for test class org.springframework.samples.petclinic.acceptance.Cp39Tests
INFO  AUDIT - Created owner id=219 customerCode=NSW-7261B192 registrationDate=2026-09-07 membershipLevel=1 membershipNumber=NSW-7261B192-M27
INFO  AUDIT - {"seq":209,"ownerId":219,"customerCode":"NSW-7261B192","membershipLevel":1,"event":"OWNER_CREATED"}
INFO  AUDIT - Created owner id=220 customerCode=NSW-AD0A8164 registrationDate=2026-09-07 membershipLevel=1 membershipNumber=NSW-AD0A8164-M27
INFO  AUDIT - {"seq":210,"ownerId":220,"customerCode":"NSW-AD0A8164","membershipLevel":1,"event":"OWNER_CREATED"}
INFO  AUDIT - Created owner id=221 customerCode=NSW-E285A017 registrationDate=2026-09-07 membershipLevel=3 membershipNumber=NSW-E285A017-M27
INFO  AUDIT - {"seq":211,"ownerId":221,"customerCode":"NSW-E285A017","membershipLevel":3,"event":"OWNER_CREATED"}

MockHttpServletRequest:
      HTTP Method = POST
      Request URI = /api/owners
       Parameters = {}
          Headers = [Content-Type:"application/json;charset=UTF-8", Content-Length:"152"]
             Body = {"firstName":"Fnaih","lastName":"Suraic","address":"915 Test Street","city":"Town916","telephone":"0400000917","postcode":"2000","sharesHousehold":true}
    Session Attrs = {SPRING_SECURITY_CONTEXT=SecurityContextImpl [Authentication=UsernamePasswordAuthenticationToken [Principal=org.springframework.security.core.userdetails.User [Username=acceptance-admin, Password=[PROTECTED], Enabled=true, AccountNonExpired=true, CredentialsNonExpired=true, AccountNonLocked=true, Granted Authorities=[ROLE_ADMIN, ROLE_OWNER_ADMIN, ROLE_VET_ADMIN]], Credentials=[PROTECTED], Authenticated=true, Details=null, Granted Authorities=[ROLE_ADMIN, ROLE_OWNER_ADMIN, ROLE_VET_ADMIN]]]}

Handler:
             Type = org.springframework.web.servlet.resource.ResourceHttpRequestHandler

Async:
    Async started = false
     Async result = null

Resolved Exception:
             Type = null

ModelAndView:
        View name = null
             View = null
            Model = null

FlashMap:
       Attributes = null

MockHttpServletResponse:
           Status = 201
    Error message = null
          Headers = [Location:"/api/owners/219", Content-Type:"application/json", X-Content-Type-Options:"nosniff", X-XSS-Protection:"0", Cache-Control:"no-cache, no-store, max-age=0, must-revalidate", Pragma:"no-cache", Expires:"0", X-Frame-Options:"DENY"]
     Content type = application/json
             Body = {"firstName":"Fnaih","lastName":"Suraic","city":"Town916","telephone":"+61400000917","pets":[],"address":"915 TEST STREET","addressLine1":null,"addressLine2":null,"ageBand":null,"birthDate":null,"bulkSignupWarning":false,"checkDigit":4,"contactPreference":"PHONE","customerCode":"NSW-7261B192","deleted":false,"displayName":"Suraic, Fnaih","email":null,"fiscalYear":"FY27","householdId":"2985111ffd75","id":219,"identityKey":"10c4c669f9b34809e73c58b71d507d8b55b6ab75a300ba996bf2e97178c66767","initials":"F.S.","locality":"NSW","membershipLevel":1,"membershipNumber":"NSW-7261B192-M27","membershipPoints":1,"namesakeCount":0,"possibleDuplicate":false,"possibleDuplicateOf":null,"postcode":"2000","registrationDate":"2026-09-07","salutation":"Suraic","selfLink":null,"sharesHousehold":null,"telephoneDisplay":"+61 400 000 917","timezone":"Australia/Sydney","title":null}
    Forwarded URL = null
   Redirected URL = /api/owners/219
          Cookies = []

MockHttpServletRequest:
      HTTP Method = POST
      Request URI = /api/owners
       Parameters = {}
          Headers = [Content-Type:"application/json;charset=UTF-8", Content-Length:"152"]
             Body = {"firstName":"Fnaim","lastName":"Suraic","address":"920 Test Street","city":"Town921","telephone":"0400000922","postcode":"2000","sharesHousehold":true}
    Session Attrs = {SPRING_SECURITY_CONTEXT=SecurityContextImpl [Authentication=UsernamePasswordAuthenticationToken [Principal=org.springframework.security.core.userdetails.User [Username=acceptance-admin, Password=[PROTECTED], Enabled=true, AccountNonExpired=true, CredentialsNonExpired=true, AccountNonLocked=true, Granted Authorities=[ROLE_ADMIN, ROLE_OWNER_ADMIN, ROLE_VET_ADMIN]], Credentials=[PROTECTED], Authenticated=true, Details=null, Granted Authorities=[ROLE_ADMIN, ROLE_OWNER_ADMIN, ROLE_VET_ADMIN]]]}

Handler:
             Type = org.springframework.web.servlet.resource.ResourceHttpRequestHandler

Async:
    Async started = false
     Async result = null

Resolved Exception:
             Type = null

ModelAndView:
        View name = null
             View = null
            Model = null

FlashMap:
       Attributes = null

MockHttpServletResponse:
           Status = 201
    Error message = null
          Headers = [Location:"/api/owners/220", Content-Type:"application/json", X-Content-Type-Options:"nosniff", X-XSS-Protection:"0", Cache-Control:"no-cache, no-store, max-age=0, must-revalidate", Pragma:"no-cache", Expires:"0", X-Frame-Options:"DENY"]
     Content type = application/json
             Body = {"firstName":"Fnaim","lastName":"Suraic","city":"Town921","telephone":"+61400000922","pets":[],"address":"920 TEST STREET","addressLine1":null,"addressLine2":null,"ageBand":null,"birthDate":null,"bulkSignupWarning":false,"checkDigit":6,"contactPreference":"PHONE","customerCode":"NSW-AD0A8164","deleted":false,"displayName":"Suraic, Fnaim","email":null,"fiscalYear":"FY27","householdId":"2985111ffd75","id":220,"identityKey":"68142f4c3a6a8609be17f1772b69c04d0632de39723e8918cd3a9a0d69c81af6","initials":"F.S.","locality":"NSW","membershipLevel":1,"membershipNumber":"NSW-AD0A8164-M27","membershipPoints":0,"namesakeCount":1,"possibleDuplicate":false,"possibleDuplicateOf":null,"postcode":"2000","registrationDate":"2026-09-07","salutation":"Suraic","selfLink":null,"sharesHousehold":null,"telephoneDisplay":"+61 400 000 922","timezone":"Australia/Sydney","title":null}
    Forwarded URL = null
   Redirected URL = /api/owners/220
          Cookies = []

MockHttpServletRequest:
      HTTP Method = POST
      Request URI = /api/owners
       Parameters = {}
          Headers = [Content-Type:"application/json;charset=UTF-8", Content-Length:"184"]
             Body = {"firstName":"Fnair","lastName":"Suraic","address":"925 Test Street","city":"Town926","telephone":"0400000927","postcode":"2000","sharesHousehold":true,"email":"owner929@example.test"}
    Session Attrs = {SPRING_SECURITY_CONTEXT=SecurityContextImpl [Authentication=UsernamePasswordAuthenticationToken [Principal=org.springframework.security.core.userdetails.User [Username=acceptance-admin, Password=[PROTECTED], Enabled=true, AccountNonExpired=true, CredentialsNonExpired=true, AccountNonLocked=true, Granted Authorities=[ROLE_ADMIN, ROLE_OWNER_ADMIN, ROLE_VET_ADMIN]], Credentials=[PROTECTED], Authenticated=true, Details=null, Granted Authorities=[ROLE_ADMIN, ROLE_OWNER_ADMIN, ROLE_VET_ADMIN]]]}

Handler:
             Type = org.springframework.web.servlet.resource.ResourceHttpRequestHandler

Async:
    Async started = false
     Async result = null

Resolved Exception:
             Type = null

ModelAndView:
        View name = null
             View = null
            Model = null

FlashMap:
       Attributes = null

MockHttpServletResponse:
           Status = 201
    Error message = null
          Headers = [Location:"/api/owners/221", Content-Type:"application/json", X-Content-Type-Options:"nosniff", X-XSS-Protection:"0", Cache-Control:"no-cache, no-store, max-age=0, must-revalidate", Pragma:"no-cache", Expires:"0", X-Frame-Options:"DENY"]
     Content type = application/json
             Body = {"firstName":"Fnair","lastName":"Suraic","city":"Town926","telephone":"+61400000927","pets":[],"address":"925 TEST STREET","addressLine1":null,"addressLine2":null,"ageBand":null,"birthDate":null,"bulkSignupWarning":false,"checkDigit":0,"contactPreference":"EMAIL","customerCode":"NSW-E285A017","deleted":false,"displayName":"Suraic, Fnair","email":"owner929@example.test","fiscalYear":"FY27","householdId":"2985111ffd75","id":221,"identityKey":"02e8c16b4eb368745fb6df2ac0c33cfb84e24efb56ffd8995874c13214555228","initials":"F.S.","locality":"NSW","membershipLevel":2,"membershipNumber":"NSW-E285A017-M27","membershipPoints":4,"namesakeCount":2,"possibleDuplicate":false,"possibleDuplicateOf":null,"postcode":"2000","registrationDate":"2026-09-07","salutation":"Suraic","selfLink":null,"sharesHousehold":null,"telephoneDisplay":"+61 400 000 927","timezone":"Australia/Sydney","title":null}
    Forwarded URL = null
   Redirected URL = /api/owners/221
          Cookies = []

MockHttpServletRequest:
      HTTP Method = GET
      Request URI = /api/owners/221
       Parameters = {}
          Headers = []
             Body = null
    Session Attrs = {SPRING_SECURITY_CONTEXT=SecurityContextImpl [Authentication=UsernamePasswordAuthenticationToken [Principal=org.springframework.security.core.userdetails.User [Username=acceptance-admin, Password=[PROTECTED], Enabled=true, AccountNonExpired=true, CredentialsNonExpired=true, AccountNonLocked=true, Granted Authorities=[ROLE_ADMIN, ROLE_OWNER_ADMIN, ROLE_VET_ADMIN]], Credentials=[PROTECTED], Authenticated=true, Details=null, Granted Authorities=[ROLE_ADMIN, ROLE_OWNER_ADMIN, ROLE_VET_ADMIN]]]}

Handler:
             Type = org.springframework.web.servlet.resource.ResourceHttpRequestHandler

Async:
    Async started = false
     Async result = null

Resolved Exception:
             Type = null

ModelAndView:
        View name = null
             View = null
            Model = null

FlashMap:
       Attributes = null

MockHttpServletResponse:
           Status = 200
    Error message = null
          Headers = [Content-Type:"application/json", X-Content-Type-Options:"nosniff", X-XSS-Protection:"0", Cache-Control:"no-cache, no-store, max-age=0, must-revalidate", Pragma:"no-cache", Expires:"0", X-Frame-Options:"DENY"]
     Content type = application/json
             Body = {"firstName":"Fnair","lastName":"Suraic","city":"Town926","telephone":"+61400000927","pets":[],"address":"925 TEST STREET","addressLine1":null,"addressLine2":null,"ageBand":null,"birthDate":null,"bulkSignupWarning":false,"checkDigit":0,"contactPreference":"EMAIL","customerCode":"NSW-E285A017","deleted":false,"displayName":"Suraic, Fnair","email":"owner929@example.test","fiscalYear":"FY27","householdId":"2985111ffd75","id":221,"identityKey":"02e8c16b4eb368745fb6df2ac0c33cfb84e24efb56ffd8995874c13214555228","initials":"F.S.","locality":"NSW","membershipLevel":2,"membershipNumber":"NSW-E285A017-M27","membershipPoints":4,"namesakeCount":2,"possibleDuplicate":false,"possibleDuplicateOf":null,"postcode":"2000","registrationDate":"2026-09-07","salutation":"Suraic","selfLink":"/api/owners/221","sharesHousehold":null,"telephoneDisplay":"+61 400 000 927","timezone":"Australia/Sydney","title":null}
    Forwarded URL = null
   Redirected URL = null
          Cookies = []
[ERROR] Tests run: 1, Failures: 1, Errors: 0, Skipped: 0, Time elapsed: 0.051 s <<< FAILURE! -- in org.springframework.samples.petclinic.acceptance.Cp39Tests
[ERROR] org.springframework.samples.petclinic.acceptance.Cp39Tests.coreNewOwnerCappedBelowFour -- Time elapsed: 0.044 s <<< FAILURE!
java.lang.AssertionError: JSON path "$.membershipLevel" expected:<3> but was:<2>
	at org.springframework.test.util.AssertionErrors.fail(AssertionErrors.java:62)
	at org.springframework.test.util.AssertionErrors.assertEquals(AssertionErrors.java:129)
	at org.springframework.test.util.JsonPathExpectationsHelper.assertValue(JsonPathExpectationsHelper.java:172)
	at org.springframework.test.web.servlet.result.JsonPathResultMatchers.lambda$value$2(JsonPathResultMatchers.java:111)
	at org.springframework.test.web.servlet.MockMvc$1.andExpect(MockMvc.java:212)
	at org.springframework.samples.petclinic.acceptance.Cp39Tests.coreNewOwnerCappedBelowFour(Cp39Tests.java:28)

INFO  AnnotationConfigContextLoaderUtils - Could not detect default configuration classes for test class [org.springframework.samples.petclinic.acceptance.Cp34Tests]: Cp34Tests does not declare any static, non-private, non-final, nested classes annotated with @Configuration.
INFO  SpringBootTestContextBootstrapper - Found @SpringBootConfiguration org.springframework.samples.petclinic.PetClinicApplication for test class org.springframework.samples.petclinic.acceptance.Cp34Tests
INFO  AnnotationConfigContextLoaderUtils - Could not detect default configuration classes for test class [org.springframework.samples.petclinic.acceptance.Cp34Tests]: Cp34Tests does not declare any static, non-private, non-final, nested classes annotated with @Configuration.
INFO  AnnotationConfigContextLoaderUtils - Could not detect default configuration classes for test class [org.springframework.samples.petclinic.acceptance.AcceptanceBase]: AcceptanceBase does not declare any static, non-private, non-final, nested classes annotated with @Configuration.
INFO  SpringBootTestContextBootstrapper - Found @SpringBootConfiguration org.springframework.samples.petclinic.PetClinicApplication for test class org.springframework.samples.petclinic.acceptance.Cp34Tests
INFO  AUDIT - Created owner id=222 customerCode=UNKNOWN-D5A50957 registrationDate=2026-09-07 membershipLevel=1 membershipNumber=UNKNOWN-D5A50957-M27
INFO  AUDIT - {"seq":212,"ownerId":222,"customerCode":"UNKNOWN-D5A50957","membershipLevel":1,"event":"OWNER_CREATED"}
INFO  AnnotationConfigContextLoaderUtils - Could not detect default configuration classes for test class [org.springframework.samples.petclinic.acceptance.Cp04Tests]: Cp04Tests does not declare any static, non-private, non-final, nested classes annotated with @Configuration.
INFO  SpringBootTestContextBootstrapper - Found @SpringBootConfiguration org.springframework.samples.petclinic.PetClinicApplication for test class org.springframework.samples.petclinic.acceptance.Cp04Tests
INFO  AnnotationConfigContextLoaderUtils - Could not detect default configuration classes for test class [org.springframework.samples.petclinic.acceptance.Cp04Tests]: Cp04Tests does not declare any static, non-private, non-final, nested classes annotated with @Configuration.
INFO  AnnotationConfigContextLoaderUtils - Could not detect default configuration classes for test class [org.springframework.samples.petclinic.acceptance.AcceptanceBase]: AcceptanceBase does not declare any static, non-private, non-final, nested classes annotated with @Configuration.
INFO  SpringBootTestContextBootstrapper - Found @SpringBootConfiguration org.springframework.samples.petclinic.PetClinicApplication for test class org.springframework.samples.petclinic.acceptance.Cp04Tests
INFO  AUDIT - Created owner id=223 customerCode=UNKNOWN-7D49606E registrationDate=2026-09-07 membershipLevel=1 membershipNumber=UNKNOWN-7D49606E-M27
INFO  AUDIT - {"seq":213,"ownerId":223,"customerCode":"UNKNOWN-7D49606E","membershipLevel":1,"event":"OWNER_CREATED"}
INFO  AUDIT - Created owner id=224 customerCode=UNKNOWN-3313BF42 registrationDate=2026-09-07 membershipLevel=2 membershipNumber=UNKNOWN-3313BF42-M27
INFO  AUDIT - {"seq":214,"ownerId":224,"customerCode":"UNKNOWN-3313BF42","membershipLevel":2,"event":"OWNER_CREATED"}
INFO  AnnotationConfigContextLoaderUtils - Could not detect default configuration classes for test class [org.springframework.samples.petclinic.acceptance.Cp16Tests]: Cp16Tests does not declare any static, non-private, non-final, nested classes annotated with @Configuration.
INFO  SpringBootTestContextBootstrapper - Found @SpringBootConfiguration org.springframework.samples.petclinic.PetClinicApplication for test class org.springframework.samples.petclinic.acceptance.Cp16Tests
INFO  AnnotationConfigContextLoaderUtils - Could not detect default configuration classes for test class [org.springframework.samples.petclinic.acceptance.Cp16Tests]: Cp16Tests does not declare any static, non-private, non-final, nested classes annotated with @Configuration.
INFO  AnnotationConfigContextLoaderUtils - Could not detect default configuration classes for test class [org.springframework.samples.petclinic.acceptance.AcceptanceBase]: AcceptanceBase does not declare any static, non-private, non-final, nested classes annotated with @Configuration.
INFO  SpringBootTestContextBootstrapper - Found @SpringBootConfiguration org.springframework.samples.petclinic.PetClinicApplication for test class org.springframework.samples.petclinic.acceptance.Cp16Tests
INFO  AUDIT - Created owner id=225 customerCode=NSW-7BC2E339 registrationDate=2026-09-07 membershipLevel=1 membershipNumber=NSW-7BC2E339-M27
INFO  AUDIT - {"seq":215,"ownerId":225,"customerCode":"NSW-7BC2E339","membershipLevel":1,"event":"OWNER_CREATED"}
INFO  AnnotationConfigContextLoaderUtils - Could not detect default configuration classes for test class [org.springframework.samples.petclinic.acceptance.Cp43Tests]: Cp43Tests does not declare any static, non-private, non-final, nested classes annotated with @Configuration.
INFO  SpringBootTestContextBootstrapper - Found @SpringBootConfiguration org.springframework.samples.petclinic.PetClinicApplication for test class org.springframework.samples.petclinic.acceptance.Cp43Tests
INFO  AnnotationConfigContextLoaderUtils - Could not detect default configuration classes for test class [org.springframework.samples.petclinic.acceptance.Cp43Tests]: Cp43Tests does not declare any static, non-private, non-final, nested classes annotated with @Configuration.
INFO  AnnotationConfigContextLoaderUtils - Could not detect default configuration classes for test class [org.springframework.samples.petclinic.acceptance.AcceptanceBase]: AcceptanceBase does not declare any static, non-private, non-final, nested classes annotated with @Configuration.
INFO  SpringBootTestContextBootstrapper - Found @SpringBootConfiguration org.springframework.samples.petclinic.PetClinicApplication for test class org.springframework.samples.petclinic.acceptance.Cp43Tests
INFO  AUDIT - Created owner id=226 customerCode=NSW-DCA2B37D registrationDate=2026-09-07 membershipLevel=2 membershipNumber=NSW-DCA2B37D-M27
INFO  AUDIT - {"seq":216,"ownerId":226,"customerCode":"NSW-DCA2B37D","membershipLevel":2,"event":"OWNER_CREATED"}
[ERROR] Failures: 
[ERROR]   Cp13Tests.coreCountsNamesakes:24 JSON path "$.namesakeCount" expected:<1> but was:<0>
[ERROR]   Cp23Tests.coreHouseholdAddsPoints:28 JSON path "$.membershipPoints" expected:<5> but was:<4>
[ERROR]   Cp39Tests.coreNewOwnerCappedBelowFour:28 JSON path "$.membershipLevel" expected:<3> but was:<2>
[ERROR] Tests run: 65, Failures: 3, Errors: 0, Skipped: 0
[ERROR] Failed to execute goal org.apache.maven.plugins:maven-surefire-plugin:3.5.6:test (default-test) on project spring-petclinic-rest: There are test failures.
[ERROR] 
[ERROR] See /home/daniel/sandbox/target/surefire-reports for the individual test results.
[ERROR] See dump files (if any exist) [date].dump, [date]-jvmRun[N].dump and [date].dumpstream.
[ERROR] -> [Help 1]
[ERROR] 
[ERROR] To see the full stack trace of the errors, re-run Maven with the -e switch.
[ERROR] Re-run Maven using the -X switch to enable full debug logging.
[ERROR] 
[ERROR] For more information about the errors and possible solutions, please read the following articles:
[ERROR] [Help 1] http://cwiki.apache.org/confluence/display/MAVEN/MojoFailureException
OpenJDK 64-Bit Server VM warning: Sharing is only supported for boot loader classes because bootstrap classpath has been appended
