$ ./mvnw -q -B -DskipTests test-compile
############################################################################################
# Thanks for using OpenAPI Generator.                                                      #
# We appreciate your support! Please consider donation to help us maintain this project.   #
# https://opencollective.com/openapi_generator/donate                                      #
############################################################################################

$ ./mvnw -q -B -Dgroups=cp01,cp02,cp03,cp04,cp05,cp06,cp07,cp08,cp09,cp10,cp11,cp12,cp13,cp14,cp15,cp16,cp17,cp18,cp19,cp20,cp21,cp22,cp23,cp24,cp25,cp26,cp27,cp28,cp29,cp30,cp31,cp32,cp33,cp34,cp35,cp36,cp37,cp38,cp39,cp40,cp41,cp42,cp43,cp44,cp45,cp46,cp47,cp48,cp49,cp50,cp51,cp52,cp53,cp54,cp55 test
############################################################################################
# Thanks for using OpenAPI Generator.                                                      #
# We appreciate your support! Please consider donation to help us maintain this project.   #
# https://opencollective.com/openapi_generator/donate                                      #
############################################################################################
INFO  AnnotationConfigContextLoaderUtils - Could not detect default configuration classes for test class [org.springframework.samples.petclinic.acceptance.Cp53Tests]: Cp53Tests does not declare any static, non-private, non-final, nested classes annotated with @Configuration.
INFO  SpringBootTestContextBootstrapper - Found @SpringBootConfiguration org.springframework.samples.petclinic.PetClinicApplication for test class org.springframework.samples.petclinic.acceptance.Cp53Tests
INFO  AnnotationConfigContextLoaderUtils - Could not detect default configuration classes for test class [org.springframework.samples.petclinic.acceptance.Cp53Tests]: Cp53Tests does not declare any static, non-private, non-final, nested classes annotated with @Configuration.
INFO  AnnotationConfigContextLoaderUtils - Could not detect default configuration classes for test class [org.springframework.samples.petclinic.acceptance.AcceptanceBase]: AcceptanceBase does not declare any static, non-private, non-final, nested classes annotated with @Configuration.
INFO  SpringBootTestContextBootstrapper - Found @SpringBootConfiguration org.springframework.samples.petclinic.PetClinicApplication for test class org.springframework.samples.petclinic.acceptance.Cp53Tests

  .   ____          _            __ _ _
 /\\ / ___'_ __ _ _(_)_ __  __ _ \ \ \ \
( ( )\___ | '_ | '_| | '_ \/ _` | \ \ \ \
 \\/  ___)| |_)| | | | | || (_| |  ) ) ) )
  '  |____| .__|_| |_|_| |_\__, | / / / /
 =========|_|==============|___/=/_/_/_/

 :: Spring Boot ::                (v4.1.0)

INFO  Cp53Tests - Starting Cp53Tests using Java 17.0.20 with PID 1107899 (started by daniel in /home/daniel/sandbox)
DEBUG Cp53Tests - Running with Spring Boot v4.1.0, Spring v7.0.8
INFO  Cp53Tests - The following 2 profiles are active: "hsqldb", "spring-data-jpa"
INFO  Version - HV000001: Hibernate Validator 9.1.0.Final
INFO  RepositoryConfigurationDelegate - Bootstrapping Spring Data JPA repositories in DEFAULT mode.
INFO  RepositoryConfigurationDelegate - Finished Spring Data repository scanning in 79 ms. Found 7 JPA repository interfaces.
INFO  HikariDataSource - HikariPool-1 - Starting...
INFO  PoolBase - HikariPool-1 - Driver does not support get/set network timeout for connections. (feature not supported)
INFO  HikariPool - HikariPool-1 - Added connection org.hsqldb.jdbc.JDBCConnection@693d797e
INFO  HikariDataSource - HikariPool-1 - Start completed.
INFO  jpa - HHH008540: Processing PersistenceUnitInfo [name: default]
INFO  core - HHH000001: Hibernate ORM core version 7.4.1.Final
INFO  SpringPersistenceUnitInfo - No LoadTimeWeaver setup: ignoring JPA class transformer
INFO  pooling - HHH10001005: Database info:
	Database JDBC URL [jdbc:hsqldb:mem:petclinic]
	Database driver: HSQL Database Engine Driver
	Database dialect: HSQLDialect
	Database version: 2.7.3
	Default catalog/schema: PUBLIC/PUBLIC
	Autocommit mode: undefined/unknown
	Isolation level: READ_COMMITTED [default READ_COMMITTED]
	JDBC fetch size: none
	Pool: DataSourceConnectionProvider
	Minimum pool size: undefined/unknown
	Maximum pool size: undefined/unknown
INFO  core - HHH000489: No JTA platform available (set 'hibernate.transaction.jta.platform' to enable JTA platform integration)
INFO  LocalContainerEntityManagerFactoryBean - Initialized JPA EntityManagerFactory for persistence unit 'default'
INFO  QueryEnhancerFactories - Hibernate is in classpath; If applicable, HQL parser will be used.
WARN  InitializeUserDetailsBeanManagerConfigurer$InitializeUserDetailsManagerConfigurer - Global AuthenticationManager configured with an AuthenticationProvider bean. UserDetailsService beans will not be used by Spring Security for automatically configuring username/password login. Consider removing the AuthenticationProvider bean. Alternatively, consider using the UserDetailsService in a manually instantiated DaoAuthenticationProvider. If the current configuration is intentional, to turn off this warning, increase the logging level of 'org.springframework.security.config.annotation.authentication.configuration.InitializeUserDetailsBeanManagerConfigurer' to ERROR
WARN  UserDetailsServiceAutoConfiguration - 

Using generated security password: 65284a02-53f8-4112-93b9-a4c138c7b908

This generated password is for development use only. Your security configuration must be updated before running your application in production.

INFO  SpringBootMockServletContext - Initializing Spring TestDispatcherServlet ''
INFO  TestDispatcherServlet - Initializing Servlet ''
INFO  EndpointLinksResolver - Exposing 1 endpoint beneath base path '/actuator'
INFO  TestDispatcherServlet - Completed initialization in 20 ms
INFO  Cp53Tests - Started Cp53Tests in 7.317 seconds (process running for 9.347)
WARN  SpringDocAppInitializer - SpringDoc /v3/api-docs endpoint is enabled by default. To disable it in production, set the property 'springdoc.api-docs.enabled=false'
WARN  SpringDocAppInitializer - SpringDoc /swagger-ui.html endpoint is enabled by default. To disable it in production, set the property 'springdoc.swagger-ui.enabled=false'
INFO  AUDIT - owner created id=11 customerCode=NSW-16E6609E registrationDate=2026-09-03 membershipLevel=1 membershipNumber=NSW-16E6609E-M27
INFO  AUDIT - {"seq":1,"ownerId":11,"customerCode":"NSW-16E6609E","membershipLevel":1,"event":"OWNER_CREATED"}
INFO  AnnotationConfigContextLoaderUtils - Could not detect default configuration classes for test class [org.springframework.samples.petclinic.acceptance.Cp17Tests]: Cp17Tests does not declare any static, non-private, non-final, nested classes annotated with @Configuration.
INFO  SpringBootTestContextBootstrapper - Found @SpringBootConfiguration org.springframework.samples.petclinic.PetClinicApplication for test class org.springframework.samples.petclinic.acceptance.Cp17Tests
INFO  AnnotationConfigContextLoaderUtils - Could not detect default configuration classes for test class [org.springframework.samples.petclinic.acceptance.Cp17Tests]: Cp17Tests does not declare any static, non-private, non-final, nested classes annotated with @Configuration.
INFO  AnnotationConfigContextLoaderUtils - Could not detect default configuration classes for test class [org.springframework.samples.petclinic.acceptance.AcceptanceBase]: AcceptanceBase does not declare any static, non-private, non-final, nested classes annotated with @Configuration.
INFO  SpringBootTestContextBootstrapper - Found @SpringBootConfiguration org.springframework.samples.petclinic.PetClinicApplication for test class org.springframework.samples.petclinic.acceptance.Cp17Tests
INFO  AUDIT - owner created id=12 customerCode=NSW-F4F6FF62 registrationDate=2026-09-03 membershipLevel=1 membershipNumber=NSW-F4F6FF62-M27
INFO  AUDIT - {"seq":2,"ownerId":12,"customerCode":"NSW-F4F6FF62","membershipLevel":1,"event":"OWNER_CREATED"}
INFO  AnnotationConfigContextLoaderUtils - Could not detect default configuration classes for test class [org.springframework.samples.petclinic.acceptance.Cp10Tests]: Cp10Tests does not declare any static, non-private, non-final, nested classes annotated with @Configuration.
INFO  SpringBootTestContextBootstrapper - Found @SpringBootConfiguration org.springframework.samples.petclinic.PetClinicApplication for test class org.springframework.samples.petclinic.acceptance.Cp10Tests
INFO  AnnotationConfigContextLoaderUtils - Could not detect default configuration classes for test class [org.springframework.samples.petclinic.acceptance.Cp10Tests]: Cp10Tests does not declare any static, non-private, non-final, nested classes annotated with @Configuration.
INFO  AnnotationConfigContextLoaderUtils - Could not detect default configuration classes for test class [org.springframework.samples.petclinic.acceptance.AcceptanceBase]: AcceptanceBase does not declare any static, non-private, non-final, nested classes annotated with @Configuration.
INFO  SpringBootTestContextBootstrapper - Found @SpringBootConfiguration org.springframework.samples.petclinic.PetClinicApplication for test class org.springframework.samples.petclinic.acceptance.Cp10Tests
INFO  AUDIT - owner created id=13 customerCode=NSW-A67F7480 registrationDate=2026-09-03 membershipLevel=1 membershipNumber=NSW-A67F7480-M27
INFO  AUDIT - {"seq":3,"ownerId":13,"customerCode":"NSW-A67F7480","membershipLevel":1,"event":"OWNER_CREATED"}
INFO  AUDIT - owner created id=14 customerCode=NSW-8F040A64 registrationDate=2026-09-03 membershipLevel=1 membershipNumber=NSW-8F040A64-M27
INFO  AUDIT - {"seq":4,"ownerId":14,"customerCode":"NSW-8F040A64","membershipLevel":1,"event":"OWNER_CREATED"}
INFO  AnnotationConfigContextLoaderUtils - Could not detect default configuration classes for test class [org.springframework.samples.petclinic.acceptance.Cp29Tests]: Cp29Tests does not declare any static, non-private, non-final, nested classes annotated with @Configuration.
INFO  SpringBootTestContextBootstrapper - Found @SpringBootConfiguration org.springframework.samples.petclinic.PetClinicApplication for test class org.springframework.samples.petclinic.acceptance.Cp29Tests
INFO  AnnotationConfigContextLoaderUtils - Could not detect default configuration classes for test class [org.springframework.samples.petclinic.acceptance.Cp29Tests]: Cp29Tests does not declare any static, non-private, non-final, nested classes annotated with @Configuration.
INFO  AnnotationConfigContextLoaderUtils - Could not detect default configuration classes for test class [org.springframework.samples.petclinic.acceptance.AcceptanceBase]: AcceptanceBase does not declare any static, non-private, non-final, nested classes annotated with @Configuration.
INFO  SpringBootTestContextBootstrapper - Found @SpringBootConfiguration org.springframework.samples.petclinic.PetClinicApplication for test class org.springframework.samples.petclinic.acceptance.Cp29Tests
INFO  AUDIT - owner created id=15 customerCode=NSW-E64BA08C registrationDate=2026-09-03 membershipLevel=1 membershipNumber=NSW-E64BA08C-M27
INFO  AUDIT - {"seq":5,"ownerId":15,"customerCode":"NSW-E64BA08C","membershipLevel":1,"event":"OWNER_CREATED"}
ERROR ExceptionControllerAdvice - Unexpected error at POST /api/owners
org.springframework.samples.petclinic.service.OwnerPostcodePolicy$InvalidPostcodeException
	at org.springframework.samples.petclinic.service.OwnerPostcodePolicy.rejectInvalidPostcode(OwnerPostcodePolicy.java:47)
	at org.springframework.samples.petclinic.rest.controller.v1.OwnerRestControllerV1.addOwner(OwnerRestControllerV1.java:117)
	at java.base/jdk.internal.reflect.NativeMethodAccessorImpl.invoke0(Native Method)
	at java.base/jdk.internal.reflect.NativeMethodAccessorImpl.invoke(NativeMethodAccessorImpl.java:77)
	at java.base/jdk.internal.reflect.DelegatingMethodAccessorImpl.invoke(DelegatingMethodAccessorImpl.java:43)
	at java.base/java.lang.reflect.Method.invoke(Method.java:569)
	at org.springframework.aop.support.AopUtils.invokeJoinpointUsingReflection(AopUtils.java:359)
	at org.springframework.aop.framework.ReflectiveMethodInvocation.invokeJoinpoint(ReflectiveMethodInvocation.java:190)
	at org.springframework.aop.framework.ReflectiveMethodInvocation.proceed(ReflectiveMethodInvocation.java:158)
	at org.springframework.validation.beanvalidation.MethodValidationInterceptor.invoke(MethodValidationInterceptor.java:172)
	at org.springframework.aop.framework.ReflectiveMethodInvocation.proceed(ReflectiveMethodInvocation.java:179)
	at org.springframework.security.authorization.method.AuthorizationManagerBeforeMethodInterceptor.proceed(AuthorizationManagerBeforeMethodInterceptor.java:271)
	at org.springframework.security.authorization.method.AuthorizationManagerBeforeMethodInterceptor.attemptAuthorization(AuthorizationManagerBeforeMethodInterceptor.java:266)
	at org.springframework.security.authorization.method.AuthorizationManagerBeforeMethodInterceptor.invoke(AuthorizationManagerBeforeMethodInterceptor.java:197)
	at org.springframework.security.config.annotation.method.configuration.DeferringMethodInterceptor.invoke(DeferringMethodInterceptor.java:44)
	at org.springframework.aop.framework.ReflectiveMethodInvocation.proceed(ReflectiveMethodInvocation.java:179)
	at org.springframework.aop.framework.CglibAopProxy$DynamicAdvisedInterceptor.intercept(CglibAopProxy.java:719)
	at org.springframework.samples.petclinic.rest.controller.v1.OwnerRestControllerV1$$SpringCGLIB$$0.addOwner(<generated>)
	at java.base/jdk.internal.reflect.NativeMethodAccessorImpl.invoke0(Native Method)
	at java.base/jdk.internal.reflect.NativeMethodAccessorImpl.invoke(NativeMethodAccessorImpl.java:77)
	at java.base/jdk.internal.reflect.DelegatingMethodAccessorImpl.invoke(DelegatingMethodAccessorImpl.java:43)
	at java.base/java.lang.reflect.Method.invoke(Method.java:569)
	at org.springframework.web.method.support.InvocableHandlerMethod.doInvoke(InvocableHandlerMethod.java:252)
	at org.springframework.web.method.support.InvocableHandlerMethod.invokeForRequest(InvocableHandlerMethod.java:184)
	at org.springframework.web.servlet.mvc.method.annotation.ServletInvocableHandlerMethod.invokeAndHandle(ServletInvocableHandlerMethod.java:117)
	at org.springframework.web.servlet.mvc.method.annotation.RequestMappingHandlerAdapter.invokeHandlerMethod(RequestMappingHandlerAdapter.java:934)
	at org.springframework.web.servlet.mvc.method.annotation.RequestMappingHandlerAdapter.handleInternal(RequestMappingHandlerAdapter.java:853)
	at org.springframework.web.servlet.mvc.method.AbstractHandlerMethodAdapter.handle(AbstractHandlerMethodAdapter.java:86)
	at org.springframework.web.servlet.DispatcherServlet.doDispatch(DispatcherServlet.java:963)
	at org.springframework.web.servlet.DispatcherServlet.doService(DispatcherServlet.java:866)
	at org.springframework.web.servlet.FrameworkServlet.processRequest(FrameworkServlet.java:1000)
	at org.springframework.web.servlet.FrameworkServlet.doPost(FrameworkServlet.java:903)
	at jakarta.servlet.http.HttpServlet.service(HttpServlet.java:649)
	at org.springframework.web.servlet.FrameworkServlet.service(FrameworkServlet.java:874)
	at org.springframework.test.web.servlet.TestDispatcherServlet.service(TestDispatcherServlet.java:72)
	at jakarta.servlet.http.HttpServlet.service(HttpServlet.java:710)
	at org.springframework.mock.web.MockFilterChain$ServletFilterProxy.doFilter(MockFilterChain.java:160)
	at org.springframework.mock.web.MockFilterChain.doFilter(MockFilterChain.java:127)
	at org.springframework.web.filter.CompositeFilter$VirtualFilterChain.doFilter(CompositeFilter.java:108)
	at org.springframework.security.web.FilterChainProxy.lambda$doFilterInternal$2(FilterChainProxy.java:235)
	at org.springframework.security.web.ObservationFilterChainDecorator$FilterObservation$SimpleFilterObservation.lambda$wrap$1(ObservationFilterChainDecorator.java:491)
	at org.springframework.security.web.ObservationFilterChainDecorator$AroundFilterObservation$SimpleAroundFilterObservation.lambda$wrap$1(ObservationFilterChainDecorator.java:353)
	at org.springframework.security.web.ObservationFilterChainDecorator.lambda$wrapSecured$0(ObservationFilterChainDecorator.java:84)
	at org.springframework.security.web.ObservationFilterChainDecorator$VirtualFilterChain.doFilter(ObservationFilterChainDecorator.java:131)
	at org.springframework.security.web.access.intercept.AuthorizationFilter.doFilter(AuthorizationFilter.java:101)
	at org.springframework.security.web.ObservationFilterChainDecorator$ObservationFilter.wrapFilter(ObservationFilterChainDecorator.java:243)
	at org.springframework.security.web.ObservationFilterChainDecorator$ObservationFilter.doFilter(ObservationFilterChainDecorator.java:230)
	at org.springframework.security.web.ObservationFilterChainDecorator$VirtualFilterChain.doFilter(ObservationFilterChainDecorator.java:140)
	at org.springframework.security.web.access.ExceptionTranslationFilter.doFilter(ExceptionTranslationFilter.java:126)
	at org.springframework.security.web.access.ExceptionTranslationFilter.doFilter(ExceptionTranslationFilter.java:120)
	at org.springframework.security.web.ObservationFilterChainDecorator$ObservationFilter.wrapFilter(ObservationFilterChainDecorator.java:243)
	at org.springframework.security.web.ObservationFilterChainDecorator$ObservationFilter.doFilter(ObservationFilterChainDecorator.java:230)
	at org.springframework.security.web.ObservationFilterChainDecorator$VirtualFilterChain.doFilter(ObservationFilterChainDecorator.java:140)
	at org.springframework.security.web.authentication.AnonymousAuthenticationFilter.doFilter(AnonymousAuthenticationFilter.java:100)
	at org.springframework.security.web.ObservationFilterChainDecorator$ObservationFilter.wrapFilter(ObservationFilterChainDecorator.java:243)
	at org.springframework.security.web.ObservationFilterChainDecorator$ObservationFilter.doFilter(ObservationFilterChainDecorator.java:230)
	at org.springframework.security.web.ObservationFilterChainDecorator$VirtualFilterChain.doFilter(ObservationFilterChainDecorator.java:140)
	at org.springframework.security.web.servletapi.SecurityContextHolderAwareRequestFilter.doFilter(SecurityContextHolderAwareRequestFilter.java:181)
	at org.springframework.security.web.ObservationFilterChainDecorator$ObservationFilter.wrapFilter(ObservationFilterChainDecorator.java:243)
	at org.springframework.security.web.ObservationFilterChainDecorator$ObservationFilter.doFilter(ObservationFilterChainDecorator.java:230)
	at org.springframework.security.web.ObservationFilterChainDecorator$VirtualFilterChain.doFilter(ObservationFilterChainDecorator.java:140)
	at org.springframework.security.web.savedrequest.RequestCacheAwareFilter.doFilter(RequestCacheAwareFilter.java:63)
	at org.springframework.security.web.ObservationFilterChainDecorator$ObservationFilter.wrapFilter(ObservationFilterChainDecorator.java:243)
	at org.springframework.security.web.ObservationFilterChainDecorator$ObservationFilter.doFilter(ObservationFilterChainDecorator.java:230)
	at org.springframework.security.web.ObservationFilterChainDecorator$VirtualFilterChain.doFilter(ObservationFilterChainDecorator.java:140)
	at org.springframework.security.web.authentication.www.BasicAuthenticationFilter.doFilterInternal(BasicAuthenticationFilter.java:198)
	at org.springframework.web.filter.OncePerRequestFilter.doFilter(OncePerRequestFilter.java:116)
	at org.springframework.security.web.ObservationFilterChainDecorator$ObservationFilter.wrapFilter(ObservationFilterChainDecorator.java:243)
	at org.springframework.security.web.ObservationFilterChainDecorator$ObservationFilter.doFilter(ObservationFilterChainDecorator.java:230)
	at org.springframework.security.web.ObservationFilterChainDecorator$VirtualFilterChain.doFilter(ObservationFilterChainDecorator.java:140)
	at org.springframework.security.web.authentication.logout.LogoutFilter.doFilter(LogoutFilter.java:110)
	at org.springframework.security.web.authentication.logout.LogoutFilter.doFilter(LogoutFilter.java:96)
	at org.springframework.security.web.ObservationFilterChainDecorator$ObservationFilter.wrapFilter(ObservationFilterChainDecorator.java:243)
	at org.springframework.security.web.ObservationFilterChainDecorator$ObservationFilter.doFilter(ObservationFilterChainDecorator.java:230)
	at org.springframework.security.web.ObservationFilterChainDecorator$VirtualFilterChain.doFilter(ObservationFilterChainDecorator.java:140)
	at org.springframework.security.web.header.HeaderWriterFilter.doHeadersAfter(HeaderWriterFilter.java:90)
	at org.springframework.security.web.header.HeaderWriterFilter.doFilterInternal(HeaderWriterFilter.java:75)
	at org.springframework.web.filter.OncePerRequestFilter.doFilter(OncePerRequestFilter.java:116)
	at org.springframework.security.web.ObservationFilterChainDecorator$ObservationFilter.wrapFilter(ObservationFilterChainDecorator.java:243)
	at org.springframework.security.web.ObservationFilterChainDecorator$ObservationFilter.doFilter(ObservationFilterChainDecorator.java:230)
	at org.springframework.security.web.ObservationFilterChainDecorator$VirtualFilterChain.doFilter(ObservationFilterChainDecorator.java:140)
	at org.springframework.security.web.context.SecurityContextHolderFilter.doFilter(SecurityContextHolderFilter.java:82)
	at org.springframework.security.web.context.SecurityContextHolderFilter.doFilter(SecurityContextHolderFilter.java:69)
	at org.springframework.security.web.ObservationFilterChainDecorator$ObservationFilter.wrapFilter(ObservationFilterChainDecorator.java:243)
	at org.springframework.security.web.ObservationFilterChainDecorator$ObservationFilter.doFilter(ObservationFilterChainDecorator.java:230)
	at org.springframework.security.web.ObservationFilterChainDecorator$VirtualFilterChain.doFilter(ObservationFilterChainDecorator.java:140)
	at org.springframework.security.web.context.request.async.WebAsyncManagerIntegrationFilter.doFilterInternal(WebAsyncManagerIntegrationFilter.java:62)
	at org.springframework.web.filter.OncePerRequestFilter.doFilter(OncePerRequestFilter.java:116)
	at org.springframework.security.web.ObservationFilterChainDecorator$ObservationFilter.wrapFilter(ObservationFilterChainDecorator.java:243)
	at org.springframework.security.web.ObservationFilterChainDecorator$ObservationFilter.doFilter(ObservationFilterChainDecorator.java:230)
	at org.springframework.security.web.ObservationFilterChainDecorator$VirtualFilterChain.doFilter(ObservationFilterChainDecorator.java:140)
	at org.springframework.security.web.session.DisableEncodeUrlFilter.doFilterInternal(DisableEncodeUrlFilter.java:42)
	at org.springframework.web.filter.OncePerRequestFilter.doFilter(OncePerRequestFilter.java:116)
	at org.springframework.security.web.ObservationFilterChainDecorator$ObservationFilter.wrapFilter(ObservationFilterChainDecorator.java:243)
	at org.springframework.security.web.ObservationFilterChainDecorator$AroundFilterObservation$SimpleAroundFilterObservation.lambda$wrap$0(ObservationFilterChainDecorator.java:336)
	at org.springframework.security.web.ObservationFilterChainDecorator$ObservationFilter.doFilter(ObservationFilterChainDecorator.java:227)
	at org.springframework.security.web.ObservationFilterChainDecorator$VirtualFilterChain.doFilter(ObservationFilterChainDecorator.java:140)
	at org.springframework.security.web.FilterChainProxy.doFilterInternal(FilterChainProxy.java:237)
	at org.springframework.security.web.FilterChainProxy.doFilter(FilterChainProxy.java:195)
	at org.springframework.web.filter.CompositeFilter$VirtualFilterChain.doFilter(CompositeFilter.java:113)
	at org.springframework.web.filter.ServletRequestPathFilter.doFilter(ServletRequestPathFilter.java:52)
	at org.springframework.web.filter.CompositeFilter$VirtualFilterChain.doFilter(CompositeFilter.java:113)
	at org.springframework.web.filter.CompositeFilter.doFilter(CompositeFilter.java:74)
	at org.springframework.security.config.annotation.web.configuration.WebSecurityConfiguration$CompositeFilterChainProxy.doFilter(WebSecurityConfiguration.java:317)
	at org.springframework.web.filter.DelegatingFilterProxy.invokeDelegate(DelegatingFilterProxy.java:355)
	at org.springframework.web.filter.DelegatingFilterProxy.doFilter(DelegatingFilterProxy.java:272)
	at org.springframework.test.web.servlet.setup.MockMvcFilterDecorator.doFilter(MockMvcFilterDecorator.java:160)
	at org.springframework.mock.web.MockFilterChain.doFilter(MockFilterChain.java:127)
	at org.springframework.web.filter.RequestContextFilter.doFilterInternal(RequestContextFilter.java:100)
	at org.springframework.web.filter.OncePerRequestFilter.doFilter(OncePerRequestFilter.java:116)
	at org.springframework.test.web.servlet.setup.MockMvcFilterDecorator.doFilter(MockMvcFilterDecorator.java:160)
	at org.springframework.mock.web.MockFilterChain.doFilter(MockFilterChain.java:127)
	at org.springframework.web.filter.FormContentFilter.doFilterInternal(FormContentFilter.java:93)
	at org.springframework.web.filter.OncePerRequestFilter.doFilter(OncePerRequestFilter.java:116)
	at org.springframework.test.web.servlet.setup.MockMvcFilterDecorator.doFilter(MockMvcFilterDecorator.java:160)
	at org.springframework.mock.web.MockFilterChain.doFilter(MockFilterChain.java:127)
	at org.springframework.web.filter.ServerHttpObservationFilter.doFilterInternal(ServerHttpObservationFilter.java:110)
	at org.springframework.web.filter.OncePerRequestFilter.doFilter(OncePerRequestFilter.java:116)
	at org.springframework.test.web.servlet.setup.MockMvcFilterDecorator.doFilter(MockMvcFilterDecorator.java:160)
	at org.springframework.mock.web.MockFilterChain.doFilter(MockFilterChain.java:127)
	at org.springframework.web.filter.CharacterEncodingFilter.doFilterInternal(CharacterEncodingFilter.java:199)
	at org.springframework.web.filter.OncePerRequestFilter.doFilter(OncePerRequestFilter.java:116)
	at org.springframework.test.web.servlet.setup.MockMvcFilterDecorator.doFilter(MockMvcFilterDecorator.java:160)
	at org.springframework.mock.web.MockFilterChain.doFilter(MockFilterChain.java:127)
	at org.springframework.test.web.servlet.MockMvc.perform(MockMvc.java:199)
	at org.springframework.samples.petclinic.acceptance.AcceptanceBase.createOwner(AcceptanceBase.java:156)
	at org.springframework.samples.petclinic.acceptance.Cp29Tests.errorRejectsOutOfRangePostcode(Cp29Tests.java:26)
	at java.base/jdk.internal.reflect.NativeMethodAccessorImpl.invoke0(Native Method)
	at java.base/jdk.internal.reflect.NativeMethodAccessorImpl.invoke(NativeMethodAccessorImpl.java:77)
	at java.base/jdk.internal.reflect.DelegatingMethodAccessorImpl.invoke(DelegatingMethodAccessorImpl.java:43)
	at java.base/java.lang.reflect.Method.invoke(Method.java:569)
	at org.junit.platform.commons.util.ReflectionUtils.invokeMethod(ReflectionUtils.java:701)
	at org.junit.platform.commons.support.ReflectionSupport.invokeMethod(ReflectionSupport.java:502)
	at org.junit.jupiter.engine.support.MethodReflectionUtils.invoke(MethodReflectionUtils.java:45)
	at org.junit.jupiter.engine.execution.MethodInvocation.proceed(MethodInvocation.java:61)
	at org.junit.jupiter.engine.execution.InvocationInterceptorChain$ValidatingInvocation.proceed(InvocationInterceptorChain.java:124)
	at org.junit.jupiter.engine.extension.TimeoutExtension.intercept(TimeoutExtension.java:163)
	at org.junit.jupiter.engine.extension.TimeoutExtension.interceptTestableMethod(TimeoutExtension.java:148)
	at org.junit.jupiter.engine.extension.TimeoutExtension.interceptTestMethod(TimeoutExtension.java:86)
	at org.junit.jupiter.engine.execution.InterceptingExecutableInvoker$ReflectiveInterceptorCall.lambda$ofVoidMethod$0(InterceptingExecutableInvoker.java:123)
	at org.junit.jupiter.engine.execution.InterceptingExecutableInvoker.lambda$invoke$0(InterceptingExecutableInvoker.java:105)
	at org.junit.jupiter.engine.execution.InvocationInterceptorChain$InterceptedInvocation.proceed(InvocationInterceptorChain.java:99)
	at org.junit.jupiter.engine.execution.InvocationInterceptorChain.proceed(InvocationInterceptorChain.java:66)
	at org.junit.jupiter.engine.execution.InvocationInterceptorChain.chainAndInvoke(InvocationInterceptorChain.java:47)
	at org.junit.jupiter.engine.execution.InvocationInterceptorChain.invoke(InvocationInterceptorChain.java:39)
	at org.junit.jupiter.engine.execution.InterceptingExecutableInvoker.invoke(InterceptingExecutableInvoker.java:104)
	at org.junit.jupiter.engine.execution.InterceptingExecutableInvoker.invoke(InterceptingExecutableInvoker.java:98)
	at org.junit.jupiter.engine.execution.InterceptingExecutableInvoker.invokeVoid(InterceptingExecutableInvoker.java:71)
	at org.junit.jupiter.engine.descriptor.TestMethodTestDescriptor.lambda$invokeTestMethod$0(TestMethodTestDescriptor.java:219)
	at org.junit.platform.engine.support.hierarchical.ThrowableCollector.execute(ThrowableCollector.java:74)
	at org.junit.jupiter.engine.descriptor.TestMethodTestDescriptor.invokeTestMethod(TestMethodTestDescriptor.java:215)
	at org.junit.jupiter.engine.descriptor.TestMethodTestDescriptor.execute(TestMethodTestDescriptor.java:157)
	at org.junit.jupiter.engine.descriptor.TestMethodTestDescriptor.execute(TestMethodTestDescriptor.java:70)
	at org.junit.platform.engine.support.hierarchical.NodeTestTask.lambda$executeRecursively$2(NodeTestTask.java:176)
	at org.junit.platform.engine.support.hierarchical.ThrowableCollector.execute(ThrowableCollector.java:74)
	at org.junit.platform.engine.support.hierarchical.NodeTestTask.lambda$executeRecursively$1(NodeTestTask.java:166)
	at org.junit.platform.engine.support.hierarchical.Node.around(Node.java:138)
	at org.junit.platform.engine.support.hierarchical.NodeTestTask.lambda$executeRecursively$0(NodeTestTask.java:164)
	at org.junit.platform.engine.support.hierarchical.ThrowableCollector.execute(ThrowableCollector.java:74)
	at org.junit.platform.engine.support.hierarchical.NodeTestTask.executeRecursively(NodeTestTask.java:163)
	at org.junit.platform.engine.support.hierarchical.NodeTestTask.execute(NodeTestTask.java:116)
	at java.base/java.util.ArrayList.forEach(ArrayList.java:1511)
	at org.junit.platform.engine.support.hierarchical.SameThreadHierarchicalTestExecutorService.invokeAll(SameThreadHierarchicalTestExecutorService.java:42)
	at org.junit.platform.engine.support.hierarchical.NodeTestTask.lambda$executeRecursively$2(NodeTestTask.java:180)
	at org.junit.platform.engine.support.hierarchical.ThrowableCollector.execute(ThrowableCollector.java:74)
	at org.junit.platform.engine.support.hierarchical.NodeTestTask.lambda$executeRecursively$1(NodeTestTask.java:166)
	at org.junit.platform.engine.support.hierarchical.Node.around(Node.java:138)
	at org.junit.platform.engine.support.hierarchical.NodeTestTask.lambda$executeRecursively$0(NodeTestTask.java:164)
	at org.junit.platform.engine.support.hierarchical.ThrowableCollector.execute(ThrowableCollector.java:74)
	at org.junit.platform.engine.support.hierarchical.NodeTestTask.executeRecursively(NodeTestTask.java:163)
	at org.junit.platform.engine.support.hierarchical.NodeTestTask.execute(NodeTestTask.java:116)
	at java.base/java.util.ArrayList.forEach(ArrayList.java:1511)
	at org.junit.platform.engine.support.hierarchical.SameThreadHierarchicalTestExecutorService.invokeAll(SameThreadHierarchicalTestExecutorService.java:42)
	at org.junit.platform.engine.support.hierarchical.NodeTestTask.lambda$executeRecursively$2(NodeTestTask.java:180)
	at org.junit.platform.engine.support.hierarchical.ThrowableCollector.execute(ThrowableCollector.java:74)
	at org.junit.platform.engine.support.hierarchical.NodeTestTask.lambda$executeRecursively$1(NodeTestTask.java:166)
	at org.junit.platform.engine.support.hierarchical.Node.around(Node.java:138)
	at org.junit.platform.engine.support.hierarchical.NodeTestTask.lambda$executeRecursively$0(NodeTestTask.java:164)
	at org.junit.platform.engine.support.hierarchical.ThrowableCollector.execute(ThrowableCollector.java:74)
	at org.junit.platform.engine.support.hierarchical.NodeTestTask.executeRecursively(NodeTestTask.java:163)
	at org.junit.platform.engine.support.hierarchical.NodeTestTask.execute(NodeTestTask.java:116)
	at org.junit.platform.engine.support.hierarchical.SameThreadHierarchicalTestExecutorService.submit(SameThreadHierarchicalTestExecutorService.java:36)
	at org.junit.platform.engine.support.hierarchical.HierarchicalTestExecutor.execute(HierarchicalTestExecutor.java:52)
	at org.junit.platform.engine.support.hierarchical.HierarchicalTestEngine.execute(HierarchicalTestEngine.java:58)
	at org.junit.platform.launcher.core.EngineExecutionOrchestrator.executeEngine(EngineExecutionOrchestrator.java:246)
	at org.junit.platform.launcher.core.EngineExecutionOrchestrator.failOrExecuteEngine(EngineExecutionOrchestrator.java:218)
	at org.junit.platform.launcher.core.EngineExecutionOrchestrator.execute(EngineExecutionOrchestrator.java:179)
	at org.junit.platform.launcher.core.EngineExecutionOrchestrator.execute(EngineExecutionOrchestrator.java:108)
	at org.junit.platform.launcher.core.EngineExecutionOrchestrator.lambda$execute$0(EngineExecutionOrchestrator.java:66)
	at org.junit.platform.launcher.core.EngineExecutionOrchestrator.withInterceptedStreams(EngineExecutionOrchestrator.java:157)
	at org.junit.platform.launcher.core.EngineExecutionOrchestrator.execute(EngineExecutionOrchestrator.java:65)
	at org.junit.platform.launcher.core.DefaultLauncher.execute(DefaultLauncher.java:125)
	at org.junit.platform.launcher.core.DefaultLauncher.execute(DefaultLauncher.java:114)
	at org.junit.platform.launcher.core.DelegatingLauncher.execute(DelegatingLauncher.java:58)
	at org.junit.platform.launcher.core.InterceptingLauncher.lambda$execute$2(InterceptingLauncher.java:57)
	at org.junit.platform.launcher.core.ClasspathAlignmentCheckingLauncherInterceptor.intercept(ClasspathAlignmentCheckingLauncherInterceptor.java:25)
	at org.junit.platform.launcher.core.InterceptingLauncher.execute(InterceptingLauncher.java:56)
	at org.junit.platform.launcher.core.DelegatingLauncher.execute(DelegatingLauncher.java:58)
	at java.base/jdk.internal.reflect.NativeMethodAccessorImpl.invoke0(Native Method)
	at java.base/jdk.internal.reflect.NativeMethodAccessorImpl.invoke(NativeMethodAccessorImpl.java:77)
	at java.base/jdk.internal.reflect.DelegatingMethodAccessorImpl.invoke(DelegatingMethodAccessorImpl.java:43)
	at java.base/java.lang.reflect.Method.invoke(Method.java:569)
	at org.apache.maven.surefire.api.util.ReflectionUtils.invokeMethodWithArray(ReflectionUtils.java:125)
	at org.apache.maven.surefire.junitplatform.LauncherAdapter.executeWithCancellationToken(LauncherAdapter.java:68)
	at org.apache.maven.surefire.junitplatform.LauncherAdapter.execute(LauncherAdapter.java:54)
	at org.apache.maven.surefire.junitplatform.JUnitPlatformProvider.execute(JUnitPlatformProvider.java:203)
	at org.apache.maven.surefire.junitplatform.JUnitPlatformProvider.invokeAllTests(JUnitPlatformProvider.java:168)
	at org.apache.maven.surefire.junitplatform.JUnitPlatformProvider.invoke(JUnitPlatformProvider.java:136)
	at org.apache.maven.surefire.booter.ForkedBooter.runSuitesInProcess(ForkedBooter.java:385)
	at org.apache.maven.surefire.booter.ForkedBooter.execute(ForkedBooter.java:162)
	at org.apache.maven.surefire.booter.ForkedBooter.run(ForkedBooter.java:507)
	at org.apache.maven.surefire.booter.ForkedBooter.main(ForkedBooter.java:495)

MockHttpServletRequest:
      HTTP Method = POST
      Request URI = /api/owners
       Parameters = {}
          Headers = [Content-Type:"application/json;charset=UTF-8", Content-Length:"129"]
             Body = {"firstName":"Test","lastName":"Surw","city":"Sydney","telephone":"0400000026","addressLine1":"27 Test Street","postcode":"3000"}
    Session Attrs = {SPRING_SECURITY_CONTEXT=SecurityContextImpl [Authentication=UsernamePasswordAuthenticationToken [Principal=org.springframework.security.core.userdetails.User [Username=acceptance-admin, Password=[PROTECTED], Enabled=true, AccountNonExpired=true, CredentialsNonExpired=true, AccountNonLocked=true, Granted Authorities=[ROLE_ADMIN, ROLE_OWNER_ADMIN, ROLE_VET_ADMIN]], Credentials=[PROTECTED], Authenticated=true, Details=null, Granted Authorities=[ROLE_ADMIN, ROLE_OWNER_ADMIN, ROLE_VET_ADMIN]]]}

Handler:
             Type = org.springframework.samples.petclinic.rest.controller.v1.OwnerRestControllerV1
           Method = org.springframework.samples.petclinic.rest.controller.v1.OwnerRestControllerV1#addOwner(OwnerFieldsDto)

Async:
    Async started = false
     Async result = null

Resolved Exception:
             Type = org.springframework.samples.petclinic.service.OwnerPostcodePolicy$InvalidPostcodeException

ModelAndView:
        View name = null
             View = null
            Model = null

FlashMap:
       Attributes = null

MockHttpServletResponse:
           Status = 500
    Error message = null
          Headers = [Vary:"Origin", "Access-Control-Request-Method", "Access-Control-Request-Headers", Content-Type:"application/problem+json", X-Content-Type-Options:"nosniff", X-XSS-Protection:"0", Cache-Control:"no-cache, no-store, max-age=0, must-revalidate", Pragma:"no-cache", Expires:"0", X-Frame-Options:"DENY"]
     Content type = application/problem+json
             Body = {"detail":"An unexpected error occurred while processing your request","instance":"/api/owners","status":500,"title":"InvalidPostcodeException","type":"http://localhost/api/owners","timestamp":"2026-09-02T19:27:35.616271029Z","schemaValidationErrors":[]}
    Forwarded URL = null
   Redirected URL = null
          Cookies = []
[ERROR] Tests run: 2, Failures: 1, Errors: 0, Skipped: 0, Time elapsed: 0.171 s <<< FAILURE! -- in org.springframework.samples.petclinic.acceptance.Cp29Tests
[ERROR] org.springframework.samples.petclinic.acceptance.Cp29Tests.errorRejectsOutOfRangePostcode -- Time elapsed: 0.077 s <<< FAILURE!
java.lang.AssertionError: Status expected:<400> but was:<500>
	at org.springframework.test.util.AssertionErrors.fail(AssertionErrors.java:62)
	at org.springframework.test.util.AssertionErrors.assertEquals(AssertionErrors.java:129)
	at org.springframework.test.web.servlet.result.StatusResultMatchers.lambda$matcher$0(StatusResultMatchers.java:600)
	at org.springframework.test.web.servlet.MockMvc$1.andExpect(MockMvc.java:212)
	at org.springframework.samples.petclinic.acceptance.Cp29Tests.errorRejectsOutOfRangePostcode(Cp29Tests.java:26)

INFO  AnnotationConfigContextLoaderUtils - Could not detect default configuration classes for test class [org.springframework.samples.petclinic.acceptance.Cp11Tests]: Cp11Tests does not declare any static, non-private, non-final, nested classes annotated with @Configuration.
INFO  SpringBootTestContextBootstrapper - Found @SpringBootConfiguration org.springframework.samples.petclinic.PetClinicApplication for test class org.springframework.samples.petclinic.acceptance.Cp11Tests
INFO  AnnotationConfigContextLoaderUtils - Could not detect default configuration classes for test class [org.springframework.samples.petclinic.acceptance.Cp11Tests]: Cp11Tests does not declare any static, non-private, non-final, nested classes annotated with @Configuration.
INFO  AnnotationConfigContextLoaderUtils - Could not detect default configuration classes for test class [org.springframework.samples.petclinic.acceptance.AcceptanceBase]: AcceptanceBase does not declare any static, non-private, non-final, nested classes annotated with @Configuration.
INFO  SpringBootTestContextBootstrapper - Found @SpringBootConfiguration org.springframework.samples.petclinic.PetClinicApplication for test class org.springframework.samples.petclinic.acceptance.Cp11Tests
INFO  AUDIT - owner created id=16 customerCode=NSW-295193D8 registrationDate=2026-09-03 membershipLevel=1 membershipNumber=NSW-295193D8-M27
INFO  AUDIT - {"seq":6,"ownerId":16,"customerCode":"NSW-295193D8","membershipLevel":1,"event":"OWNER_CREATED"}
INFO  AUDIT - owner created id=17 customerCode=NSW-9CCBFAD9 registrationDate=2026-09-03 membershipLevel=1 membershipNumber=NSW-9CCBFAD9-M27
INFO  AUDIT - {"seq":7,"ownerId":17,"customerCode":"NSW-9CCBFAD9","membershipLevel":1,"event":"OWNER_CREATED"}
INFO  AnnotationConfigContextLoaderUtils - Could not detect default configuration classes for test class [org.springframework.samples.petclinic.acceptance.Cp21Tests]: Cp21Tests does not declare any static, non-private, non-final, nested classes annotated with @Configuration.
INFO  SpringBootTestContextBootstrapper - Found @SpringBootConfiguration org.springframework.samples.petclinic.PetClinicApplication for test class org.springframework.samples.petclinic.acceptance.Cp21Tests
INFO  AnnotationConfigContextLoaderUtils - Could not detect default configuration classes for test class [org.springframework.samples.petclinic.acceptance.Cp21Tests]: Cp21Tests does not declare any static, non-private, non-final, nested classes annotated with @Configuration.
INFO  AnnotationConfigContextLoaderUtils - Could not detect default configuration classes for test class [org.springframework.samples.petclinic.acceptance.AcceptanceBase]: AcceptanceBase does not declare any static, non-private, non-final, nested classes annotated with @Configuration.
INFO  SpringBootTestContextBootstrapper - Found @SpringBootConfiguration org.springframework.samples.petclinic.PetClinicApplication for test class org.springframework.samples.petclinic.acceptance.Cp21Tests
INFO  AUDIT - owner created id=18 customerCode=NSW-2CC0274C registrationDate=2026-09-03 membershipLevel=1 membershipNumber=NSW-2CC0274C-M27
INFO  AUDIT - {"seq":8,"ownerId":18,"customerCode":"NSW-2CC0274C","membershipLevel":1,"event":"OWNER_CREATED"}
INFO  AnnotationConfigContextLoaderUtils - Could not detect default configuration classes for test class [org.springframework.samples.petclinic.acceptance.Cp06Tests]: Cp06Tests does not declare any static, non-private, non-final, nested classes annotated with @Configuration.
INFO  SpringBootTestContextBootstrapper - Found @SpringBootConfiguration org.springframework.samples.petclinic.PetClinicApplication for test class org.springframework.samples.petclinic.acceptance.Cp06Tests
INFO  AnnotationConfigContextLoaderUtils - Could not detect default configuration classes for test class [org.springframework.samples.petclinic.acceptance.Cp06Tests]: Cp06Tests does not declare any static, non-private, non-final, nested classes annotated with @Configuration.
INFO  AnnotationConfigContextLoaderUtils - Could not detect default configuration classes for test class [org.springframework.samples.petclinic.acceptance.AcceptanceBase]: AcceptanceBase does not declare any static, non-private, non-final, nested classes annotated with @Configuration.
INFO  SpringBootTestContextBootstrapper - Found @SpringBootConfiguration org.springframework.samples.petclinic.PetClinicApplication for test class org.springframework.samples.petclinic.acceptance.Cp06Tests
INFO  AUDIT - owner created id=19 customerCode=UNKNOWN-B4F68CE5 registrationDate=2026-09-03 membershipLevel=1 membershipNumber=UNKNOWN-B4F68CE5-M27
INFO  AUDIT - {"seq":9,"ownerId":19,"customerCode":"UNKNOWN-B4F68CE5","membershipLevel":1,"event":"OWNER_CREATED"}
INFO  AnnotationConfigContextLoaderUtils - Could not detect default configuration classes for test class [org.springframework.samples.petclinic.acceptance.Cp03Tests]: Cp03Tests does not declare any static, non-private, non-final, nested classes annotated with @Configuration.
INFO  SpringBootTestContextBootstrapper - Found @SpringBootConfiguration org.springframework.samples.petclinic.PetClinicApplication for test class org.springframework.samples.petclinic.acceptance.Cp03Tests
INFO  AnnotationConfigContextLoaderUtils - Could not detect default configuration classes for test class [org.springframework.samples.petclinic.acceptance.Cp03Tests]: Cp03Tests does not declare any static, non-private, non-final, nested classes annotated with @Configuration.
INFO  AnnotationConfigContextLoaderUtils - Could not detect default configuration classes for test class [org.springframework.samples.petclinic.acceptance.AcceptanceBase]: AcceptanceBase does not declare any static, non-private, non-final, nested classes annotated with @Configuration.
INFO  SpringBootTestContextBootstrapper - Found @SpringBootConfiguration org.springframework.samples.petclinic.PetClinicApplication for test class org.springframework.samples.petclinic.acceptance.Cp03Tests
INFO  AUDIT - owner created id=20 customerCode=UNKNOWN-D008F078 registrationDate=2026-09-03 membershipLevel=1 membershipNumber=UNKNOWN-D008F078-M27
INFO  AUDIT - {"seq":10,"ownerId":20,"customerCode":"UNKNOWN-D008F078","membershipLevel":1,"event":"OWNER_CREATED"}
INFO  AnnotationConfigContextLoaderUtils - Could not detect default configuration classes for test class [org.springframework.samples.petclinic.acceptance.Cp13Tests]: Cp13Tests does not declare any static, non-private, non-final, nested classes annotated with @Configuration.
INFO  SpringBootTestContextBootstrapper - Found @SpringBootConfiguration org.springframework.samples.petclinic.PetClinicApplication for test class org.springframework.samples.petclinic.acceptance.Cp13Tests
INFO  AnnotationConfigContextLoaderUtils - Could not detect default configuration classes for test class [org.springframework.samples.petclinic.acceptance.Cp13Tests]: Cp13Tests does not declare any static, non-private, non-final, nested classes annotated with @Configuration.
INFO  AnnotationConfigContextLoaderUtils - Could not detect default configuration classes for test class [org.springframework.samples.petclinic.acceptance.AcceptanceBase]: AcceptanceBase does not declare any static, non-private, non-final, nested classes annotated with @Configuration.
INFO  SpringBootTestContextBootstrapper - Found @SpringBootConfiguration org.springframework.samples.petclinic.PetClinicApplication for test class org.springframework.samples.petclinic.acceptance.Cp13Tests
INFO  AUDIT - owner created id=21 customerCode=NSW-B5CC522E registrationDate=2026-09-03 membershipLevel=1 membershipNumber=NSW-B5CC522E-M27
INFO  AUDIT - {"seq":11,"ownerId":21,"customerCode":"NSW-B5CC522E","membershipLevel":1,"event":"OWNER_CREATED"}
INFO  AUDIT - owner created id=22 customerCode=NSW-8E12ED12 registrationDate=2026-09-03 membershipLevel=1 membershipNumber=NSW-8E12ED12-M27
INFO  AUDIT - {"seq":12,"ownerId":22,"customerCode":"NSW-8E12ED12","membershipLevel":1,"event":"OWNER_CREATED"}
INFO  AnnotationConfigContextLoaderUtils - Could not detect default configuration classes for test class [org.springframework.samples.petclinic.acceptance.Cp19Tests]: Cp19Tests does not declare any static, non-private, non-final, nested classes annotated with @Configuration.
INFO  SpringBootTestContextBootstrapper - Found @SpringBootConfiguration org.springframework.samples.petclinic.PetClinicApplication for test class org.springframework.samples.petclinic.acceptance.Cp19Tests
INFO  AnnotationConfigContextLoaderUtils - Could not detect default configuration classes for test class [org.springframework.samples.petclinic.acceptance.Cp19Tests]: Cp19Tests does not declare any static, non-private, non-final, nested classes annotated with @Configuration.
INFO  AnnotationConfigContextLoaderUtils - Could not detect default configuration classes for test class [org.springframework.samples.petclinic.acceptance.AcceptanceBase]: AcceptanceBase does not declare any static, non-private, non-final, nested classes annotated with @Configuration.
INFO  SpringBootTestContextBootstrapper - Found @SpringBootConfiguration org.springframework.samples.petclinic.PetClinicApplication for test class org.springframework.samples.petclinic.acceptance.Cp19Tests
INFO  AUDIT - owner created id=23 customerCode=UNKNOWN-AAC762D5 registrationDate=2026-09-03 membershipLevel=1 membershipNumber=UNKNOWN-AAC762D5-M27
INFO  AUDIT - {"seq":13,"ownerId":23,"customerCode":"UNKNOWN-AAC762D5","membershipLevel":1,"event":"OWNER_CREATED"}
INFO  AUDIT - owner created id=24 customerCode=UNKNOWN-3586509B registrationDate=2026-09-03 membershipLevel=1 membershipNumber=UNKNOWN-3586509B-M27
INFO  AUDIT - {"seq":14,"ownerId":24,"customerCode":"UNKNOWN-3586509B","membershipLevel":1,"event":"OWNER_CREATED"}
INFO  AUDIT - owner created id=25 customerCode=UNKNOWN-46C5727F registrationDate=2026-09-03 membershipLevel=1 membershipNumber=UNKNOWN-46C5727F-M27
INFO  AUDIT - {"seq":15,"ownerId":25,"customerCode":"UNKNOWN-46C5727F","membershipLevel":1,"event":"OWNER_CREATED"}
INFO  AUDIT - owner created id=26 customerCode=UNKNOWN-3123707F registrationDate=2026-09-03 membershipLevel=1 membershipNumber=UNKNOWN-3123707F-M27
INFO  AUDIT - {"seq":16,"ownerId":26,"customerCode":"UNKNOWN-3123707F","membershipLevel":1,"event":"OWNER_CREATED"}
INFO  AUDIT - owner created id=27 customerCode=UNKNOWN-0EEBE2CE registrationDate=2026-09-03 membershipLevel=1 membershipNumber=UNKNOWN-0EEBE2CE-M27
INFO  AUDIT - {"seq":17,"ownerId":27,"customerCode":"UNKNOWN-0EEBE2CE","membershipLevel":1,"event":"OWNER_CREATED"}
INFO  AUDIT - owner created id=28 customerCode=UNKNOWN-66CB7B28 registrationDate=2026-09-03 membershipLevel=1 membershipNumber=UNKNOWN-66CB7B28-M27
INFO  AUDIT - {"seq":18,"ownerId":28,"customerCode":"UNKNOWN-66CB7B28","membershipLevel":1,"event":"OWNER_CREATED"}
INFO  AUDIT - owner created id=29 customerCode=UNKNOWN-3FE304F8 registrationDate=2026-09-03 membershipLevel=1 membershipNumber=UNKNOWN-3FE304F8-M27
INFO  AUDIT - {"seq":19,"ownerId":29,"customerCode":"UNKNOWN-3FE304F8","membershipLevel":1,"event":"OWNER_CREATED"}
INFO  AUDIT - owner created id=30 customerCode=UNKNOWN-310F679D registrationDate=2026-09-03 membershipLevel=1 membershipNumber=UNKNOWN-310F679D-M27
INFO  AUDIT - {"seq":20,"ownerId":30,"customerCode":"UNKNOWN-310F679D","membershipLevel":1,"event":"OWNER_CREATED"}
INFO  AUDIT - owner created id=31 customerCode=UNKNOWN-CD4B43FB registrationDate=2026-09-03 membershipLevel=1 membershipNumber=UNKNOWN-CD4B43FB-M27
INFO  AUDIT - {"seq":21,"ownerId":31,"customerCode":"UNKNOWN-CD4B43FB","membershipLevel":1,"event":"OWNER_CREATED"}
INFO  AUDIT - owner created id=32 customerCode=UNKNOWN-7F6E07BD registrationDate=2026-09-03 membershipLevel=1 membershipNumber=UNKNOWN-7F6E07BD-M27
INFO  AUDIT - {"seq":22,"ownerId":32,"customerCode":"UNKNOWN-7F6E07BD","membershipLevel":1,"event":"OWNER_CREATED"}
INFO  AUDIT - owner created id=33 customerCode=UNKNOWN-8AC38604 registrationDate=2026-09-03 membershipLevel=1 membershipNumber=UNKNOWN-8AC38604-M27
INFO  AUDIT - {"seq":23,"ownerId":33,"customerCode":"UNKNOWN-8AC38604","membershipLevel":1,"event":"OWNER_CREATED"}
INFO  AUDIT - owner created id=34 customerCode=UNKNOWN-BBCDCE4F registrationDate=2026-09-03 membershipLevel=1 membershipNumber=UNKNOWN-BBCDCE4F-M27
INFO  AUDIT - {"seq":24,"ownerId":34,"customerCode":"UNKNOWN-BBCDCE4F","membershipLevel":1,"event":"OWNER_CREATED"}
INFO  AUDIT - owner created id=35 customerCode=UNKNOWN-A584662B registrationDate=2026-09-03 membershipLevel=1 membershipNumber=UNKNOWN-A584662B-M27
INFO  AUDIT - {"seq":25,"ownerId":35,"customerCode":"UNKNOWN-A584662B","membershipLevel":1,"event":"OWNER_CREATED"}
INFO  AUDIT - owner created id=36 customerCode=UNKNOWN-4251A05D registrationDate=2026-09-03 membershipLevel=1 membershipNumber=UNKNOWN-4251A05D-M27
INFO  AUDIT - {"seq":26,"ownerId":36,"customerCode":"UNKNOWN-4251A05D","membershipLevel":1,"event":"OWNER_CREATED"}
INFO  AUDIT - owner created id=37 customerCode=UNKNOWN-DB6D45E5 registrationDate=2026-09-03 membershipLevel=1 membershipNumber=UNKNOWN-DB6D45E5-M27
INFO  AUDIT - {"seq":27,"ownerId":37,"customerCode":"UNKNOWN-DB6D45E5","membershipLevel":1,"event":"OWNER_CREATED"}
INFO  AUDIT - owner created id=38 customerCode=UNKNOWN-E059CE15 registrationDate=2026-09-03 membershipLevel=1 membershipNumber=UNKNOWN-E059CE15-M27
INFO  AUDIT - {"seq":28,"ownerId":38,"customerCode":"UNKNOWN-E059CE15","membershipLevel":1,"event":"OWNER_CREATED"}
INFO  AUDIT - owner created id=39 customerCode=UNKNOWN-4298387B registrationDate=2026-09-03 membershipLevel=1 membershipNumber=UNKNOWN-4298387B-M27
INFO  AUDIT - {"seq":29,"ownerId":39,"customerCode":"UNKNOWN-4298387B","membershipLevel":1,"event":"OWNER_CREATED"}
INFO  AUDIT - owner created id=40 customerCode=UNKNOWN-BB3695F7 registrationDate=2026-09-03 membershipLevel=1 membershipNumber=UNKNOWN-BB3695F7-M27
INFO  AUDIT - {"seq":30,"ownerId":40,"customerCode":"UNKNOWN-BB3695F7","membershipLevel":1,"event":"OWNER_CREATED"}
INFO  AUDIT - owner created id=41 customerCode=UNKNOWN-7692DCDA registrationDate=2026-09-03 membershipLevel=1 membershipNumber=UNKNOWN-7692DCDA-M27
INFO  AUDIT - {"seq":31,"ownerId":41,"customerCode":"UNKNOWN-7692DCDA","membershipLevel":1,"event":"OWNER_CREATED"}
INFO  AUDIT - owner created id=42 customerCode=UNKNOWN-F33D7F3E registrationDate=2026-09-03 membershipLevel=1 membershipNumber=UNKNOWN-F33D7F3E-M27
INFO  AUDIT - {"seq":32,"ownerId":42,"customerCode":"UNKNOWN-F33D7F3E","membershipLevel":1,"event":"OWNER_CREATED"}
INFO  AUDIT - owner created id=43 customerCode=UNKNOWN-425DE87E registrationDate=2026-09-03 membershipLevel=1 membershipNumber=UNKNOWN-425DE87E-M27
INFO  AUDIT - {"seq":33,"ownerId":43,"customerCode":"UNKNOWN-425DE87E","membershipLevel":1,"event":"OWNER_CREATED"}
INFO  AUDIT - owner created id=44 customerCode=UNKNOWN-91B1606E registrationDate=2026-09-03 membershipLevel=1 membershipNumber=UNKNOWN-91B1606E-M27
INFO  AUDIT - {"seq":34,"ownerId":44,"customerCode":"UNKNOWN-91B1606E","membershipLevel":1,"event":"OWNER_CREATED"}
INFO  AUDIT - owner created id=45 customerCode=UNKNOWN-E3EDDA01 registrationDate=2026-09-03 membershipLevel=1 membershipNumber=UNKNOWN-E3EDDA01-M27
INFO  AUDIT - {"seq":35,"ownerId":45,"customerCode":"UNKNOWN-E3EDDA01","membershipLevel":1,"event":"OWNER_CREATED"}
INFO  AUDIT - owner created id=46 customerCode=UNKNOWN-740558C7 registrationDate=2026-09-03 membershipLevel=1 membershipNumber=UNKNOWN-740558C7-M27
INFO  AUDIT - {"seq":36,"ownerId":46,"customerCode":"UNKNOWN-740558C7","membershipLevel":1,"event":"OWNER_CREATED"}
INFO  AUDIT - owner created id=47 customerCode=UNKNOWN-A5588F09 registrationDate=2026-09-03 membershipLevel=1 membershipNumber=UNKNOWN-A5588F09-M27
INFO  AUDIT - {"seq":37,"ownerId":47,"customerCode":"UNKNOWN-A5588F09","membershipLevel":1,"event":"OWNER_CREATED"}
INFO  AUDIT - owner created id=48 customerCode=UNKNOWN-A4118957 registrationDate=2026-09-03 membershipLevel=1 membershipNumber=UNKNOWN-A4118957-M27
INFO  AUDIT - {"seq":38,"ownerId":48,"customerCode":"UNKNOWN-A4118957","membershipLevel":1,"event":"OWNER_CREATED"}
INFO  AUDIT - owner created id=49 customerCode=UNKNOWN-29EBF669 registrationDate=2026-09-03 membershipLevel=1 membershipNumber=UNKNOWN-29EBF669-M27
INFO  AUDIT - {"seq":39,"ownerId":49,"customerCode":"UNKNOWN-29EBF669","membershipLevel":1,"event":"OWNER_CREATED"}
INFO  AUDIT - owner created id=50 customerCode=UNKNOWN-B51CAA96 registrationDate=2026-09-03 membershipLevel=1 membershipNumber=UNKNOWN-B51CAA96-M27
INFO  AUDIT - {"seq":40,"ownerId":50,"customerCode":"UNKNOWN-B51CAA96","membershipLevel":1,"event":"OWNER_CREATED"}
INFO  AUDIT - owner created id=51 customerCode=UNKNOWN-EC5BD7B5 registrationDate=2026-09-03 membershipLevel=1 membershipNumber=UNKNOWN-EC5BD7B5-M27
INFO  AUDIT - {"seq":41,"ownerId":51,"customerCode":"UNKNOWN-EC5BD7B5","membershipLevel":1,"event":"OWNER_CREATED"}
INFO  AUDIT - owner created id=52 customerCode=UNKNOWN-BE3788CE registrationDate=2026-09-03 membershipLevel=1 membershipNumber=UNKNOWN-BE3788CE-M27
INFO  AUDIT - {"seq":42,"ownerId":52,"customerCode":"UNKNOWN-BE3788CE","membershipLevel":1,"event":"OWNER_CREATED"}
INFO  AUDIT - owner created id=53 customerCode=UNKNOWN-54BB7CB3 registrationDate=2026-09-03 membershipLevel=1 membershipNumber=UNKNOWN-54BB7CB3-M27
INFO  AUDIT - {"seq":43,"ownerId":53,"customerCode":"UNKNOWN-54BB7CB3","membershipLevel":1,"event":"OWNER_CREATED"}
INFO  AUDIT - owner created id=54 customerCode=UNKNOWN-B1CC34FD registrationDate=2026-09-03 membershipLevel=1 membershipNumber=UNKNOWN-B1CC34FD-M27
INFO  AUDIT - {"seq":44,"ownerId":54,"customerCode":"UNKNOWN-B1CC34FD","membershipLevel":1,"event":"OWNER_CREATED"}
INFO  AUDIT - owner created id=55 customerCode=UNKNOWN-FAED1507 registrationDate=2026-09-03 membershipLevel=1 membershipNumber=UNKNOWN-FAED1507-M27
INFO  AUDIT - {"seq":45,"ownerId":55,"customerCode":"UNKNOWN-FAED1507","membershipLevel":1,"event":"OWNER_CREATED"}
INFO  AUDIT - owner created id=56 customerCode=UNKNOWN-EAD71F41 registrationDate=2026-09-03 membershipLevel=1 membershipNumber=UNKNOWN-EAD71F41-M27
INFO  AUDIT - {"seq":46,"ownerId":56,"customerCode":"UNKNOWN-EAD71F41","membershipLevel":1,"event":"OWNER_CREATED"}
INFO  AUDIT - owner created id=57 customerCode=UNKNOWN-6E1BF428 registrationDate=2026-09-03 membershipLevel=1 membershipNumber=UNKNOWN-6E1BF428-M27
INFO  AUDIT - {"seq":47,"ownerId":57,"customerCode":"UNKNOWN-6E1BF428","membershipLevel":1,"event":"OWNER_CREATED"}
INFO  AUDIT - owner created id=58 customerCode=UNKNOWN-933DE6B3 registrationDate=2026-09-03 membershipLevel=1 membershipNumber=UNKNOWN-933DE6B3-M27
INFO  AUDIT - {"seq":48,"ownerId":58,"customerCode":"UNKNOWN-933DE6B3","membershipLevel":1,"event":"OWNER_CREATED"}
INFO  AUDIT - owner created id=59 customerCode=UNKNOWN-28E8311D registrationDate=2026-09-03 membershipLevel=1 membershipNumber=UNKNOWN-28E8311D-M27
INFO  AUDIT - {"seq":49,"ownerId":59,"customerCode":"UNKNOWN-28E8311D","membershipLevel":1,"event":"OWNER_CREATED"}
INFO  AUDIT - owner created id=60 customerCode=UNKNOWN-48E11A01 registrationDate=2026-09-03 membershipLevel=1 membershipNumber=UNKNOWN-48E11A01-M27
INFO  AUDIT - {"seq":50,"ownerId":60,"customerCode":"UNKNOWN-48E11A01","membershipLevel":1,"event":"OWNER_CREATED"}
INFO  AUDIT - owner created id=61 customerCode=UNKNOWN-AC59B6E2 registrationDate=2026-09-03 membershipLevel=1 membershipNumber=UNKNOWN-AC59B6E2-M27
INFO  AUDIT - {"seq":51,"ownerId":61,"customerCode":"UNKNOWN-AC59B6E2","membershipLevel":1,"event":"OWNER_CREATED"}
INFO  AUDIT - owner created id=62 customerCode=UNKNOWN-7E7FDE6F registrationDate=2026-09-03 membershipLevel=1 membershipNumber=UNKNOWN-7E7FDE6F-M27
INFO  AUDIT - {"seq":52,"ownerId":62,"customerCode":"UNKNOWN-7E7FDE6F","membershipLevel":1,"event":"OWNER_CREATED"}
INFO  AUDIT - owner created id=63 customerCode=UNKNOWN-597A8622 registrationDate=2026-09-03 membershipLevel=1 membershipNumber=UNKNOWN-597A8622-M27
INFO  AUDIT - {"seq":53,"ownerId":63,"customerCode":"UNKNOWN-597A8622","membershipLevel":1,"event":"OWNER_CREATED"}
INFO  AUDIT - owner created id=64 customerCode=UNKNOWN-F85265DF registrationDate=2026-09-03 membershipLevel=1 membershipNumber=UNKNOWN-F85265DF-M27
INFO  AUDIT - {"seq":54,"ownerId":64,"customerCode":"UNKNOWN-F85265DF","membershipLevel":1,"event":"OWNER_CREATED"}
INFO  AUDIT - owner created id=65 customerCode=UNKNOWN-6642F4CE registrationDate=2026-09-03 membershipLevel=1 membershipNumber=UNKNOWN-6642F4CE-M27
INFO  AUDIT - {"seq":55,"ownerId":65,"customerCode":"UNKNOWN-6642F4CE","membershipLevel":1,"event":"OWNER_CREATED"}
INFO  AUDIT - owner created id=66 customerCode=UNKNOWN-F2DE4704 registrationDate=2026-09-03 membershipLevel=1 membershipNumber=UNKNOWN-F2DE4704-M27
INFO  AUDIT - {"seq":56,"ownerId":66,"customerCode":"UNKNOWN-F2DE4704","membershipLevel":1,"event":"OWNER_CREATED"}
INFO  AUDIT - owner created id=67 customerCode=UNKNOWN-82FD995A registrationDate=2026-09-03 membershipLevel=1 membershipNumber=UNKNOWN-82FD995A-M27
INFO  AUDIT - {"seq":57,"ownerId":67,"customerCode":"UNKNOWN-82FD995A","membershipLevel":1,"event":"OWNER_CREATED"}
INFO  AUDIT - owner created id=68 customerCode=UNKNOWN-848BA44D registrationDate=2026-09-03 membershipLevel=1 membershipNumber=UNKNOWN-848BA44D-M27
INFO  AUDIT - {"seq":58,"ownerId":68,"customerCode":"UNKNOWN-848BA44D","membershipLevel":1,"event":"OWNER_CREATED"}
INFO  AUDIT - owner created id=69 customerCode=UNKNOWN-C60CDFC4 registrationDate=2026-09-03 membershipLevel=1 membershipNumber=UNKNOWN-C60CDFC4-M27
INFO  AUDIT - {"seq":59,"ownerId":69,"customerCode":"UNKNOWN-C60CDFC4","membershipLevel":1,"event":"OWNER_CREATED"}
INFO  AUDIT - owner created id=70 customerCode=UNKNOWN-98D05CFA registrationDate=2026-09-03 membershipLevel=1 membershipNumber=UNKNOWN-98D05CFA-M27
INFO  AUDIT - {"seq":60,"ownerId":70,"customerCode":"UNKNOWN-98D05CFA","membershipLevel":1,"event":"OWNER_CREATED"}
INFO  AUDIT - owner created id=71 customerCode=UNKNOWN-2BC3574B registrationDate=2026-09-03 membershipLevel=1 membershipNumber=UNKNOWN-2BC3574B-M27
INFO  AUDIT - {"seq":61,"ownerId":71,"customerCode":"UNKNOWN-2BC3574B","membershipLevel":1,"event":"OWNER_CREATED"}
INFO  AUDIT - owner created id=72 customerCode=UNKNOWN-FC76B5E5 registrationDate=2026-09-03 membershipLevel=1 membershipNumber=UNKNOWN-FC76B5E5-M27
INFO  AUDIT - {"seq":62,"ownerId":72,"customerCode":"UNKNOWN-FC76B5E5","membershipLevel":1,"event":"OWNER_CREATED"}
INFO  AUDIT - owner created id=73 customerCode=UNKNOWN-F2905EB5 registrationDate=2026-09-03 membershipLevel=1 membershipNumber=UNKNOWN-F2905EB5-M27
INFO  AUDIT - {"seq":63,"ownerId":73,"customerCode":"UNKNOWN-F2905EB5","membershipLevel":1,"event":"OWNER_CREATED"}
INFO  AUDIT - owner created id=74 customerCode=UNKNOWN-3BD72B85 registrationDate=2026-09-03 membershipLevel=1 membershipNumber=UNKNOWN-3BD72B85-M27
INFO  AUDIT - {"seq":64,"ownerId":74,"customerCode":"UNKNOWN-3BD72B85","membershipLevel":1,"event":"OWNER_CREATED"}
INFO  AUDIT - owner created id=75 customerCode=UNKNOWN-01081DA6 registrationDate=2026-09-03 membershipLevel=1 membershipNumber=UNKNOWN-01081DA6-M27
INFO  AUDIT - {"seq":65,"ownerId":75,"customerCode":"UNKNOWN-01081DA6","membershipLevel":1,"event":"OWNER_CREATED"}
INFO  AUDIT - owner created id=76 customerCode=UNKNOWN-8378BC13 registrationDate=2026-09-03 membershipLevel=1 membershipNumber=UNKNOWN-8378BC13-M27
INFO  AUDIT - {"seq":66,"ownerId":76,"customerCode":"UNKNOWN-8378BC13","membershipLevel":1,"event":"OWNER_CREATED"}
INFO  AUDIT - owner created id=77 customerCode=UNKNOWN-AC91E560 registrationDate=2026-09-03 membershipLevel=1 membershipNumber=UNKNOWN-AC91E560-M27
INFO  AUDIT - {"seq":67,"ownerId":77,"customerCode":"UNKNOWN-AC91E560","membershipLevel":1,"event":"OWNER_CREATED"}
INFO  AUDIT - owner created id=78 customerCode=UNKNOWN-A2D12C2B registrationDate=2026-09-03 membershipLevel=1 membershipNumber=UNKNOWN-A2D12C2B-M27
INFO  AUDIT - {"seq":68,"ownerId":78,"customerCode":"UNKNOWN-A2D12C2B","membershipLevel":1,"event":"OWNER_CREATED"}
INFO  AUDIT - owner created id=79 customerCode=UNKNOWN-D78B4F88 registrationDate=2026-09-03 membershipLevel=1 membershipNumber=UNKNOWN-D78B4F88-M27
INFO  AUDIT - {"seq":69,"ownerId":79,"customerCode":"UNKNOWN-D78B4F88","membershipLevel":1,"event":"OWNER_CREATED"}
INFO  AUDIT - owner created id=80 customerCode=UNKNOWN-ED38F842 registrationDate=2026-09-03 membershipLevel=1 membershipNumber=UNKNOWN-ED38F842-M27
INFO  AUDIT - {"seq":70,"ownerId":80,"customerCode":"UNKNOWN-ED38F842","membershipLevel":1,"event":"OWNER_CREATED"}
INFO  AUDIT - owner created id=81 customerCode=UNKNOWN-B5B1D482 registrationDate=2026-09-03 membershipLevel=1 membershipNumber=UNKNOWN-B5B1D482-M27
INFO  AUDIT - {"seq":71,"ownerId":81,"customerCode":"UNKNOWN-B5B1D482","membershipLevel":1,"event":"OWNER_CREATED"}
INFO  AUDIT - owner created id=82 customerCode=UNKNOWN-BC5785AE registrationDate=2026-09-03 membershipLevel=1 membershipNumber=UNKNOWN-BC5785AE-M27
INFO  AUDIT - {"seq":72,"ownerId":82,"customerCode":"UNKNOWN-BC5785AE","membershipLevel":1,"event":"OWNER_CREATED"}
INFO  AUDIT - owner created id=83 customerCode=UNKNOWN-A572CBB7 registrationDate=2026-09-03 membershipLevel=1 membershipNumber=UNKNOWN-A572CBB7-M27
INFO  AUDIT - {"seq":73,"ownerId":83,"customerCode":"UNKNOWN-A572CBB7","membershipLevel":1,"event":"OWNER_CREATED"}
INFO  AUDIT - owner created id=84 customerCode=UNKNOWN-DA2DEFCE registrationDate=2026-09-03 membershipLevel=1 membershipNumber=UNKNOWN-DA2DEFCE-M27
INFO  AUDIT - {"seq":74,"ownerId":84,"customerCode":"UNKNOWN-DA2DEFCE","membershipLevel":1,"event":"OWNER_CREATED"}
INFO  AUDIT - owner created id=85 customerCode=UNKNOWN-0B086A46 registrationDate=2026-09-03 membershipLevel=1 membershipNumber=UNKNOWN-0B086A46-M27
INFO  AUDIT - {"seq":75,"ownerId":85,"customerCode":"UNKNOWN-0B086A46","membershipLevel":1,"event":"OWNER_CREATED"}
INFO  AUDIT - owner created id=86 customerCode=UNKNOWN-0BBA6A05 registrationDate=2026-09-03 membershipLevel=1 membershipNumber=UNKNOWN-0BBA6A05-M27
INFO  AUDIT - {"seq":76,"ownerId":86,"customerCode":"UNKNOWN-0BBA6A05","membershipLevel":1,"event":"OWNER_CREATED"}
INFO  AUDIT - owner created id=87 customerCode=UNKNOWN-67D3F596 registrationDate=2026-09-03 membershipLevel=1 membershipNumber=UNKNOWN-67D3F596-M27
INFO  AUDIT - {"seq":77,"ownerId":87,"customerCode":"UNKNOWN-67D3F596","membershipLevel":1,"event":"OWNER_CREATED"}
INFO  AUDIT - owner created id=88 customerCode=UNKNOWN-A40331F0 registrationDate=2026-09-03 membershipLevel=1 membershipNumber=UNKNOWN-A40331F0-M27
INFO  AUDIT - {"seq":78,"ownerId":88,"customerCode":"UNKNOWN-A40331F0","membershipLevel":1,"event":"OWNER_CREATED"}
INFO  AUDIT - owner created id=89 customerCode=UNKNOWN-4842D4B5 registrationDate=2026-09-03 membershipLevel=1 membershipNumber=UNKNOWN-4842D4B5-M27
INFO  AUDIT - {"seq":79,"ownerId":89,"customerCode":"UNKNOWN-4842D4B5","membershipLevel":1,"event":"OWNER_CREATED"}
INFO  AUDIT - owner created id=90 customerCode=UNKNOWN-FF828AB8 registrationDate=2026-09-03 membershipLevel=1 membershipNumber=UNKNOWN-FF828AB8-M27
INFO  AUDIT - {"seq":80,"ownerId":90,"customerCode":"UNKNOWN-FF828AB8","membershipLevel":1,"event":"OWNER_CREATED"}
INFO  AUDIT - owner created id=91 customerCode=UNKNOWN-D2225BBF registrationDate=2026-09-03 membershipLevel=1 membershipNumber=UNKNOWN-D2225BBF-M27
INFO  AUDIT - {"seq":81,"ownerId":91,"customerCode":"UNKNOWN-D2225BBF","membershipLevel":1,"event":"OWNER_CREATED"}
INFO  AUDIT - owner created id=92 customerCode=UNKNOWN-5D6F4E87 registrationDate=2026-09-03 membershipLevel=1 membershipNumber=UNKNOWN-5D6F4E87-M27
INFO  AUDIT - {"seq":82,"ownerId":92,"customerCode":"UNKNOWN-5D6F4E87","membershipLevel":1,"event":"OWNER_CREATED"}
INFO  AUDIT - owner created id=93 customerCode=UNKNOWN-DD3FCED5 registrationDate=2026-09-03 membershipLevel=1 membershipNumber=UNKNOWN-DD3FCED5-M27
INFO  AUDIT - {"seq":83,"ownerId":93,"customerCode":"UNKNOWN-DD3FCED5","membershipLevel":1,"event":"OWNER_CREATED"}
INFO  AUDIT - owner created id=94 customerCode=UNKNOWN-E25B8BA8 registrationDate=2026-09-03 membershipLevel=1 membershipNumber=UNKNOWN-E25B8BA8-M27
INFO  AUDIT - {"seq":84,"ownerId":94,"customerCode":"UNKNOWN-E25B8BA8","membershipLevel":1,"event":"OWNER_CREATED"}
INFO  AUDIT - owner created id=95 customerCode=UNKNOWN-5BAB0281 registrationDate=2026-09-03 membershipLevel=1 membershipNumber=UNKNOWN-5BAB0281-M27
INFO  AUDIT - {"seq":85,"ownerId":95,"customerCode":"UNKNOWN-5BAB0281","membershipLevel":1,"event":"OWNER_CREATED"}
INFO  AUDIT - owner created id=96 customerCode=UNKNOWN-00706CAE registrationDate=2026-09-03 membershipLevel=1 membershipNumber=UNKNOWN-00706CAE-M27
INFO  AUDIT - {"seq":86,"ownerId":96,"customerCode":"UNKNOWN-00706CAE","membershipLevel":1,"event":"OWNER_CREATED"}
INFO  AUDIT - owner created id=97 customerCode=UNKNOWN-3D710DA5 registrationDate=2026-09-03 membershipLevel=1 membershipNumber=UNKNOWN-3D710DA5-M27
INFO  AUDIT - {"seq":87,"ownerId":97,"customerCode":"UNKNOWN-3D710DA5","membershipLevel":1,"event":"OWNER_CREATED"}
INFO  AUDIT - owner created id=98 customerCode=UNKNOWN-9717C0CF registrationDate=2026-09-03 membershipLevel=1 membershipNumber=UNKNOWN-9717C0CF-M27
INFO  AUDIT - {"seq":88,"ownerId":98,"customerCode":"UNKNOWN-9717C0CF","membershipLevel":1,"event":"OWNER_CREATED"}
INFO  AUDIT - owner created id=99 customerCode=UNKNOWN-71FF1452 registrationDate=2026-09-03 membershipLevel=1 membershipNumber=UNKNOWN-71FF1452-M27
INFO  AUDIT - {"seq":89,"ownerId":99,"customerCode":"UNKNOWN-71FF1452","membershipLevel":1,"event":"OWNER_CREATED"}
INFO  AUDIT - owner created id=100 customerCode=UNKNOWN-364A07EF registrationDate=2026-09-03 membershipLevel=1 membershipNumber=UNKNOWN-364A07EF-M27
INFO  AUDIT - {"seq":90,"ownerId":100,"customerCode":"UNKNOWN-364A07EF","membershipLevel":1,"event":"OWNER_CREATED"}
INFO  AUDIT - owner created id=101 customerCode=UNKNOWN-32679F92 registrationDate=2026-09-03 membershipLevel=1 membershipNumber=UNKNOWN-32679F92-M27
INFO  AUDIT - {"seq":91,"ownerId":101,"customerCode":"UNKNOWN-32679F92","membershipLevel":1,"event":"OWNER_CREATED"}
INFO  AUDIT - owner created id=102 customerCode=UNKNOWN-471A75AA registrationDate=2026-09-03 membershipLevel=1 membershipNumber=UNKNOWN-471A75AA-M27
INFO  AUDIT - {"seq":92,"ownerId":102,"customerCode":"UNKNOWN-471A75AA","membershipLevel":1,"event":"OWNER_CREATED"}
INFO  AUDIT - owner created id=103 customerCode=UNKNOWN-82466573 registrationDate=2026-09-03 membershipLevel=1 membershipNumber=UNKNOWN-82466573-M27
INFO  AUDIT - {"seq":93,"ownerId":103,"customerCode":"UNKNOWN-82466573","membershipLevel":1,"event":"OWNER_CREATED"}
INFO  AUDIT - owner created id=104 customerCode=UNKNOWN-8C511437 registrationDate=2026-09-03 membershipLevel=1 membershipNumber=UNKNOWN-8C511437-M27
INFO  AUDIT - {"seq":94,"ownerId":104,"customerCode":"UNKNOWN-8C511437","membershipLevel":1,"event":"OWNER_CREATED"}
INFO  AUDIT - owner created id=105 customerCode=UNKNOWN-BD963974 registrationDate=2026-09-03 membershipLevel=1 membershipNumber=UNKNOWN-BD963974-M27
INFO  AUDIT - {"seq":95,"ownerId":105,"customerCode":"UNKNOWN-BD963974","membershipLevel":1,"event":"OWNER_CREATED"}
INFO  AUDIT - owner created id=106 customerCode=UNKNOWN-C2405D0F registrationDate=2026-09-03 membershipLevel=1 membershipNumber=UNKNOWN-C2405D0F-M27
INFO  AUDIT - {"seq":96,"ownerId":106,"customerCode":"UNKNOWN-C2405D0F","membershipLevel":1,"event":"OWNER_CREATED"}
INFO  AUDIT - owner created id=107 customerCode=UNKNOWN-9D142190 registrationDate=2026-09-03 membershipLevel=1 membershipNumber=UNKNOWN-9D142190-M27
INFO  AUDIT - {"seq":97,"ownerId":107,"customerCode":"UNKNOWN-9D142190","membershipLevel":1,"event":"OWNER_CREATED"}
INFO  AUDIT - owner created id=108 customerCode=UNKNOWN-225C391E registrationDate=2026-09-03 membershipLevel=1 membershipNumber=UNKNOWN-225C391E-M27
INFO  AUDIT - {"seq":98,"ownerId":108,"customerCode":"UNKNOWN-225C391E","membershipLevel":1,"event":"OWNER_CREATED"}
INFO  AUDIT - owner created id=109 customerCode=UNKNOWN-F27965E2 registrationDate=2026-09-03 membershipLevel=1 membershipNumber=UNKNOWN-F27965E2-M27
INFO  AUDIT - {"seq":99,"ownerId":109,"customerCode":"UNKNOWN-F27965E2","membershipLevel":1,"event":"OWNER_CREATED"}
INFO  AUDIT - owner created id=110 customerCode=UNKNOWN-8C6A894C registrationDate=2026-09-03 membershipLevel=1 membershipNumber=UNKNOWN-8C6A894C-M27
INFO  AUDIT - {"seq":100,"ownerId":110,"customerCode":"UNKNOWN-8C6A894C","membershipLevel":1,"event":"OWNER_CREATED"}
INFO  AUDIT - owner created id=111 customerCode=UNKNOWN-415DC089 registrationDate=2026-09-03 membershipLevel=1 membershipNumber=UNKNOWN-415DC089-M27
INFO  AUDIT - {"seq":101,"ownerId":111,"customerCode":"UNKNOWN-415DC089","membershipLevel":1,"event":"OWNER_CREATED"}
INFO  AUDIT - owner created id=112 customerCode=UNKNOWN-28B105E9 registrationDate=2026-09-03 membershipLevel=1 membershipNumber=UNKNOWN-28B105E9-M27
INFO  AUDIT - {"seq":102,"ownerId":112,"customerCode":"UNKNOWN-28B105E9","membershipLevel":1,"event":"OWNER_CREATED"}
INFO  AUDIT - owner created id=113 customerCode=UNKNOWN-30170AE3 registrationDate=2026-09-03 membershipLevel=1 membershipNumber=UNKNOWN-30170AE3-M27
INFO  AUDIT - {"seq":103,"ownerId":113,"customerCode":"UNKNOWN-30170AE3","membershipLevel":1,"event":"OWNER_CREATED"}
INFO  AUDIT - owner created id=114 customerCode=UNKNOWN-9AF0292A registrationDate=2026-09-03 membershipLevel=1 membershipNumber=UNKNOWN-9AF0292A-M27
INFO  AUDIT - {"seq":104,"ownerId":114,"customerCode":"UNKNOWN-9AF0292A","membershipLevel":1,"event":"OWNER_CREATED"}
INFO  AUDIT - owner created id=115 customerCode=UNKNOWN-CC4DA9C9 registrationDate=2026-09-03 membershipLevel=1 membershipNumber=UNKNOWN-CC4DA9C9-M27
INFO  AUDIT - {"seq":105,"ownerId":115,"customerCode":"UNKNOWN-CC4DA9C9","membershipLevel":1,"event":"OWNER_CREATED"}
INFO  AUDIT - owner created id=116 customerCode=UNKNOWN-42854F35 registrationDate=2026-09-03 membershipLevel=1 membershipNumber=UNKNOWN-42854F35-M27
INFO  AUDIT - {"seq":106,"ownerId":116,"customerCode":"UNKNOWN-42854F35","membershipLevel":1,"event":"OWNER_CREATED"}
INFO  AUDIT - owner created id=117 customerCode=UNKNOWN-79B436B3 registrationDate=2026-09-03 membershipLevel=1 membershipNumber=UNKNOWN-79B436B3-M27
INFO  AUDIT - {"seq":107,"ownerId":117,"customerCode":"UNKNOWN-79B436B3","membershipLevel":1,"event":"OWNER_CREATED"}
INFO  AUDIT - owner created id=118 customerCode=UNKNOWN-9EE04ABE registrationDate=2026-09-03 membershipLevel=1 membershipNumber=UNKNOWN-9EE04ABE-M27
INFO  AUDIT - {"seq":108,"ownerId":118,"customerCode":"UNKNOWN-9EE04ABE","membershipLevel":1,"event":"OWNER_CREATED"}
INFO  AUDIT - owner created id=119 customerCode=UNKNOWN-3AFD652A registrationDate=2026-09-03 membershipLevel=1 membershipNumber=UNKNOWN-3AFD652A-M27
INFO  AUDIT - {"seq":109,"ownerId":119,"customerCode":"UNKNOWN-3AFD652A","membershipLevel":1,"event":"OWNER_CREATED"}
INFO  AUDIT - owner created id=120 customerCode=UNKNOWN-4A466936 registrationDate=2026-09-03 membershipLevel=1 membershipNumber=UNKNOWN-4A466936-M27
INFO  AUDIT - {"seq":110,"ownerId":120,"customerCode":"UNKNOWN-4A466936","membershipLevel":1,"event":"OWNER_CREATED"}
INFO  AUDIT - owner created id=121 customerCode=UNKNOWN-B91E002F registrationDate=2026-09-03 membershipLevel=1 membershipNumber=UNKNOWN-B91E002F-M27
INFO  AUDIT - {"seq":111,"ownerId":121,"customerCode":"UNKNOWN-B91E002F","membershipLevel":1,"event":"OWNER_CREATED"}
INFO  AUDIT - owner created id=122 customerCode=UNKNOWN-8D4AEFB8 registrationDate=2026-09-03 membershipLevel=1 membershipNumber=UNKNOWN-8D4AEFB8-M27
INFO  AUDIT - {"seq":112,"ownerId":122,"customerCode":"UNKNOWN-8D4AEFB8","membershipLevel":1,"event":"OWNER_CREATED"}
INFO  AnnotationConfigContextLoaderUtils - Could not detect default configuration classes for test class [org.springframework.samples.petclinic.acceptance.Cp28Tests]: Cp28Tests does not declare any static, non-private, non-final, nested classes annotated with @Configuration.
INFO  SpringBootTestContextBootstrapper - Found @SpringBootConfiguration org.springframework.samples.petclinic.PetClinicApplication for test class org.springframework.samples.petclinic.acceptance.Cp28Tests
INFO  AnnotationConfigContextLoaderUtils - Could not detect default configuration classes for test class [org.springframework.samples.petclinic.acceptance.Cp28Tests]: Cp28Tests does not declare any static, non-private, non-final, nested classes annotated with @Configuration.
INFO  AnnotationConfigContextLoaderUtils - Could not detect default configuration classes for test class [org.springframework.samples.petclinic.acceptance.AcceptanceBase]: AcceptanceBase does not declare any static, non-private, non-final, nested classes annotated with @Configuration.
INFO  SpringBootTestContextBootstrapper - Found @SpringBootConfiguration org.springframework.samples.petclinic.PetClinicApplication for test class org.springframework.samples.petclinic.acceptance.Cp28Tests
INFO  AUDIT - owner created id=123 customerCode=NSW-65B0B2F0 registrationDate=2026-09-03 membershipLevel=1 membershipNumber=NSW-65B0B2F0-M27
INFO  AUDIT - {"seq":113,"ownerId":123,"customerCode":"NSW-65B0B2F0","membershipLevel":1,"event":"OWNER_CREATED"}
INFO  AUDIT - owner created id=124 customerCode=NSW-F27F2B8F registrationDate=2026-09-03 membershipLevel=2 membershipNumber=NSW-F27F2B8F-M27
INFO  AUDIT - {"seq":114,"ownerId":124,"customerCode":"NSW-F27F2B8F","membershipLevel":2,"event":"OWNER_CREATED"}
INFO  AnnotationConfigContextLoaderUtils - Could not detect default configuration classes for test class [org.springframework.samples.petclinic.acceptance.Cp18Tests]: Cp18Tests does not declare any static, non-private, non-final, nested classes annotated with @Configuration.
INFO  SpringBootTestContextBootstrapper - Found @SpringBootConfiguration org.springframework.samples.petclinic.PetClinicApplication for test class org.springframework.samples.petclinic.acceptance.Cp18Tests
INFO  AnnotationConfigContextLoaderUtils - Could not detect default configuration classes for test class [org.springframework.samples.petclinic.acceptance.Cp18Tests]: Cp18Tests does not declare any static, non-private, non-final, nested classes annotated with @Configuration.
INFO  AnnotationConfigContextLoaderUtils - Could not detect default configuration classes for test class [org.springframework.samples.petclinic.acceptance.AcceptanceBase]: AcceptanceBase does not declare any static, non-private, non-final, nested classes annotated with @Configuration.
INFO  SpringBootTestContextBootstrapper - Found @SpringBootConfiguration org.springframework.samples.petclinic.PetClinicApplication for test class org.springframework.samples.petclinic.acceptance.Cp18Tests
INFO  AUDIT - owner created id=125 customerCode=UNKNOWN-8D6D5720 registrationDate=2026-09-03 membershipLevel=1 membershipNumber=UNKNOWN-8D6D5720-M27
INFO  AUDIT - {"seq":115,"ownerId":125,"customerCode":"UNKNOWN-8D6D5720","membershipLevel":1,"event":"OWNER_CREATED"}
INFO  AUDIT - owner created id=126 customerCode=UNKNOWN-F0874147 registrationDate=2026-09-03 membershipLevel=1 membershipNumber=UNKNOWN-F0874147-M27
INFO  AUDIT - {"seq":116,"ownerId":126,"customerCode":"UNKNOWN-F0874147","membershipLevel":1,"event":"OWNER_CREATED"}
INFO  AUDIT - owner created id=127 customerCode=UNKNOWN-5F2F8014 registrationDate=2026-09-03 membershipLevel=1 membershipNumber=UNKNOWN-5F2F8014-M27
INFO  AUDIT - {"seq":117,"ownerId":127,"customerCode":"UNKNOWN-5F2F8014","membershipLevel":1,"event":"OWNER_CREATED"}
INFO  AUDIT - owner created id=128 customerCode=UNKNOWN-71165785 registrationDate=2026-09-03 membershipLevel=1 membershipNumber=UNKNOWN-71165785-M27
INFO  AUDIT - {"seq":118,"ownerId":128,"customerCode":"UNKNOWN-71165785","membershipLevel":1,"event":"OWNER_CREATED"}
INFO  AUDIT - owner created id=129 customerCode=UNKNOWN-F4F36ABF registrationDate=2026-09-03 membershipLevel=1 membershipNumber=UNKNOWN-F4F36ABF-M27
INFO  AUDIT - {"seq":119,"ownerId":129,"customerCode":"UNKNOWN-F4F36ABF","membershipLevel":1,"event":"OWNER_CREATED"}
INFO  AUDIT - owner created id=130 customerCode=UNKNOWN-C02C6105 registrationDate=2026-09-03 membershipLevel=1 membershipNumber=UNKNOWN-C02C6105-M27
INFO  AUDIT - {"seq":120,"ownerId":130,"customerCode":"UNKNOWN-C02C6105","membershipLevel":1,"event":"OWNER_CREATED"}
INFO  AUDIT - owner created id=131 customerCode=UNKNOWN-41081155 registrationDate=2026-09-03 membershipLevel=1 membershipNumber=UNKNOWN-41081155-M27
INFO  AUDIT - {"seq":121,"ownerId":131,"customerCode":"UNKNOWN-41081155","membershipLevel":1,"event":"OWNER_CREATED"}
INFO  AUDIT - owner created id=132 customerCode=UNKNOWN-1E13E3A0 registrationDate=2026-09-03 membershipLevel=1 membershipNumber=UNKNOWN-1E13E3A0-M27
INFO  AUDIT - {"seq":122,"ownerId":132,"customerCode":"UNKNOWN-1E13E3A0","membershipLevel":1,"event":"OWNER_CREATED"}
INFO  AUDIT - owner created id=133 customerCode=UNKNOWN-521C669A registrationDate=2026-09-03 membershipLevel=1 membershipNumber=UNKNOWN-521C669A-M27
INFO  AUDIT - {"seq":123,"ownerId":133,"customerCode":"UNKNOWN-521C669A","membershipLevel":1,"event":"OWNER_CREATED"}
INFO  AUDIT - owner created id=134 customerCode=UNKNOWN-6BEF25A4 registrationDate=2026-09-03 membershipLevel=1 membershipNumber=UNKNOWN-6BEF25A4-M27
INFO  AUDIT - {"seq":124,"ownerId":134,"customerCode":"UNKNOWN-6BEF25A4","membershipLevel":1,"event":"OWNER_CREATED"}
INFO  AUDIT - owner created id=135 customerCode=UNKNOWN-20D713B9 registrationDate=2026-09-03 membershipLevel=1 membershipNumber=UNKNOWN-20D713B9-M27
INFO  AUDIT - {"seq":125,"ownerId":135,"customerCode":"UNKNOWN-20D713B9","membershipLevel":1,"event":"OWNER_CREATED"}
INFO  AUDIT - owner created id=136 customerCode=UNKNOWN-36CAC12F registrationDate=2026-09-03 membershipLevel=1 membershipNumber=UNKNOWN-36CAC12F-M27
INFO  AUDIT - {"seq":126,"ownerId":136,"customerCode":"UNKNOWN-36CAC12F","membershipLevel":1,"event":"OWNER_CREATED"}
INFO  AUDIT - owner created id=137 customerCode=UNKNOWN-72263E7B registrationDate=2026-09-03 membershipLevel=1 membershipNumber=UNKNOWN-72263E7B-M27
INFO  AUDIT - {"seq":127,"ownerId":137,"customerCode":"UNKNOWN-72263E7B","membershipLevel":1,"event":"OWNER_CREATED"}
INFO  AUDIT - owner created id=138 customerCode=UNKNOWN-1DEE8499 registrationDate=2026-09-03 membershipLevel=1 membershipNumber=UNKNOWN-1DEE8499-M27
INFO  AUDIT - {"seq":128,"ownerId":138,"customerCode":"UNKNOWN-1DEE8499","membershipLevel":1,"event":"OWNER_CREATED"}
INFO  AUDIT - owner created id=139 customerCode=UNKNOWN-7AD146AF registrationDate=2026-09-03 membershipLevel=1 membershipNumber=UNKNOWN-7AD146AF-M27
INFO  AUDIT - {"seq":129,"ownerId":139,"customerCode":"UNKNOWN-7AD146AF","membershipLevel":1,"event":"OWNER_CREATED"}
INFO  AUDIT - owner created id=140 customerCode=UNKNOWN-E888A8B9 registrationDate=2026-09-03 membershipLevel=1 membershipNumber=UNKNOWN-E888A8B9-M27
INFO  AUDIT - {"seq":130,"ownerId":140,"customerCode":"UNKNOWN-E888A8B9","membershipLevel":1,"event":"OWNER_CREATED"}
INFO  AUDIT - owner created id=141 customerCode=UNKNOWN-E9D6C50D registrationDate=2026-09-03 membershipLevel=1 membershipNumber=UNKNOWN-E9D6C50D-M27
INFO  AUDIT - {"seq":131,"ownerId":141,"customerCode":"UNKNOWN-E9D6C50D","membershipLevel":1,"event":"OWNER_CREATED"}
INFO  AUDIT - owner created id=142 customerCode=UNKNOWN-CDB31B44 registrationDate=2026-09-03 membershipLevel=1 membershipNumber=UNKNOWN-CDB31B44-M27
INFO  AUDIT - {"seq":132,"ownerId":142,"customerCode":"UNKNOWN-CDB31B44","membershipLevel":1,"event":"OWNER_CREATED"}
INFO  AUDIT - owner created id=143 customerCode=UNKNOWN-0CF5738C registrationDate=2026-09-03 membershipLevel=1 membershipNumber=UNKNOWN-0CF5738C-M27
INFO  AUDIT - {"seq":133,"ownerId":143,"customerCode":"UNKNOWN-0CF5738C","membershipLevel":1,"event":"OWNER_CREATED"}
INFO  AUDIT - owner created id=144 customerCode=UNKNOWN-ED164D8E registrationDate=2026-09-03 membershipLevel=1 membershipNumber=UNKNOWN-ED164D8E-M27
INFO  AUDIT - {"seq":134,"ownerId":144,"customerCode":"UNKNOWN-ED164D8E","membershipLevel":1,"event":"OWNER_CREATED"}
INFO  AUDIT - owner created id=145 customerCode=UNKNOWN-763B67F6 registrationDate=2026-09-03 membershipLevel=1 membershipNumber=UNKNOWN-763B67F6-M27
INFO  AUDIT - {"seq":135,"ownerId":145,"customerCode":"UNKNOWN-763B67F6","membershipLevel":1,"event":"OWNER_CREATED"}
INFO  AUDIT - owner created id=146 customerCode=UNKNOWN-94628A6D registrationDate=2026-09-03 membershipLevel=1 membershipNumber=UNKNOWN-94628A6D-M27
INFO  AUDIT - {"seq":136,"ownerId":146,"customerCode":"UNKNOWN-94628A6D","membershipLevel":1,"event":"OWNER_CREATED"}
INFO  AUDIT - owner created id=147 customerCode=UNKNOWN-E0D1322F registrationDate=2026-09-03 membershipLevel=1 membershipNumber=UNKNOWN-E0D1322F-M27
INFO  AUDIT - {"seq":137,"ownerId":147,"customerCode":"UNKNOWN-E0D1322F","membershipLevel":1,"event":"OWNER_CREATED"}
INFO  AUDIT - owner created id=148 customerCode=UNKNOWN-161E4C44 registrationDate=2026-09-03 membershipLevel=1 membershipNumber=UNKNOWN-161E4C44-M27
INFO  AUDIT - {"seq":138,"ownerId":148,"customerCode":"UNKNOWN-161E4C44","membershipLevel":1,"event":"OWNER_CREATED"}
INFO  AUDIT - owner created id=149 customerCode=UNKNOWN-966BA022 registrationDate=2026-09-03 membershipLevel=1 membershipNumber=UNKNOWN-966BA022-M27
INFO  AUDIT - {"seq":139,"ownerId":149,"customerCode":"UNKNOWN-966BA022","membershipLevel":1,"event":"OWNER_CREATED"}
INFO  AUDIT - owner created id=150 customerCode=UNKNOWN-B86D0A69 registrationDate=2026-09-03 membershipLevel=1 membershipNumber=UNKNOWN-B86D0A69-M27
INFO  AUDIT - {"seq":140,"ownerId":150,"customerCode":"UNKNOWN-B86D0A69","membershipLevel":1,"event":"OWNER_CREATED"}
INFO  AUDIT - owner created id=151 customerCode=UNKNOWN-BD81023C registrationDate=2026-09-03 membershipLevel=1 membershipNumber=UNKNOWN-BD81023C-M27
INFO  AUDIT - {"seq":141,"ownerId":151,"customerCode":"UNKNOWN-BD81023C","membershipLevel":1,"event":"OWNER_CREATED"}
INFO  AUDIT - owner created id=152 customerCode=UNKNOWN-48A6A4BC registrationDate=2026-09-03 membershipLevel=1 membershipNumber=UNKNOWN-48A6A4BC-M27
INFO  AUDIT - {"seq":142,"ownerId":152,"customerCode":"UNKNOWN-48A6A4BC","membershipLevel":1,"event":"OWNER_CREATED"}
INFO  AUDIT - owner created id=153 customerCode=UNKNOWN-D225D8A3 registrationDate=2026-09-03 membershipLevel=1 membershipNumber=UNKNOWN-D225D8A3-M27
INFO  AUDIT - {"seq":143,"ownerId":153,"customerCode":"UNKNOWN-D225D8A3","membershipLevel":1,"event":"OWNER_CREATED"}
INFO  AUDIT - owner created id=154 customerCode=UNKNOWN-9AD220E1 registrationDate=2026-09-03 membershipLevel=1 membershipNumber=UNKNOWN-9AD220E1-M27
INFO  AUDIT - {"seq":144,"ownerId":154,"customerCode":"UNKNOWN-9AD220E1","membershipLevel":1,"event":"OWNER_CREATED"}
INFO  AUDIT - owner created id=155 customerCode=UNKNOWN-850726D0 registrationDate=2026-09-03 membershipLevel=1 membershipNumber=UNKNOWN-850726D0-M27
INFO  AUDIT - {"seq":145,"ownerId":155,"customerCode":"UNKNOWN-850726D0","membershipLevel":1,"event":"OWNER_CREATED"}
INFO  AUDIT - owner created id=156 customerCode=UNKNOWN-185F5A17 registrationDate=2026-09-03 membershipLevel=1 membershipNumber=UNKNOWN-185F5A17-M27
INFO  AUDIT - {"seq":146,"ownerId":156,"customerCode":"UNKNOWN-185F5A17","membershipLevel":1,"event":"OWNER_CREATED"}
INFO  AUDIT - owner created id=157 customerCode=UNKNOWN-C72106F5 registrationDate=2026-09-03 membershipLevel=1 membershipNumber=UNKNOWN-C72106F5-M27
INFO  AUDIT - {"seq":147,"ownerId":157,"customerCode":"UNKNOWN-C72106F5","membershipLevel":1,"event":"OWNER_CREATED"}
INFO  AUDIT - owner created id=158 customerCode=UNKNOWN-201C78D8 registrationDate=2026-09-03 membershipLevel=1 membershipNumber=UNKNOWN-201C78D8-M27
INFO  AUDIT - {"seq":148,"ownerId":158,"customerCode":"UNKNOWN-201C78D8","membershipLevel":1,"event":"OWNER_CREATED"}
INFO  AUDIT - owner created id=159 customerCode=UNKNOWN-A5FF30B2 registrationDate=2026-09-03 membershipLevel=1 membershipNumber=UNKNOWN-A5FF30B2-M27
INFO  AUDIT - {"seq":149,"ownerId":159,"customerCode":"UNKNOWN-A5FF30B2","membershipLevel":1,"event":"OWNER_CREATED"}
INFO  AUDIT - owner created id=160 customerCode=UNKNOWN-868A37A5 registrationDate=2026-09-03 membershipLevel=1 membershipNumber=UNKNOWN-868A37A5-M27
INFO  AUDIT - {"seq":150,"ownerId":160,"customerCode":"UNKNOWN-868A37A5","membershipLevel":1,"event":"OWNER_CREATED"}
INFO  AUDIT - owner created id=161 customerCode=UNKNOWN-58BCFCB1 registrationDate=2026-09-03 membershipLevel=1 membershipNumber=UNKNOWN-58BCFCB1-M27
INFO  AUDIT - {"seq":151,"ownerId":161,"customerCode":"UNKNOWN-58BCFCB1","membershipLevel":1,"event":"OWNER_CREATED"}
INFO  AUDIT - owner created id=162 customerCode=UNKNOWN-34BA7CF7 registrationDate=2026-09-03 membershipLevel=1 membershipNumber=UNKNOWN-34BA7CF7-M27
INFO  AUDIT - {"seq":152,"ownerId":162,"customerCode":"UNKNOWN-34BA7CF7","membershipLevel":1,"event":"OWNER_CREATED"}
INFO  AUDIT - owner created id=163 customerCode=UNKNOWN-04F12666 registrationDate=2026-09-03 membershipLevel=1 membershipNumber=UNKNOWN-04F12666-M27
INFO  AUDIT - {"seq":153,"ownerId":163,"customerCode":"UNKNOWN-04F12666","membershipLevel":1,"event":"OWNER_CREATED"}
INFO  AUDIT - owner created id=164 customerCode=UNKNOWN-6B39FC7F registrationDate=2026-09-03 membershipLevel=1 membershipNumber=UNKNOWN-6B39FC7F-M27
INFO  AUDIT - {"seq":154,"ownerId":164,"customerCode":"UNKNOWN-6B39FC7F","membershipLevel":1,"event":"OWNER_CREATED"}
INFO  AUDIT - owner created id=165 customerCode=UNKNOWN-C093C08B registrationDate=2026-09-03 membershipLevel=1 membershipNumber=UNKNOWN-C093C08B-M27
INFO  AUDIT - {"seq":155,"ownerId":165,"customerCode":"UNKNOWN-C093C08B","membershipLevel":1,"event":"OWNER_CREATED"}
INFO  AUDIT - owner created id=166 customerCode=UNKNOWN-2B56DBBC registrationDate=2026-09-03 membershipLevel=1 membershipNumber=UNKNOWN-2B56DBBC-M27
INFO  AUDIT - {"seq":156,"ownerId":166,"customerCode":"UNKNOWN-2B56DBBC","membershipLevel":1,"event":"OWNER_CREATED"}
INFO  AUDIT - owner created id=167 customerCode=UNKNOWN-0D3B23D7 registrationDate=2026-09-03 membershipLevel=1 membershipNumber=UNKNOWN-0D3B23D7-M27
INFO  AUDIT - {"seq":157,"ownerId":167,"customerCode":"UNKNOWN-0D3B23D7","membershipLevel":1,"event":"OWNER_CREATED"}
INFO  AUDIT - owner created id=168 customerCode=UNKNOWN-5697E6A1 registrationDate=2026-09-03 membershipLevel=1 membershipNumber=UNKNOWN-5697E6A1-M27
INFO  AUDIT - {"seq":158,"ownerId":168,"customerCode":"UNKNOWN-5697E6A1","membershipLevel":1,"event":"OWNER_CREATED"}
INFO  AUDIT - owner created id=169 customerCode=UNKNOWN-F3D46FFF registrationDate=2026-09-03 membershipLevel=1 membershipNumber=UNKNOWN-F3D46FFF-M27
INFO  AUDIT - {"seq":159,"ownerId":169,"customerCode":"UNKNOWN-F3D46FFF","membershipLevel":1,"event":"OWNER_CREATED"}
INFO  AUDIT - owner created id=170 customerCode=UNKNOWN-4DC793CA registrationDate=2026-09-03 membershipLevel=1 membershipNumber=UNKNOWN-4DC793CA-M27
INFO  AUDIT - {"seq":160,"ownerId":170,"customerCode":"UNKNOWN-4DC793CA","membershipLevel":1,"event":"OWNER_CREATED"}
INFO  AUDIT - owner created id=171 customerCode=UNKNOWN-9852482D registrationDate=2026-09-03 membershipLevel=1 membershipNumber=UNKNOWN-9852482D-M27
INFO  AUDIT - {"seq":161,"ownerId":171,"customerCode":"UNKNOWN-9852482D","membershipLevel":1,"event":"OWNER_CREATED"}
INFO  AUDIT - owner created id=172 customerCode=UNKNOWN-F4B02ADC registrationDate=2026-09-03 membershipLevel=1 membershipNumber=UNKNOWN-F4B02ADC-M27
INFO  AUDIT - {"seq":162,"ownerId":172,"customerCode":"UNKNOWN-F4B02ADC","membershipLevel":1,"event":"OWNER_CREATED"}
INFO  AUDIT - owner created id=173 customerCode=UNKNOWN-FBA37572 registrationDate=2026-09-03 membershipLevel=1 membershipNumber=UNKNOWN-FBA37572-M27
INFO  AUDIT - {"seq":163,"ownerId":173,"customerCode":"UNKNOWN-FBA37572","membershipLevel":1,"event":"OWNER_CREATED"}
INFO  AUDIT - owner created id=174 customerCode=UNKNOWN-B01E9F56 registrationDate=2026-09-03 membershipLevel=1 membershipNumber=UNKNOWN-B01E9F56-M27
INFO  AUDIT - {"seq":164,"ownerId":174,"customerCode":"UNKNOWN-B01E9F56","membershipLevel":1,"event":"OWNER_CREATED"}
INFO  AnnotationConfigContextLoaderUtils - Could not detect default configuration classes for test class [org.springframework.samples.petclinic.acceptance.Cp08Tests]: Cp08Tests does not declare any static, non-private, non-final, nested classes annotated with @Configuration.
INFO  SpringBootTestContextBootstrapper - Found @SpringBootConfiguration org.springframework.samples.petclinic.PetClinicApplication for test class org.springframework.samples.petclinic.acceptance.Cp08Tests
INFO  AnnotationConfigContextLoaderUtils - Could not detect default configuration classes for test class [org.springframework.samples.petclinic.acceptance.Cp08Tests]: Cp08Tests does not declare any static, non-private, non-final, nested classes annotated with @Configuration.
INFO  AnnotationConfigContextLoaderUtils - Could not detect default configuration classes for test class [org.springframework.samples.petclinic.acceptance.AcceptanceBase]: AcceptanceBase does not declare any static, non-private, non-final, nested classes annotated with @Configuration.
INFO  SpringBootTestContextBootstrapper - Found @SpringBootConfiguration org.springframework.samples.petclinic.PetClinicApplication for test class org.springframework.samples.petclinic.acceptance.Cp08Tests
INFO  AUDIT - owner created id=175 customerCode=UNKNOWN-645E7D7E registrationDate=2026-09-03 membershipLevel=1 membershipNumber=UNKNOWN-645E7D7E-M27
INFO  AUDIT - {"seq":165,"ownerId":175,"customerCode":"UNKNOWN-645E7D7E","membershipLevel":1,"event":"OWNER_CREATED"}
DEBUG ExceptionControllerAdvice - Validation error at POST /api/owners: [Field error in object 'ownerFieldsDto' on field 'telephone': rejected value [12]; codes [Pattern.ownerFieldsDto.telephone,Pattern.telephone,Pattern.java.lang.String,Pattern]; arguments [org.springframework.context.support.DefaultMessageSourceResolvable: codes [ownerFieldsDto.telephone,telephone]; arguments []; default message [telephone],[Ljakarta.validation.constraints.Pattern$Flag;@bf872e7,^[^0-9]*([0-9][^0-9]*){10}$]; default message [must match "^[^0-9]*([0-9][^0-9]*){10}$"]]
INFO  AUDIT - owner created id=176 customerCode=UNKNOWN-4B258185 registrationDate=2026-09-03 membershipLevel=1 membershipNumber=UNKNOWN-4B258185-M27
INFO  AUDIT - {"seq":166,"ownerId":176,"customerCode":"UNKNOWN-4B258185","membershipLevel":1,"event":"OWNER_CREATED"}
INFO  AnnotationConfigContextLoaderUtils - Could not detect default configuration classes for test class [org.springframework.samples.petclinic.acceptance.Cp07Tests]: Cp07Tests does not declare any static, non-private, non-final, nested classes annotated with @Configuration.
INFO  SpringBootTestContextBootstrapper - Found @SpringBootConfiguration org.springframework.samples.petclinic.PetClinicApplication for test class org.springframework.samples.petclinic.acceptance.Cp07Tests
INFO  AnnotationConfigContextLoaderUtils - Could not detect default configuration classes for test class [org.springframework.samples.petclinic.acceptance.Cp07Tests]: Cp07Tests does not declare any static, non-private, non-final, nested classes annotated with @Configuration.
INFO  AnnotationConfigContextLoaderUtils - Could not detect default configuration classes for test class [org.springframework.samples.petclinic.acceptance.AcceptanceBase]: AcceptanceBase does not declare any static, non-private, non-final, nested classes annotated with @Configuration.
INFO  SpringBootTestContextBootstrapper - Found @SpringBootConfiguration org.springframework.samples.petclinic.PetClinicApplication for test class org.springframework.samples.petclinic.acceptance.Cp07Tests
INFO  AUDIT - owner created id=177 customerCode=UNKNOWN-5C566900 registrationDate=2026-01-06 membershipLevel=1 membershipNumber=UNKNOWN-5C566900-M26
INFO  AUDIT - {"seq":167,"ownerId":177,"customerCode":"UNKNOWN-5C566900","membershipLevel":1,"event":"OWNER_CREATED"}
INFO  AUDIT - owner created id=178 customerCode=UNKNOWN-3A860BC8 registrationDate=2026-01-05 membershipLevel=1 membershipNumber=UNKNOWN-3A860BC8-M26
INFO  AUDIT - {"seq":168,"ownerId":178,"customerCode":"UNKNOWN-3A860BC8","membershipLevel":1,"event":"OWNER_CREATED"}
INFO  AnnotationConfigContextLoaderUtils - Could not detect default configuration classes for test class [org.springframework.samples.petclinic.acceptance.Cp36Tests]: Cp36Tests does not declare any static, non-private, non-final, nested classes annotated with @Configuration.
INFO  SpringBootTestContextBootstrapper - Found @SpringBootConfiguration org.springframework.samples.petclinic.PetClinicApplication for test class org.springframework.samples.petclinic.acceptance.Cp36Tests
INFO  AnnotationConfigContextLoaderUtils - Could not detect default configuration classes for test class [org.springframework.samples.petclinic.acceptance.Cp36Tests]: Cp36Tests does not declare any static, non-private, non-final, nested classes annotated with @Configuration.
INFO  AnnotationConfigContextLoaderUtils - Could not detect default configuration classes for test class [org.springframework.samples.petclinic.acceptance.AcceptanceBase]: AcceptanceBase does not declare any static, non-private, non-final, nested classes annotated with @Configuration.
INFO  SpringBootTestContextBootstrapper - Found @SpringBootConfiguration org.springframework.samples.petclinic.PetClinicApplication for test class org.springframework.samples.petclinic.acceptance.Cp36Tests
INFO  AUDIT - owner created id=179 customerCode=NSW-9C4118CF registrationDate=2026-09-03 membershipLevel=1 membershipNumber=NSW-9C4118CF-M27
INFO  AUDIT - {"seq":169,"ownerId":179,"customerCode":"NSW-9C4118CF","membershipLevel":1,"event":"OWNER_CREATED"}
INFO  AUDIT - owner created id=180 customerCode=NSW-991DB57F registrationDate=2026-09-03 membershipLevel=1 membershipNumber=NSW-991DB57F-M27
INFO  AUDIT - {"seq":170,"ownerId":180,"customerCode":"NSW-991DB57F","membershipLevel":1,"event":"OWNER_CREATED"}
INFO  AnnotationConfigContextLoaderUtils - Could not detect default configuration classes for test class [org.springframework.samples.petclinic.acceptance.Cp37Tests]: Cp37Tests does not declare any static, non-private, non-final, nested classes annotated with @Configuration.
INFO  SpringBootTestContextBootstrapper - Found @SpringBootConfiguration org.springframework.samples.petclinic.PetClinicApplication for test class org.springframework.samples.petclinic.acceptance.Cp37Tests
INFO  AnnotationConfigContextLoaderUtils - Could not detect default configuration classes for test class [org.springframework.samples.petclinic.acceptance.Cp37Tests]: Cp37Tests does not declare any static, non-private, non-final, nested classes annotated with @Configuration.
INFO  AnnotationConfigContextLoaderUtils - Could not detect default configuration classes for test class [org.springframework.samples.petclinic.acceptance.AcceptanceBase]: AcceptanceBase does not declare any static, non-private, non-final, nested classes annotated with @Configuration.
INFO  SpringBootTestContextBootstrapper - Found @SpringBootConfiguration org.springframework.samples.petclinic.PetClinicApplication for test class org.springframework.samples.petclinic.acceptance.Cp37Tests
INFO  AUDIT - owner created id=181 customerCode=UNKNOWN-365190CD registrationDate=2026-09-03 membershipLevel=1 membershipNumber=UNKNOWN-365190CD-M27
INFO  AUDIT - {"seq":171,"ownerId":181,"customerCode":"UNKNOWN-365190CD","membershipLevel":1,"event":"OWNER_CREATED"}
INFO  AnnotationConfigContextLoaderUtils - Could not detect default configuration classes for test class [org.springframework.samples.petclinic.acceptance.Cp40Tests]: Cp40Tests does not declare any static, non-private, non-final, nested classes annotated with @Configuration.
INFO  SpringBootTestContextBootstrapper - Found @SpringBootConfiguration org.springframework.samples.petclinic.PetClinicApplication for test class org.springframework.samples.petclinic.acceptance.Cp40Tests
INFO  AnnotationConfigContextLoaderUtils - Could not detect default configuration classes for test class [org.springframework.samples.petclinic.acceptance.Cp40Tests]: Cp40Tests does not declare any static, non-private, non-final, nested classes annotated with @Configuration.
INFO  AnnotationConfigContextLoaderUtils - Could not detect default configuration classes for test class [org.springframework.samples.petclinic.acceptance.AcceptanceBase]: AcceptanceBase does not declare any static, non-private, non-final, nested classes annotated with @Configuration.
INFO  SpringBootTestContextBootstrapper - Found @SpringBootConfiguration org.springframework.samples.petclinic.PetClinicApplication for test class org.springframework.samples.petclinic.acceptance.Cp40Tests
INFO  AUDIT - owner created id=182 customerCode=NSW-CC3C73F8 registrationDate=2026-09-03 membershipLevel=2 membershipNumber=NSW-CC3C73F8-M27
INFO  AUDIT - {"seq":172,"ownerId":182,"customerCode":"NSW-CC3C73F8","membershipLevel":2,"event":"OWNER_CREATED"}
INFO  AnnotationConfigContextLoaderUtils - Could not detect default configuration classes for test class [org.springframework.samples.petclinic.acceptance.Cp55Tests]: Cp55Tests does not declare any static, non-private, non-final, nested classes annotated with @Configuration.
INFO  SpringBootTestContextBootstrapper - Found @SpringBootConfiguration org.springframework.samples.petclinic.PetClinicApplication for test class org.springframework.samples.petclinic.acceptance.Cp55Tests
INFO  AnnotationConfigContextLoaderUtils - Could not detect default configuration classes for test class [org.springframework.samples.petclinic.acceptance.Cp55Tests]: Cp55Tests does not declare any static, non-private, non-final, nested classes annotated with @Configuration.
INFO  AnnotationConfigContextLoaderUtils - Could not detect default configuration classes for test class [org.springframework.samples.petclinic.acceptance.AcceptanceBase]: AcceptanceBase does not declare any static, non-private, non-final, nested classes annotated with @Configuration.
INFO  SpringBootTestContextBootstrapper - Found @SpringBootConfiguration org.springframework.samples.petclinic.PetClinicApplication for test class org.springframework.samples.petclinic.acceptance.Cp55Tests
INFO  AUDIT - owner created id=183 customerCode=UNKNOWN-E2B08E5C registrationDate=2026-09-03 membershipLevel=2 membershipNumber=UNKNOWN-E2B08E5C-M27
INFO  AUDIT - {"seq":173,"ownerId":183,"customerCode":"UNKNOWN-E2B08E5C","membershipLevel":2,"event":"OWNER_CREATED"}
INFO  AUDIT - owner created id=184 customerCode=NSW-39D91018 registrationDate=2026-09-03 membershipLevel=2 membershipNumber=NSW-39D91018-M27
INFO  AUDIT - {"seq":174,"ownerId":184,"customerCode":"NSW-39D91018","membershipLevel":2,"event":"OWNER_CREATED"}
INFO  AnnotationConfigContextLoaderUtils - Could not detect default configuration classes for test class [org.springframework.samples.petclinic.acceptance.Cp25Tests]: Cp25Tests does not declare any static, non-private, non-final, nested classes annotated with @Configuration.
INFO  SpringBootTestContextBootstrapper - Found @SpringBootConfiguration org.springframework.samples.petclinic.PetClinicApplication for test class org.springframework.samples.petclinic.acceptance.Cp25Tests
INFO  AnnotationConfigContextLoaderUtils - Could not detect default configuration classes for test class [org.springframework.samples.petclinic.acceptance.Cp25Tests]: Cp25Tests does not declare any static, non-private, non-final, nested classes annotated with @Configuration.
INFO  AnnotationConfigContextLoaderUtils - Could not detect default configuration classes for test class [org.springframework.samples.petclinic.acceptance.AcceptanceBase]: AcceptanceBase does not declare any static, non-private, non-final, nested classes annotated with @Configuration.
INFO  SpringBootTestContextBootstrapper - Found @SpringBootConfiguration org.springframework.samples.petclinic.PetClinicApplication for test class org.springframework.samples.petclinic.acceptance.Cp25Tests
INFO  AUDIT - owner created id=185 customerCode=UNKNOWN-FA022719 registrationDate=2026-09-03 membershipLevel=2 membershipNumber=UNKNOWN-FA022719-M27
INFO  AUDIT - {"seq":175,"ownerId":185,"customerCode":"UNKNOWN-FA022719","membershipLevel":2,"event":"OWNER_CREATED"}
INFO  AnnotationConfigContextLoaderUtils - Could not detect default configuration classes for test class [org.springframework.samples.petclinic.acceptance.Cp35Tests]: Cp35Tests does not declare any static, non-private, non-final, nested classes annotated with @Configuration.
INFO  SpringBootTestContextBootstrapper - Found @SpringBootConfiguration org.springframework.samples.petclinic.PetClinicApplication for test class org.springframework.samples.petclinic.acceptance.Cp35Tests
INFO  AnnotationConfigContextLoaderUtils - Could not detect default configuration classes for test class [org.springframework.samples.petclinic.acceptance.Cp35Tests]: Cp35Tests does not declare any static, non-private, non-final, nested classes annotated with @Configuration.
INFO  AnnotationConfigContextLoaderUtils - Could not detect default configuration classes for test class [org.springframework.samples.petclinic.acceptance.AcceptanceBase]: AcceptanceBase does not declare any static, non-private, non-final, nested classes annotated with @Configuration.
INFO  SpringBootTestContextBootstrapper - Found @SpringBootConfiguration org.springframework.samples.petclinic.PetClinicApplication for test class org.springframework.samples.petclinic.acceptance.Cp35Tests
INFO  AUDIT - owner created id=186 customerCode=NSW-D963D391 registrationDate=2026-09-03 membershipLevel=1 membershipNumber=NSW-D963D391-M27
INFO  AUDIT - {"seq":176,"ownerId":186,"customerCode":"NSW-D963D391","membershipLevel":1,"event":"OWNER_CREATED"}
INFO  AUDIT - owner created id=187 customerCode=NSW-4C731413 registrationDate=2026-09-03 membershipLevel=1 membershipNumber=NSW-4C731413-M27
INFO  AUDIT - {"seq":177,"ownerId":187,"customerCode":"NSW-4C731413","membershipLevel":1,"event":"OWNER_CREATED"}
INFO  AnnotationConfigContextLoaderUtils - Could not detect default configuration classes for test class [org.springframework.samples.petclinic.acceptance.Cp05Tests]: Cp05Tests does not declare any static, non-private, non-final, nested classes annotated with @Configuration.
INFO  SpringBootTestContextBootstrapper - Found @SpringBootConfiguration org.springframework.samples.petclinic.PetClinicApplication for test class org.springframework.samples.petclinic.acceptance.Cp05Tests
INFO  AnnotationConfigContextLoaderUtils - Could not detect default configuration classes for test class [org.springframework.samples.petclinic.acceptance.Cp05Tests]: Cp05Tests does not declare any static, non-private, non-final, nested classes annotated with @Configuration.
INFO  AnnotationConfigContextLoaderUtils - Could not detect default configuration classes for test class [org.springframework.samples.petclinic.acceptance.AcceptanceBase]: AcceptanceBase does not declare any static, non-private, non-final, nested classes annotated with @Configuration.
INFO  SpringBootTestContextBootstrapper - Found @SpringBootConfiguration org.springframework.samples.petclinic.PetClinicApplication for test class org.springframework.samples.petclinic.acceptance.Cp05Tests
INFO  AUDIT - owner created id=188 customerCode=UNKNOWN-66A70509 registrationDate=2026-09-03 membershipLevel=1 membershipNumber=UNKNOWN-66A70509-M27
INFO  AUDIT - {"seq":178,"ownerId":188,"customerCode":"UNKNOWN-66A70509","membershipLevel":1,"event":"OWNER_CREATED"}
INFO  AnnotationConfigContextLoaderUtils - Could not detect default configuration classes for test class [org.springframework.samples.petclinic.acceptance.Cp51Tests]: Cp51Tests does not declare any static, non-private, non-final, nested classes annotated with @Configuration.
INFO  SpringBootTestContextBootstrapper - Found @SpringBootConfiguration org.springframework.samples.petclinic.PetClinicApplication for test class org.springframework.samples.petclinic.acceptance.Cp51Tests
INFO  AnnotationConfigContextLoaderUtils - Could not detect default configuration classes for test class [org.springframework.samples.petclinic.acceptance.Cp51Tests]: Cp51Tests does not declare any static, non-private, non-final, nested classes annotated with @Configuration.
INFO  AnnotationConfigContextLoaderUtils - Could not detect default configuration classes for test class [org.springframework.samples.petclinic.acceptance.AcceptanceBase]: AcceptanceBase does not declare any static, non-private, non-final, nested classes annotated with @Configuration.
INFO  SpringBootTestContextBootstrapper - Found @SpringBootConfiguration org.springframework.samples.petclinic.PetClinicApplication for test class org.springframework.samples.petclinic.acceptance.Cp51Tests
INFO  AUDIT - owner created id=189 customerCode=NSW-35C40155 registrationDate=2026-09-03 membershipLevel=1 membershipNumber=NSW-35C40155-M27
INFO  AUDIT - {"seq":179,"ownerId":189,"customerCode":"NSW-35C40155","membershipLevel":1,"event":"OWNER_CREATED"}
INFO  AUDIT - owner created id=190 customerCode=NSW-7272818E registrationDate=2026-09-03 membershipLevel=2 membershipNumber=NSW-7272818E-M27
INFO  AUDIT - {"seq":180,"ownerId":190,"customerCode":"NSW-7272818E","membershipLevel":2,"event":"OWNER_CREATED"}
INFO  AnnotationConfigContextLoaderUtils - Could not detect default configuration classes for test class [org.springframework.samples.petclinic.acceptance.Cp47Tests]: Cp47Tests does not declare any static, non-private, non-final, nested classes annotated with @Configuration.
INFO  SpringBootTestContextBootstrapper - Found @SpringBootConfiguration org.springframework.samples.petclinic.PetClinicApplication for test class org.springframework.samples.petclinic.acceptance.Cp47Tests
INFO  AnnotationConfigContextLoaderUtils - Could not detect default configuration classes for test class [org.springframework.samples.petclinic.acceptance.Cp47Tests]: Cp47Tests does not declare any static, non-private, non-final, nested classes annotated with @Configuration.
INFO  AnnotationConfigContextLoaderUtils - Could not detect default configuration classes for test class [org.springframework.samples.petclinic.acceptance.AcceptanceBase]: AcceptanceBase does not declare any static, non-private, non-final, nested classes annotated with @Configuration.
INFO  SpringBootTestContextBootstrapper - Found @SpringBootConfiguration org.springframework.samples.petclinic.PetClinicApplication for test class org.springframework.samples.petclinic.acceptance.Cp47Tests
INFO  AUDIT - owner created id=191 customerCode=NSW-1A91DA51 registrationDate=2026-09-03 membershipLevel=1 membershipNumber=NSW-1A91DA51-M27
INFO  AUDIT - {"seq":181,"ownerId":191,"customerCode":"NSW-1A91DA51","membershipLevel":1,"event":"OWNER_CREATED"}
INFO  AnnotationConfigContextLoaderUtils - Could not detect default configuration classes for test class [org.springframework.samples.petclinic.acceptance.Cp09Tests]: Cp09Tests does not declare any static, non-private, non-final, nested classes annotated with @Configuration.
INFO  SpringBootTestContextBootstrapper - Found @SpringBootConfiguration org.springframework.samples.petclinic.PetClinicApplication for test class org.springframework.samples.petclinic.acceptance.Cp09Tests
INFO  AnnotationConfigContextLoaderUtils - Could not detect default configuration classes for test class [org.springframework.samples.petclinic.acceptance.Cp09Tests]: Cp09Tests does not declare any static, non-private, non-final, nested classes annotated with @Configuration.
INFO  AnnotationConfigContextLoaderUtils - Could not detect default configuration classes for test class [org.springframework.samples.petclinic.acceptance.AcceptanceBase]: AcceptanceBase does not declare any static, non-private, non-final, nested classes annotated with @Configuration.
INFO  SpringBootTestContextBootstrapper - Found @SpringBootConfiguration org.springframework.samples.petclinic.PetClinicApplication for test class org.springframework.samples.petclinic.acceptance.Cp09Tests
INFO  AUDIT - owner created id=192 customerCode=NSW-F4788DCD registrationDate=2026-09-03 membershipLevel=1 membershipNumber=NSW-F4788DCD-M27
INFO  AUDIT - {"seq":182,"ownerId":192,"customerCode":"NSW-F4788DCD","membershipLevel":1,"event":"OWNER_CREATED"}
INFO  AnnotationConfigContextLoaderUtils - Could not detect default configuration classes for test class [org.springframework.samples.petclinic.acceptance.Cp52Tests]: Cp52Tests does not declare any static, non-private, non-final, nested classes annotated with @Configuration.
INFO  SpringBootTestContextBootstrapper - Found @SpringBootConfiguration org.springframework.samples.petclinic.PetClinicApplication for test class org.springframework.samples.petclinic.acceptance.Cp52Tests
INFO  AnnotationConfigContextLoaderUtils - Could not detect default configuration classes for test class [org.springframework.samples.petclinic.acceptance.Cp52Tests]: Cp52Tests does not declare any static, non-private, non-final, nested classes annotated with @Configuration.
INFO  AnnotationConfigContextLoaderUtils - Could not detect default configuration classes for test class [org.springframework.samples.petclinic.acceptance.AcceptanceBase]: AcceptanceBase does not declare any static, non-private, non-final, nested classes annotated with @Configuration.
INFO  SpringBootTestContextBootstrapper - Found @SpringBootConfiguration org.springframework.samples.petclinic.PetClinicApplication for test class org.springframework.samples.petclinic.acceptance.Cp52Tests
INFO  AUDIT - owner created id=193 customerCode=NSW-9EFA7469 registrationDate=2026-09-03 membershipLevel=1 membershipNumber=NSW-9EFA7469-M27
INFO  AUDIT - {"seq":183,"ownerId":193,"customerCode":"NSW-9EFA7469","membershipLevel":1,"event":"OWNER_CREATED"}
INFO  AUDIT - owner created id=194 customerCode=NSW-779D69B5 registrationDate=2026-09-03 membershipLevel=2 membershipNumber=NSW-779D69B5-M27
INFO  AUDIT - {"seq":184,"ownerId":194,"customerCode":"NSW-779D69B5","membershipLevel":2,"event":"OWNER_CREATED"}
INFO  AnnotationConfigContextLoaderUtils - Could not detect default configuration classes for test class [org.springframework.samples.petclinic.acceptance.Cp23Tests]: Cp23Tests does not declare any static, non-private, non-final, nested classes annotated with @Configuration.
INFO  SpringBootTestContextBootstrapper - Found @SpringBootConfiguration org.springframework.samples.petclinic.PetClinicApplication for test class org.springframework.samples.petclinic.acceptance.Cp23Tests
INFO  AnnotationConfigContextLoaderUtils - Could not detect default configuration classes for test class [org.springframework.samples.petclinic.acceptance.Cp23Tests]: Cp23Tests does not declare any static, non-private, non-final, nested classes annotated with @Configuration.
INFO  AnnotationConfigContextLoaderUtils - Could not detect default configuration classes for test class [org.springframework.samples.petclinic.acceptance.AcceptanceBase]: AcceptanceBase does not declare any static, non-private, non-final, nested classes annotated with @Configuration.
INFO  SpringBootTestContextBootstrapper - Found @SpringBootConfiguration org.springframework.samples.petclinic.PetClinicApplication for test class org.springframework.samples.petclinic.acceptance.Cp23Tests
INFO  AUDIT - owner created id=195 customerCode=NSW-30AF4D25 registrationDate=2026-09-03 membershipLevel=1 membershipNumber=NSW-30AF4D25-M27
INFO  AUDIT - {"seq":185,"ownerId":195,"customerCode":"NSW-30AF4D25","membershipLevel":1,"event":"OWNER_CREATED"}
INFO  AUDIT - owner created id=196 customerCode=NSW-9C0077EE registrationDate=2026-09-03 membershipLevel=1 membershipNumber=NSW-9C0077EE-M27
INFO  AUDIT - {"seq":186,"ownerId":196,"customerCode":"NSW-9C0077EE","membershipLevel":1,"event":"OWNER_CREATED"}
INFO  AUDIT - owner created id=197 customerCode=NSW-F4BBBEEE registrationDate=2026-09-03 membershipLevel=3 membershipNumber=NSW-F4BBBEEE-M27
INFO  AUDIT - {"seq":187,"ownerId":197,"customerCode":"NSW-F4BBBEEE","membershipLevel":3,"event":"OWNER_CREATED"}
INFO  AnnotationConfigContextLoaderUtils - Could not detect default configuration classes for test class [org.springframework.samples.petclinic.acceptance.Cp33Tests]: Cp33Tests does not declare any static, non-private, non-final, nested classes annotated with @Configuration.
INFO  SpringBootTestContextBootstrapper - Found @SpringBootConfiguration org.springframework.samples.petclinic.PetClinicApplication for test class org.springframework.samples.petclinic.acceptance.Cp33Tests
INFO  AnnotationConfigContextLoaderUtils - Could not detect default configuration classes for test class [org.springframework.samples.petclinic.acceptance.Cp33Tests]: Cp33Tests does not declare any static, non-private, non-final, nested classes annotated with @Configuration.
INFO  AnnotationConfigContextLoaderUtils - Could not detect default configuration classes for test class [org.springframework.samples.petclinic.acceptance.AcceptanceBase]: AcceptanceBase does not declare any static, non-private, non-final, nested classes annotated with @Configuration.
INFO  SpringBootTestContextBootstrapper - Found @SpringBootConfiguration org.springframework.samples.petclinic.PetClinicApplication for test class org.springframework.samples.petclinic.acceptance.Cp33Tests
INFO  AnnotationConfigContextLoaderUtils - Could not detect default configuration classes for test class [org.springframework.samples.petclinic.acceptance.Cp20Tests]: Cp20Tests does not declare any static, non-private, non-final, nested classes annotated with @Configuration.
INFO  SpringBootTestContextBootstrapper - Found @SpringBootConfiguration org.springframework.samples.petclinic.PetClinicApplication for test class org.springframework.samples.petclinic.acceptance.Cp20Tests
INFO  AnnotationConfigContextLoaderUtils - Could not detect default configuration classes for test class [org.springframework.samples.petclinic.acceptance.Cp20Tests]: Cp20Tests does not declare any static, non-private, non-final, nested classes annotated with @Configuration.
INFO  AnnotationConfigContextLoaderUtils - Could not detect default configuration classes for test class [org.springframework.samples.petclinic.acceptance.AcceptanceBase]: AcceptanceBase does not declare any static, non-private, non-final, nested classes annotated with @Configuration.
INFO  SpringBootTestContextBootstrapper - Found @SpringBootConfiguration org.springframework.samples.petclinic.PetClinicApplication for test class org.springframework.samples.petclinic.acceptance.Cp20Tests
INFO  AUDIT - owner created id=198 customerCode=UNKNOWN-2816CEB7 registrationDate=2026-09-03 membershipLevel=1 membershipNumber=UNKNOWN-2816CEB7-M27
INFO  AUDIT - {"seq":188,"ownerId":198,"customerCode":"UNKNOWN-2816CEB7","membershipLevel":1,"event":"OWNER_CREATED"}
INFO  AnnotationConfigContextLoaderUtils - Could not detect default configuration classes for test class [org.springframework.samples.petclinic.acceptance.Cp15Tests]: Cp15Tests does not declare any static, non-private, non-final, nested classes annotated with @Configuration.
INFO  SpringBootTestContextBootstrapper - Found @SpringBootConfiguration org.springframework.samples.petclinic.PetClinicApplication for test class org.springframework.samples.petclinic.acceptance.Cp15Tests
INFO  AnnotationConfigContextLoaderUtils - Could not detect default configuration classes for test class [org.springframework.samples.petclinic.acceptance.Cp15Tests]: Cp15Tests does not declare any static, non-private, non-final, nested classes annotated with @Configuration.
INFO  AnnotationConfigContextLoaderUtils - Could not detect default configuration classes for test class [org.springframework.samples.petclinic.acceptance.AcceptanceBase]: AcceptanceBase does not declare any static, non-private, non-final, nested classes annotated with @Configuration.
INFO  SpringBootTestContextBootstrapper - Found @SpringBootConfiguration org.springframework.samples.petclinic.PetClinicApplication for test class org.springframework.samples.petclinic.acceptance.Cp15Tests
INFO  AUDIT - owner created id=199 customerCode=UNKNOWN-5759F059 registrationDate=2026-09-03 membershipLevel=2 membershipNumber=UNKNOWN-5759F059-M27
INFO  AUDIT - {"seq":189,"ownerId":199,"customerCode":"UNKNOWN-5759F059","membershipLevel":2,"event":"OWNER_CREATED"}
INFO  AnnotationConfigContextLoaderUtils - Could not detect default configuration classes for test class [org.springframework.samples.petclinic.acceptance.Cp31Tests]: Cp31Tests does not declare any static, non-private, non-final, nested classes annotated with @Configuration.
INFO  SpringBootTestContextBootstrapper - Found @SpringBootConfiguration org.springframework.samples.petclinic.PetClinicApplication for test class org.springframework.samples.petclinic.acceptance.Cp31Tests
INFO  AnnotationConfigContextLoaderUtils - Could not detect default configuration classes for test class [org.springframework.samples.petclinic.acceptance.Cp31Tests]: Cp31Tests does not declare any static, non-private, non-final, nested classes annotated with @Configuration.
INFO  AnnotationConfigContextLoaderUtils - Could not detect default configuration classes for test class [org.springframework.samples.petclinic.acceptance.AcceptanceBase]: AcceptanceBase does not declare any static, non-private, non-final, nested classes annotated with @Configuration.
INFO  SpringBootTestContextBootstrapper - Found @SpringBootConfiguration org.springframework.samples.petclinic.PetClinicApplication for test class org.springframework.samples.petclinic.acceptance.Cp31Tests
INFO  AUDIT - owner created id=200 customerCode=NSW-38CBF94D registrationDate=2026-09-03 membershipLevel=1 membershipNumber=NSW-38CBF94D-M27
INFO  AUDIT - {"seq":190,"ownerId":200,"customerCode":"NSW-38CBF94D","membershipLevel":1,"event":"OWNER_CREATED"}
INFO  AnnotationConfigContextLoaderUtils - Could not detect default configuration classes for test class [org.springframework.samples.petclinic.acceptance.Cp01Tests]: Cp01Tests does not declare any static, non-private, non-final, nested classes annotated with @Configuration.
INFO  SpringBootTestContextBootstrapper - Found @SpringBootConfiguration org.springframework.samples.petclinic.PetClinicApplication for test class org.springframework.samples.petclinic.acceptance.Cp01Tests
INFO  AnnotationConfigContextLoaderUtils - Could not detect default configuration classes for test class [org.springframework.samples.petclinic.acceptance.Cp01Tests]: Cp01Tests does not declare any static, non-private, non-final, nested classes annotated with @Configuration.
INFO  AnnotationConfigContextLoaderUtils - Could not detect default configuration classes for test class [org.springframework.samples.petclinic.acceptance.AcceptanceBase]: AcceptanceBase does not declare any static, non-private, non-final, nested classes annotated with @Configuration.
INFO  SpringBootTestContextBootstrapper - Found @SpringBootConfiguration org.springframework.samples.petclinic.PetClinicApplication for test class org.springframework.samples.petclinic.acceptance.Cp01Tests
ERROR ExceptionControllerAdvice - Unexpected error at POST /api/owners
jakarta.validation.ConstraintViolationException: Validation failed for classes [org.springframework.samples.petclinic.model.Owner] during persist time for groups [jakarta.validation.groups.Default, ]
List of constraint violations:[
	ConstraintViolationImpl{interpolatedMessage='must not be empty', propertyPath=address, rootBeanClass=class org.springframework.samples.petclinic.model.Owner, messageTemplate='{jakarta.validation.constraints.NotEmpty.message}'}
]
	at org.hibernate.boot.beanvalidation.BeanValidationEventListener.validate(BeanValidationEventListener.java:137)
	at org.hibernate.boot.beanvalidation.BeanValidationEventListener.onPreInsert(BeanValidationEventListener.java:76)
	at org.hibernate.action.internal.EntityIdentityInsertAction.preInsert(EntityIdentityInsertAction.java:287)
	at org.hibernate.action.internal.EntityIdentityInsertAction.execute(EntityIdentityInsertAction.java:75)
	at org.hibernate.engine.spi.ActionQueue.execute(ActionQueue.java:667)
	at org.hibernate.engine.spi.ActionQueue.addResolvedEntityInsertAction(ActionQueue.java:291)
	at org.hibernate.engine.spi.ActionQueue.addInsertAction(ActionQueue.java:270)
	at org.hibernate.engine.spi.ActionQueue.addAction(ActionQueue.java:322)
	at org.hibernate.event.internal.AbstractSaveEventListener.addInsertAction(AbstractSaveEventListener.java:384)
	at org.hibernate.event.internal.AbstractSaveEventListener.performSaveOrReplicate(AbstractSaveEventListener.java:298)
	at org.hibernate.event.internal.AbstractSaveEventListener.performSave(AbstractSaveEventListener.java:228)
	at org.hibernate.event.internal.AbstractSaveEventListener.saveWithGeneratedId(AbstractSaveEventListener.java:144)
	at org.hibernate.event.internal.DefaultPersistEventListener.entityIsTransient(DefaultPersistEventListener.java:144)
	at org.hibernate.event.internal.DefaultPersistEventListener.persist(DefaultPersistEventListener.java:91)
	at org.hibernate.event.internal.DefaultPersistEventListener.onPersist(DefaultPersistEventListener.java:75)
	at org.hibernate.event.internal.DefaultPersistEventListener.onPersist(DefaultPersistEventListener.java:51)
	at org.hibernate.event.service.internal.EventListenerGroupImpl.fireEventOnEachListener(EventListenerGroupImpl.java:138)
	at org.hibernate.internal.SessionImpl.firePersist(SessionImpl.java:695)
	at org.hibernate.internal.SessionImpl.persist(SessionImpl.java:678)
	at jdk.internal.reflect.GeneratedMethodAccessor77.invoke(Unknown Source)
	at java.base/jdk.internal.reflect.DelegatingMethodAccessorImpl.invoke(DelegatingMethodAccessorImpl.java:43)
	at java.base/java.lang.reflect.Method.invoke(Method.java:569)
	at org.springframework.orm.jpa.SharedEntityManagerCreator$SharedEntityHandlerInvocationHandler.invokeMethod(SharedEntityManagerCreator.java:239)
	at org.springframework.orm.jpa.SharedEntityManagerCreator$SharedEntityManagerInvocationHandler.invoke(SharedEntityManagerCreator.java:383)
	at jdk.proxy2/jdk.proxy2.$Proxy193.persist(Unknown Source)
	at org.springframework.data.jpa.repository.support.SimpleJpaRepository.save(SimpleJpaRepository.java:664)
	at jdk.internal.reflect.GeneratedMethodAccessor76.invoke(Unknown Source)
	at java.base/jdk.internal.reflect.DelegatingMethodAccessorImpl.invoke(DelegatingMethodAccessorImpl.java:43)
	at java.base/java.lang.reflect.Method.invoke(Method.java:569)
	at org.springframework.aop.support.AopUtils.invokeJoinpointUsingReflection(AopUtils.java:359)
	at org.springframework.data.repository.core.support.RepositoryMethodInvoker$RepositoryFragmentMethodInvoker.lambda$new$0(RepositoryMethodInvoker.java:278)
	at org.springframework.data.repository.core.support.RepositoryMethodInvoker.doInvoke(RepositoryMethodInvoker.java:169)
	at org.springframework.data.repository.core.support.RepositoryMethodInvoker.invoke(RepositoryMethodInvoker.java:158)
	at org.springframework.data.repository.core.support.RepositoryComposition$RepositoryFragments.invoke(RepositoryComposition.java:545)
	at org.springframework.data.repository.core.support.RepositoryComposition.invoke(RepositoryComposition.java:290)
	at org.springframework.data.repository.core.support.RepositoryFactorySupport$ImplementationMethodExecutionInterceptor.invoke(RepositoryFactorySupport.java:690)
	at org.springframework.aop.framework.ReflectiveMethodInvocation.proceed(ReflectiveMethodInvocation.java:179)
	at org.springframework.data.repository.core.support.QueryExecutorMethodInterceptor.doInvoke(QueryExecutorMethodInterceptor.java:171)
	at org.springframework.data.repository.core.support.QueryExecutorMethodInterceptor.invoke(QueryExecutorMethodInterceptor.java:146)
	at org.springframework.aop.framework.ReflectiveMethodInvocation.proceed(ReflectiveMethodInvocation.java:179)
	at org.springframework.transaction.interceptor.TransactionInterceptor$1.proceedWithInvocation(TransactionInterceptor.java:133)
	at org.springframework.transaction.interceptor.TransactionAspectSupport.invokeWithinTransaction(TransactionAspectSupport.java:371)
	at org.springframework.transaction.interceptor.TransactionInterceptor.invoke(TransactionInterceptor.java:130)
	at org.springframework.aop.framework.ReflectiveMethodInvocation.proceed(ReflectiveMethodInvocation.java:179)
	at org.springframework.dao.support.PersistenceExceptionTranslationInterceptor.invoke(PersistenceExceptionTranslationInterceptor.java:135)
	at org.springframework.aop.framework.ReflectiveMethodInvocation.proceed(ReflectiveMethodInvocation.java:179)
	at org.springframework.data.jpa.repository.support.CrudMethodMetadataPostProcessor$CrudMethodMetadataPopulatingMethodInterceptor.invoke(CrudMethodMetadataPostProcessor.java:166)
	at org.springframework.aop.framework.ReflectiveMethodInvocation.proceed(ReflectiveMethodInvocation.java:179)
	at org.springframework.aop.framework.JdkDynamicAopProxy.invoke(JdkDynamicAopProxy.java:222)
	at jdk.proxy2/jdk.proxy2.$Proxy210.save(Unknown Source)
	at org.springframework.samples.petclinic.service.ClinicServiceImpl.saveOwner(ClinicServiceImpl.java:236)
	at jdk.internal.reflect.GeneratedMethodAccessor75.invoke(Unknown Source)
	at java.base/jdk.internal.reflect.DelegatingMethodAccessorImpl.invoke(DelegatingMethodAccessorImpl.java:43)
	at java.base/java.lang.reflect.Method.invoke(Method.java:569)
	at org.springframework.aop.support.AopUtils.invokeJoinpointUsingReflection(AopUtils.java:359)
	at org.springframework.aop.framework.ReflectiveMethodInvocation.invokeJoinpoint(ReflectiveMethodInvocation.java:190)
	at org.springframework.aop.framework.ReflectiveMethodInvocation.proceed(ReflectiveMethodInvocation.java:158)
	at org.springframework.transaction.interceptor.TransactionInterceptor$1.proceedWithInvocation(TransactionInterceptor.java:133)
	at org.springframework.transaction.interceptor.TransactionAspectSupport.invokeWithinTransaction(TransactionAspectSupport.java:371)
	at org.springframework.transaction.interceptor.TransactionInterceptor.invoke(TransactionInterceptor.java:130)
	at org.springframework.aop.framework.ReflectiveMethodInvocation.proceed(ReflectiveMethodInvocation.java:179)
	at org.springframework.aop.framework.CglibAopProxy$DynamicAdvisedInterceptor.intercept(CglibAopProxy.java:719)
	at org.springframework.samples.petclinic.service.ClinicServiceImpl$$SpringCGLIB$$0.saveOwner(<generated>)
	at org.springframework.samples.petclinic.rest.controller.v1.OwnerRestControllerV1.addOwner(OwnerRestControllerV1.java:123)
	at jdk.internal.reflect.GeneratedMethodAccessor71.invoke(Unknown Source)
	at java.base/jdk.internal.reflect.DelegatingMethodAccessorImpl.invoke(DelegatingMethodAccessorImpl.java:43)
	at java.base/java.lang.reflect.Method.invoke(Method.java:569)
	at org.springframework.aop.support.AopUtils.invokeJoinpointUsingReflection(AopUtils.java:359)
	at org.springframework.aop.framework.ReflectiveMethodInvocation.invokeJoinpoint(ReflectiveMethodInvocation.java:190)
	at org.springframework.aop.framework.ReflectiveMethodInvocation.proceed(ReflectiveMethodInvocation.java:158)
	at org.springframework.validation.beanvalidation.MethodValidationInterceptor.invoke(MethodValidationInterceptor.java:172)
	at org.springframework.aop.framework.ReflectiveMethodInvocation.proceed(ReflectiveMethodInvocation.java:179)
	at org.springframework.security.authorization.method.AuthorizationManagerBeforeMethodInterceptor.proceed(AuthorizationManagerBeforeMethodInterceptor.java:271)
	at org.springframework.security.authorization.method.AuthorizationManagerBeforeMethodInterceptor.attemptAuthorization(AuthorizationManagerBeforeMethodInterceptor.java:266)
	at org.springframework.security.authorization.method.AuthorizationManagerBeforeMethodInterceptor.invoke(AuthorizationManagerBeforeMethodInterceptor.java:197)
	at org.springframework.security.config.annotation.method.configuration.DeferringMethodInterceptor.invoke(DeferringMethodInterceptor.java:44)
	at org.springframework.aop.framework.ReflectiveMethodInvocation.proceed(ReflectiveMethodInvocation.java:179)
	at org.springframework.aop.framework.CglibAopProxy$DynamicAdvisedInterceptor.intercept(CglibAopProxy.java:719)
	at org.springframework.samples.petclinic.rest.controller.v1.OwnerRestControllerV1$$SpringCGLIB$$0.addOwner(<generated>)
	at jdk.internal.reflect.GeneratedMethodAccessor71.invoke(Unknown Source)
	at java.base/jdk.internal.reflect.DelegatingMethodAccessorImpl.invoke(DelegatingMethodAccessorImpl.java:43)
	at java.base/java.lang.reflect.Method.invoke(Method.java:569)
	at org.springframework.web.method.support.InvocableHandlerMethod.doInvoke(InvocableHandlerMethod.java:252)
	at org.springframework.web.method.support.InvocableHandlerMethod.invokeForRequest(InvocableHandlerMethod.java:184)
	at org.springframework.web.servlet.mvc.method.annotation.ServletInvocableHandlerMethod.invokeAndHandle(ServletInvocableHandlerMethod.java:117)
	at org.springframework.web.servlet.mvc.method.annotation.RequestMappingHandlerAdapter.invokeHandlerMethod(RequestMappingHandlerAdapter.java:934)
	at org.springframework.web.servlet.mvc.method.annotation.RequestMappingHandlerAdapter.handleInternal(RequestMappingHandlerAdapter.java:853)
	at org.springframework.web.servlet.mvc.method.AbstractHandlerMethodAdapter.handle(AbstractHandlerMethodAdapter.java:86)
	at org.springframework.web.servlet.DispatcherServlet.doDispatch(DispatcherServlet.java:963)
	at org.springframework.web.servlet.DispatcherServlet.doService(DispatcherServlet.java:866)
	at org.springframework.web.servlet.FrameworkServlet.processRequest(FrameworkServlet.java:1000)
	at org.springframework.web.servlet.FrameworkServlet.doPost(FrameworkServlet.java:903)
	at jakarta.servlet.http.HttpServlet.service(HttpServlet.java:649)
	at org.springframework.web.servlet.FrameworkServlet.service(FrameworkServlet.java:874)
	at org.springframework.test.web.servlet.TestDispatcherServlet.service(TestDispatcherServlet.java:72)
	at jakarta.servlet.http.HttpServlet.service(HttpServlet.java:710)
	at org.springframework.mock.web.MockFilterChain$ServletFilterProxy.doFilter(MockFilterChain.java:160)
	at org.springframework.mock.web.MockFilterChain.doFilter(MockFilterChain.java:127)
	at org.springframework.web.filter.CompositeFilter$VirtualFilterChain.doFilter(CompositeFilter.java:108)
	at org.springframework.security.web.FilterChainProxy.lambda$doFilterInternal$2(FilterChainProxy.java:235)
	at org.springframework.security.web.ObservationFilterChainDecorator$FilterObservation$SimpleFilterObservation.lambda$wrap$1(ObservationFilterChainDecorator.java:491)
	at org.springframework.security.web.ObservationFilterChainDecorator$AroundFilterObservation$SimpleAroundFilterObservation.lambda$wrap$1(ObservationFilterChainDecorator.java:353)
	at org.springframework.security.web.ObservationFilterChainDecorator.lambda$wrapSecured$0(ObservationFilterChainDecorator.java:84)
	at org.springframework.security.web.ObservationFilterChainDecorator$VirtualFilterChain.doFilter(ObservationFilterChainDecorator.java:131)
	at org.springframework.security.web.access.intercept.AuthorizationFilter.doFilter(AuthorizationFilter.java:101)
	at org.springframework.security.web.ObservationFilterChainDecorator$ObservationFilter.wrapFilter(ObservationFilterChainDecorator.java:243)
	at org.springframework.security.web.ObservationFilterChainDecorator$ObservationFilter.doFilter(ObservationFilterChainDecorator.java:230)
	at org.springframework.security.web.ObservationFilterChainDecorator$VirtualFilterChain.doFilter(ObservationFilterChainDecorator.java:140)
	at org.springframework.security.web.access.ExceptionTranslationFilter.doFilter(ExceptionTranslationFilter.java:126)
	at org.springframework.security.web.access.ExceptionTranslationFilter.doFilter(ExceptionTranslationFilter.java:120)
	at org.springframework.security.web.ObservationFilterChainDecorator$ObservationFilter.wrapFilter(ObservationFilterChainDecorator.java:243)
	at org.springframework.security.web.ObservationFilterChainDecorator$ObservationFilter.doFilter(ObservationFilterChainDecorator.java:230)
	at org.springframework.security.web.ObservationFilterChainDecorator$VirtualFilterChain.doFilter(ObservationFilterChainDecorator.java:140)
	at org.springframework.security.web.authentication.AnonymousAuthenticationFilter.doFilter(AnonymousAuthenticationFilter.java:100)
	at org.springframework.security.web.ObservationFilterChainDecorator$ObservationFilter.wrapFilter(ObservationFilterChainDecorator.java:243)
	at org.springframework.security.web.ObservationFilterChainDecorator$ObservationFilter.doFilter(ObservationFilterChainDecorator.java:230)
	at org.springframework.security.web.ObservationFilterChainDecorator$VirtualFilterChain.doFilter(ObservationFilterChainDecorator.java:140)
	at org.springframework.security.web.servletapi.SecurityContextHolderAwareRequestFilter.doFilter(SecurityContextHolderAwareRequestFilter.java:181)
	at org.springframework.security.web.ObservationFilterChainDecorator$ObservationFilter.wrapFilter(ObservationFilterChainDecorator.java:243)
	at org.springframework.security.web.ObservationFilterChainDecorator$ObservationFilter.doFilter(ObservationFilterChainDecorator.java:230)
	at org.springframework.security.web.ObservationFilterChainDecorator$VirtualFilterChain.doFilter(ObservationFilterChainDecorator.java:140)
	at org.springframework.security.web.savedrequest.RequestCacheAwareFilter.doFilter(RequestCacheAwareFilter.java:63)
	at org.springframework.security.web.ObservationFilterChainDecorator$ObservationFilter.wrapFilter(ObservationFilterChainDecorator.java:243)
	at org.springframework.security.web.ObservationFilterChainDecorator$ObservationFilter.doFilter(ObservationFilterChainDecorator.java:230)
	at org.springframework.security.web.ObservationFilterChainDecorator$VirtualFilterChain.doFilter(ObservationFilterChainDecorator.java:140)
	at org.springframework.security.web.authentication.www.BasicAuthenticationFilter.doFilterInternal(BasicAuthenticationFilter.java:198)
	at org.springframework.web.filter.OncePerRequestFilter.doFilter(OncePerRequestFilter.java:116)
	at org.springframework.security.web.ObservationFilterChainDecorator$ObservationFilter.wrapFilter(ObservationFilterChainDecorator.java:243)
	at org.springframework.security.web.ObservationFilterChainDecorator$ObservationFilter.doFilter(ObservationFilterChainDecorator.java:230)
	at org.springframework.security.web.ObservationFilterChainDecorator$VirtualFilterChain.doFilter(ObservationFilterChainDecorator.java:140)
	at org.springframework.security.web.authentication.logout.LogoutFilter.doFilter(LogoutFilter.java:110)
	at org.springframework.security.web.authentication.logout.LogoutFilter.doFilter(LogoutFilter.java:96)
	at org.springframework.security.web.ObservationFilterChainDecorator$ObservationFilter.wrapFilter(ObservationFilterChainDecorator.java:243)
	at org.springframework.security.web.ObservationFilterChainDecorator$ObservationFilter.doFilter(ObservationFilterChainDecorator.java:230)
	at org.springframework.security.web.ObservationFilterChainDecorator$VirtualFilterChain.doFilter(ObservationFilterChainDecorator.java:140)
	at org.springframework.security.web.header.HeaderWriterFilter.doHeadersAfter(HeaderWriterFilter.java:90)
	at org.springframework.security.web.header.HeaderWriterFilter.doFilterInternal(HeaderWriterFilter.java:75)
	at org.springframework.web.filter.OncePerRequestFilter.doFilter(OncePerRequestFilter.java:116)
	at org.springframework.security.web.ObservationFilterChainDecorator$ObservationFilter.wrapFilter(ObservationFilterChainDecorator.java:243)
	at org.springframework.security.web.ObservationFilterChainDecorator$ObservationFilter.doFilter(ObservationFilterChainDecorator.java:230)
	at org.springframework.security.web.ObservationFilterChainDecorator$VirtualFilterChain.doFilter(ObservationFilterChainDecorator.java:140)
	at org.springframework.security.web.context.SecurityContextHolderFilter.doFilter(SecurityContextHolderFilter.java:82)
	at org.springframework.security.web.context.SecurityContextHolderFilter.doFilter(SecurityContextHolderFilter.java:69)
	at org.springframework.security.web.ObservationFilterChainDecorator$ObservationFilter.wrapFilter(ObservationFilterChainDecorator.java:243)
	at org.springframework.security.web.ObservationFilterChainDecorator$ObservationFilter.doFilter(ObservationFilterChainDecorator.java:230)
	at org.springframework.security.web.ObservationFilterChainDecorator$VirtualFilterChain.doFilter(ObservationFilterChainDecorator.java:140)
	at org.springframework.security.web.context.request.async.WebAsyncManagerIntegrationFilter.doFilterInternal(WebAsyncManagerIntegrationFilter.java:62)
	at org.springframework.web.filter.OncePerRequestFilter.doFilter(OncePerRequestFilter.java:116)
	at org.springframework.security.web.ObservationFilterChainDecorator$ObservationFilter.wrapFilter(ObservationFilterChainDecorator.java:243)
	at org.springframework.security.web.ObservationFilterChainDecorator$ObservationFilter.doFilter(ObservationFilterChainDecorator.java:230)
	at org.springframework.security.web.ObservationFilterChainDecorator$VirtualFilterChain.doFilter(ObservationFilterChainDecorator.java:140)
	at org.springframework.security.web.session.DisableEncodeUrlFilter.doFilterInternal(DisableEncodeUrlFilter.java:42)
	at org.springframework.web.filter.OncePerRequestFilter.doFilter(OncePerRequestFilter.java:116)
	at org.springframework.security.web.ObservationFilterChainDecorator$ObservationFilter.wrapFilter(ObservationFilterChainDecorator.java:243)
	at org.springframework.security.web.ObservationFilterChainDecorator$AroundFilterObservation$SimpleAroundFilterObservation.lambda$wrap$0(ObservationFilterChainDecorator.java:336)
	at org.springframework.security.web.ObservationFilterChainDecorator$ObservationFilter.doFilter(ObservationFilterChainDecorator.java:227)
	at org.springframework.security.web.ObservationFilterChainDecorator$VirtualFilterChain.doFilter(ObservationFilterChainDecorator.java:140)
	at org.springframework.security.web.FilterChainProxy.doFilterInternal(FilterChainProxy.java:237)
	at org.springframework.security.web.FilterChainProxy.doFilter(FilterChainProxy.java:195)
	at org.springframework.web.filter.CompositeFilter$VirtualFilterChain.doFilter(CompositeFilter.java:113)
	at org.springframework.web.filter.ServletRequestPathFilter.doFilter(ServletRequestPathFilter.java:52)
	at org.springframework.web.filter.CompositeFilter$VirtualFilterChain.doFilter(CompositeFilter.java:113)
	at org.springframework.web.filter.CompositeFilter.doFilter(CompositeFilter.java:74)
	at org.springframework.security.config.annotation.web.configuration.WebSecurityConfiguration$CompositeFilterChainProxy.doFilter(WebSecurityConfiguration.java:317)
	at org.springframework.web.filter.DelegatingFilterProxy.invokeDelegate(DelegatingFilterProxy.java:355)
	at org.springframework.web.filter.DelegatingFilterProxy.doFilter(DelegatingFilterProxy.java:272)
	at org.springframework.test.web.servlet.setup.MockMvcFilterDecorator.doFilter(MockMvcFilterDecorator.java:160)
	at org.springframework.mock.web.MockFilterChain.doFilter(MockFilterChain.java:127)
	at org.springframework.web.filter.RequestContextFilter.doFilterInternal(RequestContextFilter.java:100)
	at org.springframework.web.filter.OncePerRequestFilter.doFilter(OncePerRequestFilter.java:116)
	at org.springframework.test.web.servlet.setup.MockMvcFilterDecorator.doFilter(MockMvcFilterDecorator.java:160)
	at org.springframework.mock.web.MockFilterChain.doFilter(MockFilterChain.java:127)
	at org.springframework.web.filter.FormContentFilter.doFilterInternal(FormContentFilter.java:93)
	at org.springframework.web.filter.OncePerRequestFilter.doFilter(OncePerRequestFilter.java:116)
	at org.springframework.test.web.servlet.setup.MockMvcFilterDecorator.doFilter(MockMvcFilterDecorator.java:160)
	at org.springframework.mock.web.MockFilterChain.doFilter(MockFilterChain.java:127)
	at org.springframework.web.filter.ServerHttpObservationFilter.doFilterInternal(ServerHttpObservationFilter.java:110)
	at org.springframework.web.filter.OncePerRequestFilter.doFilter(OncePerRequestFilter.java:116)
	at org.springframework.test.web.servlet.setup.MockMvcFilterDecorator.doFilter(MockMvcFilterDecorator.java:160)
	at org.springframework.mock.web.MockFilterChain.doFilter(MockFilterChain.java:127)
	at org.springframework.web.filter.CharacterEncodingFilter.doFilterInternal(CharacterEncodingFilter.java:199)
	at org.springframework.web.filter.OncePerRequestFilter.doFilter(OncePerRequestFilter.java:116)
	at org.springframework.test.web.servlet.setup.MockMvcFilterDecorator.doFilter(MockMvcFilterDecorator.java:160)
	at org.springframework.mock.web.MockFilterChain.doFilter(MockFilterChain.java:127)
	at org.springframework.test.web.servlet.MockMvc.perform(MockMvc.java:199)
	at org.springframework.samples.petclinic.acceptance.AcceptanceBase.createOwner(AcceptanceBase.java:156)
	at org.springframework.samples.petclinic.acceptance.Cp01Tests.coreRejectsWhenNoAddressAtAll(Cp01Tests.java:18)
	at java.base/jdk.internal.reflect.NativeMethodAccessorImpl.invoke0(Native Method)
	at java.base/jdk.internal.reflect.NativeMethodAccessorImpl.invoke(NativeMethodAccessorImpl.java:77)
	at java.base/jdk.internal.reflect.DelegatingMethodAccessorImpl.invoke(DelegatingMethodAccessorImpl.java:43)
	at java.base/java.lang.reflect.Method.invoke(Method.java:569)
	at org.junit.platform.commons.util.ReflectionUtils.invokeMethod(ReflectionUtils.java:701)
	at org.junit.platform.commons.support.ReflectionSupport.invokeMethod(ReflectionSupport.java:502)
	at org.junit.jupiter.engine.support.MethodReflectionUtils.invoke(MethodReflectionUtils.java:45)
	at org.junit.jupiter.engine.execution.MethodInvocation.proceed(MethodInvocation.java:61)
	at org.junit.jupiter.engine.execution.InvocationInterceptorChain$ValidatingInvocation.proceed(InvocationInterceptorChain.java:124)
	at org.junit.jupiter.engine.extension.TimeoutExtension.intercept(TimeoutExtension.java:163)
	at org.junit.jupiter.engine.extension.TimeoutExtension.interceptTestableMethod(TimeoutExtension.java:148)
	at org.junit.jupiter.engine.extension.TimeoutExtension.interceptTestMethod(TimeoutExtension.java:86)
	at org.junit.jupiter.engine.execution.InterceptingExecutableInvoker$ReflectiveInterceptorCall.lambda$ofVoidMethod$0(InterceptingExecutableInvoker.java:123)
	at org.junit.jupiter.engine.execution.InterceptingExecutableInvoker.lambda$invoke$0(InterceptingExecutableInvoker.java:105)
	at org.junit.jupiter.engine.execution.InvocationInterceptorChain$InterceptedInvocation.proceed(InvocationInterceptorChain.java:99)
	at org.junit.jupiter.engine.execution.InvocationInterceptorChain.proceed(InvocationInterceptorChain.java:66)
	at org.junit.jupiter.engine.execution.InvocationInterceptorChain.chainAndInvoke(InvocationInterceptorChain.java:47)
	at org.junit.jupiter.engine.execution.InvocationInterceptorChain.invoke(InvocationInterceptorChain.java:39)
	at org.junit.jupiter.engine.execution.InterceptingExecutableInvoker.invoke(InterceptingExecutableInvoker.java:104)
	at org.junit.jupiter.engine.execution.InterceptingExecutableInvoker.invoke(InterceptingExecutableInvoker.java:98)
	at org.junit.jupiter.engine.execution.InterceptingExecutableInvoker.invokeVoid(InterceptingExecutableInvoker.java:71)
	at org.junit.jupiter.engine.descriptor.TestMethodTestDescriptor.lambda$invokeTestMethod$0(TestMethodTestDescriptor.java:219)
	at org.junit.platform.engine.support.hierarchical.ThrowableCollector.execute(ThrowableCollector.java:74)
	at org.junit.jupiter.engine.descriptor.TestMethodTestDescriptor.invokeTestMethod(TestMethodTestDescriptor.java:215)
	at org.junit.jupiter.engine.descriptor.TestMethodTestDescriptor.execute(TestMethodTestDescriptor.java:157)
	at org.junit.jupiter.engine.descriptor.TestMethodTestDescriptor.execute(TestMethodTestDescriptor.java:70)
	at org.junit.platform.engine.support.hierarchical.NodeTestTask.lambda$executeRecursively$2(NodeTestTask.java:176)
	at org.junit.platform.engine.support.hierarchical.ThrowableCollector.execute(ThrowableCollector.java:74)
	at org.junit.platform.engine.support.hierarchical.NodeTestTask.lambda$executeRecursively$1(NodeTestTask.java:166)
	at org.junit.platform.engine.support.hierarchical.Node.around(Node.java:138)
	at org.junit.platform.engine.support.hierarchical.NodeTestTask.lambda$executeRecursively$0(NodeTestTask.java:164)
	at org.junit.platform.engine.support.hierarchical.ThrowableCollector.execute(ThrowableCollector.java:74)
	at org.junit.platform.engine.support.hierarchical.NodeTestTask.executeRecursively(NodeTestTask.java:163)
	at org.junit.platform.engine.support.hierarchical.NodeTestTask.execute(NodeTestTask.java:116)
	at java.base/java.util.ArrayList.forEach(ArrayList.java:1511)
	at org.junit.platform.engine.support.hierarchical.SameThreadHierarchicalTestExecutorService.invokeAll(SameThreadHierarchicalTestExecutorService.java:42)
	at org.junit.platform.engine.support.hierarchical.NodeTestTask.lambda$executeRecursively$2(NodeTestTask.java:180)
	at org.junit.platform.engine.support.hierarchical.ThrowableCollector.execute(ThrowableCollector.java:74)
	at org.junit.platform.engine.support.hierarchical.NodeTestTask.lambda$executeRecursively$1(NodeTestTask.java:166)
	at org.junit.platform.engine.support.hierarchical.Node.around(Node.java:138)
	at org.junit.platform.engine.support.hierarchical.NodeTestTask.lambda$executeRecursively$0(NodeTestTask.java:164)
	at org.junit.platform.engine.support.hierarchical.ThrowableCollector.execute(ThrowableCollector.java:74)
	at org.junit.platform.engine.support.hierarchical.NodeTestTask.executeRecursively(NodeTestTask.java:163)
	at org.junit.platform.engine.support.hierarchical.NodeTestTask.execute(NodeTestTask.java:116)
	at java.base/java.util.ArrayList.forEach(ArrayList.java:1511)
	at org.junit.platform.engine.support.hierarchical.SameThreadHierarchicalTestExecutorService.invokeAll(SameThreadHierarchicalTestExecutorService.java:42)
	at org.junit.platform.engine.support.hierarchical.NodeTestTask.lambda$executeRecursively$2(NodeTestTask.java:180)
	at org.junit.platform.engine.support.hierarchical.ThrowableCollector.execute(ThrowableCollector.java:74)
	at org.junit.platform.engine.support.hierarchical.NodeTestTask.lambda$executeRecursively$1(NodeTestTask.java:166)
	at org.junit.platform.engine.support.hierarchical.Node.around(Node.java:138)
	at org.junit.platform.engine.support.hierarchical.NodeTestTask.lambda$executeRecursively$0(NodeTestTask.java:164)
	at org.junit.platform.engine.support.hierarchical.ThrowableCollector.execute(ThrowableCollector.java:74)
	at org.junit.platform.engine.support.hierarchical.NodeTestTask.executeRecursively(NodeTestTask.java:163)
	at org.junit.platform.engine.support.hierarchical.NodeTestTask.execute(NodeTestTask.java:116)
	at org.junit.platform.engine.support.hierarchical.SameThreadHierarchicalTestExecutorService.submit(SameThreadHierarchicalTestExecutorService.java:36)
	at org.junit.platform.engine.support.hierarchical.HierarchicalTestExecutor.execute(HierarchicalTestExecutor.java:52)
	at org.junit.platform.engine.support.hierarchical.HierarchicalTestEngine.execute(HierarchicalTestEngine.java:58)
	at org.junit.platform.launcher.core.EngineExecutionOrchestrator.executeEngine(EngineExecutionOrchestrator.java:246)
	at org.junit.platform.launcher.core.EngineExecutionOrchestrator.failOrExecuteEngine(EngineExecutionOrchestrator.java:218)
	at org.junit.platform.launcher.core.EngineExecutionOrchestrator.execute(EngineExecutionOrchestrator.java:179)
	at org.junit.platform.launcher.core.EngineExecutionOrchestrator.execute(EngineExecutionOrchestrator.java:108)
	at org.junit.platform.launcher.core.EngineExecutionOrchestrator.lambda$execute$0(EngineExecutionOrchestrator.java:66)
	at org.junit.platform.launcher.core.EngineExecutionOrchestrator.withInterceptedStreams(EngineExecutionOrchestrator.java:157)
	at org.junit.platform.launcher.core.EngineExecutionOrchestrator.execute(EngineExecutionOrchestrator.java:65)
	at org.junit.platform.launcher.core.DefaultLauncher.execute(DefaultLauncher.java:125)
	at org.junit.platform.launcher.core.DefaultLauncher.execute(DefaultLauncher.java:114)
	at org.junit.platform.launcher.core.DelegatingLauncher.execute(DelegatingLauncher.java:58)
	at org.junit.platform.launcher.core.InterceptingLauncher.lambda$execute$2(InterceptingLauncher.java:57)
	at org.junit.platform.launcher.core.ClasspathAlignmentCheckingLauncherInterceptor.intercept(ClasspathAlignmentCheckingLauncherInterceptor.java:25)
	at org.junit.platform.launcher.core.InterceptingLauncher.execute(InterceptingLauncher.java:56)
	at org.junit.platform.launcher.core.DelegatingLauncher.execute(DelegatingLauncher.java:58)
	at java.base/jdk.internal.reflect.NativeMethodAccessorImpl.invoke0(Native Method)
	at java.base/jdk.internal.reflect.NativeMethodAccessorImpl.invoke(NativeMethodAccessorImpl.java:77)
	at java.base/jdk.internal.reflect.DelegatingMethodAccessorImpl.invoke(DelegatingMethodAccessorImpl.java:43)
	at java.base/java.lang.reflect.Method.invoke(Method.java:569)
	at org.apache.maven.surefire.api.util.ReflectionUtils.invokeMethodWithArray(ReflectionUtils.java:125)
	at org.apache.maven.surefire.junitplatform.LauncherAdapter.executeWithCancellationToken(LauncherAdapter.java:68)
	at org.apache.maven.surefire.junitplatform.LauncherAdapter.execute(LauncherAdapter.java:54)
	at org.apache.maven.surefire.junitplatform.JUnitPlatformProvider.execute(JUnitPlatformProvider.java:203)
	at org.apache.maven.surefire.junitplatform.JUnitPlatformProvider.invokeAllTests(JUnitPlatformProvider.java:168)
	at org.apache.maven.surefire.junitplatform.JUnitPlatformProvider.invoke(JUnitPlatformProvider.java:136)
	at org.apache.maven.surefire.booter.ForkedBooter.runSuitesInProcess(ForkedBooter.java:385)
	at org.apache.maven.surefire.booter.ForkedBooter.execute(ForkedBooter.java:162)
	at org.apache.maven.surefire.booter.ForkedBooter.run(ForkedBooter.java:507)
	at org.apache.maven.surefire.booter.ForkedBooter.main(ForkedBooter.java:495)

MockHttpServletRequest:
      HTTP Method = POST
      Request URI = /api/owners
       Parameters = {}
          Headers = [Content-Type:"application/json;charset=UTF-8", Content-Length:"100"]
             Body = {"firstName":"Test","lastName":"Suraef","city":"Town814","telephone":"0400000815","postcode":"2000"}
    Session Attrs = {SPRING_SECURITY_CONTEXT=SecurityContextImpl [Authentication=UsernamePasswordAuthenticationToken [Principal=org.springframework.security.core.userdetails.User [Username=acceptance-admin, Password=[PROTECTED], Enabled=true, AccountNonExpired=true, CredentialsNonExpired=true, AccountNonLocked=true, Granted Authorities=[ROLE_ADMIN, ROLE_OWNER_ADMIN, ROLE_VET_ADMIN]], Credentials=[PROTECTED], Authenticated=true, Details=null, Granted Authorities=[ROLE_ADMIN, ROLE_OWNER_ADMIN, ROLE_VET_ADMIN]]]}

Handler:
             Type = org.springframework.samples.petclinic.rest.controller.v1.OwnerRestControllerV1
           Method = org.springframework.samples.petclinic.rest.controller.v1.OwnerRestControllerV1#addOwner(OwnerFieldsDto)

Async:
    Async started = false
     Async result = null

Resolved Exception:
             Type = jakarta.validation.ConstraintViolationException

ModelAndView:
        View name = null
             View = null
            Model = null

FlashMap:
       Attributes = null

MockHttpServletResponse:
           Status = 500
    Error message = null
          Headers = [Vary:"Origin", "Access-Control-Request-Method", "Access-Control-Request-Headers", Content-Type:"application/problem+json", X-Content-Type-Options:"nosniff", X-XSS-Protection:"0", Cache-Control:"no-cache, no-store, max-age=0, must-revalidate", Pragma:"no-cache", Expires:"0", X-Frame-Options:"DENY"]
     Content type = application/problem+json
             Body = {"detail":"An unexpected error occurred while processing your request","instance":"/api/owners","status":500,"title":"ConstraintViolationException","type":"http://localhost/api/owners","timestamp":"2026-09-02T19:27:39.626496287Z","schemaValidationErrors":[]}
    Forwarded URL = null
   Redirected URL = null
          Cookies = []
DEBUG ExceptionControllerAdvice - Validation error at POST /api/owners: [Field error in object 'ownerFieldsDto' on field 'city': rejected value [null]; codes [NotNull.ownerFieldsDto.city,NotNull.city,NotNull.java.lang.String,NotNull]; arguments [org.springframework.context.support.DefaultMessageSourceResolvable: codes [ownerFieldsDto.city,city]; arguments []; default message [city]]; default message [must not be null]]
[ERROR] Tests run: 2, Failures: 1, Errors: 0, Skipped: 0, Time elapsed: 0.034 s <<< FAILURE! -- in org.springframework.samples.petclinic.acceptance.Cp01Tests
[ERROR] org.springframework.samples.petclinic.acceptance.Cp01Tests.coreRejectsWhenNoAddressAtAll -- Time elapsed: 0.021 s <<< FAILURE!
java.lang.AssertionError: Status expected:<400> but was:<500>
	at org.springframework.test.util.AssertionErrors.fail(AssertionErrors.java:62)
	at org.springframework.test.util.AssertionErrors.assertEquals(AssertionErrors.java:129)
	at org.springframework.test.web.servlet.result.StatusResultMatchers.lambda$matcher$0(StatusResultMatchers.java:600)
	at org.springframework.test.web.servlet.MockMvc$1.andExpect(MockMvc.java:212)
	at org.springframework.samples.petclinic.acceptance.Cp01Tests.coreRejectsWhenNoAddressAtAll(Cp01Tests.java:18)

INFO  AnnotationConfigContextLoaderUtils - Could not detect default configuration classes for test class [org.springframework.samples.petclinic.acceptance.Cp26Tests]: Cp26Tests does not declare any static, non-private, non-final, nested classes annotated with @Configuration.
INFO  SpringBootTestContextBootstrapper - Found @SpringBootConfiguration org.springframework.samples.petclinic.PetClinicApplication for test class org.springframework.samples.petclinic.acceptance.Cp26Tests
INFO  AnnotationConfigContextLoaderUtils - Could not detect default configuration classes for test class [org.springframework.samples.petclinic.acceptance.Cp26Tests]: Cp26Tests does not declare any static, non-private, non-final, nested classes annotated with @Configuration.
INFO  AnnotationConfigContextLoaderUtils - Could not detect default configuration classes for test class [org.springframework.samples.petclinic.acceptance.AcceptanceBase]: AcceptanceBase does not declare any static, non-private, non-final, nested classes annotated with @Configuration.
INFO  SpringBootTestContextBootstrapper - Found @SpringBootConfiguration org.springframework.samples.petclinic.PetClinicApplication for test class org.springframework.samples.petclinic.acceptance.Cp26Tests
DEBUG ExceptionControllerAdvice - Validation error at POST /api/owners: [Field error in object 'ownerFieldsDto' on field 'telephone': rejected value [+61 123]; codes [Pattern.ownerFieldsDto.telephone,Pattern.telephone,Pattern.java.lang.String,Pattern]; arguments [org.springframework.context.support.DefaultMessageSourceResolvable: codes [ownerFieldsDto.telephone,telephone]; arguments []; default message [telephone],[Ljakarta.validation.constraints.Pattern$Flag;@bf872e7,^[^0-9]*([0-9][^0-9]*){10}$]; default message [must match "^[^0-9]*([0-9][^0-9]*){10}$"]]
INFO  AnnotationConfigContextLoaderUtils - Could not detect default configuration classes for test class [org.springframework.samples.petclinic.acceptance.Cp46Tests]: Cp46Tests does not declare any static, non-private, non-final, nested classes annotated with @Configuration.
INFO  SpringBootTestContextBootstrapper - Found @SpringBootConfiguration org.springframework.samples.petclinic.PetClinicApplication for test class org.springframework.samples.petclinic.acceptance.Cp46Tests
INFO  AnnotationConfigContextLoaderUtils - Could not detect default configuration classes for test class [org.springframework.samples.petclinic.acceptance.Cp46Tests]: Cp46Tests does not declare any static, non-private, non-final, nested classes annotated with @Configuration.
INFO  AnnotationConfigContextLoaderUtils - Could not detect default configuration classes for test class [org.springframework.samples.petclinic.acceptance.AcceptanceBase]: AcceptanceBase does not declare any static, non-private, non-final, nested classes annotated with @Configuration.
INFO  SpringBootTestContextBootstrapper - Found @SpringBootConfiguration org.springframework.samples.petclinic.PetClinicApplication for test class org.springframework.samples.petclinic.acceptance.Cp46Tests
INFO  AUDIT - owner created id=201 customerCode=NSW-F1F4E07C registrationDate=2026-09-03 membershipLevel=2 membershipNumber=NSW-F1F4E07C-M27
INFO  AUDIT - {"seq":191,"ownerId":201,"customerCode":"NSW-F1F4E07C","membershipLevel":2,"event":"OWNER_CREATED"}
INFO  AUDIT - owner created id=202 customerCode=NSW-F1F4E07C registrationDate=2026-09-03 membershipLevel=2 membershipNumber=NSW-F1F4E07C-M27
INFO  AUDIT - {"seq":192,"ownerId":202,"customerCode":"NSW-F1F4E07C","membershipLevel":2,"event":"OWNER_CREATED"}
INFO  AnnotationConfigContextLoaderUtils - Could not detect default configuration classes for test class [org.springframework.samples.petclinic.acceptance.Cp27Tests]: Cp27Tests does not declare any static, non-private, non-final, nested classes annotated with @Configuration.
INFO  SpringBootTestContextBootstrapper - Found @SpringBootConfiguration org.springframework.samples.petclinic.PetClinicApplication for test class org.springframework.samples.petclinic.acceptance.Cp27Tests
INFO  AnnotationConfigContextLoaderUtils - Could not detect default configuration classes for test class [org.springframework.samples.petclinic.acceptance.Cp27Tests]: Cp27Tests does not declare any static, non-private, non-final, nested classes annotated with @Configuration.
INFO  AnnotationConfigContextLoaderUtils - Could not detect default configuration classes for test class [org.springframework.samples.petclinic.acceptance.AcceptanceBase]: AcceptanceBase does not declare any static, non-private, non-final, nested classes annotated with @Configuration.
INFO  SpringBootTestContextBootstrapper - Found @SpringBootConfiguration org.springframework.samples.petclinic.PetClinicApplication for test class org.springframework.samples.petclinic.acceptance.Cp27Tests
INFO  AUDIT - owner created id=203 customerCode=UNKNOWN-2DD5DF92 registrationDate=2026-09-03 membershipLevel=2 membershipNumber=UNKNOWN-2DD5DF92-M27
INFO  AUDIT - {"seq":193,"ownerId":203,"customerCode":"UNKNOWN-2DD5DF92","membershipLevel":2,"event":"OWNER_CREATED"}
INFO  AUDIT - owner created id=204 customerCode=UNKNOWN-EF88D408 registrationDate=2026-09-03 membershipLevel=1 membershipNumber=UNKNOWN-EF88D408-M27
INFO  AUDIT - {"seq":194,"ownerId":204,"customerCode":"UNKNOWN-EF88D408","membershipLevel":1,"event":"OWNER_CREATED"}
INFO  AnnotationConfigContextLoaderUtils - Could not detect default configuration classes for test class [org.springframework.samples.petclinic.acceptance.Cp22Tests]: Cp22Tests does not declare any static, non-private, non-final, nested classes annotated with @Configuration.
INFO  SpringBootTestContextBootstrapper - Found @SpringBootConfiguration org.springframework.samples.petclinic.PetClinicApplication for test class org.springframework.samples.petclinic.acceptance.Cp22Tests
INFO  AnnotationConfigContextLoaderUtils - Could not detect default configuration classes for test class [org.springframework.samples.petclinic.acceptance.Cp22Tests]: Cp22Tests does not declare any static, non-private, non-final, nested classes annotated with @Configuration.
INFO  AnnotationConfigContextLoaderUtils - Could not detect default configuration classes for test class [org.springframework.samples.petclinic.acceptance.AcceptanceBase]: AcceptanceBase does not declare any static, non-private, non-final, nested classes annotated with @Configuration.
INFO  SpringBootTestContextBootstrapper - Found @SpringBootConfiguration org.springframework.samples.petclinic.PetClinicApplication for test class org.springframework.samples.petclinic.acceptance.Cp22Tests
INFO  AUDIT - owner created id=205 customerCode=UNKNOWN-BACA248F registrationDate=2026-09-03 membershipLevel=1 membershipNumber=UNKNOWN-BACA248F-M27
INFO  AUDIT - {"seq":195,"ownerId":205,"customerCode":"UNKNOWN-BACA248F","membershipLevel":1,"event":"OWNER_CREATED"}
INFO  AnnotationConfigContextLoaderUtils - Could not detect default configuration classes for test class [org.springframework.samples.petclinic.acceptance.Cp30Tests]: Cp30Tests does not declare any static, non-private, non-final, nested classes annotated with @Configuration.
INFO  SpringBootTestContextBootstrapper - Found @SpringBootConfiguration org.springframework.samples.petclinic.PetClinicApplication for test class org.springframework.samples.petclinic.acceptance.Cp30Tests
INFO  AnnotationConfigContextLoaderUtils - Could not detect default configuration classes for test class [org.springframework.samples.petclinic.acceptance.Cp30Tests]: Cp30Tests does not declare any static, non-private, non-final, nested classes annotated with @Configuration.
INFO  AnnotationConfigContextLoaderUtils - Could not detect default configuration classes for test class [org.springframework.samples.petclinic.acceptance.AcceptanceBase]: AcceptanceBase does not declare any static, non-private, non-final, nested classes annotated with @Configuration.
INFO  SpringBootTestContextBootstrapper - Found @SpringBootConfiguration org.springframework.samples.petclinic.PetClinicApplication for test class org.springframework.samples.petclinic.acceptance.Cp30Tests
INFO  AUDIT - owner created id=206 customerCode=NSW-E63705F4 registrationDate=2026-09-03 membershipLevel=1 membershipNumber=NSW-E63705F4-M27
INFO  AUDIT - {"seq":196,"ownerId":206,"customerCode":"NSW-E63705F4","membershipLevel":1,"event":"OWNER_CREATED"}
INFO  AnnotationConfigContextLoaderUtils - Could not detect default configuration classes for test class [org.springframework.samples.petclinic.acceptance.Cp50Tests]: Cp50Tests does not declare any static, non-private, non-final, nested classes annotated with @Configuration.
INFO  SpringBootTestContextBootstrapper - Found @SpringBootConfiguration org.springframework.samples.petclinic.PetClinicApplication for test class org.springframework.samples.petclinic.acceptance.Cp50Tests
INFO  AnnotationConfigContextLoaderUtils - Could not detect default configuration classes for test class [org.springframework.samples.petclinic.acceptance.Cp50Tests]: Cp50Tests does not declare any static, non-private, non-final, nested classes annotated with @Configuration.
INFO  AnnotationConfigContextLoaderUtils - Could not detect default configuration classes for test class [org.springframework.samples.petclinic.acceptance.AcceptanceBase]: AcceptanceBase does not declare any static, non-private, non-final, nested classes annotated with @Configuration.
INFO  SpringBootTestContextBootstrapper - Found @SpringBootConfiguration org.springframework.samples.petclinic.PetClinicApplication for test class org.springframework.samples.petclinic.acceptance.Cp50Tests
INFO  AUDIT - owner created id=207 customerCode=NSW-8A8A2A12 registrationDate=2026-09-03 membershipLevel=1 membershipNumber=NSW-8A8A2A12-M27
INFO  AUDIT - {"seq":197,"ownerId":207,"customerCode":"NSW-8A8A2A12","membershipLevel":1,"event":"OWNER_CREATED"}
INFO  AnnotationConfigContextLoaderUtils - Could not detect default configuration classes for test class [org.springframework.samples.petclinic.acceptance.Cp24Tests]: Cp24Tests does not declare any static, non-private, non-final, nested classes annotated with @Configuration.
INFO  SpringBootTestContextBootstrapper - Found @SpringBootConfiguration org.springframework.samples.petclinic.PetClinicApplication for test class org.springframework.samples.petclinic.acceptance.Cp24Tests
INFO  AnnotationConfigContextLoaderUtils - Could not detect default configuration classes for test class [org.springframework.samples.petclinic.acceptance.Cp24Tests]: Cp24Tests does not declare any static, non-private, non-final, nested classes annotated with @Configuration.
INFO  AnnotationConfigContextLoaderUtils - Could not detect default configuration classes for test class [org.springframework.samples.petclinic.acceptance.AcceptanceBase]: AcceptanceBase does not declare any static, non-private, non-final, nested classes annotated with @Configuration.
INFO  SpringBootTestContextBootstrapper - Found @SpringBootConfiguration org.springframework.samples.petclinic.PetClinicApplication for test class org.springframework.samples.petclinic.acceptance.Cp24Tests
INFO  AUDIT - owner created id=208 customerCode=NSW-7BA12DB7 registrationDate=2026-09-03 membershipLevel=2 membershipNumber=NSW-7BA12DB7-M27
INFO  AUDIT - {"seq":198,"ownerId":208,"customerCode":"NSW-7BA12DB7","membershipLevel":2,"event":"OWNER_CREATED"}
INFO  AnnotationConfigContextLoaderUtils - Could not detect default configuration classes for test class [org.springframework.samples.petclinic.acceptance.Cp42Tests]: Cp42Tests does not declare any static, non-private, non-final, nested classes annotated with @Configuration.
INFO  SpringBootTestContextBootstrapper - Found @SpringBootConfiguration org.springframework.samples.petclinic.PetClinicApplication for test class org.springframework.samples.petclinic.acceptance.Cp42Tests
INFO  AnnotationConfigContextLoaderUtils - Could not detect default configuration classes for test class [org.springframework.samples.petclinic.acceptance.Cp42Tests]: Cp42Tests does not declare any static, non-private, non-final, nested classes annotated with @Configuration.
INFO  AnnotationConfigContextLoaderUtils - Could not detect default configuration classes for test class [org.springframework.samples.petclinic.acceptance.AcceptanceBase]: AcceptanceBase does not declare any static, non-private, non-final, nested classes annotated with @Configuration.
INFO  SpringBootTestContextBootstrapper - Found @SpringBootConfiguration org.springframework.samples.petclinic.PetClinicApplication for test class org.springframework.samples.petclinic.acceptance.Cp42Tests
INFO  AUDIT - owner created id=209 customerCode=NSW-C8AB1AAE registrationDate=2026-09-03 membershipLevel=1 membershipNumber=NSW-C8AB1AAE-M27
INFO  AUDIT - {"seq":199,"ownerId":209,"customerCode":"NSW-C8AB1AAE","membershipLevel":1,"event":"OWNER_CREATED"}
INFO  AnnotationConfigContextLoaderUtils - Could not detect default configuration classes for test class [org.springframework.samples.petclinic.acceptance.Cp41Tests]: Cp41Tests does not declare any static, non-private, non-final, nested classes annotated with @Configuration.
INFO  SpringBootTestContextBootstrapper - Found @SpringBootConfiguration org.springframework.samples.petclinic.PetClinicApplication for test class org.springframework.samples.petclinic.acceptance.Cp41Tests
INFO  AnnotationConfigContextLoaderUtils - Could not detect default configuration classes for test class [org.springframework.samples.petclinic.acceptance.Cp41Tests]: Cp41Tests does not declare any static, non-private, non-final, nested classes annotated with @Configuration.
INFO  AnnotationConfigContextLoaderUtils - Could not detect default configuration classes for test class [org.springframework.samples.petclinic.acceptance.AcceptanceBase]: AcceptanceBase does not declare any static, non-private, non-final, nested classes annotated with @Configuration.
INFO  SpringBootTestContextBootstrapper - Found @SpringBootConfiguration org.springframework.samples.petclinic.PetClinicApplication for test class org.springframework.samples.petclinic.acceptance.Cp41Tests
INFO  AUDIT - owner created id=210 customerCode=NSW-98F3460B registrationDate=2026-09-03 membershipLevel=1 membershipNumber=NSW-98F3460B-M27
INFO  AUDIT - {"seq":200,"ownerId":210,"customerCode":"NSW-98F3460B","membershipLevel":1,"event":"OWNER_CREATED"}
INFO  AUDIT - owner created id=211 customerCode=NSW-C898CF1C registrationDate=2026-09-03 membershipLevel=1 membershipNumber=NSW-C898CF1C-M27
INFO  AUDIT - {"seq":201,"ownerId":211,"customerCode":"NSW-C898CF1C","membershipLevel":1,"event":"OWNER_CREATED"}
INFO  AnnotationConfigContextLoaderUtils - Could not detect default configuration classes for test class [org.springframework.samples.petclinic.acceptance.Cp32Tests]: Cp32Tests does not declare any static, non-private, non-final, nested classes annotated with @Configuration.
INFO  SpringBootTestContextBootstrapper - Found @SpringBootConfiguration org.springframework.samples.petclinic.PetClinicApplication for test class org.springframework.samples.petclinic.acceptance.Cp32Tests
INFO  AnnotationConfigContextLoaderUtils - Could not detect default configuration classes for test class [org.springframework.samples.petclinic.acceptance.Cp32Tests]: Cp32Tests does not declare any static, non-private, non-final, nested classes annotated with @Configuration.
INFO  AnnotationConfigContextLoaderUtils - Could not detect default configuration classes for test class [org.springframework.samples.petclinic.acceptance.AcceptanceBase]: AcceptanceBase does not declare any static, non-private, non-final, nested classes annotated with @Configuration.
INFO  SpringBootTestContextBootstrapper - Found @SpringBootConfiguration org.springframework.samples.petclinic.PetClinicApplication for test class org.springframework.samples.petclinic.acceptance.Cp32Tests
INFO  AUDIT - owner created id=212 customerCode=NSW-901450CB registrationDate=2026-09-03 membershipLevel=1 membershipNumber=NSW-901450CB-M27
INFO  AUDIT - {"seq":202,"ownerId":212,"customerCode":"NSW-901450CB","membershipLevel":1,"event":"OWNER_CREATED"}
INFO  AnnotationConfigContextLoaderUtils - Could not detect default configuration classes for test class [org.springframework.samples.petclinic.acceptance.Cp38Tests]: Cp38Tests does not declare any static, non-private, non-final, nested classes annotated with @Configuration.
INFO  SpringBootTestContextBootstrapper - Found @SpringBootConfiguration org.springframework.samples.petclinic.PetClinicApplication for test class org.springframework.samples.petclinic.acceptance.Cp38Tests
INFO  AnnotationConfigContextLoaderUtils - Could not detect default configuration classes for test class [org.springframework.samples.petclinic.acceptance.Cp38Tests]: Cp38Tests does not declare any static, non-private, non-final, nested classes annotated with @Configuration.
INFO  AnnotationConfigContextLoaderUtils - Could not detect default configuration classes for test class [org.springframework.samples.petclinic.acceptance.AcceptanceBase]: AcceptanceBase does not declare any static, non-private, non-final, nested classes annotated with @Configuration.
INFO  SpringBootTestContextBootstrapper - Found @SpringBootConfiguration org.springframework.samples.petclinic.PetClinicApplication for test class org.springframework.samples.petclinic.acceptance.Cp38Tests
INFO  AnnotationConfigContextLoaderUtils - Could not detect default configuration classes for test class [org.springframework.samples.petclinic.acceptance.Cp02Tests]: Cp02Tests does not declare any static, non-private, non-final, nested classes annotated with @Configuration.
INFO  SpringBootTestContextBootstrapper - Found @SpringBootConfiguration org.springframework.samples.petclinic.PetClinicApplication for test class org.springframework.samples.petclinic.acceptance.Cp02Tests
INFO  AnnotationConfigContextLoaderUtils - Could not detect default configuration classes for test class [org.springframework.samples.petclinic.acceptance.Cp02Tests]: Cp02Tests does not declare any static, non-private, non-final, nested classes annotated with @Configuration.
INFO  AnnotationConfigContextLoaderUtils - Could not detect default configuration classes for test class [org.springframework.samples.petclinic.acceptance.AcceptanceBase]: AcceptanceBase does not declare any static, non-private, non-final, nested classes annotated with @Configuration.
INFO  SpringBootTestContextBootstrapper - Found @SpringBootConfiguration org.springframework.samples.petclinic.PetClinicApplication for test class org.springframework.samples.petclinic.acceptance.Cp02Tests
INFO  AUDIT - owner created id=213 customerCode=UNKNOWN-AE89CE7D registrationDate=2026-09-03 membershipLevel=1 membershipNumber=UNKNOWN-AE89CE7D-M27
INFO  AUDIT - {"seq":203,"ownerId":213,"customerCode":"UNKNOWN-AE89CE7D","membershipLevel":1,"event":"OWNER_CREATED"}
DEBUG ExceptionControllerAdvice - Validation error at POST /api/owners: [Field error in object 'ownerFieldsDto' on field 'telephone': rejected value [12]; codes [Pattern.ownerFieldsDto.telephone,Pattern.telephone,Pattern.java.lang.String,Pattern]; arguments [org.springframework.context.support.DefaultMessageSourceResolvable: codes [ownerFieldsDto.telephone,telephone]; arguments []; default message [telephone],[Ljakarta.validation.constraints.Pattern$Flag;@bf872e7,^[^0-9]*([0-9][^0-9]*){10}$]; default message [must match "^[^0-9]*([0-9][^0-9]*){10}$"]]
INFO  AnnotationConfigContextLoaderUtils - Could not detect default configuration classes for test class [org.springframework.samples.petclinic.acceptance.Cp49Tests]: Cp49Tests does not declare any static, non-private, non-final, nested classes annotated with @Configuration.
INFO  SpringBootTestContextBootstrapper - Found @SpringBootConfiguration org.springframework.samples.petclinic.PetClinicApplication for test class org.springframework.samples.petclinic.acceptance.Cp49Tests
INFO  AnnotationConfigContextLoaderUtils - Could not detect default configuration classes for test class [org.springframework.samples.petclinic.acceptance.Cp49Tests]: Cp49Tests does not declare any static, non-private, non-final, nested classes annotated with @Configuration.
INFO  AnnotationConfigContextLoaderUtils - Could not detect default configuration classes for test class [org.springframework.samples.petclinic.acceptance.AcceptanceBase]: AcceptanceBase does not declare any static, non-private, non-final, nested classes annotated with @Configuration.
INFO  SpringBootTestContextBootstrapper - Found @SpringBootConfiguration org.springframework.samples.petclinic.PetClinicApplication for test class org.springframework.samples.petclinic.acceptance.Cp49Tests
INFO  AUDIT - owner created id=214 customerCode=NSW-F8B91D37 registrationDate=2026-09-03 membershipLevel=1 membershipNumber=NSW-F8B91D37-M27
INFO  AUDIT - {"seq":204,"ownerId":214,"customerCode":"NSW-F8B91D37","membershipLevel":1,"event":"OWNER_CREATED"}
INFO  AnnotationConfigContextLoaderUtils - Could not detect default configuration classes for test class [org.springframework.samples.petclinic.acceptance.Cp45Tests]: Cp45Tests does not declare any static, non-private, non-final, nested classes annotated with @Configuration.
INFO  SpringBootTestContextBootstrapper - Found @SpringBootConfiguration org.springframework.samples.petclinic.PetClinicApplication for test class org.springframework.samples.petclinic.acceptance.Cp45Tests
INFO  AnnotationConfigContextLoaderUtils - Could not detect default configuration classes for test class [org.springframework.samples.petclinic.acceptance.Cp45Tests]: Cp45Tests does not declare any static, non-private, non-final, nested classes annotated with @Configuration.
INFO  AnnotationConfigContextLoaderUtils - Could not detect default configuration classes for test class [org.springframework.samples.petclinic.acceptance.AcceptanceBase]: AcceptanceBase does not declare any static, non-private, non-final, nested classes annotated with @Configuration.
INFO  SpringBootTestContextBootstrapper - Found @SpringBootConfiguration org.springframework.samples.petclinic.PetClinicApplication for test class org.springframework.samples.petclinic.acceptance.Cp45Tests
INFO  AUDIT - owner created id=215 customerCode=NSW-1427D63D registrationDate=2026-09-03 membershipLevel=1 membershipNumber=NSW-1427D63D-M27
INFO  AUDIT - {"seq":205,"ownerId":215,"customerCode":"NSW-1427D63D","membershipLevel":1,"event":"OWNER_CREATED"}
INFO  AnnotationConfigContextLoaderUtils - Could not detect default configuration classes for test class [org.springframework.samples.petclinic.acceptance.Cp14Tests]: Cp14Tests does not declare any static, non-private, non-final, nested classes annotated with @Configuration.
INFO  SpringBootTestContextBootstrapper - Found @SpringBootConfiguration org.springframework.samples.petclinic.PetClinicApplication for test class org.springframework.samples.petclinic.acceptance.Cp14Tests
INFO  AnnotationConfigContextLoaderUtils - Could not detect default configuration classes for test class [org.springframework.samples.petclinic.acceptance.Cp14Tests]: Cp14Tests does not declare any static, non-private, non-final, nested classes annotated with @Configuration.
INFO  AnnotationConfigContextLoaderUtils - Could not detect default configuration classes for test class [org.springframework.samples.petclinic.acceptance.AcceptanceBase]: AcceptanceBase does not declare any static, non-private, non-final, nested classes annotated with @Configuration.
INFO  SpringBootTestContextBootstrapper - Found @SpringBootConfiguration org.springframework.samples.petclinic.PetClinicApplication for test class org.springframework.samples.petclinic.acceptance.Cp14Tests
INFO  AUDIT - owner created id=216 customerCode=NSW-92D9D57C registrationDate=2026-09-03 membershipLevel=1 membershipNumber=NSW-92D9D57C-M27
INFO  AUDIT - {"seq":206,"ownerId":216,"customerCode":"NSW-92D9D57C","membershipLevel":1,"event":"OWNER_CREATED"}
INFO  AnnotationConfigContextLoaderUtils - Could not detect default configuration classes for test class [org.springframework.samples.petclinic.acceptance.Cp48Tests]: Cp48Tests does not declare any static, non-private, non-final, nested classes annotated with @Configuration.
INFO  SpringBootTestContextBootstrapper - Found @SpringBootConfiguration org.springframework.samples.petclinic.PetClinicApplication for test class org.springframework.samples.petclinic.acceptance.Cp48Tests
INFO  AnnotationConfigContextLoaderUtils - Could not detect default configuration classes for test class [org.springframework.samples.petclinic.acceptance.Cp48Tests]: Cp48Tests does not declare any static, non-private, non-final, nested classes annotated with @Configuration.
INFO  AnnotationConfigContextLoaderUtils - Could not detect default configuration classes for test class [org.springframework.samples.petclinic.acceptance.AcceptanceBase]: AcceptanceBase does not declare any static, non-private, non-final, nested classes annotated with @Configuration.
INFO  SpringBootTestContextBootstrapper - Found @SpringBootConfiguration org.springframework.samples.petclinic.PetClinicApplication for test class org.springframework.samples.petclinic.acceptance.Cp48Tests
INFO  AUDIT - owner created id=217 customerCode=NSW-5646902E registrationDate=2026-09-03 membershipLevel=1 membershipNumber=NSW-5646902E-M27
INFO  AUDIT - {"seq":207,"ownerId":217,"customerCode":"NSW-5646902E","membershipLevel":1,"event":"OWNER_CREATED"}
INFO  AnnotationConfigContextLoaderUtils - Could not detect default configuration classes for test class [org.springframework.samples.petclinic.acceptance.Cp44Tests]: Cp44Tests does not declare any static, non-private, non-final, nested classes annotated with @Configuration.
INFO  SpringBootTestContextBootstrapper - Found @SpringBootConfiguration org.springframework.samples.petclinic.PetClinicApplication for test class org.springframework.samples.petclinic.acceptance.Cp44Tests
INFO  AnnotationConfigContextLoaderUtils - Could not detect default configuration classes for test class [org.springframework.samples.petclinic.acceptance.Cp44Tests]: Cp44Tests does not declare any static, non-private, non-final, nested classes annotated with @Configuration.
INFO  AnnotationConfigContextLoaderUtils - Could not detect default configuration classes for test class [org.springframework.samples.petclinic.acceptance.AcceptanceBase]: AcceptanceBase does not declare any static, non-private, non-final, nested classes annotated with @Configuration.
INFO  SpringBootTestContextBootstrapper - Found @SpringBootConfiguration org.springframework.samples.petclinic.PetClinicApplication for test class org.springframework.samples.petclinic.acceptance.Cp44Tests
INFO  AUDIT - owner created id=218 customerCode=NSW-E3225D3E registrationDate=2026-09-03 membershipLevel=1 membershipNumber=NSW-E3225D3E-M27
INFO  AUDIT - {"seq":208,"ownerId":218,"customerCode":"NSW-E3225D3E","membershipLevel":1,"event":"OWNER_CREATED"}
INFO  AUDIT - owner created id=219 customerCode=UNKNOWN-31A025A6 registrationDate=2026-09-03 membershipLevel=1 membershipNumber=UNKNOWN-31A025A6-M27
INFO  AUDIT - {"seq":209,"ownerId":219,"customerCode":"UNKNOWN-31A025A6","membershipLevel":1,"event":"OWNER_CREATED"}
INFO  AnnotationConfigContextLoaderUtils - Could not detect default configuration classes for test class [org.springframework.samples.petclinic.acceptance.Cp12Tests]: Cp12Tests does not declare any static, non-private, non-final, nested classes annotated with @Configuration.
INFO  SpringBootTestContextBootstrapper - Found @SpringBootConfiguration org.springframework.samples.petclinic.PetClinicApplication for test class org.springframework.samples.petclinic.acceptance.Cp12Tests
INFO  AnnotationConfigContextLoaderUtils - Could not detect default configuration classes for test class [org.springframework.samples.petclinic.acceptance.Cp12Tests]: Cp12Tests does not declare any static, non-private, non-final, nested classes annotated with @Configuration.
INFO  AnnotationConfigContextLoaderUtils - Could not detect default configuration classes for test class [org.springframework.samples.petclinic.acceptance.AcceptanceBase]: AcceptanceBase does not declare any static, non-private, non-final, nested classes annotated with @Configuration.
INFO  SpringBootTestContextBootstrapper - Found @SpringBootConfiguration org.springframework.samples.petclinic.PetClinicApplication for test class org.springframework.samples.petclinic.acceptance.Cp12Tests
INFO  AUDIT - owner created id=220 customerCode=NSW-FDE17401 registrationDate=2026-09-03 membershipLevel=1 membershipNumber=NSW-FDE17401-M27
INFO  AUDIT - {"seq":210,"ownerId":220,"customerCode":"NSW-FDE17401","membershipLevel":1,"event":"OWNER_CREATED"}
INFO  AnnotationConfigContextLoaderUtils - Could not detect default configuration classes for test class [org.springframework.samples.petclinic.acceptance.Cp54Tests]: Cp54Tests does not declare any static, non-private, non-final, nested classes annotated with @Configuration.
INFO  SpringBootTestContextBootstrapper - Found @SpringBootConfiguration org.springframework.samples.petclinic.PetClinicApplication for test class org.springframework.samples.petclinic.acceptance.Cp54Tests
INFO  AnnotationConfigContextLoaderUtils - Could not detect default configuration classes for test class [org.springframework.samples.petclinic.acceptance.Cp54Tests]: Cp54Tests does not declare any static, non-private, non-final, nested classes annotated with @Configuration.
INFO  AnnotationConfigContextLoaderUtils - Could not detect default configuration classes for test class [org.springframework.samples.petclinic.acceptance.AcceptanceBase]: AcceptanceBase does not declare any static, non-private, non-final, nested classes annotated with @Configuration.
INFO  SpringBootTestContextBootstrapper - Found @SpringBootConfiguration org.springframework.samples.petclinic.PetClinicApplication for test class org.springframework.samples.petclinic.acceptance.Cp54Tests
INFO  AUDIT - owner created id=221 customerCode=UNKNOWN-829CFD2C registrationDate=2026-09-03 membershipLevel=1 membershipNumber=UNKNOWN-829CFD2C-M27
INFO  AUDIT - {"seq":211,"ownerId":221,"customerCode":"UNKNOWN-829CFD2C","membershipLevel":1,"event":"OWNER_CREATED"}
INFO  AUDIT - owner created id=222 customerCode=UNKNOWN-C333CED6 registrationDate=2026-09-03 membershipLevel=1 membershipNumber=UNKNOWN-C333CED6-M27
INFO  AUDIT - {"seq":212,"ownerId":222,"customerCode":"UNKNOWN-C333CED6","membershipLevel":1,"event":"OWNER_CREATED"}
INFO  AUDIT - owner created id=223 customerCode=UNKNOWN-DBB0D8A9 registrationDate=2026-09-03 membershipLevel=1 membershipNumber=UNKNOWN-DBB0D8A9-M27
INFO  AUDIT - {"seq":213,"ownerId":223,"customerCode":"UNKNOWN-DBB0D8A9","membershipLevel":1,"event":"OWNER_CREATED"}
INFO  AUDIT - owner created id=224 customerCode=UNKNOWN-FCAB6500 registrationDate=2026-09-03 membershipLevel=1 membershipNumber=UNKNOWN-FCAB6500-M27
INFO  AUDIT - {"seq":214,"ownerId":224,"customerCode":"UNKNOWN-FCAB6500","membershipLevel":1,"event":"OWNER_CREATED"}
INFO  AUDIT - owner created id=225 customerCode=UNKNOWN-87612CBC registrationDate=2026-09-03 membershipLevel=1 membershipNumber=UNKNOWN-87612CBC-M27
INFO  AUDIT - {"seq":215,"ownerId":225,"customerCode":"UNKNOWN-87612CBC","membershipLevel":1,"event":"OWNER_CREATED"}
INFO  AUDIT - owner created id=226 customerCode=UNKNOWN-24FC48B8 registrationDate=2026-09-03 membershipLevel=1 membershipNumber=UNKNOWN-24FC48B8-M27
INFO  AUDIT - {"seq":216,"ownerId":226,"customerCode":"UNKNOWN-24FC48B8","membershipLevel":1,"event":"OWNER_CREATED"}
INFO  AUDIT - owner created id=227 customerCode=UNKNOWN-8B1492E7 registrationDate=2026-09-03 membershipLevel=1 membershipNumber=UNKNOWN-8B1492E7-M27
INFO  AUDIT - {"seq":217,"ownerId":227,"customerCode":"UNKNOWN-8B1492E7","membershipLevel":1,"event":"OWNER_CREATED"}
INFO  AUDIT - owner created id=228 customerCode=UNKNOWN-980FAAF0 registrationDate=2026-09-03 membershipLevel=1 membershipNumber=UNKNOWN-980FAAF0-M27
INFO  AUDIT - {"seq":218,"ownerId":228,"customerCode":"UNKNOWN-980FAAF0","membershipLevel":1,"event":"OWNER_CREATED"}
INFO  AUDIT - owner created id=229 customerCode=UNKNOWN-AC2BB858 registrationDate=2026-09-03 membershipLevel=1 membershipNumber=UNKNOWN-AC2BB858-M27
INFO  AUDIT - {"seq":219,"ownerId":229,"customerCode":"UNKNOWN-AC2BB858","membershipLevel":1,"event":"OWNER_CREATED"}
INFO  AUDIT - owner created id=230 customerCode=UNKNOWN-CA994E5E registrationDate=2026-09-03 membershipLevel=1 membershipNumber=UNKNOWN-CA994E5E-M27
INFO  AUDIT - {"seq":220,"ownerId":230,"customerCode":"UNKNOWN-CA994E5E","membershipLevel":1,"event":"OWNER_CREATED"}
INFO  AUDIT - owner created id=231 customerCode=UNKNOWN-92865BA6 registrationDate=2026-09-03 membershipLevel=1 membershipNumber=UNKNOWN-92865BA6-M27
INFO  AUDIT - {"seq":221,"ownerId":231,"customerCode":"UNKNOWN-92865BA6","membershipLevel":1,"event":"OWNER_CREATED"}
INFO  AUDIT - owner created id=232 customerCode=UNKNOWN-CB6C8519 registrationDate=2026-09-03 membershipLevel=1 membershipNumber=UNKNOWN-CB6C8519-M27
INFO  AUDIT - {"seq":222,"ownerId":232,"customerCode":"UNKNOWN-CB6C8519","membershipLevel":1,"event":"OWNER_CREATED"}
INFO  AUDIT - owner created id=233 customerCode=UNKNOWN-C4731116 registrationDate=2026-09-03 membershipLevel=1 membershipNumber=UNKNOWN-C4731116-M27
INFO  AUDIT - {"seq":223,"ownerId":233,"customerCode":"UNKNOWN-C4731116","membershipLevel":1,"event":"OWNER_CREATED"}
INFO  AUDIT - owner created id=234 customerCode=UNKNOWN-053CDB0A registrationDate=2026-09-03 membershipLevel=1 membershipNumber=UNKNOWN-053CDB0A-M27
INFO  AUDIT - {"seq":224,"ownerId":234,"customerCode":"UNKNOWN-053CDB0A","membershipLevel":1,"event":"OWNER_CREATED"}
INFO  AUDIT - owner created id=235 customerCode=UNKNOWN-1B3B30C3 registrationDate=2026-09-03 membershipLevel=1 membershipNumber=UNKNOWN-1B3B30C3-M27
INFO  AUDIT - {"seq":225,"ownerId":235,"customerCode":"UNKNOWN-1B3B30C3","membershipLevel":1,"event":"OWNER_CREATED"}
INFO  AUDIT - owner created id=236 customerCode=UNKNOWN-56F3E7B9 registrationDate=2026-09-03 membershipLevel=1 membershipNumber=UNKNOWN-56F3E7B9-M27
INFO  AUDIT - {"seq":226,"ownerId":236,"customerCode":"UNKNOWN-56F3E7B9","membershipLevel":1,"event":"OWNER_CREATED"}
INFO  AUDIT - owner created id=237 customerCode=UNKNOWN-C8318E14 registrationDate=2026-09-03 membershipLevel=1 membershipNumber=UNKNOWN-C8318E14-M27
INFO  AUDIT - {"seq":227,"ownerId":237,"customerCode":"UNKNOWN-C8318E14","membershipLevel":1,"event":"OWNER_CREATED"}
INFO  AUDIT - owner created id=238 customerCode=UNKNOWN-659D99E9 registrationDate=2026-09-03 membershipLevel=1 membershipNumber=UNKNOWN-659D99E9-M27
INFO  AUDIT - {"seq":228,"ownerId":238,"customerCode":"UNKNOWN-659D99E9","membershipLevel":1,"event":"OWNER_CREATED"}
INFO  AUDIT - owner created id=239 customerCode=UNKNOWN-5B27E7CE registrationDate=2026-09-03 membershipLevel=1 membershipNumber=UNKNOWN-5B27E7CE-M27
INFO  AUDIT - {"seq":229,"ownerId":239,"customerCode":"UNKNOWN-5B27E7CE","membershipLevel":1,"event":"OWNER_CREATED"}
INFO  AUDIT - owner created id=240 customerCode=UNKNOWN-88396A12 registrationDate=2026-09-03 membershipLevel=1 membershipNumber=UNKNOWN-88396A12-M27
INFO  AUDIT - {"seq":230,"ownerId":240,"customerCode":"UNKNOWN-88396A12","membershipLevel":1,"event":"OWNER_CREATED"}
INFO  AUDIT - owner created id=241 customerCode=UNKNOWN-96FB5D82 registrationDate=2026-09-03 membershipLevel=1 membershipNumber=UNKNOWN-96FB5D82-M27
INFO  AUDIT - {"seq":231,"ownerId":241,"customerCode":"UNKNOWN-96FB5D82","membershipLevel":1,"event":"OWNER_CREATED"}
INFO  AUDIT - owner created id=242 customerCode=UNKNOWN-297F34CA registrationDate=2026-09-03 membershipLevel=1 membershipNumber=UNKNOWN-297F34CA-M27
INFO  AUDIT - {"seq":232,"ownerId":242,"customerCode":"UNKNOWN-297F34CA","membershipLevel":1,"event":"OWNER_CREATED"}
INFO  AUDIT - owner created id=243 customerCode=UNKNOWN-FF0F2038 registrationDate=2026-09-03 membershipLevel=1 membershipNumber=UNKNOWN-FF0F2038-M27
INFO  AUDIT - {"seq":233,"ownerId":243,"customerCode":"UNKNOWN-FF0F2038","membershipLevel":1,"event":"OWNER_CREATED"}
INFO  AUDIT - owner created id=244 customerCode=UNKNOWN-7ABC048D registrationDate=2026-09-03 membershipLevel=1 membershipNumber=UNKNOWN-7ABC048D-M27
INFO  AUDIT - {"seq":234,"ownerId":244,"customerCode":"UNKNOWN-7ABC048D","membershipLevel":1,"event":"OWNER_CREATED"}
INFO  AUDIT - owner created id=245 customerCode=UNKNOWN-0CE843B4 registrationDate=2026-09-03 membershipLevel=1 membershipNumber=UNKNOWN-0CE843B4-M27
INFO  AUDIT - {"seq":235,"ownerId":245,"customerCode":"UNKNOWN-0CE843B4","membershipLevel":1,"event":"OWNER_CREATED"}
INFO  AUDIT - owner created id=246 customerCode=UNKNOWN-430E8342 registrationDate=2026-09-03 membershipLevel=1 membershipNumber=UNKNOWN-430E8342-M27
INFO  AUDIT - {"seq":236,"ownerId":246,"customerCode":"UNKNOWN-430E8342","membershipLevel":1,"event":"OWNER_CREATED"}
INFO  AUDIT - owner created id=247 customerCode=UNKNOWN-1DDE0BA6 registrationDate=2026-09-03 membershipLevel=1 membershipNumber=UNKNOWN-1DDE0BA6-M27
INFO  AUDIT - {"seq":237,"ownerId":247,"customerCode":"UNKNOWN-1DDE0BA6","membershipLevel":1,"event":"OWNER_CREATED"}
INFO  AUDIT - owner created id=248 customerCode=UNKNOWN-A7F0856C registrationDate=2026-09-03 membershipLevel=1 membershipNumber=UNKNOWN-A7F0856C-M27
INFO  AUDIT - {"seq":238,"ownerId":248,"customerCode":"UNKNOWN-A7F0856C","membershipLevel":1,"event":"OWNER_CREATED"}
INFO  AUDIT - owner created id=249 customerCode=UNKNOWN-6BDB9CC7 registrationDate=2026-09-03 membershipLevel=1 membershipNumber=UNKNOWN-6BDB9CC7-M27
INFO  AUDIT - {"seq":239,"ownerId":249,"customerCode":"UNKNOWN-6BDB9CC7","membershipLevel":1,"event":"OWNER_CREATED"}
INFO  AUDIT - owner created id=250 customerCode=UNKNOWN-1A76B5DC registrationDate=2026-09-03 membershipLevel=1 membershipNumber=UNKNOWN-1A76B5DC-M27
INFO  AUDIT - {"seq":240,"ownerId":250,"customerCode":"UNKNOWN-1A76B5DC","membershipLevel":1,"event":"OWNER_CREATED"}
INFO  AUDIT - owner created id=251 customerCode=UNKNOWN-C852F862 registrationDate=2026-09-03 membershipLevel=1 membershipNumber=UNKNOWN-C852F862-M27
INFO  AUDIT - {"seq":241,"ownerId":251,"customerCode":"UNKNOWN-C852F862","membershipLevel":1,"event":"OWNER_CREATED"}
INFO  AUDIT - owner created id=252 customerCode=UNKNOWN-4296A519 registrationDate=2026-09-03 membershipLevel=1 membershipNumber=UNKNOWN-4296A519-M27
INFO  AUDIT - {"seq":242,"ownerId":252,"customerCode":"UNKNOWN-4296A519","membershipLevel":1,"event":"OWNER_CREATED"}
INFO  AUDIT - owner created id=253 customerCode=UNKNOWN-718D576E registrationDate=2026-09-03 membershipLevel=1 membershipNumber=UNKNOWN-718D576E-M27
INFO  AUDIT - {"seq":243,"ownerId":253,"customerCode":"UNKNOWN-718D576E","membershipLevel":1,"event":"OWNER_CREATED"}
INFO  AUDIT - owner created id=254 customerCode=UNKNOWN-F5DA4418 registrationDate=2026-09-03 membershipLevel=1 membershipNumber=UNKNOWN-F5DA4418-M27
INFO  AUDIT - {"seq":244,"ownerId":254,"customerCode":"UNKNOWN-F5DA4418","membershipLevel":1,"event":"OWNER_CREATED"}
INFO  AUDIT - owner created id=255 customerCode=UNKNOWN-00537CAA registrationDate=2026-09-03 membershipLevel=1 membershipNumber=UNKNOWN-00537CAA-M27
INFO  AUDIT - {"seq":245,"ownerId":255,"customerCode":"UNKNOWN-00537CAA","membershipLevel":1,"event":"OWNER_CREATED"}
INFO  AUDIT - owner created id=256 customerCode=UNKNOWN-69D5FEF9 registrationDate=2026-09-03 membershipLevel=1 membershipNumber=UNKNOWN-69D5FEF9-M27
INFO  AUDIT - {"seq":246,"ownerId":256,"customerCode":"UNKNOWN-69D5FEF9","membershipLevel":1,"event":"OWNER_CREATED"}
INFO  AUDIT - owner created id=257 customerCode=UNKNOWN-503EB9AA registrationDate=2026-09-03 membershipLevel=1 membershipNumber=UNKNOWN-503EB9AA-M27
INFO  AUDIT - {"seq":247,"ownerId":257,"customerCode":"UNKNOWN-503EB9AA","membershipLevel":1,"event":"OWNER_CREATED"}
INFO  AUDIT - owner created id=258 customerCode=UNKNOWN-5DAD4A24 registrationDate=2026-09-03 membershipLevel=1 membershipNumber=UNKNOWN-5DAD4A24-M27
INFO  AUDIT - {"seq":248,"ownerId":258,"customerCode":"UNKNOWN-5DAD4A24","membershipLevel":1,"event":"OWNER_CREATED"}
INFO  AUDIT - owner created id=259 customerCode=UNKNOWN-A92A1001 registrationDate=2026-09-03 membershipLevel=1 membershipNumber=UNKNOWN-A92A1001-M27
INFO  AUDIT - {"seq":249,"ownerId":259,"customerCode":"UNKNOWN-A92A1001","membershipLevel":1,"event":"OWNER_CREATED"}
INFO  AUDIT - owner created id=260 customerCode=UNKNOWN-F97D8901 registrationDate=2026-09-03 membershipLevel=1 membershipNumber=UNKNOWN-F97D8901-M27
INFO  AUDIT - {"seq":250,"ownerId":260,"customerCode":"UNKNOWN-F97D8901","membershipLevel":1,"event":"OWNER_CREATED"}
INFO  AUDIT - owner created id=261 customerCode=UNKNOWN-34CA00DF registrationDate=2026-09-03 membershipLevel=1 membershipNumber=UNKNOWN-34CA00DF-M27
INFO  AUDIT - {"seq":251,"ownerId":261,"customerCode":"UNKNOWN-34CA00DF","membershipLevel":1,"event":"OWNER_CREATED"}
INFO  AnnotationConfigContextLoaderUtils - Could not detect default configuration classes for test class [org.springframework.samples.petclinic.acceptance.Cp39Tests]: Cp39Tests does not declare any static, non-private, non-final, nested classes annotated with @Configuration.
INFO  SpringBootTestContextBootstrapper - Found @SpringBootConfiguration org.springframework.samples.petclinic.PetClinicApplication for test class org.springframework.samples.petclinic.acceptance.Cp39Tests
INFO  AnnotationConfigContextLoaderUtils - Could not detect default configuration classes for test class [org.springframework.samples.petclinic.acceptance.Cp39Tests]: Cp39Tests does not declare any static, non-private, non-final, nested classes annotated with @Configuration.
INFO  AnnotationConfigContextLoaderUtils - Could not detect default configuration classes for test class [org.springframework.samples.petclinic.acceptance.AcceptanceBase]: AcceptanceBase does not declare any static, non-private, non-final, nested classes annotated with @Configuration.
INFO  SpringBootTestContextBootstrapper - Found @SpringBootConfiguration org.springframework.samples.petclinic.PetClinicApplication for test class org.springframework.samples.petclinic.acceptance.Cp39Tests
INFO  AUDIT - owner created id=262 customerCode=NSW-E0E98B47 registrationDate=2026-09-03 membershipLevel=1 membershipNumber=NSW-E0E98B47-M27
INFO  AUDIT - {"seq":252,"ownerId":262,"customerCode":"NSW-E0E98B47","membershipLevel":1,"event":"OWNER_CREATED"}
INFO  AUDIT - owner created id=263 customerCode=NSW-B2E77F9E registrationDate=2026-09-03 membershipLevel=1 membershipNumber=NSW-B2E77F9E-M27
INFO  AUDIT - {"seq":253,"ownerId":263,"customerCode":"NSW-B2E77F9E","membershipLevel":1,"event":"OWNER_CREATED"}
INFO  AUDIT - owner created id=264 customerCode=NSW-E60B137C registrationDate=2026-09-03 membershipLevel=3 membershipNumber=NSW-E60B137C-M27
INFO  AUDIT - {"seq":254,"ownerId":264,"customerCode":"NSW-E60B137C","membershipLevel":3,"event":"OWNER_CREATED"}
INFO  AnnotationConfigContextLoaderUtils - Could not detect default configuration classes for test class [org.springframework.samples.petclinic.acceptance.Cp34Tests]: Cp34Tests does not declare any static, non-private, non-final, nested classes annotated with @Configuration.
INFO  SpringBootTestContextBootstrapper - Found @SpringBootConfiguration org.springframework.samples.petclinic.PetClinicApplication for test class org.springframework.samples.petclinic.acceptance.Cp34Tests
INFO  AnnotationConfigContextLoaderUtils - Could not detect default configuration classes for test class [org.springframework.samples.petclinic.acceptance.Cp34Tests]: Cp34Tests does not declare any static, non-private, non-final, nested classes annotated with @Configuration.
INFO  AnnotationConfigContextLoaderUtils - Could not detect default configuration classes for test class [org.springframework.samples.petclinic.acceptance.AcceptanceBase]: AcceptanceBase does not declare any static, non-private, non-final, nested classes annotated with @Configuration.
INFO  SpringBootTestContextBootstrapper - Found @SpringBootConfiguration org.springframework.samples.petclinic.PetClinicApplication for test class org.springframework.samples.petclinic.acceptance.Cp34Tests
INFO  AUDIT - owner created id=265 customerCode=UNKNOWN-75AD71F0 registrationDate=2026-09-03 membershipLevel=1 membershipNumber=UNKNOWN-75AD71F0-M27
INFO  AUDIT - {"seq":255,"ownerId":265,"customerCode":"UNKNOWN-75AD71F0","membershipLevel":1,"event":"OWNER_CREATED"}
INFO  AnnotationConfigContextLoaderUtils - Could not detect default configuration classes for test class [org.springframework.samples.petclinic.acceptance.Cp04Tests]: Cp04Tests does not declare any static, non-private, non-final, nested classes annotated with @Configuration.
INFO  SpringBootTestContextBootstrapper - Found @SpringBootConfiguration org.springframework.samples.petclinic.PetClinicApplication for test class org.springframework.samples.petclinic.acceptance.Cp04Tests
INFO  AnnotationConfigContextLoaderUtils - Could not detect default configuration classes for test class [org.springframework.samples.petclinic.acceptance.Cp04Tests]: Cp04Tests does not declare any static, non-private, non-final, nested classes annotated with @Configuration.
INFO  AnnotationConfigContextLoaderUtils - Could not detect default configuration classes for test class [org.springframework.samples.petclinic.acceptance.AcceptanceBase]: AcceptanceBase does not declare any static, non-private, non-final, nested classes annotated with @Configuration.
INFO  SpringBootTestContextBootstrapper - Found @SpringBootConfiguration org.springframework.samples.petclinic.PetClinicApplication for test class org.springframework.samples.petclinic.acceptance.Cp04Tests
DEBUG ExceptionControllerAdvice - Validation error at POST /api/owners: [Field error in object 'ownerFieldsDto' on field 'email': rejected value [not-an-email]; codes [Email.ownerFieldsDto.email,Email.email,Email.java.lang.String,Email]; arguments [org.springframework.context.support.DefaultMessageSourceResolvable: codes [ownerFieldsDto.email,email]; arguments []; default message [email],[Ljakarta.validation.constraints.Pattern$Flag;@51d55db7,.*]; default message [must be a well-formed email address]]
INFO  AUDIT - owner created id=266 customerCode=UNKNOWN-C08D3F93 registrationDate=2026-09-03 membershipLevel=1 membershipNumber=UNKNOWN-C08D3F93-M27
INFO  AUDIT - {"seq":256,"ownerId":266,"customerCode":"UNKNOWN-C08D3F93","membershipLevel":1,"event":"OWNER_CREATED"}
INFO  AUDIT - owner created id=267 customerCode=UNKNOWN-64801C2E registrationDate=2026-09-03 membershipLevel=2 membershipNumber=UNKNOWN-64801C2E-M27
INFO  AUDIT - {"seq":257,"ownerId":267,"customerCode":"UNKNOWN-64801C2E","membershipLevel":2,"event":"OWNER_CREATED"}
INFO  AnnotationConfigContextLoaderUtils - Could not detect default configuration classes for test class [org.springframework.samples.petclinic.acceptance.Cp16Tests]: Cp16Tests does not declare any static, non-private, non-final, nested classes annotated with @Configuration.
INFO  SpringBootTestContextBootstrapper - Found @SpringBootConfiguration org.springframework.samples.petclinic.PetClinicApplication for test class org.springframework.samples.petclinic.acceptance.Cp16Tests
INFO  AnnotationConfigContextLoaderUtils - Could not detect default configuration classes for test class [org.springframework.samples.petclinic.acceptance.Cp16Tests]: Cp16Tests does not declare any static, non-private, non-final, nested classes annotated with @Configuration.
INFO  AnnotationConfigContextLoaderUtils - Could not detect default configuration classes for test class [org.springframework.samples.petclinic.acceptance.AcceptanceBase]: AcceptanceBase does not declare any static, non-private, non-final, nested classes annotated with @Configuration.
INFO  SpringBootTestContextBootstrapper - Found @SpringBootConfiguration org.springframework.samples.petclinic.PetClinicApplication for test class org.springframework.samples.petclinic.acceptance.Cp16Tests
INFO  AUDIT - owner created id=268 customerCode=NSW-D9AD0B1D registrationDate=2026-09-03 membershipLevel=1 membershipNumber=NSW-D9AD0B1D-M27
INFO  AUDIT - {"seq":258,"ownerId":268,"customerCode":"NSW-D9AD0B1D","membershipLevel":1,"event":"OWNER_CREATED"}
INFO  AnnotationConfigContextLoaderUtils - Could not detect default configuration classes for test class [org.springframework.samples.petclinic.acceptance.Cp43Tests]: Cp43Tests does not declare any static, non-private, non-final, nested classes annotated with @Configuration.
INFO  SpringBootTestContextBootstrapper - Found @SpringBootConfiguration org.springframework.samples.petclinic.PetClinicApplication for test class org.springframework.samples.petclinic.acceptance.Cp43Tests
INFO  AnnotationConfigContextLoaderUtils - Could not detect default configuration classes for test class [org.springframework.samples.petclinic.acceptance.Cp43Tests]: Cp43Tests does not declare any static, non-private, non-final, nested classes annotated with @Configuration.
INFO  AnnotationConfigContextLoaderUtils - Could not detect default configuration classes for test class [org.springframework.samples.petclinic.acceptance.AcceptanceBase]: AcceptanceBase does not declare any static, non-private, non-final, nested classes annotated with @Configuration.
INFO  SpringBootTestContextBootstrapper - Found @SpringBootConfiguration org.springframework.samples.petclinic.PetClinicApplication for test class org.springframework.samples.petclinic.acceptance.Cp43Tests
INFO  AUDIT - owner created id=269 customerCode=NSW-030158DB registrationDate=2026-09-03 membershipLevel=2 membershipNumber=NSW-030158DB-M27
INFO  AUDIT - {"seq":259,"ownerId":269,"customerCode":"NSW-030158DB","membershipLevel":2,"event":"OWNER_CREATED"}
[ERROR] Failures: 
[ERROR]   Cp01Tests.coreRejectsWhenNoAddressAtAll:18 Status expected:<400> but was:<500>
[ERROR]   Cp29Tests.errorRejectsOutOfRangePostcode:26 Status expected:<400> but was:<500>
[ERROR] Tests run: 68, Failures: 2, Errors: 0, Skipped: 0
[ERROR] Failed to execute goal org.apache.maven.plugins:maven-surefire-plugin:3.5.6:test (default-test) on project spring-petclinic-rest: There are test failures.
[ERROR] 
[ERROR] See /home/daniel/sandbox/target/surefire-reports for the individual test results.
[ERROR] See dump files (if any exist) [date].dump, [date]-jvmRun[N].dump and [date].dumpstream.
[ERROR] -> [Help 1]
[ERROR] 
[ERROR] To see the full stack trace of the errors, re-run Maven with the -e switch.
[ERROR] Re-run Maven using the -X switch to enable full debug logging.
[ERROR] 
[ERROR] For more information about the errors and possible solutions, please read the following articles:
[ERROR] [Help 1] http://cwiki.apache.org/confluence/display/MAVEN/MojoFailureException
OpenJDK 64-Bit Server VM warning: Sharing is only supported for boot loader classes because bootstrap classpath has been appended
