$ ./mvnw -q -B -DskipTests test-compile
############################################################################################
# Thanks for using OpenAPI Generator.                                                      #
# We appreciate your support! Please consider donation to help us maintain this project.   #
# https://opencollective.com/openapi_generator/donate                                      #
############################################################################################

$ ./mvnw -q -B -Dgroups=cp01,cp02,cp03,cp04,cp05,cp06,cp07,cp08,cp09,cp10,cp11,cp12,cp13,cp14,cp15,cp16,cp17,cp18,cp19,cp20,cp21,cp22,cp23,cp24,cp25,cp26,cp27,cp28,cp29,cp30,cp31,cp32,cp33,cp34,cp35,cp36,cp37,cp38,cp39,cp40,cp41,cp42,cp43,cp44,cp45,cp46,cp47,cp48,cp49,cp50,cp51,cp52,cp53,cp54,cp55,cp56 test
############################################################################################
# Thanks for using OpenAPI Generator.                                                      #
# We appreciate your support! Please consider donation to help us maintain this project.   #
# https://opencollective.com/openapi_generator/donate                                      #
############################################################################################
INFO  AnnotationConfigContextLoaderUtils - Could not detect default configuration classes for test class [org.springframework.samples.petclinic.acceptance.Cp53Tests]: Cp53Tests does not declare any static, non-private, non-final, nested classes annotated with @Configuration.
INFO  SpringBootTestContextBootstrapper - Found @SpringBootConfiguration org.springframework.samples.petclinic.PetClinicApplication for test class org.springframework.samples.petclinic.acceptance.Cp53Tests
INFO  AnnotationConfigContextLoaderUtils - Could not detect default configuration classes for test class [org.springframework.samples.petclinic.acceptance.Cp53Tests]: Cp53Tests does not declare any static, non-private, non-final, nested classes annotated with @Configuration.
INFO  AnnotationConfigContextLoaderUtils - Could not detect default configuration classes for test class [org.springframework.samples.petclinic.acceptance.AcceptanceBase]: AcceptanceBase does not declare any static, non-private, non-final, nested classes annotated with @Configuration.
INFO  SpringBootTestContextBootstrapper - Found @SpringBootConfiguration org.springframework.samples.petclinic.PetClinicApplication for test class org.springframework.samples.petclinic.acceptance.Cp53Tests

  .   ____          _            __ _ _
 /\\ / ___'_ __ _ _(_)_ __  __ _ \ \ \ \
( ( )\___ | '_ | '_| | '_ \/ _` | \ \ \ \
 \\/  ___)| |_)| | | | | || (_| |  ) ) ) )
  '  |____| .__|_| |_|_| |_\__, | / / / /
 =========|_|==============|___/=/_/_/_/

 :: Spring Boot ::                (v4.1.0)

INFO  Cp53Tests - Starting Cp53Tests using Java 17.0.20 with PID 2272621 (started by daniel in /home/daniel/sandbox)
DEBUG Cp53Tests - Running with Spring Boot v4.1.0, Spring v7.0.8
INFO  Cp53Tests - The following 2 profiles are active: "hsqldb", "spring-data-jpa"
INFO  Version - HV000001: Hibernate Validator 9.1.0.Final
INFO  RepositoryConfigurationDelegate - Bootstrapping Spring Data JPA repositories in DEFAULT mode.
INFO  RepositoryConfigurationDelegate - Finished Spring Data repository scanning in 62 ms. Found 7 JPA repository interfaces.
INFO  HikariDataSource - HikariPool-1 - Starting...
INFO  PoolBase - HikariPool-1 - Driver does not support get/set network timeout for connections. (feature not supported)
INFO  HikariPool - HikariPool-1 - Added connection org.hsqldb.jdbc.JDBCConnection@20531934
INFO  HikariDataSource - HikariPool-1 - Start completed.
INFO  jpa - HHH008540: Processing PersistenceUnitInfo [name: default]
INFO  core - HHH000001: Hibernate ORM core version 7.4.1.Final
INFO  SpringPersistenceUnitInfo - No LoadTimeWeaver setup: ignoring JPA class transformer
INFO  pooling - HHH10001005: Database info:
	Database JDBC URL [jdbc:hsqldb:mem:petclinic]
	Database driver: HSQL Database Engine Driver
	Database dialect: HSQLDialect
	Database version: 2.7.3
	Default catalog/schema: PUBLIC/PUBLIC
	Autocommit mode: undefined/unknown
	Isolation level: READ_COMMITTED [default READ_COMMITTED]
	JDBC fetch size: none
	Pool: DataSourceConnectionProvider
	Minimum pool size: undefined/unknown
	Maximum pool size: undefined/unknown
INFO  core - HHH000489: No JTA platform available (set 'hibernate.transaction.jta.platform' to enable JTA platform integration)
INFO  LocalContainerEntityManagerFactoryBean - Initialized JPA EntityManagerFactory for persistence unit 'default'
INFO  QueryEnhancerFactories - Hibernate is in classpath; If applicable, HQL parser will be used.
WARN  InitializeUserDetailsBeanManagerConfigurer$InitializeUserDetailsManagerConfigurer - Global AuthenticationManager configured with an AuthenticationProvider bean. UserDetailsService beans will not be used by Spring Security for automatically configuring username/password login. Consider removing the AuthenticationProvider bean. Alternatively, consider using the UserDetailsService in a manually instantiated DaoAuthenticationProvider. If the current configuration is intentional, to turn off this warning, increase the logging level of 'org.springframework.security.config.annotation.authentication.configuration.InitializeUserDetailsBeanManagerConfigurer' to ERROR
WARN  UserDetailsServiceAutoConfiguration - 

Using generated security password: 15fa5c1a-1b56-4bbc-8c36-3505f9959be4

This generated password is for development use only. Your security configuration must be updated before running your application in production.

INFO  SpringBootMockServletContext - Initializing Spring TestDispatcherServlet ''
INFO  TestDispatcherServlet - Initializing Servlet ''
INFO  EndpointLinksResolver - Exposing 1 endpoint beneath base path '/actuator'
INFO  TestDispatcherServlet - Completed initialization in 19 ms
INFO  Cp53Tests - Started Cp53Tests in 7.218 seconds (process running for 9.155)
WARN  SpringDocAppInitializer - SpringDoc /v3/api-docs endpoint is enabled by default. To disable it in production, set the property 'springdoc.api-docs.enabled=false'
WARN  SpringDocAppInitializer - SpringDoc /swagger-ui.html endpoint is enabled by default. To disable it in production, set the property 'springdoc.swagger-ui.enabled=false'
INFO  AUDIT - owner created id=11 memberId=NSW2700C7EBD71 registrationDate=2026-09-07 membershipLevel=1
INFO  AUDIT - {"seq":1,"ownerId":11,"memberId":"NSW2700C7EBD71","membershipLevel":1,"event":"OWNER_CREATED"}
INFO  AnnotationConfigContextLoaderUtils - Could not detect default configuration classes for test class [org.springframework.samples.petclinic.acceptance.Cp17Tests]: Cp17Tests does not declare any static, non-private, non-final, nested classes annotated with @Configuration.
INFO  SpringBootTestContextBootstrapper - Found @SpringBootConfiguration org.springframework.samples.petclinic.PetClinicApplication for test class org.springframework.samples.petclinic.acceptance.Cp17Tests
INFO  AnnotationConfigContextLoaderUtils - Could not detect default configuration classes for test class [org.springframework.samples.petclinic.acceptance.Cp17Tests]: Cp17Tests does not declare any static, non-private, non-final, nested classes annotated with @Configuration.
INFO  AnnotationConfigContextLoaderUtils - Could not detect default configuration classes for test class [org.springframework.samples.petclinic.acceptance.AcceptanceBase]: AcceptanceBase does not declare any static, non-private, non-final, nested classes annotated with @Configuration.
INFO  SpringBootTestContextBootstrapper - Found @SpringBootConfiguration org.springframework.samples.petclinic.PetClinicApplication for test class org.springframework.samples.petclinic.acceptance.Cp17Tests
INFO  AUDIT - owner created id=12 memberId=NSW277E624FFF3 registrationDate=2026-09-07 membershipLevel=1
INFO  AUDIT - {"seq":2,"ownerId":12,"memberId":"NSW277E624FFF3","membershipLevel":1,"event":"OWNER_CREATED"}
INFO  AnnotationConfigContextLoaderUtils - Could not detect default configuration classes for test class [org.springframework.samples.petclinic.acceptance.Cp10Tests]: Cp10Tests does not declare any static, non-private, non-final, nested classes annotated with @Configuration.
INFO  SpringBootTestContextBootstrapper - Found @SpringBootConfiguration org.springframework.samples.petclinic.PetClinicApplication for test class org.springframework.samples.petclinic.acceptance.Cp10Tests
INFO  AnnotationConfigContextLoaderUtils - Could not detect default configuration classes for test class [org.springframework.samples.petclinic.acceptance.Cp10Tests]: Cp10Tests does not declare any static, non-private, non-final, nested classes annotated with @Configuration.
INFO  AnnotationConfigContextLoaderUtils - Could not detect default configuration classes for test class [org.springframework.samples.petclinic.acceptance.AcceptanceBase]: AcceptanceBase does not declare any static, non-private, non-final, nested classes annotated with @Configuration.
INFO  SpringBootTestContextBootstrapper - Found @SpringBootConfiguration org.springframework.samples.petclinic.PetClinicApplication for test class org.springframework.samples.petclinic.acceptance.Cp10Tests
INFO  AUDIT - owner created id=13 memberId=NSW2711E60D1A1 registrationDate=2026-09-07 membershipLevel=1
INFO  AUDIT - {"seq":3,"ownerId":13,"memberId":"NSW2711E60D1A1","membershipLevel":1,"event":"OWNER_CREATED"}
INFO  AUDIT - owner created id=14 memberId=NSW2754EC72900 registrationDate=2026-09-07 membershipLevel=1
INFO  AUDIT - {"seq":4,"ownerId":14,"memberId":"NSW2754EC72900","membershipLevel":1,"event":"OWNER_CREATED"}
INFO  AnnotationConfigContextLoaderUtils - Could not detect default configuration classes for test class [org.springframework.samples.petclinic.acceptance.Cp29Tests]: Cp29Tests does not declare any static, non-private, non-final, nested classes annotated with @Configuration.
INFO  SpringBootTestContextBootstrapper - Found @SpringBootConfiguration org.springframework.samples.petclinic.PetClinicApplication for test class org.springframework.samples.petclinic.acceptance.Cp29Tests
INFO  AnnotationConfigContextLoaderUtils - Could not detect default configuration classes for test class [org.springframework.samples.petclinic.acceptance.Cp29Tests]: Cp29Tests does not declare any static, non-private, non-final, nested classes annotated with @Configuration.
INFO  AnnotationConfigContextLoaderUtils - Could not detect default configuration classes for test class [org.springframework.samples.petclinic.acceptance.AcceptanceBase]: AcceptanceBase does not declare any static, non-private, non-final, nested classes annotated with @Configuration.
INFO  SpringBootTestContextBootstrapper - Found @SpringBootConfiguration org.springframework.samples.petclinic.PetClinicApplication for test class org.springframework.samples.petclinic.acceptance.Cp29Tests
INFO  AUDIT - owner created id=15 memberId=NSW279D7D457D5 registrationDate=2026-09-07 membershipLevel=1
INFO  AUDIT - {"seq":5,"ownerId":15,"memberId":"NSW279D7D457D5","membershipLevel":1,"event":"OWNER_CREATED"}
INFO  AnnotationConfigContextLoaderUtils - Could not detect default configuration classes for test class [org.springframework.samples.petclinic.acceptance.Cp11Tests]: Cp11Tests does not declare any static, non-private, non-final, nested classes annotated with @Configuration.
INFO  SpringBootTestContextBootstrapper - Found @SpringBootConfiguration org.springframework.samples.petclinic.PetClinicApplication for test class org.springframework.samples.petclinic.acceptance.Cp11Tests
INFO  AnnotationConfigContextLoaderUtils - Could not detect default configuration classes for test class [org.springframework.samples.petclinic.acceptance.Cp11Tests]: Cp11Tests does not declare any static, non-private, non-final, nested classes annotated with @Configuration.
INFO  AnnotationConfigContextLoaderUtils - Could not detect default configuration classes for test class [org.springframework.samples.petclinic.acceptance.AcceptanceBase]: AcceptanceBase does not declare any static, non-private, non-final, nested classes annotated with @Configuration.
INFO  SpringBootTestContextBootstrapper - Found @SpringBootConfiguration org.springframework.samples.petclinic.PetClinicApplication for test class org.springframework.samples.petclinic.acceptance.Cp11Tests
INFO  AUDIT - owner created id=16 memberId=NSW27610B415D5 registrationDate=2026-09-07 membershipLevel=1
INFO  AUDIT - {"seq":6,"ownerId":16,"memberId":"NSW27610B415D5","membershipLevel":1,"event":"OWNER_CREATED"}
INFO  AUDIT - owner created id=17 memberId=NSW27336F94323 registrationDate=2026-09-07 membershipLevel=1
INFO  AUDIT - {"seq":7,"ownerId":17,"memberId":"NSW27336F94323","membershipLevel":1,"event":"OWNER_CREATED"}
INFO  AnnotationConfigContextLoaderUtils - Could not detect default configuration classes for test class [org.springframework.samples.petclinic.acceptance.Cp21Tests]: Cp21Tests does not declare any static, non-private, non-final, nested classes annotated with @Configuration.
INFO  SpringBootTestContextBootstrapper - Found @SpringBootConfiguration org.springframework.samples.petclinic.PetClinicApplication for test class org.springframework.samples.petclinic.acceptance.Cp21Tests
INFO  AnnotationConfigContextLoaderUtils - Could not detect default configuration classes for test class [org.springframework.samples.petclinic.acceptance.Cp21Tests]: Cp21Tests does not declare any static, non-private, non-final, nested classes annotated with @Configuration.
INFO  AnnotationConfigContextLoaderUtils - Could not detect default configuration classes for test class [org.springframework.samples.petclinic.acceptance.AcceptanceBase]: AcceptanceBase does not declare any static, non-private, non-final, nested classes annotated with @Configuration.
INFO  SpringBootTestContextBootstrapper - Found @SpringBootConfiguration org.springframework.samples.petclinic.PetClinicApplication for test class org.springframework.samples.petclinic.acceptance.Cp21Tests
INFO  AUDIT - owner created id=18 memberId=NSW2755C0FAB23 registrationDate=2026-09-07 membershipLevel=1
INFO  AUDIT - {"seq":8,"ownerId":18,"memberId":"NSW2755C0FAB23","membershipLevel":1,"event":"OWNER_CREATED"}
INFO  AnnotationConfigContextLoaderUtils - Could not detect default configuration classes for test class [org.springframework.samples.petclinic.acceptance.Cp06Tests]: Cp06Tests does not declare any static, non-private, non-final, nested classes annotated with @Configuration.
INFO  SpringBootTestContextBootstrapper - Found @SpringBootConfiguration org.springframework.samples.petclinic.PetClinicApplication for test class org.springframework.samples.petclinic.acceptance.Cp06Tests
INFO  AnnotationConfigContextLoaderUtils - Could not detect default configuration classes for test class [org.springframework.samples.petclinic.acceptance.Cp06Tests]: Cp06Tests does not declare any static, non-private, non-final, nested classes annotated with @Configuration.
INFO  AnnotationConfigContextLoaderUtils - Could not detect default configuration classes for test class [org.springframework.samples.petclinic.acceptance.AcceptanceBase]: AcceptanceBase does not declare any static, non-private, non-final, nested classes annotated with @Configuration.
INFO  SpringBootTestContextBootstrapper - Found @SpringBootConfiguration org.springframework.samples.petclinic.PetClinicApplication for test class org.springframework.samples.petclinic.acceptance.Cp06Tests
INFO  AUDIT - owner created id=19 memberId=UNKNOWN27B7852DB94 registrationDate=2026-09-07 membershipLevel=1
INFO  AUDIT - {"seq":9,"ownerId":19,"memberId":"UNKNOWN27B7852DB94","membershipLevel":1,"event":"OWNER_CREATED"}
INFO  AnnotationConfigContextLoaderUtils - Could not detect default configuration classes for test class [org.springframework.samples.petclinic.acceptance.Cp03Tests]: Cp03Tests does not declare any static, non-private, non-final, nested classes annotated with @Configuration.
INFO  SpringBootTestContextBootstrapper - Found @SpringBootConfiguration org.springframework.samples.petclinic.PetClinicApplication for test class org.springframework.samples.petclinic.acceptance.Cp03Tests
INFO  AnnotationConfigContextLoaderUtils - Could not detect default configuration classes for test class [org.springframework.samples.petclinic.acceptance.Cp03Tests]: Cp03Tests does not declare any static, non-private, non-final, nested classes annotated with @Configuration.
INFO  AnnotationConfigContextLoaderUtils - Could not detect default configuration classes for test class [org.springframework.samples.petclinic.acceptance.AcceptanceBase]: AcceptanceBase does not declare any static, non-private, non-final, nested classes annotated with @Configuration.
INFO  SpringBootTestContextBootstrapper - Found @SpringBootConfiguration org.springframework.samples.petclinic.PetClinicApplication for test class org.springframework.samples.petclinic.acceptance.Cp03Tests
INFO  AUDIT - owner created id=20 memberId=UNKNOWN2784C477719 registrationDate=2026-09-07 membershipLevel=1
INFO  AUDIT - {"seq":10,"ownerId":20,"memberId":"UNKNOWN2784C477719","membershipLevel":1,"event":"OWNER_CREATED"}
INFO  AnnotationConfigContextLoaderUtils - Could not detect default configuration classes for test class [org.springframework.samples.petclinic.acceptance.Cp13Tests]: Cp13Tests does not declare any static, non-private, non-final, nested classes annotated with @Configuration.
INFO  SpringBootTestContextBootstrapper - Found @SpringBootConfiguration org.springframework.samples.petclinic.PetClinicApplication for test class org.springframework.samples.petclinic.acceptance.Cp13Tests
INFO  AnnotationConfigContextLoaderUtils - Could not detect default configuration classes for test class [org.springframework.samples.petclinic.acceptance.Cp13Tests]: Cp13Tests does not declare any static, non-private, non-final, nested classes annotated with @Configuration.
INFO  AnnotationConfigContextLoaderUtils - Could not detect default configuration classes for test class [org.springframework.samples.petclinic.acceptance.AcceptanceBase]: AcceptanceBase does not declare any static, non-private, non-final, nested classes annotated with @Configuration.
INFO  SpringBootTestContextBootstrapper - Found @SpringBootConfiguration org.springframework.samples.petclinic.PetClinicApplication for test class org.springframework.samples.petclinic.acceptance.Cp13Tests
INFO  AUDIT - owner created id=21 memberId=NSW27CFA044B68 registrationDate=2026-09-07 membershipLevel=1
INFO  AUDIT - {"seq":11,"ownerId":21,"memberId":"NSW27CFA044B68","membershipLevel":1,"event":"OWNER_CREATED"}
INFO  AUDIT - owner created id=22 memberId=NSW273E5609A20 registrationDate=2026-09-07 membershipLevel=1
INFO  AUDIT - {"seq":12,"ownerId":22,"memberId":"NSW273E5609A20","membershipLevel":1,"event":"OWNER_CREATED"}
INFO  AnnotationConfigContextLoaderUtils - Could not detect default configuration classes for test class [org.springframework.samples.petclinic.acceptance.Cp19Tests]: Cp19Tests does not declare any static, non-private, non-final, nested classes annotated with @Configuration.
INFO  SpringBootTestContextBootstrapper - Found @SpringBootConfiguration org.springframework.samples.petclinic.PetClinicApplication for test class org.springframework.samples.petclinic.acceptance.Cp19Tests
INFO  AnnotationConfigContextLoaderUtils - Could not detect default configuration classes for test class [org.springframework.samples.petclinic.acceptance.Cp19Tests]: Cp19Tests does not declare any static, non-private, non-final, nested classes annotated with @Configuration.
INFO  AnnotationConfigContextLoaderUtils - Could not detect default configuration classes for test class [org.springframework.samples.petclinic.acceptance.AcceptanceBase]: AcceptanceBase does not declare any static, non-private, non-final, nested classes annotated with @Configuration.
INFO  SpringBootTestContextBootstrapper - Found @SpringBootConfiguration org.springframework.samples.petclinic.PetClinicApplication for test class org.springframework.samples.petclinic.acceptance.Cp19Tests
INFO  AUDIT - owner created id=23 memberId=UNKNOWN278A491C873 registrationDate=2026-09-07 membershipLevel=1
INFO  AUDIT - {"seq":13,"ownerId":23,"memberId":"UNKNOWN278A491C873","membershipLevel":1,"event":"OWNER_CREATED"}
INFO  AUDIT - owner created id=24 memberId=UNKNOWN27D1B523D54 registrationDate=2026-09-07 membershipLevel=1
INFO  AUDIT - {"seq":14,"ownerId":24,"memberId":"UNKNOWN27D1B523D54","membershipLevel":1,"event":"OWNER_CREATED"}
INFO  AUDIT - owner created id=25 memberId=UNKNOWN270A9D26BF9 registrationDate=2026-09-07 membershipLevel=1
INFO  AUDIT - {"seq":15,"ownerId":25,"memberId":"UNKNOWN270A9D26BF9","membershipLevel":1,"event":"OWNER_CREATED"}
INFO  AUDIT - owner created id=26 memberId=UNKNOWN27D8855D1C6 registrationDate=2026-09-07 membershipLevel=1
INFO  AUDIT - {"seq":16,"ownerId":26,"memberId":"UNKNOWN27D8855D1C6","membershipLevel":1,"event":"OWNER_CREATED"}
INFO  AUDIT - owner created id=27 memberId=UNKNOWN2795E71CD17 registrationDate=2026-09-07 membershipLevel=1
INFO  AUDIT - {"seq":17,"ownerId":27,"memberId":"UNKNOWN2795E71CD17","membershipLevel":1,"event":"OWNER_CREATED"}
INFO  AUDIT - owner created id=28 memberId=UNKNOWN27DC977F271 registrationDate=2026-09-07 membershipLevel=1
INFO  AUDIT - {"seq":18,"ownerId":28,"memberId":"UNKNOWN27DC977F271","membershipLevel":1,"event":"OWNER_CREATED"}
INFO  AUDIT - owner created id=29 memberId=UNKNOWN27A11982E28 registrationDate=2026-09-07 membershipLevel=1
INFO  AUDIT - {"seq":19,"ownerId":29,"memberId":"UNKNOWN27A11982E28","membershipLevel":1,"event":"OWNER_CREATED"}
INFO  AUDIT - owner created id=30 memberId=UNKNOWN27CCC20EAC1 registrationDate=2026-09-07 membershipLevel=1
INFO  AUDIT - {"seq":20,"ownerId":30,"memberId":"UNKNOWN27CCC20EAC1","membershipLevel":1,"event":"OWNER_CREATED"}
INFO  AUDIT - owner created id=31 memberId=UNKNOWN2741AEA56D9 registrationDate=2026-09-07 membershipLevel=1
INFO  AUDIT - {"seq":21,"ownerId":31,"memberId":"UNKNOWN2741AEA56D9","membershipLevel":1,"event":"OWNER_CREATED"}
INFO  AUDIT - owner created id=32 memberId=UNKNOWN2745F26BBD3 registrationDate=2026-09-07 membershipLevel=1
INFO  AUDIT - {"seq":22,"ownerId":32,"memberId":"UNKNOWN2745F26BBD3","membershipLevel":1,"event":"OWNER_CREATED"}
INFO  AUDIT - owner created id=33 memberId=UNKNOWN27F35491991 registrationDate=2026-09-07 membershipLevel=1
INFO  AUDIT - {"seq":23,"ownerId":33,"memberId":"UNKNOWN27F35491991","membershipLevel":1,"event":"OWNER_CREATED"}
INFO  AUDIT - owner created id=34 memberId=UNKNOWN27D6EA3A803 registrationDate=2026-09-07 membershipLevel=1
INFO  AUDIT - {"seq":24,"ownerId":34,"memberId":"UNKNOWN27D6EA3A803","membershipLevel":1,"event":"OWNER_CREATED"}
INFO  AUDIT - owner created id=35 memberId=UNKNOWN2706B1FFCE1 registrationDate=2026-09-07 membershipLevel=1
INFO  AUDIT - {"seq":25,"ownerId":35,"memberId":"UNKNOWN2706B1FFCE1","membershipLevel":1,"event":"OWNER_CREATED"}
INFO  AUDIT - owner created id=36 memberId=UNKNOWN27F7FB5CE66 registrationDate=2026-09-07 membershipLevel=1
INFO  AUDIT - {"seq":26,"ownerId":36,"memberId":"UNKNOWN27F7FB5CE66","membershipLevel":1,"event":"OWNER_CREATED"}
INFO  AUDIT - owner created id=37 memberId=UNKNOWN2718DBC1A12 registrationDate=2026-09-07 membershipLevel=1
INFO  AUDIT - {"seq":27,"ownerId":37,"memberId":"UNKNOWN2718DBC1A12","membershipLevel":1,"event":"OWNER_CREATED"}
INFO  AUDIT - owner created id=38 memberId=UNKNOWN2782F6D64B3 registrationDate=2026-09-07 membershipLevel=1
INFO  AUDIT - {"seq":28,"ownerId":38,"memberId":"UNKNOWN2782F6D64B3","membershipLevel":1,"event":"OWNER_CREATED"}
INFO  AUDIT - owner created id=39 memberId=UNKNOWN27748CFFB34 registrationDate=2026-09-07 membershipLevel=1
INFO  AUDIT - {"seq":29,"ownerId":39,"memberId":"UNKNOWN27748CFFB34","membershipLevel":1,"event":"OWNER_CREATED"}
INFO  AUDIT - owner created id=40 memberId=UNKNOWN2750869F451 registrationDate=2026-09-07 membershipLevel=1
INFO  AUDIT - {"seq":30,"ownerId":40,"memberId":"UNKNOWN2750869F451","membershipLevel":1,"event":"OWNER_CREATED"}
INFO  AUDIT - owner created id=41 memberId=UNKNOWN27EECF8BB62 registrationDate=2026-09-07 membershipLevel=1
INFO  AUDIT - {"seq":31,"ownerId":41,"memberId":"UNKNOWN27EECF8BB62","membershipLevel":1,"event":"OWNER_CREATED"}
INFO  AUDIT - owner created id=42 memberId=UNKNOWN27D059936B8 registrationDate=2026-09-07 membershipLevel=1
INFO  AUDIT - {"seq":32,"ownerId":42,"memberId":"UNKNOWN27D059936B8","membershipLevel":1,"event":"OWNER_CREATED"}
INFO  AUDIT - owner created id=43 memberId=UNKNOWN2752B692513 registrationDate=2026-09-07 membershipLevel=1
INFO  AUDIT - {"seq":33,"ownerId":43,"memberId":"UNKNOWN2752B692513","membershipLevel":1,"event":"OWNER_CREATED"}
INFO  AUDIT - owner created id=44 memberId=UNKNOWN27919482A49 registrationDate=2026-09-07 membershipLevel=1
INFO  AUDIT - {"seq":34,"ownerId":44,"memberId":"UNKNOWN27919482A49","membershipLevel":1,"event":"OWNER_CREATED"}
INFO  AUDIT - owner created id=45 memberId=UNKNOWN2746D6D6130 registrationDate=2026-09-07 membershipLevel=1
INFO  AUDIT - {"seq":35,"ownerId":45,"memberId":"UNKNOWN2746D6D6130","membershipLevel":1,"event":"OWNER_CREATED"}
INFO  AUDIT - owner created id=46 memberId=UNKNOWN27B81F7B410 registrationDate=2026-09-07 membershipLevel=1
INFO  AUDIT - {"seq":36,"ownerId":46,"memberId":"UNKNOWN27B81F7B410","membershipLevel":1,"event":"OWNER_CREATED"}
INFO  AUDIT - owner created id=47 memberId=UNKNOWN27DAF64E462 registrationDate=2026-09-07 membershipLevel=1
INFO  AUDIT - {"seq":37,"ownerId":47,"memberId":"UNKNOWN27DAF64E462","membershipLevel":1,"event":"OWNER_CREATED"}
INFO  AUDIT - owner created id=48 memberId=UNKNOWN27862C06D46 registrationDate=2026-09-07 membershipLevel=1
INFO  AUDIT - {"seq":38,"ownerId":48,"memberId":"UNKNOWN27862C06D46","membershipLevel":1,"event":"OWNER_CREATED"}
INFO  AUDIT - owner created id=49 memberId=UNKNOWN27A330967C4 registrationDate=2026-09-07 membershipLevel=1
INFO  AUDIT - {"seq":39,"ownerId":49,"memberId":"UNKNOWN27A330967C4","membershipLevel":1,"event":"OWNER_CREATED"}
INFO  AUDIT - owner created id=50 memberId=UNKNOWN27AB5326C05 registrationDate=2026-09-07 membershipLevel=1
INFO  AUDIT - {"seq":40,"ownerId":50,"memberId":"UNKNOWN27AB5326C05","membershipLevel":1,"event":"OWNER_CREATED"}
INFO  AUDIT - owner created id=51 memberId=UNKNOWN27692C423D0 registrationDate=2026-09-07 membershipLevel=1
INFO  AUDIT - {"seq":41,"ownerId":51,"memberId":"UNKNOWN27692C423D0","membershipLevel":1,"event":"OWNER_CREATED"}
INFO  AUDIT - owner created id=52 memberId=UNKNOWN2775FE22850 registrationDate=2026-09-07 membershipLevel=1
INFO  AUDIT - {"seq":42,"ownerId":52,"memberId":"UNKNOWN2775FE22850","membershipLevel":1,"event":"OWNER_CREATED"}
INFO  AUDIT - owner created id=53 memberId=UNKNOWN27B289A6F36 registrationDate=2026-09-07 membershipLevel=1
INFO  AUDIT - {"seq":43,"ownerId":53,"memberId":"UNKNOWN27B289A6F36","membershipLevel":1,"event":"OWNER_CREATED"}
INFO  AUDIT - owner created id=54 memberId=UNKNOWN27981F398E4 registrationDate=2026-09-07 membershipLevel=1
INFO  AUDIT - {"seq":44,"ownerId":54,"memberId":"UNKNOWN27981F398E4","membershipLevel":1,"event":"OWNER_CREATED"}
INFO  AUDIT - owner created id=55 memberId=UNKNOWN27458108191 registrationDate=2026-09-07 membershipLevel=1
INFO  AUDIT - {"seq":45,"ownerId":55,"memberId":"UNKNOWN27458108191","membershipLevel":1,"event":"OWNER_CREATED"}
INFO  AUDIT - owner created id=56 memberId=UNKNOWN27E1A6449C0 registrationDate=2026-09-07 membershipLevel=1
INFO  AUDIT - {"seq":46,"ownerId":56,"memberId":"UNKNOWN27E1A6449C0","membershipLevel":1,"event":"OWNER_CREATED"}
INFO  AUDIT - owner created id=57 memberId=UNKNOWN276D5023680 registrationDate=2026-09-07 membershipLevel=1
INFO  AUDIT - {"seq":47,"ownerId":57,"memberId":"UNKNOWN276D5023680","membershipLevel":1,"event":"OWNER_CREATED"}
INFO  AUDIT - owner created id=58 memberId=UNKNOWN27F0E390AA8 registrationDate=2026-09-07 membershipLevel=1
INFO  AUDIT - {"seq":48,"ownerId":58,"memberId":"UNKNOWN27F0E390AA8","membershipLevel":1,"event":"OWNER_CREATED"}
INFO  AUDIT - owner created id=59 memberId=UNKNOWN27215184394 registrationDate=2026-09-07 membershipLevel=1
INFO  AUDIT - {"seq":49,"ownerId":59,"memberId":"UNKNOWN27215184394","membershipLevel":1,"event":"OWNER_CREATED"}
INFO  AUDIT - owner created id=60 memberId=UNKNOWN2763949DB70 registrationDate=2026-09-07 membershipLevel=1
INFO  AUDIT - {"seq":50,"ownerId":60,"memberId":"UNKNOWN2763949DB70","membershipLevel":1,"event":"OWNER_CREATED"}
INFO  AUDIT - owner created id=61 memberId=UNKNOWN278972C1665 registrationDate=2026-09-07 membershipLevel=1
INFO  AUDIT - {"seq":51,"ownerId":61,"memberId":"UNKNOWN278972C1665","membershipLevel":1,"event":"OWNER_CREATED"}
INFO  AUDIT - owner created id=62 memberId=UNKNOWN278152A87D1 registrationDate=2026-09-07 membershipLevel=1
INFO  AUDIT - {"seq":52,"ownerId":62,"memberId":"UNKNOWN278152A87D1","membershipLevel":1,"event":"OWNER_CREATED"}
INFO  AUDIT - owner created id=63 memberId=UNKNOWN27A3ACC39B1 registrationDate=2026-09-07 membershipLevel=1
INFO  AUDIT - {"seq":53,"ownerId":63,"memberId":"UNKNOWN27A3ACC39B1","membershipLevel":1,"event":"OWNER_CREATED"}
INFO  AUDIT - owner created id=64 memberId=UNKNOWN27FBFF254B2 registrationDate=2026-09-07 membershipLevel=1
INFO  AUDIT - {"seq":54,"ownerId":64,"memberId":"UNKNOWN27FBFF254B2","membershipLevel":1,"event":"OWNER_CREATED"}
INFO  AUDIT - owner created id=65 memberId=UNKNOWN2764F735706 registrationDate=2026-09-07 membershipLevel=1
INFO  AUDIT - {"seq":55,"ownerId":65,"memberId":"UNKNOWN2764F735706","membershipLevel":1,"event":"OWNER_CREATED"}
INFO  AUDIT - owner created id=66 memberId=UNKNOWN27846111154 registrationDate=2026-09-07 membershipLevel=1
INFO  AUDIT - {"seq":56,"ownerId":66,"memberId":"UNKNOWN27846111154","membershipLevel":1,"event":"OWNER_CREATED"}
INFO  AUDIT - owner created id=67 memberId=UNKNOWN27B54833537 registrationDate=2026-09-07 membershipLevel=1
INFO  AUDIT - {"seq":57,"ownerId":67,"memberId":"UNKNOWN27B54833537","membershipLevel":1,"event":"OWNER_CREATED"}
INFO  AUDIT - owner created id=68 memberId=UNKNOWN2744017A555 registrationDate=2026-09-07 membershipLevel=1
INFO  AUDIT - {"seq":58,"ownerId":68,"memberId":"UNKNOWN2744017A555","membershipLevel":1,"event":"OWNER_CREATED"}
INFO  AUDIT - owner created id=69 memberId=UNKNOWN27B1B17FA29 registrationDate=2026-09-07 membershipLevel=1
INFO  AUDIT - {"seq":59,"ownerId":69,"memberId":"UNKNOWN27B1B17FA29","membershipLevel":1,"event":"OWNER_CREATED"}
INFO  AUDIT - owner created id=70 memberId=UNKNOWN27A0F2CB181 registrationDate=2026-09-07 membershipLevel=1
INFO  AUDIT - {"seq":60,"ownerId":70,"memberId":"UNKNOWN27A0F2CB181","membershipLevel":1,"event":"OWNER_CREATED"}
INFO  AUDIT - owner created id=71 memberId=UNKNOWN2762E223D04 registrationDate=2026-09-07 membershipLevel=1
INFO  AUDIT - {"seq":61,"ownerId":71,"memberId":"UNKNOWN2762E223D04","membershipLevel":1,"event":"OWNER_CREATED"}
INFO  AUDIT - owner created id=72 memberId=UNKNOWN27C5A2D76B4 registrationDate=2026-09-07 membershipLevel=1
INFO  AUDIT - {"seq":62,"ownerId":72,"memberId":"UNKNOWN27C5A2D76B4","membershipLevel":1,"event":"OWNER_CREATED"}
INFO  AUDIT - owner created id=73 memberId=UNKNOWN271C39B1D20 registrationDate=2026-09-07 membershipLevel=1
INFO  AUDIT - {"seq":63,"ownerId":73,"memberId":"UNKNOWN271C39B1D20","membershipLevel":1,"event":"OWNER_CREATED"}
INFO  AUDIT - owner created id=74 memberId=UNKNOWN27CACF5FBE8 registrationDate=2026-09-07 membershipLevel=1
INFO  AUDIT - {"seq":64,"ownerId":74,"memberId":"UNKNOWN27CACF5FBE8","membershipLevel":1,"event":"OWNER_CREATED"}
INFO  AUDIT - owner created id=75 memberId=UNKNOWN278BF148689 registrationDate=2026-09-07 membershipLevel=1
INFO  AUDIT - {"seq":65,"ownerId":75,"memberId":"UNKNOWN278BF148689","membershipLevel":1,"event":"OWNER_CREATED"}
INFO  AUDIT - owner created id=76 memberId=UNKNOWN278F2C76167 registrationDate=2026-09-07 membershipLevel=1
INFO  AUDIT - {"seq":66,"ownerId":76,"memberId":"UNKNOWN278F2C76167","membershipLevel":1,"event":"OWNER_CREATED"}
INFO  AUDIT - owner created id=77 memberId=UNKNOWN2717AC54B62 registrationDate=2026-09-07 membershipLevel=1
INFO  AUDIT - {"seq":67,"ownerId":77,"memberId":"UNKNOWN2717AC54B62","membershipLevel":1,"event":"OWNER_CREATED"}
INFO  AUDIT - owner created id=78 memberId=UNKNOWN27CE0FA8113 registrationDate=2026-09-07 membershipLevel=1
INFO  AUDIT - {"seq":68,"ownerId":78,"memberId":"UNKNOWN27CE0FA8113","membershipLevel":1,"event":"OWNER_CREATED"}
INFO  AUDIT - owner created id=79 memberId=UNKNOWN27FF5DBA453 registrationDate=2026-09-07 membershipLevel=1
INFO  AUDIT - {"seq":69,"ownerId":79,"memberId":"UNKNOWN27FF5DBA453","membershipLevel":1,"event":"OWNER_CREATED"}
INFO  AUDIT - owner created id=80 memberId=UNKNOWN274FA8BF4B5 registrationDate=2026-09-07 membershipLevel=1
INFO  AUDIT - {"seq":70,"ownerId":80,"memberId":"UNKNOWN274FA8BF4B5","membershipLevel":1,"event":"OWNER_CREATED"}
INFO  AUDIT - owner created id=81 memberId=UNKNOWN27C4506FDE5 registrationDate=2026-09-07 membershipLevel=1
INFO  AUDIT - {"seq":71,"ownerId":81,"memberId":"UNKNOWN27C4506FDE5","membershipLevel":1,"event":"OWNER_CREATED"}
INFO  AUDIT - owner created id=82 memberId=UNKNOWN27C308ACDD6 registrationDate=2026-09-07 membershipLevel=1
INFO  AUDIT - {"seq":72,"ownerId":82,"memberId":"UNKNOWN27C308ACDD6","membershipLevel":1,"event":"OWNER_CREATED"}
INFO  AUDIT - owner created id=83 memberId=UNKNOWN277C9975750 registrationDate=2026-09-07 membershipLevel=1
INFO  AUDIT - {"seq":73,"ownerId":83,"memberId":"UNKNOWN277C9975750","membershipLevel":1,"event":"OWNER_CREATED"}
INFO  AUDIT - owner created id=84 memberId=UNKNOWN27782609039 registrationDate=2026-09-07 membershipLevel=1
INFO  AUDIT - {"seq":74,"ownerId":84,"memberId":"UNKNOWN27782609039","membershipLevel":1,"event":"OWNER_CREATED"}
INFO  AUDIT - owner created id=85 memberId=UNKNOWN27B3C741314 registrationDate=2026-09-07 membershipLevel=1
INFO  AUDIT - {"seq":75,"ownerId":85,"memberId":"UNKNOWN27B3C741314","membershipLevel":1,"event":"OWNER_CREATED"}
INFO  AUDIT - owner created id=86 memberId=UNKNOWN271EC370A09 registrationDate=2026-09-07 membershipLevel=1
INFO  AUDIT - {"seq":76,"ownerId":86,"memberId":"UNKNOWN271EC370A09","membershipLevel":1,"event":"OWNER_CREATED"}
INFO  AUDIT - owner created id=87 memberId=UNKNOWN27F5925BC34 registrationDate=2026-09-07 membershipLevel=1
INFO  AUDIT - {"seq":77,"ownerId":87,"memberId":"UNKNOWN27F5925BC34","membershipLevel":1,"event":"OWNER_CREATED"}
INFO  AUDIT - owner created id=88 memberId=UNKNOWN271AF72A667 registrationDate=2026-09-07 membershipLevel=1
INFO  AUDIT - {"seq":78,"ownerId":88,"memberId":"UNKNOWN271AF72A667","membershipLevel":1,"event":"OWNER_CREATED"}
INFO  AUDIT - owner created id=89 memberId=UNKNOWN278F199D5F2 registrationDate=2026-09-07 membershipLevel=1
INFO  AUDIT - {"seq":79,"ownerId":89,"memberId":"UNKNOWN278F199D5F2","membershipLevel":1,"event":"OWNER_CREATED"}
INFO  AUDIT - owner created id=90 memberId=UNKNOWN271AAE943F3 registrationDate=2026-09-07 membershipLevel=1
INFO  AUDIT - {"seq":80,"ownerId":90,"memberId":"UNKNOWN271AAE943F3","membershipLevel":1,"event":"OWNER_CREATED"}
INFO  AUDIT - owner created id=91 memberId=UNKNOWN27B8A2FC704 registrationDate=2026-09-07 membershipLevel=1
INFO  AUDIT - {"seq":81,"ownerId":91,"memberId":"UNKNOWN27B8A2FC704","membershipLevel":1,"event":"OWNER_CREATED"}
INFO  AUDIT - owner created id=92 memberId=UNKNOWN27182361D24 registrationDate=2026-09-07 membershipLevel=1
INFO  AUDIT - {"seq":82,"ownerId":92,"memberId":"UNKNOWN27182361D24","membershipLevel":1,"event":"OWNER_CREATED"}
INFO  AUDIT - owner created id=93 memberId=UNKNOWN279827E7709 registrationDate=2026-09-07 membershipLevel=1
INFO  AUDIT - {"seq":83,"ownerId":93,"memberId":"UNKNOWN279827E7709","membershipLevel":1,"event":"OWNER_CREATED"}
INFO  AUDIT - owner created id=94 memberId=UNKNOWN27FE5D10F89 registrationDate=2026-09-07 membershipLevel=1
INFO  AUDIT - {"seq":84,"ownerId":94,"memberId":"UNKNOWN27FE5D10F89","membershipLevel":1,"event":"OWNER_CREATED"}
INFO  AUDIT - owner created id=95 memberId=UNKNOWN275C90AD058 registrationDate=2026-09-07 membershipLevel=1
INFO  AUDIT - {"seq":85,"ownerId":95,"memberId":"UNKNOWN275C90AD058","membershipLevel":1,"event":"OWNER_CREATED"}
INFO  AUDIT - owner created id=96 memberId=UNKNOWN274EB762A90 registrationDate=2026-09-07 membershipLevel=1
INFO  AUDIT - {"seq":86,"ownerId":96,"memberId":"UNKNOWN274EB762A90","membershipLevel":1,"event":"OWNER_CREATED"}
INFO  AUDIT - owner created id=97 memberId=UNKNOWN275D9F38FC9 registrationDate=2026-09-07 membershipLevel=1
INFO  AUDIT - {"seq":87,"ownerId":97,"memberId":"UNKNOWN275D9F38FC9","membershipLevel":1,"event":"OWNER_CREATED"}
INFO  AUDIT - owner created id=98 memberId=UNKNOWN2729A189EA7 registrationDate=2026-09-07 membershipLevel=1
INFO  AUDIT - {"seq":88,"ownerId":98,"memberId":"UNKNOWN2729A189EA7","membershipLevel":1,"event":"OWNER_CREATED"}
INFO  AUDIT - owner created id=99 memberId=UNKNOWN2758A6C0B15 registrationDate=2026-09-07 membershipLevel=1
INFO  AUDIT - {"seq":89,"ownerId":99,"memberId":"UNKNOWN2758A6C0B15","membershipLevel":1,"event":"OWNER_CREATED"}
INFO  AUDIT - owner created id=100 memberId=UNKNOWN2798DB6D751 registrationDate=2026-09-07 membershipLevel=1
INFO  AUDIT - {"seq":90,"ownerId":100,"memberId":"UNKNOWN2798DB6D751","membershipLevel":1,"event":"OWNER_CREATED"}
INFO  AUDIT - owner created id=101 memberId=UNKNOWN27C88704555 registrationDate=2026-09-07 membershipLevel=1
INFO  AUDIT - {"seq":91,"ownerId":101,"memberId":"UNKNOWN27C88704555","membershipLevel":1,"event":"OWNER_CREATED"}
INFO  AUDIT - owner created id=102 memberId=UNKNOWN27B66B61D55 registrationDate=2026-09-07 membershipLevel=1
INFO  AUDIT - {"seq":92,"ownerId":102,"memberId":"UNKNOWN27B66B61D55","membershipLevel":1,"event":"OWNER_CREATED"}
INFO  AUDIT - owner created id=103 memberId=UNKNOWN275B838FF63 registrationDate=2026-09-07 membershipLevel=1
INFO  AUDIT - {"seq":93,"ownerId":103,"memberId":"UNKNOWN275B838FF63","membershipLevel":1,"event":"OWNER_CREATED"}
INFO  AUDIT - owner created id=104 memberId=UNKNOWN27B5AE63F93 registrationDate=2026-09-07 membershipLevel=1
INFO  AUDIT - {"seq":94,"ownerId":104,"memberId":"UNKNOWN27B5AE63F93","membershipLevel":1,"event":"OWNER_CREATED"}
INFO  AUDIT - owner created id=105 memberId=UNKNOWN27F84EC87C4 registrationDate=2026-09-07 membershipLevel=1
INFO  AUDIT - {"seq":95,"ownerId":105,"memberId":"UNKNOWN27F84EC87C4","membershipLevel":1,"event":"OWNER_CREATED"}
INFO  AUDIT - owner created id=106 memberId=UNKNOWN2744EECB3A1 registrationDate=2026-09-07 membershipLevel=1
INFO  AUDIT - {"seq":96,"ownerId":106,"memberId":"UNKNOWN2744EECB3A1","membershipLevel":1,"event":"OWNER_CREATED"}
INFO  AUDIT - owner created id=107 memberId=UNKNOWN27EEDDBDB33 registrationDate=2026-09-07 membershipLevel=1
INFO  AUDIT - {"seq":97,"ownerId":107,"memberId":"UNKNOWN27EEDDBDB33","membershipLevel":1,"event":"OWNER_CREATED"}
INFO  AUDIT - owner created id=108 memberId=UNKNOWN2741718FEF7 registrationDate=2026-09-07 membershipLevel=1
INFO  AUDIT - {"seq":98,"ownerId":108,"memberId":"UNKNOWN2741718FEF7","membershipLevel":1,"event":"OWNER_CREATED"}
INFO  AUDIT - owner created id=109 memberId=UNKNOWN27C3EA5C553 registrationDate=2026-09-07 membershipLevel=1
INFO  AUDIT - {"seq":99,"ownerId":109,"memberId":"UNKNOWN27C3EA5C553","membershipLevel":1,"event":"OWNER_CREATED"}
INFO  AUDIT - owner created id=110 memberId=UNKNOWN27BA0A4FD62 registrationDate=2026-09-07 membershipLevel=1
INFO  AUDIT - {"seq":100,"ownerId":110,"memberId":"UNKNOWN27BA0A4FD62","membershipLevel":1,"event":"OWNER_CREATED"}
INFO  AUDIT - owner created id=111 memberId=UNKNOWN273C5216323 registrationDate=2026-09-07 membershipLevel=1
INFO  AUDIT - {"seq":101,"ownerId":111,"memberId":"UNKNOWN273C5216323","membershipLevel":1,"event":"OWNER_CREATED"}
INFO  AUDIT - owner created id=112 memberId=UNKNOWN27721BAF4E3 registrationDate=2026-09-07 membershipLevel=1
INFO  AUDIT - {"seq":102,"ownerId":112,"memberId":"UNKNOWN27721BAF4E3","membershipLevel":1,"event":"OWNER_CREATED"}
INFO  AUDIT - owner created id=113 memberId=UNKNOWN27148C35C70 registrationDate=2026-09-07 membershipLevel=1
INFO  AUDIT - {"seq":103,"ownerId":113,"memberId":"UNKNOWN27148C35C70","membershipLevel":1,"event":"OWNER_CREATED"}
INFO  AUDIT - owner created id=114 memberId=UNKNOWN273EC29F408 registrationDate=2026-09-07 membershipLevel=1
INFO  AUDIT - {"seq":104,"ownerId":114,"memberId":"UNKNOWN273EC29F408","membershipLevel":1,"event":"OWNER_CREATED"}
INFO  AUDIT - owner created id=115 memberId=UNKNOWN27DA85E6C81 registrationDate=2026-09-07 membershipLevel=1
INFO  AUDIT - {"seq":105,"ownerId":115,"memberId":"UNKNOWN27DA85E6C81","membershipLevel":1,"event":"OWNER_CREATED"}
INFO  AUDIT - owner created id=116 memberId=UNKNOWN270AA52E208 registrationDate=2026-09-07 membershipLevel=1
INFO  AUDIT - {"seq":106,"ownerId":116,"memberId":"UNKNOWN270AA52E208","membershipLevel":1,"event":"OWNER_CREATED"}
INFO  AUDIT - owner created id=117 memberId=UNKNOWN2708E2E5F36 registrationDate=2026-09-07 membershipLevel=1
INFO  AUDIT - {"seq":107,"ownerId":117,"memberId":"UNKNOWN2708E2E5F36","membershipLevel":1,"event":"OWNER_CREATED"}
INFO  AUDIT - owner created id=118 memberId=UNKNOWN27195A6E971 registrationDate=2026-09-07 membershipLevel=1
INFO  AUDIT - {"seq":108,"ownerId":118,"memberId":"UNKNOWN27195A6E971","membershipLevel":1,"event":"OWNER_CREATED"}
INFO  AUDIT - owner created id=119 memberId=UNKNOWN27534C42231 registrationDate=2026-09-07 membershipLevel=1
INFO  AUDIT - {"seq":109,"ownerId":119,"memberId":"UNKNOWN27534C42231","membershipLevel":1,"event":"OWNER_CREATED"}
INFO  AUDIT - owner created id=120 memberId=UNKNOWN274B5FF9FE7 registrationDate=2026-09-07 membershipLevel=1
INFO  AUDIT - {"seq":110,"ownerId":120,"memberId":"UNKNOWN274B5FF9FE7","membershipLevel":1,"event":"OWNER_CREATED"}
INFO  AUDIT - owner created id=121 memberId=UNKNOWN276BE148D33 registrationDate=2026-09-07 membershipLevel=1
INFO  AUDIT - {"seq":111,"ownerId":121,"memberId":"UNKNOWN276BE148D33","membershipLevel":1,"event":"OWNER_CREATED"}
INFO  AUDIT - owner created id=122 memberId=UNKNOWN27057E23E24 registrationDate=2026-09-07 membershipLevel=1
INFO  AUDIT - {"seq":112,"ownerId":122,"memberId":"UNKNOWN27057E23E24","membershipLevel":1,"event":"OWNER_CREATED"}
INFO  AnnotationConfigContextLoaderUtils - Could not detect default configuration classes for test class [org.springframework.samples.petclinic.acceptance.Cp28Tests]: Cp28Tests does not declare any static, non-private, non-final, nested classes annotated with @Configuration.
INFO  SpringBootTestContextBootstrapper - Found @SpringBootConfiguration org.springframework.samples.petclinic.PetClinicApplication for test class org.springframework.samples.petclinic.acceptance.Cp28Tests
INFO  AnnotationConfigContextLoaderUtils - Could not detect default configuration classes for test class [org.springframework.samples.petclinic.acceptance.Cp28Tests]: Cp28Tests does not declare any static, non-private, non-final, nested classes annotated with @Configuration.
INFO  AnnotationConfigContextLoaderUtils - Could not detect default configuration classes for test class [org.springframework.samples.petclinic.acceptance.AcceptanceBase]: AcceptanceBase does not declare any static, non-private, non-final, nested classes annotated with @Configuration.
INFO  SpringBootTestContextBootstrapper - Found @SpringBootConfiguration org.springframework.samples.petclinic.PetClinicApplication for test class org.springframework.samples.petclinic.acceptance.Cp28Tests
INFO  AUDIT - owner created id=123 memberId=NSW27437B87877 registrationDate=2026-09-07 membershipLevel=1
INFO  AUDIT - {"seq":113,"ownerId":123,"memberId":"NSW27437B87877","membershipLevel":1,"event":"OWNER_CREATED"}
INFO  AUDIT - owner created id=124 memberId=NSW27E0FED23A1 registrationDate=2026-09-07 membershipLevel=2
INFO  AUDIT - {"seq":114,"ownerId":124,"memberId":"NSW27E0FED23A1","membershipLevel":2,"event":"OWNER_CREATED"}
INFO  AnnotationConfigContextLoaderUtils - Could not detect default configuration classes for test class [org.springframework.samples.petclinic.acceptance.Cp18Tests]: Cp18Tests does not declare any static, non-private, non-final, nested classes annotated with @Configuration.
INFO  SpringBootTestContextBootstrapper - Found @SpringBootConfiguration org.springframework.samples.petclinic.PetClinicApplication for test class org.springframework.samples.petclinic.acceptance.Cp18Tests
INFO  AnnotationConfigContextLoaderUtils - Could not detect default configuration classes for test class [org.springframework.samples.petclinic.acceptance.Cp18Tests]: Cp18Tests does not declare any static, non-private, non-final, nested classes annotated with @Configuration.
INFO  AnnotationConfigContextLoaderUtils - Could not detect default configuration classes for test class [org.springframework.samples.petclinic.acceptance.AcceptanceBase]: AcceptanceBase does not declare any static, non-private, non-final, nested classes annotated with @Configuration.
INFO  SpringBootTestContextBootstrapper - Found @SpringBootConfiguration org.springframework.samples.petclinic.PetClinicApplication for test class org.springframework.samples.petclinic.acceptance.Cp18Tests
INFO  AUDIT - owner created id=125 memberId=UNKNOWN272D48FD6D2 registrationDate=2026-09-07 membershipLevel=1
INFO  AUDIT - {"seq":115,"ownerId":125,"memberId":"UNKNOWN272D48FD6D2","membershipLevel":1,"event":"OWNER_CREATED"}
INFO  AUDIT - owner created id=126 memberId=UNKNOWN2744BA2B8E2 registrationDate=2026-09-07 membershipLevel=1
INFO  AUDIT - {"seq":116,"ownerId":126,"memberId":"UNKNOWN2744BA2B8E2","membershipLevel":1,"event":"OWNER_CREATED"}
INFO  AUDIT - owner created id=127 memberId=UNKNOWN27CE3933ED2 registrationDate=2026-09-07 membershipLevel=1
INFO  AUDIT - {"seq":117,"ownerId":127,"memberId":"UNKNOWN27CE3933ED2","membershipLevel":1,"event":"OWNER_CREATED"}
INFO  AUDIT - owner created id=128 memberId=UNKNOWN279653ED0B0 registrationDate=2026-09-07 membershipLevel=1
INFO  AUDIT - {"seq":118,"ownerId":128,"memberId":"UNKNOWN279653ED0B0","membershipLevel":1,"event":"OWNER_CREATED"}
INFO  AUDIT - owner created id=129 memberId=UNKNOWN278AB764782 registrationDate=2026-09-07 membershipLevel=1
INFO  AUDIT - {"seq":119,"ownerId":129,"memberId":"UNKNOWN278AB764782","membershipLevel":1,"event":"OWNER_CREATED"}
INFO  AUDIT - owner created id=130 memberId=UNKNOWN2757C67BF01 registrationDate=2026-09-07 membershipLevel=1
INFO  AUDIT - {"seq":120,"ownerId":130,"memberId":"UNKNOWN2757C67BF01","membershipLevel":1,"event":"OWNER_CREATED"}
INFO  AUDIT - owner created id=131 memberId=UNKNOWN27F02FE2797 registrationDate=2026-09-07 membershipLevel=1
INFO  AUDIT - {"seq":121,"ownerId":131,"memberId":"UNKNOWN27F02FE2797","membershipLevel":1,"event":"OWNER_CREATED"}
INFO  AUDIT - owner created id=132 memberId=UNKNOWN279A97D83B2 registrationDate=2026-09-07 membershipLevel=1
INFO  AUDIT - {"seq":122,"ownerId":132,"memberId":"UNKNOWN279A97D83B2","membershipLevel":1,"event":"OWNER_CREATED"}
INFO  AUDIT - owner created id=133 memberId=UNKNOWN27CBDE9BBC0 registrationDate=2026-09-07 membershipLevel=1
INFO  AUDIT - {"seq":123,"ownerId":133,"memberId":"UNKNOWN27CBDE9BBC0","membershipLevel":1,"event":"OWNER_CREATED"}
INFO  AUDIT - owner created id=134 memberId=UNKNOWN27826D21A83 registrationDate=2026-09-07 membershipLevel=1
INFO  AUDIT - {"seq":124,"ownerId":134,"memberId":"UNKNOWN27826D21A83","membershipLevel":1,"event":"OWNER_CREATED"}
INFO  AUDIT - owner created id=135 memberId=UNKNOWN27663F01FE2 registrationDate=2026-09-07 membershipLevel=1
INFO  AUDIT - {"seq":125,"ownerId":135,"memberId":"UNKNOWN27663F01FE2","membershipLevel":1,"event":"OWNER_CREATED"}
INFO  AUDIT - owner created id=136 memberId=UNKNOWN27ACBA66285 registrationDate=2026-09-07 membershipLevel=1
INFO  AUDIT - {"seq":126,"ownerId":136,"memberId":"UNKNOWN27ACBA66285","membershipLevel":1,"event":"OWNER_CREATED"}
INFO  AUDIT - owner created id=137 memberId=UNKNOWN27C0A9830D0 registrationDate=2026-09-07 membershipLevel=1
INFO  AUDIT - {"seq":127,"ownerId":137,"memberId":"UNKNOWN27C0A9830D0","membershipLevel":1,"event":"OWNER_CREATED"}
INFO  AUDIT - owner created id=138 memberId=UNKNOWN270B980EDB6 registrationDate=2026-09-07 membershipLevel=1
INFO  AUDIT - {"seq":128,"ownerId":138,"memberId":"UNKNOWN270B980EDB6","membershipLevel":1,"event":"OWNER_CREATED"}
INFO  AUDIT - owner created id=139 memberId=UNKNOWN274B72F4F63 registrationDate=2026-09-07 membershipLevel=1
INFO  AUDIT - {"seq":129,"ownerId":139,"memberId":"UNKNOWN274B72F4F63","membershipLevel":1,"event":"OWNER_CREATED"}
INFO  AUDIT - owner created id=140 memberId=UNKNOWN2733C0B8E51 registrationDate=2026-09-07 membershipLevel=1
INFO  AUDIT - {"seq":130,"ownerId":140,"memberId":"UNKNOWN2733C0B8E51","membershipLevel":1,"event":"OWNER_CREATED"}
INFO  AUDIT - owner created id=141 memberId=UNKNOWN2790ECA03E8 registrationDate=2026-09-07 membershipLevel=1
INFO  AUDIT - {"seq":131,"ownerId":141,"memberId":"UNKNOWN2790ECA03E8","membershipLevel":1,"event":"OWNER_CREATED"}
INFO  AUDIT - owner created id=142 memberId=UNKNOWN279986DC0C8 registrationDate=2026-09-07 membershipLevel=1
INFO  AUDIT - {"seq":132,"ownerId":142,"memberId":"UNKNOWN279986DC0C8","membershipLevel":1,"event":"OWNER_CREATED"}
INFO  AUDIT - owner created id=143 memberId=UNKNOWN27249135289 registrationDate=2026-09-07 membershipLevel=1
INFO  AUDIT - {"seq":133,"ownerId":143,"memberId":"UNKNOWN27249135289","membershipLevel":1,"event":"OWNER_CREATED"}
INFO  AUDIT - owner created id=144 memberId=UNKNOWN276A8A892B8 registrationDate=2026-09-07 membershipLevel=1
INFO  AUDIT - {"seq":134,"ownerId":144,"memberId":"UNKNOWN276A8A892B8","membershipLevel":1,"event":"OWNER_CREATED"}
INFO  AUDIT - owner created id=145 memberId=UNKNOWN276DA8BCAC0 registrationDate=2026-09-07 membershipLevel=1
INFO  AUDIT - {"seq":135,"ownerId":145,"memberId":"UNKNOWN276DA8BCAC0","membershipLevel":1,"event":"OWNER_CREATED"}
INFO  AUDIT - owner created id=146 memberId=UNKNOWN279B98604F6 registrationDate=2026-09-07 membershipLevel=1
INFO  AUDIT - {"seq":136,"ownerId":146,"memberId":"UNKNOWN279B98604F6","membershipLevel":1,"event":"OWNER_CREATED"}
INFO  AUDIT - owner created id=147 memberId=UNKNOWN2796F082D36 registrationDate=2026-09-07 membershipLevel=1
INFO  AUDIT - {"seq":137,"ownerId":147,"memberId":"UNKNOWN2796F082D36","membershipLevel":1,"event":"OWNER_CREATED"}
INFO  AUDIT - owner created id=148 memberId=UNKNOWN273AAEC1917 registrationDate=2026-09-07 membershipLevel=1
INFO  AUDIT - {"seq":138,"ownerId":148,"memberId":"UNKNOWN273AAEC1917","membershipLevel":1,"event":"OWNER_CREATED"}
INFO  AUDIT - owner created id=149 memberId=UNKNOWN2783CAD7BB4 registrationDate=2026-09-07 membershipLevel=1
INFO  AUDIT - {"seq":139,"ownerId":149,"memberId":"UNKNOWN2783CAD7BB4","membershipLevel":1,"event":"OWNER_CREATED"}
INFO  AUDIT - owner created id=150 memberId=UNKNOWN274976DBD50 registrationDate=2026-09-07 membershipLevel=1
INFO  AUDIT - {"seq":140,"ownerId":150,"memberId":"UNKNOWN274976DBD50","membershipLevel":1,"event":"OWNER_CREATED"}
INFO  AUDIT - owner created id=151 memberId=UNKNOWN27F15D44736 registrationDate=2026-09-07 membershipLevel=1
INFO  AUDIT - {"seq":141,"ownerId":151,"memberId":"UNKNOWN27F15D44736","membershipLevel":1,"event":"OWNER_CREATED"}
INFO  AUDIT - owner created id=152 memberId=UNKNOWN27D87A69583 registrationDate=2026-09-07 membershipLevel=1
INFO  AUDIT - {"seq":142,"ownerId":152,"memberId":"UNKNOWN27D87A69583","membershipLevel":1,"event":"OWNER_CREATED"}
INFO  AUDIT - owner created id=153 memberId=UNKNOWN271387153E7 registrationDate=2026-09-07 membershipLevel=1
INFO  AUDIT - {"seq":143,"ownerId":153,"memberId":"UNKNOWN271387153E7","membershipLevel":1,"event":"OWNER_CREATED"}
INFO  AUDIT - owner created id=154 memberId=UNKNOWN27113F504C8 registrationDate=2026-09-07 membershipLevel=1
INFO  AUDIT - {"seq":144,"ownerId":154,"memberId":"UNKNOWN27113F504C8","membershipLevel":1,"event":"OWNER_CREATED"}
INFO  AUDIT - owner created id=155 memberId=UNKNOWN27C5EDF97E4 registrationDate=2026-09-07 membershipLevel=1
INFO  AUDIT - {"seq":145,"ownerId":155,"memberId":"UNKNOWN27C5EDF97E4","membershipLevel":1,"event":"OWNER_CREATED"}
INFO  AUDIT - owner created id=156 memberId=UNKNOWN27646FBB389 registrationDate=2026-09-07 membershipLevel=1
INFO  AUDIT - {"seq":146,"ownerId":156,"memberId":"UNKNOWN27646FBB389","membershipLevel":1,"event":"OWNER_CREATED"}
INFO  AUDIT - owner created id=157 memberId=UNKNOWN27633CFDE57 registrationDate=2026-09-07 membershipLevel=1
INFO  AUDIT - {"seq":147,"ownerId":157,"memberId":"UNKNOWN27633CFDE57","membershipLevel":1,"event":"OWNER_CREATED"}
INFO  AUDIT - owner created id=158 memberId=UNKNOWN27F300F9290 registrationDate=2026-09-07 membershipLevel=1
INFO  AUDIT - {"seq":148,"ownerId":158,"memberId":"UNKNOWN27F300F9290","membershipLevel":1,"event":"OWNER_CREATED"}
INFO  AUDIT - owner created id=159 memberId=UNKNOWN272A7252CE5 registrationDate=2026-09-07 membershipLevel=1
INFO  AUDIT - {"seq":149,"ownerId":159,"memberId":"UNKNOWN272A7252CE5","membershipLevel":1,"event":"OWNER_CREATED"}
INFO  AUDIT - owner created id=160 memberId=UNKNOWN2793A7189F2 registrationDate=2026-09-07 membershipLevel=1
INFO  AUDIT - {"seq":150,"ownerId":160,"memberId":"UNKNOWN2793A7189F2","membershipLevel":1,"event":"OWNER_CREATED"}
INFO  AUDIT - owner created id=161 memberId=UNKNOWN270AB6B39F8 registrationDate=2026-09-07 membershipLevel=1
INFO  AUDIT - {"seq":151,"ownerId":161,"memberId":"UNKNOWN270AB6B39F8","membershipLevel":1,"event":"OWNER_CREATED"}
INFO  AUDIT - owner created id=162 memberId=UNKNOWN27F9F8D0AF2 registrationDate=2026-09-07 membershipLevel=1
INFO  AUDIT - {"seq":152,"ownerId":162,"memberId":"UNKNOWN27F9F8D0AF2","membershipLevel":1,"event":"OWNER_CREATED"}
INFO  AUDIT - owner created id=163 memberId=UNKNOWN270F3799516 registrationDate=2026-09-07 membershipLevel=1
INFO  AUDIT - {"seq":153,"ownerId":163,"memberId":"UNKNOWN270F3799516","membershipLevel":1,"event":"OWNER_CREATED"}
INFO  AUDIT - owner created id=164 memberId=UNKNOWN271A6BCD6D8 registrationDate=2026-09-07 membershipLevel=1
INFO  AUDIT - {"seq":154,"ownerId":164,"memberId":"UNKNOWN271A6BCD6D8","membershipLevel":1,"event":"OWNER_CREATED"}
INFO  AUDIT - owner created id=165 memberId=UNKNOWN27B1655F896 registrationDate=2026-09-07 membershipLevel=1
INFO  AUDIT - {"seq":155,"ownerId":165,"memberId":"UNKNOWN27B1655F896","membershipLevel":1,"event":"OWNER_CREATED"}
INFO  AUDIT - owner created id=166 memberId=UNKNOWN279865F7660 registrationDate=2026-09-07 membershipLevel=1
INFO  AUDIT - {"seq":156,"ownerId":166,"memberId":"UNKNOWN279865F7660","membershipLevel":1,"event":"OWNER_CREATED"}
INFO  AUDIT - owner created id=167 memberId=UNKNOWN273D26D1313 registrationDate=2026-09-07 membershipLevel=1
INFO  AUDIT - {"seq":157,"ownerId":167,"memberId":"UNKNOWN273D26D1313","membershipLevel":1,"event":"OWNER_CREATED"}
INFO  AUDIT - owner created id=168 memberId=UNKNOWN2742C0507A9 registrationDate=2026-09-07 membershipLevel=1
INFO  AUDIT - {"seq":158,"ownerId":168,"memberId":"UNKNOWN2742C0507A9","membershipLevel":1,"event":"OWNER_CREATED"}
INFO  AUDIT - owner created id=169 memberId=UNKNOWN279DD7DF587 registrationDate=2026-09-07 membershipLevel=1
INFO  AUDIT - {"seq":159,"ownerId":169,"memberId":"UNKNOWN279DD7DF587","membershipLevel":1,"event":"OWNER_CREATED"}
INFO  AUDIT - owner created id=170 memberId=UNKNOWN27DDE010B92 registrationDate=2026-09-07 membershipLevel=1
INFO  AUDIT - {"seq":160,"ownerId":170,"memberId":"UNKNOWN27DDE010B92","membershipLevel":1,"event":"OWNER_CREATED"}
INFO  AUDIT - owner created id=171 memberId=UNKNOWN274245E4C30 registrationDate=2026-09-07 membershipLevel=1
INFO  AUDIT - {"seq":161,"ownerId":171,"memberId":"UNKNOWN274245E4C30","membershipLevel":1,"event":"OWNER_CREATED"}
INFO  AUDIT - owner created id=172 memberId=UNKNOWN2703AE52D60 registrationDate=2026-09-07 membershipLevel=1
INFO  AUDIT - {"seq":162,"ownerId":172,"memberId":"UNKNOWN2703AE52D60","membershipLevel":1,"event":"OWNER_CREATED"}
INFO  AUDIT - owner created id=173 memberId=UNKNOWN275D0AFC255 registrationDate=2026-09-07 membershipLevel=1
INFO  AUDIT - {"seq":163,"ownerId":173,"memberId":"UNKNOWN275D0AFC255","membershipLevel":1,"event":"OWNER_CREATED"}
INFO  AUDIT - owner created id=174 memberId=UNKNOWN27047112753 registrationDate=2026-09-07 membershipLevel=1
INFO  AUDIT - {"seq":164,"ownerId":174,"memberId":"UNKNOWN27047112753","membershipLevel":1,"event":"OWNER_CREATED"}
INFO  AnnotationConfigContextLoaderUtils - Could not detect default configuration classes for test class [org.springframework.samples.petclinic.acceptance.Cp08Tests]: Cp08Tests does not declare any static, non-private, non-final, nested classes annotated with @Configuration.
INFO  SpringBootTestContextBootstrapper - Found @SpringBootConfiguration org.springframework.samples.petclinic.PetClinicApplication for test class org.springframework.samples.petclinic.acceptance.Cp08Tests
INFO  AnnotationConfigContextLoaderUtils - Could not detect default configuration classes for test class [org.springframework.samples.petclinic.acceptance.Cp08Tests]: Cp08Tests does not declare any static, non-private, non-final, nested classes annotated with @Configuration.
INFO  AnnotationConfigContextLoaderUtils - Could not detect default configuration classes for test class [org.springframework.samples.petclinic.acceptance.AcceptanceBase]: AcceptanceBase does not declare any static, non-private, non-final, nested classes annotated with @Configuration.
INFO  SpringBootTestContextBootstrapper - Found @SpringBootConfiguration org.springframework.samples.petclinic.PetClinicApplication for test class org.springframework.samples.petclinic.acceptance.Cp08Tests
INFO  AUDIT - owner created id=175 memberId=UNKNOWN2752070D041 registrationDate=2026-09-07 membershipLevel=1
INFO  AUDIT - {"seq":165,"ownerId":175,"memberId":"UNKNOWN2752070D041","membershipLevel":1,"event":"OWNER_CREATED"}
INFO  AUDIT - owner created id=176 memberId=UNKNOWN2771DD4C203 registrationDate=2026-09-07 membershipLevel=1
INFO  AUDIT - {"seq":166,"ownerId":176,"memberId":"UNKNOWN2771DD4C203","membershipLevel":1,"event":"OWNER_CREATED"}
INFO  AnnotationConfigContextLoaderUtils - Could not detect default configuration classes for test class [org.springframework.samples.petclinic.acceptance.Cp07Tests]: Cp07Tests does not declare any static, non-private, non-final, nested classes annotated with @Configuration.
INFO  SpringBootTestContextBootstrapper - Found @SpringBootConfiguration org.springframework.samples.petclinic.PetClinicApplication for test class org.springframework.samples.petclinic.acceptance.Cp07Tests
INFO  AnnotationConfigContextLoaderUtils - Could not detect default configuration classes for test class [org.springframework.samples.petclinic.acceptance.Cp07Tests]: Cp07Tests does not declare any static, non-private, non-final, nested classes annotated with @Configuration.
INFO  AnnotationConfigContextLoaderUtils - Could not detect default configuration classes for test class [org.springframework.samples.petclinic.acceptance.AcceptanceBase]: AcceptanceBase does not declare any static, non-private, non-final, nested classes annotated with @Configuration.
INFO  SpringBootTestContextBootstrapper - Found @SpringBootConfiguration org.springframework.samples.petclinic.PetClinicApplication for test class org.springframework.samples.petclinic.acceptance.Cp07Tests
INFO  AUDIT - owner created id=177 memberId=UNKNOWN2656CEF7974 registrationDate=2026-01-06 membershipLevel=1
INFO  AUDIT - {"seq":167,"ownerId":177,"memberId":"UNKNOWN2656CEF7974","membershipLevel":1,"event":"OWNER_CREATED"}
INFO  AUDIT - owner created id=178 memberId=UNKNOWN269EAA30842 registrationDate=2026-01-05 membershipLevel=1
INFO  AUDIT - {"seq":168,"ownerId":178,"memberId":"UNKNOWN269EAA30842","membershipLevel":1,"event":"OWNER_CREATED"}
INFO  AnnotationConfigContextLoaderUtils - Could not detect default configuration classes for test class [org.springframework.samples.petclinic.acceptance.Cp36Tests]: Cp36Tests does not declare any static, non-private, non-final, nested classes annotated with @Configuration.
INFO  SpringBootTestContextBootstrapper - Found @SpringBootConfiguration org.springframework.samples.petclinic.PetClinicApplication for test class org.springframework.samples.petclinic.acceptance.Cp36Tests
INFO  AnnotationConfigContextLoaderUtils - Could not detect default configuration classes for test class [org.springframework.samples.petclinic.acceptance.Cp36Tests]: Cp36Tests does not declare any static, non-private, non-final, nested classes annotated with @Configuration.
INFO  AnnotationConfigContextLoaderUtils - Could not detect default configuration classes for test class [org.springframework.samples.petclinic.acceptance.AcceptanceBase]: AcceptanceBase does not declare any static, non-private, non-final, nested classes annotated with @Configuration.
INFO  SpringBootTestContextBootstrapper - Found @SpringBootConfiguration org.springframework.samples.petclinic.PetClinicApplication for test class org.springframework.samples.petclinic.acceptance.Cp36Tests
INFO  AUDIT - owner created id=179 memberId=NSW2718FB373A0 registrationDate=2026-09-07 membershipLevel=1
INFO  AUDIT - {"seq":169,"ownerId":179,"memberId":"NSW2718FB373A0","membershipLevel":1,"event":"OWNER_CREATED"}
INFO  AUDIT - owner created id=180 memberId=NSW27FD8AC30B9 registrationDate=2026-09-07 membershipLevel=1
INFO  AUDIT - {"seq":170,"ownerId":180,"memberId":"NSW27FD8AC30B9","membershipLevel":1,"event":"OWNER_CREATED"}
INFO  AnnotationConfigContextLoaderUtils - Could not detect default configuration classes for test class [org.springframework.samples.petclinic.acceptance.Cp37Tests]: Cp37Tests does not declare any static, non-private, non-final, nested classes annotated with @Configuration.
INFO  SpringBootTestContextBootstrapper - Found @SpringBootConfiguration org.springframework.samples.petclinic.PetClinicApplication for test class org.springframework.samples.petclinic.acceptance.Cp37Tests
INFO  AnnotationConfigContextLoaderUtils - Could not detect default configuration classes for test class [org.springframework.samples.petclinic.acceptance.Cp37Tests]: Cp37Tests does not declare any static, non-private, non-final, nested classes annotated with @Configuration.
INFO  AnnotationConfigContextLoaderUtils - Could not detect default configuration classes for test class [org.springframework.samples.petclinic.acceptance.AcceptanceBase]: AcceptanceBase does not declare any static, non-private, non-final, nested classes annotated with @Configuration.
INFO  SpringBootTestContextBootstrapper - Found @SpringBootConfiguration org.springframework.samples.petclinic.PetClinicApplication for test class org.springframework.samples.petclinic.acceptance.Cp37Tests
INFO  AUDIT - owner created id=181 memberId=UNKNOWN277D07C73A6 registrationDate=2026-09-07 membershipLevel=1
INFO  AUDIT - {"seq":171,"ownerId":181,"memberId":"UNKNOWN277D07C73A6","membershipLevel":1,"event":"OWNER_CREATED"}
INFO  AnnotationConfigContextLoaderUtils - Could not detect default configuration classes for test class [org.springframework.samples.petclinic.acceptance.Cp40Tests]: Cp40Tests does not declare any static, non-private, non-final, nested classes annotated with @Configuration.
INFO  SpringBootTestContextBootstrapper - Found @SpringBootConfiguration org.springframework.samples.petclinic.PetClinicApplication for test class org.springframework.samples.petclinic.acceptance.Cp40Tests
INFO  AnnotationConfigContextLoaderUtils - Could not detect default configuration classes for test class [org.springframework.samples.petclinic.acceptance.Cp40Tests]: Cp40Tests does not declare any static, non-private, non-final, nested classes annotated with @Configuration.
INFO  AnnotationConfigContextLoaderUtils - Could not detect default configuration classes for test class [org.springframework.samples.petclinic.acceptance.AcceptanceBase]: AcceptanceBase does not declare any static, non-private, non-final, nested classes annotated with @Configuration.
INFO  SpringBootTestContextBootstrapper - Found @SpringBootConfiguration org.springframework.samples.petclinic.PetClinicApplication for test class org.springframework.samples.petclinic.acceptance.Cp40Tests
INFO  AUDIT - owner created id=182 memberId=NSW27351860B13 registrationDate=2026-09-07 membershipLevel=2
INFO  AUDIT - {"seq":172,"ownerId":182,"memberId":"NSW27351860B13","membershipLevel":2,"event":"OWNER_CREATED"}
INFO  AnnotationConfigContextLoaderUtils - Could not detect default configuration classes for test class [org.springframework.samples.petclinic.acceptance.Cp55Tests]: Cp55Tests does not declare any static, non-private, non-final, nested classes annotated with @Configuration.
INFO  SpringBootTestContextBootstrapper - Found @SpringBootConfiguration org.springframework.samples.petclinic.PetClinicApplication for test class org.springframework.samples.petclinic.acceptance.Cp55Tests
INFO  AnnotationConfigContextLoaderUtils - Could not detect default configuration classes for test class [org.springframework.samples.petclinic.acceptance.Cp55Tests]: Cp55Tests does not declare any static, non-private, non-final, nested classes annotated with @Configuration.
INFO  AnnotationConfigContextLoaderUtils - Could not detect default configuration classes for test class [org.springframework.samples.petclinic.acceptance.AcceptanceBase]: AcceptanceBase does not declare any static, non-private, non-final, nested classes annotated with @Configuration.
INFO  SpringBootTestContextBootstrapper - Found @SpringBootConfiguration org.springframework.samples.petclinic.PetClinicApplication for test class org.springframework.samples.petclinic.acceptance.Cp55Tests
INFO  AUDIT - owner created id=183 memberId=NSW270B4F80FC7 registrationDate=2026-09-07 membershipLevel=2
INFO  AUDIT - {"seq":173,"ownerId":183,"memberId":"NSW270B4F80FC7","membershipLevel":2,"event":"OWNER_CREATED"}
INFO  AnnotationConfigContextLoaderUtils - Could not detect default configuration classes for test class [org.springframework.samples.petclinic.acceptance.Cp25Tests]: Cp25Tests does not declare any static, non-private, non-final, nested classes annotated with @Configuration.
INFO  SpringBootTestContextBootstrapper - Found @SpringBootConfiguration org.springframework.samples.petclinic.PetClinicApplication for test class org.springframework.samples.petclinic.acceptance.Cp25Tests
INFO  AnnotationConfigContextLoaderUtils - Could not detect default configuration classes for test class [org.springframework.samples.petclinic.acceptance.Cp25Tests]: Cp25Tests does not declare any static, non-private, non-final, nested classes annotated with @Configuration.
INFO  AnnotationConfigContextLoaderUtils - Could not detect default configuration classes for test class [org.springframework.samples.petclinic.acceptance.AcceptanceBase]: AcceptanceBase does not declare any static, non-private, non-final, nested classes annotated with @Configuration.
INFO  SpringBootTestContextBootstrapper - Found @SpringBootConfiguration org.springframework.samples.petclinic.PetClinicApplication for test class org.springframework.samples.petclinic.acceptance.Cp25Tests
INFO  AUDIT - owner created id=184 memberId=UNKNOWN27CE065CD88 registrationDate=2026-09-07 membershipLevel=2
INFO  AUDIT - {"seq":174,"ownerId":184,"memberId":"UNKNOWN27CE065CD88","membershipLevel":2,"event":"OWNER_CREATED"}
INFO  AnnotationConfigContextLoaderUtils - Could not detect default configuration classes for test class [org.springframework.samples.petclinic.acceptance.Cp35Tests]: Cp35Tests does not declare any static, non-private, non-final, nested classes annotated with @Configuration.
INFO  SpringBootTestContextBootstrapper - Found @SpringBootConfiguration org.springframework.samples.petclinic.PetClinicApplication for test class org.springframework.samples.petclinic.acceptance.Cp35Tests
INFO  AnnotationConfigContextLoaderUtils - Could not detect default configuration classes for test class [org.springframework.samples.petclinic.acceptance.Cp35Tests]: Cp35Tests does not declare any static, non-private, non-final, nested classes annotated with @Configuration.
INFO  AnnotationConfigContextLoaderUtils - Could not detect default configuration classes for test class [org.springframework.samples.petclinic.acceptance.AcceptanceBase]: AcceptanceBase does not declare any static, non-private, non-final, nested classes annotated with @Configuration.
INFO  SpringBootTestContextBootstrapper - Found @SpringBootConfiguration org.springframework.samples.petclinic.PetClinicApplication for test class org.springframework.samples.petclinic.acceptance.Cp35Tests
INFO  AUDIT - owner created id=185 memberId=NSW271D7000C98 registrationDate=2026-09-07 membershipLevel=1
INFO  AUDIT - {"seq":175,"ownerId":185,"memberId":"NSW271D7000C98","membershipLevel":1,"event":"OWNER_CREATED"}
INFO  AUDIT - owner created id=186 memberId=NSW2750AC6F9C3 registrationDate=2026-09-07 membershipLevel=1
INFO  AUDIT - {"seq":176,"ownerId":186,"memberId":"NSW2750AC6F9C3","membershipLevel":1,"event":"OWNER_CREATED"}
INFO  AnnotationConfigContextLoaderUtils - Could not detect default configuration classes for test class [org.springframework.samples.petclinic.acceptance.Cp05Tests]: Cp05Tests does not declare any static, non-private, non-final, nested classes annotated with @Configuration.
INFO  SpringBootTestContextBootstrapper - Found @SpringBootConfiguration org.springframework.samples.petclinic.PetClinicApplication for test class org.springframework.samples.petclinic.acceptance.Cp05Tests
INFO  AnnotationConfigContextLoaderUtils - Could not detect default configuration classes for test class [org.springframework.samples.petclinic.acceptance.Cp05Tests]: Cp05Tests does not declare any static, non-private, non-final, nested classes annotated with @Configuration.
INFO  AnnotationConfigContextLoaderUtils - Could not detect default configuration classes for test class [org.springframework.samples.petclinic.acceptance.AcceptanceBase]: AcceptanceBase does not declare any static, non-private, non-final, nested classes annotated with @Configuration.
INFO  SpringBootTestContextBootstrapper - Found @SpringBootConfiguration org.springframework.samples.petclinic.PetClinicApplication for test class org.springframework.samples.petclinic.acceptance.Cp05Tests
INFO  AUDIT - owner created id=187 memberId=UNKNOWN27053DF9695 registrationDate=2026-09-07 membershipLevel=1
INFO  AUDIT - {"seq":177,"ownerId":187,"memberId":"UNKNOWN27053DF9695","membershipLevel":1,"event":"OWNER_CREATED"}

MockHttpServletRequest:
      HTTP Method = POST
      Request URI = /api/owners
       Parameters = {}
          Headers = [Content-Type:"application/json;charset=UTF-8", Content-Length:"110"]
             Body = {"firstName":"John","lastName":"Surabi","address":"738 Test Street","city":"Town739","telephone":"0400000740"}
    Session Attrs = {SPRING_SECURITY_CONTEXT=SecurityContextImpl [Authentication=UsernamePasswordAuthenticationToken [Principal=org.springframework.security.core.userdetails.User [Username=acceptance-admin, Password=[PROTECTED], Enabled=true, AccountNonExpired=true, CredentialsNonExpired=true, AccountNonLocked=true, Granted Authorities=[ROLE_ADMIN, ROLE_OWNER_ADMIN, ROLE_VET_ADMIN]], Credentials=[PROTECTED], Authenticated=true, Details=null, Granted Authorities=[ROLE_ADMIN, ROLE_OWNER_ADMIN, ROLE_VET_ADMIN]]]}

Handler:
             Type = org.springframework.samples.petclinic.rest.controller.v1.OwnerRestControllerV1
           Method = org.springframework.samples.petclinic.rest.controller.v1.OwnerRestControllerV1#addOwner(OwnerFieldsDto)

Async:
    Async started = false
     Async result = null

Resolved Exception:
             Type = null

ModelAndView:
        View name = null
             View = null
            Model = null

FlashMap:
       Attributes = null

MockHttpServletResponse:
           Status = 201
    Error message = null
          Headers = [Vary:"Origin", "Access-Control-Request-Method", "Access-Control-Request-Headers", Location:"/api/owners/187", Content-Type:"application/json", X-Content-Type-Options:"nosniff", X-XSS-Protection:"0", Cache-Control:"no-cache, no-store, max-age=0, must-revalidate", Pragma:"no-cache", Expires:"0", X-Frame-Options:"DENY"]
     Content type = application/json
             Body = {"firstName":"JOHN","lastName":"SURABI","city":"TOWN739","telephone":"+61400000740","pets":[],"address":"738 TEST STREET","addressLine1":null,"addressLine2":null,"ageBand":null,"birthDate":null,"bulkSignupWarning":false,"capacityWarning":false,"contactPreference":"PHONE","deleted":false,"displayName":"SURABI, JOHN","email":null,"fiscalYear":"FY27","householdId":"25eba8045521","id":187,"identityKey":"560afda284c97d1b732584f05961f3f4967c61845fdf93f22f4c40301ee064e0","initials":"J.S.","locality":"UNKNOWN","memberId":"UNKNOWN27053DF9695","membershipLevel":1,"membershipPoints":1,"namesakeCount":0,"ownerSegment":"STANDARD_REGIONAL","possibleDuplicate":false,"possibleDuplicateOf":null,"postcode":null,"registrationDate":"2026-09-07","salutation":"Surabi","selfLink":"/api/owners/187","sharesHousehold":null,"telephoneDisplay":"+61 400 000 740","timezone":null,"title":null}
    Forwarded URL = null
   Redirected URL = /api/owners/187
          Cookies = []

MockHttpServletRequest:
      HTTP Method = GET
      Request URI = /api/owners/187
       Parameters = {}
          Headers = []
             Body = null
    Session Attrs = {SPRING_SECURITY_CONTEXT=SecurityContextImpl [Authentication=UsernamePasswordAuthenticationToken [Principal=org.springframework.security.core.userdetails.User [Username=acceptance-admin, Password=[PROTECTED], Enabled=true, AccountNonExpired=true, CredentialsNonExpired=true, AccountNonLocked=true, Granted Authorities=[ROLE_ADMIN, ROLE_OWNER_ADMIN, ROLE_VET_ADMIN]], Credentials=[PROTECTED], Authenticated=true, Details=null, Granted Authorities=[ROLE_ADMIN, ROLE_OWNER_ADMIN, ROLE_VET_ADMIN]]]}

Handler:
             Type = org.springframework.samples.petclinic.rest.controller.v1.OwnerRestControllerV1
           Method = org.springframework.samples.petclinic.rest.controller.v1.OwnerRestControllerV1#getOwner(Integer)

Async:
    Async started = false
     Async result = null

Resolved Exception:
             Type = null

ModelAndView:
        View name = null
             View = null
            Model = null

FlashMap:
       Attributes = null

MockHttpServletResponse:
           Status = 200
    Error message = null
          Headers = [Vary:"Origin", "Access-Control-Request-Method", "Access-Control-Request-Headers", Content-Type:"application/json", X-Content-Type-Options:"nosniff", X-XSS-Protection:"0", Cache-Control:"no-cache, no-store, max-age=0, must-revalidate", Pragma:"no-cache", Expires:"0", X-Frame-Options:"DENY"]
     Content type = application/json
             Body = {"firstName":"JOHN","lastName":"SURABI","city":"TOWN739","telephone":"+61400000740","pets":[],"address":"738 TEST STREET","addressLine1":null,"addressLine2":null,"ageBand":null,"birthDate":null,"bulkSignupWarning":false,"capacityWarning":false,"contactPreference":"PHONE","deleted":false,"displayName":"SURABI, JOHN","email":null,"fiscalYear":"FY27","householdId":"25eba8045521","id":187,"identityKey":"560afda284c97d1b732584f05961f3f4967c61845fdf93f22f4c40301ee064e0","initials":"J.S.","locality":"UNKNOWN","memberId":"UNKNOWN27053DF9695","membershipLevel":1,"membershipPoints":1,"namesakeCount":0,"ownerSegment":"STANDARD_REGIONAL","possibleDuplicate":false,"possibleDuplicateOf":null,"postcode":null,"registrationDate":"2026-09-07","salutation":"Surabi","selfLink":"/api/owners/187","sharesHousehold":null,"telephoneDisplay":"+61 400 000 740","timezone":null,"title":null}
    Forwarded URL = null
   Redirected URL = null
          Cookies = []
[ERROR] Tests run: 1, Failures: 1, Errors: 0, Skipped: 0, Time elapsed: 0.038 s <<< FAILURE! -- in org.springframework.samples.petclinic.acceptance.Cp05Tests
[ERROR] org.springframework.samples.petclinic.acceptance.Cp05Tests.coreComputesDisplayName -- Time elapsed: 0.029 s <<< FAILURE!
java.lang.AssertionError: JSON path "$.displayName" expected:<Surabi, John> but was:<SURABI, JOHN>
	at org.springframework.test.util.AssertionErrors.fail(AssertionErrors.java:62)
	at org.springframework.test.util.AssertionErrors.assertEquals(AssertionErrors.java:129)
	at org.springframework.test.util.JsonPathExpectationsHelper.assertValue(JsonPathExpectationsHelper.java:172)
	at org.springframework.test.web.servlet.result.JsonPathResultMatchers.lambda$value$2(JsonPathResultMatchers.java:111)
	at org.springframework.test.web.servlet.MockMvc$1.andExpect(MockMvc.java:212)
	at org.springframework.samples.petclinic.acceptance.Cp05Tests.coreComputesDisplayName(Cp05Tests.java:18)

INFO  AnnotationConfigContextLoaderUtils - Could not detect default configuration classes for test class [org.springframework.samples.petclinic.acceptance.Cp51Tests]: Cp51Tests does not declare any static, non-private, non-final, nested classes annotated with @Configuration.
INFO  SpringBootTestContextBootstrapper - Found @SpringBootConfiguration org.springframework.samples.petclinic.PetClinicApplication for test class org.springframework.samples.petclinic.acceptance.Cp51Tests
INFO  AnnotationConfigContextLoaderUtils - Could not detect default configuration classes for test class [org.springframework.samples.petclinic.acceptance.Cp51Tests]: Cp51Tests does not declare any static, non-private, non-final, nested classes annotated with @Configuration.
INFO  AnnotationConfigContextLoaderUtils - Could not detect default configuration classes for test class [org.springframework.samples.petclinic.acceptance.AcceptanceBase]: AcceptanceBase does not declare any static, non-private, non-final, nested classes annotated with @Configuration.
INFO  SpringBootTestContextBootstrapper - Found @SpringBootConfiguration org.springframework.samples.petclinic.PetClinicApplication for test class org.springframework.samples.petclinic.acceptance.Cp51Tests
INFO  AUDIT - owner created id=188 memberId=NSW27D1049A686 registrationDate=2026-09-07 membershipLevel=1
INFO  AUDIT - {"seq":178,"ownerId":188,"memberId":"NSW27D1049A686","membershipLevel":1,"event":"OWNER_CREATED"}
INFO  AUDIT - owner created id=189 memberId=NSW277BB584280 registrationDate=2026-09-07 membershipLevel=2
INFO  AUDIT - {"seq":179,"ownerId":189,"memberId":"NSW277BB584280","membershipLevel":2,"event":"OWNER_CREATED"}
INFO  AnnotationConfigContextLoaderUtils - Could not detect default configuration classes for test class [org.springframework.samples.petclinic.acceptance.Cp47Tests]: Cp47Tests does not declare any static, non-private, non-final, nested classes annotated with @Configuration.
INFO  SpringBootTestContextBootstrapper - Found @SpringBootConfiguration org.springframework.samples.petclinic.PetClinicApplication for test class org.springframework.samples.petclinic.acceptance.Cp47Tests
INFO  AnnotationConfigContextLoaderUtils - Could not detect default configuration classes for test class [org.springframework.samples.petclinic.acceptance.Cp47Tests]: Cp47Tests does not declare any static, non-private, non-final, nested classes annotated with @Configuration.
INFO  AnnotationConfigContextLoaderUtils - Could not detect default configuration classes for test class [org.springframework.samples.petclinic.acceptance.AcceptanceBase]: AcceptanceBase does not declare any static, non-private, non-final, nested classes annotated with @Configuration.
INFO  SpringBootTestContextBootstrapper - Found @SpringBootConfiguration org.springframework.samples.petclinic.PetClinicApplication for test class org.springframework.samples.petclinic.acceptance.Cp47Tests
INFO  AUDIT - owner created id=190 memberId=NSW275D41B5FA8 registrationDate=2026-09-07 membershipLevel=1
INFO  AUDIT - {"seq":180,"ownerId":190,"memberId":"NSW275D41B5FA8","membershipLevel":1,"event":"OWNER_CREATED"}
INFO  AnnotationConfigContextLoaderUtils - Could not detect default configuration classes for test class [org.springframework.samples.petclinic.acceptance.Cp09Tests]: Cp09Tests does not declare any static, non-private, non-final, nested classes annotated with @Configuration.
INFO  SpringBootTestContextBootstrapper - Found @SpringBootConfiguration org.springframework.samples.petclinic.PetClinicApplication for test class org.springframework.samples.petclinic.acceptance.Cp09Tests
INFO  AnnotationConfigContextLoaderUtils - Could not detect default configuration classes for test class [org.springframework.samples.petclinic.acceptance.Cp09Tests]: Cp09Tests does not declare any static, non-private, non-final, nested classes annotated with @Configuration.
INFO  AnnotationConfigContextLoaderUtils - Could not detect default configuration classes for test class [org.springframework.samples.petclinic.acceptance.AcceptanceBase]: AcceptanceBase does not declare any static, non-private, non-final, nested classes annotated with @Configuration.
INFO  SpringBootTestContextBootstrapper - Found @SpringBootConfiguration org.springframework.samples.petclinic.PetClinicApplication for test class org.springframework.samples.petclinic.acceptance.Cp09Tests
INFO  AUDIT - owner created id=191 memberId=NSW270EAA700A8 registrationDate=2026-09-07 membershipLevel=1
INFO  AUDIT - {"seq":181,"ownerId":191,"memberId":"NSW270EAA700A8","membershipLevel":1,"event":"OWNER_CREATED"}
INFO  AnnotationConfigContextLoaderUtils - Could not detect default configuration classes for test class [org.springframework.samples.petclinic.acceptance.Cp52Tests]: Cp52Tests does not declare any static, non-private, non-final, nested classes annotated with @Configuration.
INFO  SpringBootTestContextBootstrapper - Found @SpringBootConfiguration org.springframework.samples.petclinic.PetClinicApplication for test class org.springframework.samples.petclinic.acceptance.Cp52Tests
INFO  AnnotationConfigContextLoaderUtils - Could not detect default configuration classes for test class [org.springframework.samples.petclinic.acceptance.Cp52Tests]: Cp52Tests does not declare any static, non-private, non-final, nested classes annotated with @Configuration.
INFO  AnnotationConfigContextLoaderUtils - Could not detect default configuration classes for test class [org.springframework.samples.petclinic.acceptance.AcceptanceBase]: AcceptanceBase does not declare any static, non-private, non-final, nested classes annotated with @Configuration.
INFO  SpringBootTestContextBootstrapper - Found @SpringBootConfiguration org.springframework.samples.petclinic.PetClinicApplication for test class org.springframework.samples.petclinic.acceptance.Cp52Tests
INFO  AUDIT - owner created id=192 memberId=NSW2700414DC03 registrationDate=2026-09-07 membershipLevel=1
INFO  AUDIT - {"seq":182,"ownerId":192,"memberId":"NSW2700414DC03","membershipLevel":1,"event":"OWNER_CREATED"}
INFO  AUDIT - owner created id=193 memberId=NSW27FB82654E4 registrationDate=2026-09-07 membershipLevel=2
INFO  AUDIT - {"seq":183,"ownerId":193,"memberId":"NSW27FB82654E4","membershipLevel":2,"event":"OWNER_CREATED"}
INFO  AnnotationConfigContextLoaderUtils - Could not detect default configuration classes for test class [org.springframework.samples.petclinic.acceptance.Cp23Tests]: Cp23Tests does not declare any static, non-private, non-final, nested classes annotated with @Configuration.
INFO  SpringBootTestContextBootstrapper - Found @SpringBootConfiguration org.springframework.samples.petclinic.PetClinicApplication for test class org.springframework.samples.petclinic.acceptance.Cp23Tests
INFO  AnnotationConfigContextLoaderUtils - Could not detect default configuration classes for test class [org.springframework.samples.petclinic.acceptance.Cp23Tests]: Cp23Tests does not declare any static, non-private, non-final, nested classes annotated with @Configuration.
INFO  AnnotationConfigContextLoaderUtils - Could not detect default configuration classes for test class [org.springframework.samples.petclinic.acceptance.AcceptanceBase]: AcceptanceBase does not declare any static, non-private, non-final, nested classes annotated with @Configuration.
INFO  SpringBootTestContextBootstrapper - Found @SpringBootConfiguration org.springframework.samples.petclinic.PetClinicApplication for test class org.springframework.samples.petclinic.acceptance.Cp23Tests
INFO  AUDIT - owner created id=194 memberId=NSW27F814ECAE3 registrationDate=2026-09-07 membershipLevel=1
INFO  AUDIT - {"seq":184,"ownerId":194,"memberId":"NSW27F814ECAE3","membershipLevel":1,"event":"OWNER_CREATED"}
INFO  AUDIT - owner created id=195 memberId=NSW2753EDF0682 registrationDate=2026-09-07 membershipLevel=1
INFO  AUDIT - {"seq":185,"ownerId":195,"memberId":"NSW2753EDF0682","membershipLevel":1,"event":"OWNER_CREATED"}
INFO  AUDIT - owner created id=196 memberId=NSW27C76E7D318 registrationDate=2026-09-07 membershipLevel=3
INFO  AUDIT - {"seq":186,"ownerId":196,"memberId":"NSW27C76E7D318","membershipLevel":2,"event":"OWNER_CREATED"}

MockHttpServletRequest:
      HTTP Method = POST
      Request URI = /api/owners
       Parameters = {}
          Headers = [Content-Type:"application/json;charset=UTF-8", Content-Length:"152"]
             Body = {"firstName":"Fnacx","lastName":"Suracs","address":"775 Test Street","city":"Town776","telephone":"0400000777","postcode":"2000","sharesHousehold":true}
    Session Attrs = {SPRING_SECURITY_CONTEXT=SecurityContextImpl [Authentication=UsernamePasswordAuthenticationToken [Principal=org.springframework.security.core.userdetails.User [Username=acceptance-admin, Password=[PROTECTED], Enabled=true, AccountNonExpired=true, CredentialsNonExpired=true, AccountNonLocked=true, Granted Authorities=[ROLE_ADMIN, ROLE_OWNER_ADMIN, ROLE_VET_ADMIN]], Credentials=[PROTECTED], Authenticated=true, Details=null, Granted Authorities=[ROLE_ADMIN, ROLE_OWNER_ADMIN, ROLE_VET_ADMIN]]]}

Handler:
             Type = org.springframework.samples.petclinic.rest.controller.v1.OwnerRestControllerV1
           Method = org.springframework.samples.petclinic.rest.controller.v1.OwnerRestControllerV1#addOwner(OwnerFieldsDto)

Async:
    Async started = false
     Async result = null

Resolved Exception:
             Type = null

ModelAndView:
        View name = null
             View = null
            Model = null

FlashMap:
       Attributes = null

MockHttpServletResponse:
           Status = 201
    Error message = null
          Headers = [Vary:"Origin", "Access-Control-Request-Method", "Access-Control-Request-Headers", Location:"/api/owners/194", Content-Type:"application/json", X-Content-Type-Options:"nosniff", X-XSS-Protection:"0", Cache-Control:"no-cache, no-store, max-age=0, must-revalidate", Pragma:"no-cache", Expires:"0", X-Frame-Options:"DENY"]
     Content type = application/json
             Body = {"firstName":"FNACX","lastName":"SURACS","city":"TOWN776","telephone":"+61400000777","pets":[],"address":"775 TEST STREET","addressLine1":null,"addressLine2":null,"ageBand":null,"birthDate":null,"bulkSignupWarning":false,"capacityWarning":false,"contactPreference":"PHONE","deleted":false,"displayName":"SURACS, FNACX","email":null,"fiscalYear":"FY27","householdId":"5a727460d5ca","id":194,"identityKey":"9f86cba9a656a375ada9a0e69cc764f5cf3aa39b7a188287b17d73786cb2524b","initials":"F.S.","locality":"NSW","memberId":"NSW27F814ECAE3","membershipLevel":1,"membershipPoints":1,"namesakeCount":0,"ownerSegment":"STANDARD_METRO","possibleDuplicate":false,"possibleDuplicateOf":null,"postcode":"2000","registrationDate":"2026-09-07","salutation":"Suracs","selfLink":"/api/owners/194","sharesHousehold":null,"telephoneDisplay":"+61 400 000 777","timezone":"Australia/Sydney","title":null}
    Forwarded URL = null
   Redirected URL = /api/owners/194
          Cookies = []

MockHttpServletRequest:
      HTTP Method = POST
      Request URI = /api/owners
       Parameters = {}
          Headers = [Content-Type:"application/json;charset=UTF-8", Content-Length:"152"]
             Body = {"firstName":"Fnadc","lastName":"Suracs","address":"780 Test Street","city":"Town781","telephone":"0400000782","postcode":"2000","sharesHousehold":true}
    Session Attrs = {SPRING_SECURITY_CONTEXT=SecurityContextImpl [Authentication=UsernamePasswordAuthenticationToken [Principal=org.springframework.security.core.userdetails.User [Username=acceptance-admin, Password=[PROTECTED], Enabled=true, AccountNonExpired=true, CredentialsNonExpired=true, AccountNonLocked=true, Granted Authorities=[ROLE_ADMIN, ROLE_OWNER_ADMIN, ROLE_VET_ADMIN]], Credentials=[PROTECTED], Authenticated=true, Details=null, Granted Authorities=[ROLE_ADMIN, ROLE_OWNER_ADMIN, ROLE_VET_ADMIN]]]}

Handler:
             Type = org.springframework.samples.petclinic.rest.controller.v1.OwnerRestControllerV1
           Method = org.springframework.samples.petclinic.rest.controller.v1.OwnerRestControllerV1#addOwner(OwnerFieldsDto)

Async:
    Async started = false
     Async result = null

Resolved Exception:
             Type = null

ModelAndView:
        View name = null
             View = null
            Model = null

FlashMap:
       Attributes = null

MockHttpServletResponse:
           Status = 201
    Error message = null
          Headers = [Vary:"Origin", "Access-Control-Request-Method", "Access-Control-Request-Headers", Location:"/api/owners/195", Content-Type:"application/json", X-Content-Type-Options:"nosniff", X-XSS-Protection:"0", Cache-Control:"no-cache, no-store, max-age=0, must-revalidate", Pragma:"no-cache", Expires:"0", X-Frame-Options:"DENY"]
     Content type = application/json
             Body = {"firstName":"FNADC","lastName":"SURACS","city":"TOWN781","telephone":"+61400000782","pets":[],"address":"780 TEST STREET","addressLine1":null,"addressLine2":null,"ageBand":null,"birthDate":null,"bulkSignupWarning":false,"capacityWarning":false,"contactPreference":"PHONE","deleted":false,"displayName":"SURACS, FNADC","email":null,"fiscalYear":"FY27","householdId":"5a727460d5ca","id":195,"identityKey":"1bfb3a7ae81e3aff1cac6f464b148285d9fae675af2c42638ff89caf08458611","initials":"F.S.","locality":"NSW","memberId":"NSW2753EDF0682","membershipLevel":1,"membershipPoints":1,"namesakeCount":0,"ownerSegment":"STANDARD_METRO","possibleDuplicate":false,"possibleDuplicateOf":null,"postcode":"2000","registrationDate":"2026-09-07","salutation":"Suracs","selfLink":"/api/owners/195","sharesHousehold":null,"telephoneDisplay":"+61 400 000 782","timezone":"Australia/Sydney","title":null}
    Forwarded URL = null
   Redirected URL = /api/owners/195
          Cookies = []

MockHttpServletRequest:
      HTTP Method = POST
      Request URI = /api/owners
       Parameters = {}
          Headers = [Content-Type:"application/json;charset=UTF-8", Content-Length:"184"]
             Body = {"firstName":"Fnadh","lastName":"Suracs","address":"785 Test Street","city":"Town786","telephone":"0400000787","postcode":"2000","sharesHousehold":true,"email":"owner789@example.test"}
    Session Attrs = {SPRING_SECURITY_CONTEXT=SecurityContextImpl [Authentication=UsernamePasswordAuthenticationToken [Principal=org.springframework.security.core.userdetails.User [Username=acceptance-admin, Password=[PROTECTED], Enabled=true, AccountNonExpired=true, CredentialsNonExpired=true, AccountNonLocked=true, Granted Authorities=[ROLE_ADMIN, ROLE_OWNER_ADMIN, ROLE_VET_ADMIN]], Credentials=[PROTECTED], Authenticated=true, Details=null, Granted Authorities=[ROLE_ADMIN, ROLE_OWNER_ADMIN, ROLE_VET_ADMIN]]]}

Handler:
             Type = org.springframework.samples.petclinic.rest.controller.v1.OwnerRestControllerV1
           Method = org.springframework.samples.petclinic.rest.controller.v1.OwnerRestControllerV1#addOwner(OwnerFieldsDto)

Async:
    Async started = false
     Async result = null

Resolved Exception:
             Type = null

ModelAndView:
        View name = null
             View = null
            Model = null

FlashMap:
       Attributes = null

MockHttpServletResponse:
           Status = 201
    Error message = null
          Headers = [Vary:"Origin", "Access-Control-Request-Method", "Access-Control-Request-Headers", Location:"/api/owners/196", Content-Type:"application/json", X-Content-Type-Options:"nosniff", X-XSS-Protection:"0", Cache-Control:"no-cache, no-store, max-age=0, must-revalidate", Pragma:"no-cache", Expires:"0", X-Frame-Options:"DENY"]
     Content type = application/json
             Body = {"firstName":"FNADH","lastName":"SURACS","city":"TOWN786","telephone":"+61400000787","pets":[],"address":"785 TEST STREET","addressLine1":null,"addressLine2":null,"ageBand":null,"birthDate":null,"bulkSignupWarning":false,"capacityWarning":false,"contactPreference":"EMAIL","deleted":false,"displayName":"SURACS, FNADH","email":"OWNER789@EXAMPLE.TEST","fiscalYear":"FY27","householdId":"5a727460d5ca","id":196,"identityKey":"386b595aeb02f833317fd91902be3a82e746ecb5669b46b1d12f0bf6fec94756","initials":"F.S.","locality":"NSW","memberId":"NSW27C76E7D318","membershipLevel":2,"membershipPoints":5,"namesakeCount":0,"ownerSegment":"STANDARD_METRO","possibleDuplicate":false,"possibleDuplicateOf":null,"postcode":"2000","registrationDate":"2026-09-07","salutation":"Suracs","selfLink":"/api/owners/196","sharesHousehold":null,"telephoneDisplay":"+61 400 000 787","timezone":"Australia/Sydney","title":null}
    Forwarded URL = null
   Redirected URL = /api/owners/196
          Cookies = []

MockHttpServletRequest:
      HTTP Method = GET
      Request URI = /api/owners/196
       Parameters = {}
          Headers = []
             Body = null
    Session Attrs = {SPRING_SECURITY_CONTEXT=SecurityContextImpl [Authentication=UsernamePasswordAuthenticationToken [Principal=org.springframework.security.core.userdetails.User [Username=acceptance-admin, Password=[PROTECTED], Enabled=true, AccountNonExpired=true, CredentialsNonExpired=true, AccountNonLocked=true, Granted Authorities=[ROLE_ADMIN, ROLE_OWNER_ADMIN, ROLE_VET_ADMIN]], Credentials=[PROTECTED], Authenticated=true, Details=null, Granted Authorities=[ROLE_ADMIN, ROLE_OWNER_ADMIN, ROLE_VET_ADMIN]]]}

Handler:
             Type = org.springframework.samples.petclinic.rest.controller.v1.OwnerRestControllerV1
           Method = org.springframework.samples.petclinic.rest.controller.v1.OwnerRestControllerV1#getOwner(Integer)

Async:
    Async started = false
     Async result = null

Resolved Exception:
             Type = null

ModelAndView:
        View name = null
             View = null
            Model = null

FlashMap:
       Attributes = null

MockHttpServletResponse:
           Status = 200
    Error message = null
          Headers = [Vary:"Origin", "Access-Control-Request-Method", "Access-Control-Request-Headers", Content-Type:"application/json", X-Content-Type-Options:"nosniff", X-XSS-Protection:"0", Cache-Control:"no-cache, no-store, max-age=0, must-revalidate", Pragma:"no-cache", Expires:"0", X-Frame-Options:"DENY"]
     Content type = application/json
             Body = {"firstName":"FNADH","lastName":"SURACS","city":"TOWN786","telephone":"+61400000787","pets":[],"address":"785 TEST STREET","addressLine1":null,"addressLine2":null,"ageBand":null,"birthDate":null,"bulkSignupWarning":false,"capacityWarning":false,"contactPreference":"EMAIL","deleted":false,"displayName":"SURACS, FNADH","email":"OWNER789@EXAMPLE.TEST","fiscalYear":"FY27","householdId":"5a727460d5ca","id":196,"identityKey":"386b595aeb02f833317fd91902be3a82e746ecb5669b46b1d12f0bf6fec94756","initials":"F.S.","locality":"NSW","memberId":"NSW27C76E7D318","membershipLevel":2,"membershipPoints":5,"namesakeCount":0,"ownerSegment":"STANDARD_METRO","possibleDuplicate":false,"possibleDuplicateOf":null,"postcode":"2000","registrationDate":"2026-09-07","salutation":"Suracs","selfLink":"/api/owners/196","sharesHousehold":null,"telephoneDisplay":"+61 400 000 787","timezone":"Australia/Sydney","title":null}
    Forwarded URL = null
   Redirected URL = null
          Cookies = []
[ERROR] Tests run: 1, Failures: 1, Errors: 0, Skipped: 0, Time elapsed: 0.037 s <<< FAILURE! -- in org.springframework.samples.petclinic.acceptance.Cp23Tests
[ERROR] org.springframework.samples.petclinic.acceptance.Cp23Tests.coreHouseholdAddsPoints -- Time elapsed: 0.030 s <<< FAILURE!
java.lang.AssertionError: JSON path "$.membershipLevel" expected:<3> but was:<2>
	at org.springframework.test.util.AssertionErrors.fail(AssertionErrors.java:62)
	at org.springframework.test.util.AssertionErrors.assertEquals(AssertionErrors.java:129)
	at org.springframework.test.util.JsonPathExpectationsHelper.assertValue(JsonPathExpectationsHelper.java:172)
	at org.springframework.test.web.servlet.result.JsonPathResultMatchers.lambda$value$2(JsonPathResultMatchers.java:111)
	at org.springframework.test.web.servlet.MockMvc$1.andExpect(MockMvc.java:212)
	at org.springframework.samples.petclinic.acceptance.Cp23Tests.coreHouseholdAddsPoints(Cp23Tests.java:29)

INFO  AnnotationConfigContextLoaderUtils - Could not detect default configuration classes for test class [org.springframework.samples.petclinic.acceptance.Cp33Tests]: Cp33Tests does not declare any static, non-private, non-final, nested classes annotated with @Configuration.
INFO  SpringBootTestContextBootstrapper - Found @SpringBootConfiguration org.springframework.samples.petclinic.PetClinicApplication for test class org.springframework.samples.petclinic.acceptance.Cp33Tests
INFO  AnnotationConfigContextLoaderUtils - Could not detect default configuration classes for test class [org.springframework.samples.petclinic.acceptance.Cp33Tests]: Cp33Tests does not declare any static, non-private, non-final, nested classes annotated with @Configuration.
INFO  AnnotationConfigContextLoaderUtils - Could not detect default configuration classes for test class [org.springframework.samples.petclinic.acceptance.AcceptanceBase]: AcceptanceBase does not declare any static, non-private, non-final, nested classes annotated with @Configuration.
INFO  SpringBootTestContextBootstrapper - Found @SpringBootConfiguration org.springframework.samples.petclinic.PetClinicApplication for test class org.springframework.samples.petclinic.acceptance.Cp33Tests
INFO  AnnotationConfigContextLoaderUtils - Could not detect default configuration classes for test class [org.springframework.samples.petclinic.acceptance.Cp20Tests]: Cp20Tests does not declare any static, non-private, non-final, nested classes annotated with @Configuration.
INFO  SpringBootTestContextBootstrapper - Found @SpringBootConfiguration org.springframework.samples.petclinic.PetClinicApplication for test class org.springframework.samples.petclinic.acceptance.Cp20Tests
INFO  AnnotationConfigContextLoaderUtils - Could not detect default configuration classes for test class [org.springframework.samples.petclinic.acceptance.Cp20Tests]: Cp20Tests does not declare any static, non-private, non-final, nested classes annotated with @Configuration.
INFO  AnnotationConfigContextLoaderUtils - Could not detect default configuration classes for test class [org.springframework.samples.petclinic.acceptance.AcceptanceBase]: AcceptanceBase does not declare any static, non-private, non-final, nested classes annotated with @Configuration.
INFO  SpringBootTestContextBootstrapper - Found @SpringBootConfiguration org.springframework.samples.petclinic.PetClinicApplication for test class org.springframework.samples.petclinic.acceptance.Cp20Tests
INFO  AUDIT - owner created id=197 memberId=UNKNOWN27071F544D4 registrationDate=2026-09-07 membershipLevel=1
INFO  AUDIT - {"seq":187,"ownerId":197,"memberId":"UNKNOWN27071F544D4","membershipLevel":1,"event":"OWNER_CREATED"}
INFO  AnnotationConfigContextLoaderUtils - Could not detect default configuration classes for test class [org.springframework.samples.petclinic.acceptance.Cp15Tests]: Cp15Tests does not declare any static, non-private, non-final, nested classes annotated with @Configuration.
INFO  SpringBootTestContextBootstrapper - Found @SpringBootConfiguration org.springframework.samples.petclinic.PetClinicApplication for test class org.springframework.samples.petclinic.acceptance.Cp15Tests
INFO  AnnotationConfigContextLoaderUtils - Could not detect default configuration classes for test class [org.springframework.samples.petclinic.acceptance.Cp15Tests]: Cp15Tests does not declare any static, non-private, non-final, nested classes annotated with @Configuration.
INFO  AnnotationConfigContextLoaderUtils - Could not detect default configuration classes for test class [org.springframework.samples.petclinic.acceptance.AcceptanceBase]: AcceptanceBase does not declare any static, non-private, non-final, nested classes annotated with @Configuration.
INFO  SpringBootTestContextBootstrapper - Found @SpringBootConfiguration org.springframework.samples.petclinic.PetClinicApplication for test class org.springframework.samples.petclinic.acceptance.Cp15Tests
INFO  AUDIT - owner created id=198 memberId=UNKNOWN276BFA5D1C9 registrationDate=2026-09-07 membershipLevel=2
INFO  AUDIT - {"seq":188,"ownerId":198,"memberId":"UNKNOWN276BFA5D1C9","membershipLevel":2,"event":"OWNER_CREATED"}
INFO  AnnotationConfigContextLoaderUtils - Could not detect default configuration classes for test class [org.springframework.samples.petclinic.acceptance.Cp31Tests]: Cp31Tests does not declare any static, non-private, non-final, nested classes annotated with @Configuration.
INFO  SpringBootTestContextBootstrapper - Found @SpringBootConfiguration org.springframework.samples.petclinic.PetClinicApplication for test class org.springframework.samples.petclinic.acceptance.Cp31Tests
INFO  AnnotationConfigContextLoaderUtils - Could not detect default configuration classes for test class [org.springframework.samples.petclinic.acceptance.Cp31Tests]: Cp31Tests does not declare any static, non-private, non-final, nested classes annotated with @Configuration.
INFO  AnnotationConfigContextLoaderUtils - Could not detect default configuration classes for test class [org.springframework.samples.petclinic.acceptance.AcceptanceBase]: AcceptanceBase does not declare any static, non-private, non-final, nested classes annotated with @Configuration.
INFO  SpringBootTestContextBootstrapper - Found @SpringBootConfiguration org.springframework.samples.petclinic.PetClinicApplication for test class org.springframework.samples.petclinic.acceptance.Cp31Tests
INFO  AUDIT - owner created id=199 memberId=NSW2700B177104 registrationDate=2026-09-07 membershipLevel=1
INFO  AUDIT - {"seq":189,"ownerId":199,"memberId":"NSW2700B177104","membershipLevel":1,"event":"OWNER_CREATED"}
INFO  AnnotationConfigContextLoaderUtils - Could not detect default configuration classes for test class [org.springframework.samples.petclinic.acceptance.Cp01Tests]: Cp01Tests does not declare any static, non-private, non-final, nested classes annotated with @Configuration.
INFO  SpringBootTestContextBootstrapper - Found @SpringBootConfiguration org.springframework.samples.petclinic.PetClinicApplication for test class org.springframework.samples.petclinic.acceptance.Cp01Tests
INFO  AnnotationConfigContextLoaderUtils - Could not detect default configuration classes for test class [org.springframework.samples.petclinic.acceptance.Cp01Tests]: Cp01Tests does not declare any static, non-private, non-final, nested classes annotated with @Configuration.
INFO  AnnotationConfigContextLoaderUtils - Could not detect default configuration classes for test class [org.springframework.samples.petclinic.acceptance.AcceptanceBase]: AcceptanceBase does not declare any static, non-private, non-final, nested classes annotated with @Configuration.
INFO  SpringBootTestContextBootstrapper - Found @SpringBootConfiguration org.springframework.samples.petclinic.PetClinicApplication for test class org.springframework.samples.petclinic.acceptance.Cp01Tests
DEBUG ExceptionControllerAdvice - Validation error at POST /api/owners: [Field error in object 'ownerFieldsDto' on field 'city': rejected value [null]; codes [NotNull.ownerFieldsDto.city,NotNull.city,NotNull.java.lang.String,NotNull]; arguments [org.springframework.context.support.DefaultMessageSourceResolvable: codes [ownerFieldsDto.city,city]; arguments []; default message [city]]; default message [must not be null]]
INFO  AnnotationConfigContextLoaderUtils - Could not detect default configuration classes for test class [org.springframework.samples.petclinic.acceptance.Cp26Tests]: Cp26Tests does not declare any static, non-private, non-final, nested classes annotated with @Configuration.
INFO  SpringBootTestContextBootstrapper - Found @SpringBootConfiguration org.springframework.samples.petclinic.PetClinicApplication for test class org.springframework.samples.petclinic.acceptance.Cp26Tests
INFO  AnnotationConfigContextLoaderUtils - Could not detect default configuration classes for test class [org.springframework.samples.petclinic.acceptance.Cp26Tests]: Cp26Tests does not declare any static, non-private, non-final, nested classes annotated with @Configuration.
INFO  AnnotationConfigContextLoaderUtils - Could not detect default configuration classes for test class [org.springframework.samples.petclinic.acceptance.AcceptanceBase]: AcceptanceBase does not declare any static, non-private, non-final, nested classes annotated with @Configuration.
INFO  SpringBootTestContextBootstrapper - Found @SpringBootConfiguration org.springframework.samples.petclinic.PetClinicApplication for test class org.springframework.samples.petclinic.acceptance.Cp26Tests
INFO  AnnotationConfigContextLoaderUtils - Could not detect default configuration classes for test class [org.springframework.samples.petclinic.acceptance.Cp56Tests]: Cp56Tests does not declare any static, non-private, non-final, nested classes annotated with @Configuration.
INFO  SpringBootTestContextBootstrapper - Found @SpringBootConfiguration org.springframework.samples.petclinic.PetClinicApplication for test class org.springframework.samples.petclinic.acceptance.Cp56Tests
INFO  AnnotationConfigContextLoaderUtils - Could not detect default configuration classes for test class [org.springframework.samples.petclinic.acceptance.Cp56Tests]: Cp56Tests does not declare any static, non-private, non-final, nested classes annotated with @Configuration.
INFO  AnnotationConfigContextLoaderUtils - Could not detect default configuration classes for test class [org.springframework.samples.petclinic.acceptance.AcceptanceBase]: AcceptanceBase does not declare any static, non-private, non-final, nested classes annotated with @Configuration.
INFO  SpringBootTestContextBootstrapper - Found @SpringBootConfiguration org.springframework.samples.petclinic.PetClinicApplication for test class org.springframework.samples.petclinic.acceptance.Cp56Tests
INFO  AUDIT - owner created id=200 memberId=NSW2797F1103B0 registrationDate=2026-09-07 membershipLevel=1
INFO  AUDIT - {"seq":190,"ownerId":200,"memberId":"NSW2797F1103B0","membershipLevel":1,"event":"OWNER_CREATED"}
INFO  AnnotationConfigContextLoaderUtils - Could not detect default configuration classes for test class [org.springframework.samples.petclinic.acceptance.Cp46Tests]: Cp46Tests does not declare any static, non-private, non-final, nested classes annotated with @Configuration.
INFO  SpringBootTestContextBootstrapper - Found @SpringBootConfiguration org.springframework.samples.petclinic.PetClinicApplication for test class org.springframework.samples.petclinic.acceptance.Cp46Tests
INFO  AnnotationConfigContextLoaderUtils - Could not detect default configuration classes for test class [org.springframework.samples.petclinic.acceptance.Cp46Tests]: Cp46Tests does not declare any static, non-private, non-final, nested classes annotated with @Configuration.
INFO  AnnotationConfigContextLoaderUtils - Could not detect default configuration classes for test class [org.springframework.samples.petclinic.acceptance.AcceptanceBase]: AcceptanceBase does not declare any static, non-private, non-final, nested classes annotated with @Configuration.
INFO  SpringBootTestContextBootstrapper - Found @SpringBootConfiguration org.springframework.samples.petclinic.PetClinicApplication for test class org.springframework.samples.petclinic.acceptance.Cp46Tests
INFO  AUDIT - owner created id=201 memberId=NSW27322C15096 registrationDate=2026-09-07 membershipLevel=2
INFO  AUDIT - {"seq":191,"ownerId":201,"memberId":"NSW27322C15096","membershipLevel":2,"event":"OWNER_CREATED"}
INFO  AUDIT - owner created id=202 memberId=NSW27322C15096-2 registrationDate=2026-09-07 membershipLevel=2
INFO  AUDIT - {"seq":192,"ownerId":202,"memberId":"NSW27322C15096-2","membershipLevel":2,"event":"OWNER_CREATED"}
INFO  AnnotationConfigContextLoaderUtils - Could not detect default configuration classes for test class [org.springframework.samples.petclinic.acceptance.Cp27Tests]: Cp27Tests does not declare any static, non-private, non-final, nested classes annotated with @Configuration.
INFO  SpringBootTestContextBootstrapper - Found @SpringBootConfiguration org.springframework.samples.petclinic.PetClinicApplication for test class org.springframework.samples.petclinic.acceptance.Cp27Tests
INFO  AnnotationConfigContextLoaderUtils - Could not detect default configuration classes for test class [org.springframework.samples.petclinic.acceptance.Cp27Tests]: Cp27Tests does not declare any static, non-private, non-final, nested classes annotated with @Configuration.
INFO  AnnotationConfigContextLoaderUtils - Could not detect default configuration classes for test class [org.springframework.samples.petclinic.acceptance.AcceptanceBase]: AcceptanceBase does not declare any static, non-private, non-final, nested classes annotated with @Configuration.
INFO  SpringBootTestContextBootstrapper - Found @SpringBootConfiguration org.springframework.samples.petclinic.PetClinicApplication for test class org.springframework.samples.petclinic.acceptance.Cp27Tests
INFO  AUDIT - owner created id=203 memberId=UNKNOWN27BCA0A9293 registrationDate=2026-09-07 membershipLevel=2
INFO  AUDIT - {"seq":193,"ownerId":203,"memberId":"UNKNOWN27BCA0A9293","membershipLevel":2,"event":"OWNER_CREATED"}
INFO  AUDIT - owner created id=204 memberId=UNKNOWN277C6C9F884 registrationDate=2026-09-07 membershipLevel=1
INFO  AUDIT - {"seq":194,"ownerId":204,"memberId":"UNKNOWN277C6C9F884","membershipLevel":1,"event":"OWNER_CREATED"}
INFO  AnnotationConfigContextLoaderUtils - Could not detect default configuration classes for test class [org.springframework.samples.petclinic.acceptance.Cp22Tests]: Cp22Tests does not declare any static, non-private, non-final, nested classes annotated with @Configuration.
INFO  SpringBootTestContextBootstrapper - Found @SpringBootConfiguration org.springframework.samples.petclinic.PetClinicApplication for test class org.springframework.samples.petclinic.acceptance.Cp22Tests
INFO  AnnotationConfigContextLoaderUtils - Could not detect default configuration classes for test class [org.springframework.samples.petclinic.acceptance.Cp22Tests]: Cp22Tests does not declare any static, non-private, non-final, nested classes annotated with @Configuration.
INFO  AnnotationConfigContextLoaderUtils - Could not detect default configuration classes for test class [org.springframework.samples.petclinic.acceptance.AcceptanceBase]: AcceptanceBase does not declare any static, non-private, non-final, nested classes annotated with @Configuration.
INFO  SpringBootTestContextBootstrapper - Found @SpringBootConfiguration org.springframework.samples.petclinic.PetClinicApplication for test class org.springframework.samples.petclinic.acceptance.Cp22Tests
INFO  AUDIT - owner created id=205 memberId=UNKNOWN274E7A57970 registrationDate=2026-09-07 membershipLevel=1
INFO  AUDIT - {"seq":195,"ownerId":205,"memberId":"UNKNOWN274E7A57970","membershipLevel":1,"event":"OWNER_CREATED"}
INFO  AnnotationConfigContextLoaderUtils - Could not detect default configuration classes for test class [org.springframework.samples.petclinic.acceptance.Cp30Tests]: Cp30Tests does not declare any static, non-private, non-final, nested classes annotated with @Configuration.
INFO  SpringBootTestContextBootstrapper - Found @SpringBootConfiguration org.springframework.samples.petclinic.PetClinicApplication for test class org.springframework.samples.petclinic.acceptance.Cp30Tests
INFO  AnnotationConfigContextLoaderUtils - Could not detect default configuration classes for test class [org.springframework.samples.petclinic.acceptance.Cp30Tests]: Cp30Tests does not declare any static, non-private, non-final, nested classes annotated with @Configuration.
INFO  AnnotationConfigContextLoaderUtils - Could not detect default configuration classes for test class [org.springframework.samples.petclinic.acceptance.AcceptanceBase]: AcceptanceBase does not declare any static, non-private, non-final, nested classes annotated with @Configuration.
INFO  SpringBootTestContextBootstrapper - Found @SpringBootConfiguration org.springframework.samples.petclinic.PetClinicApplication for test class org.springframework.samples.petclinic.acceptance.Cp30Tests
INFO  AUDIT - owner created id=206 memberId=NSW27432CB7477 registrationDate=2026-09-07 membershipLevel=1
INFO  AUDIT - {"seq":196,"ownerId":206,"memberId":"NSW27432CB7477","membershipLevel":1,"event":"OWNER_CREATED"}
INFO  AnnotationConfigContextLoaderUtils - Could not detect default configuration classes for test class [org.springframework.samples.petclinic.acceptance.Cp50Tests]: Cp50Tests does not declare any static, non-private, non-final, nested classes annotated with @Configuration.
INFO  SpringBootTestContextBootstrapper - Found @SpringBootConfiguration org.springframework.samples.petclinic.PetClinicApplication for test class org.springframework.samples.petclinic.acceptance.Cp50Tests
INFO  AnnotationConfigContextLoaderUtils - Could not detect default configuration classes for test class [org.springframework.samples.petclinic.acceptance.Cp50Tests]: Cp50Tests does not declare any static, non-private, non-final, nested classes annotated with @Configuration.
INFO  AnnotationConfigContextLoaderUtils - Could not detect default configuration classes for test class [org.springframework.samples.petclinic.acceptance.AcceptanceBase]: AcceptanceBase does not declare any static, non-private, non-final, nested classes annotated with @Configuration.
INFO  SpringBootTestContextBootstrapper - Found @SpringBootConfiguration org.springframework.samples.petclinic.PetClinicApplication for test class org.springframework.samples.petclinic.acceptance.Cp50Tests
INFO  AUDIT - owner created id=207 memberId=NSW278CCE0F476 registrationDate=2026-09-07 membershipLevel=1
INFO  AUDIT - {"seq":197,"ownerId":207,"memberId":"NSW278CCE0F476","membershipLevel":1,"event":"OWNER_CREATED"}
INFO  AnnotationConfigContextLoaderUtils - Could not detect default configuration classes for test class [org.springframework.samples.petclinic.acceptance.Cp24Tests]: Cp24Tests does not declare any static, non-private, non-final, nested classes annotated with @Configuration.
INFO  SpringBootTestContextBootstrapper - Found @SpringBootConfiguration org.springframework.samples.petclinic.PetClinicApplication for test class org.springframework.samples.petclinic.acceptance.Cp24Tests
INFO  AnnotationConfigContextLoaderUtils - Could not detect default configuration classes for test class [org.springframework.samples.petclinic.acceptance.Cp24Tests]: Cp24Tests does not declare any static, non-private, non-final, nested classes annotated with @Configuration.
INFO  AnnotationConfigContextLoaderUtils - Could not detect default configuration classes for test class [org.springframework.samples.petclinic.acceptance.AcceptanceBase]: AcceptanceBase does not declare any static, non-private, non-final, nested classes annotated with @Configuration.
INFO  SpringBootTestContextBootstrapper - Found @SpringBootConfiguration org.springframework.samples.petclinic.PetClinicApplication for test class org.springframework.samples.petclinic.acceptance.Cp24Tests
INFO  AUDIT - owner created id=208 memberId=NSW27DCA1D9003 registrationDate=2026-09-07 membershipLevel=2
INFO  AUDIT - {"seq":198,"ownerId":208,"memberId":"NSW27DCA1D9003","membershipLevel":2,"event":"OWNER_CREATED"}
INFO  AnnotationConfigContextLoaderUtils - Could not detect default configuration classes for test class [org.springframework.samples.petclinic.acceptance.Cp42Tests]: Cp42Tests does not declare any static, non-private, non-final, nested classes annotated with @Configuration.
INFO  SpringBootTestContextBootstrapper - Found @SpringBootConfiguration org.springframework.samples.petclinic.PetClinicApplication for test class org.springframework.samples.petclinic.acceptance.Cp42Tests
INFO  AnnotationConfigContextLoaderUtils - Could not detect default configuration classes for test class [org.springframework.samples.petclinic.acceptance.Cp42Tests]: Cp42Tests does not declare any static, non-private, non-final, nested classes annotated with @Configuration.
INFO  AnnotationConfigContextLoaderUtils - Could not detect default configuration classes for test class [org.springframework.samples.petclinic.acceptance.AcceptanceBase]: AcceptanceBase does not declare any static, non-private, non-final, nested classes annotated with @Configuration.
INFO  SpringBootTestContextBootstrapper - Found @SpringBootConfiguration org.springframework.samples.petclinic.PetClinicApplication for test class org.springframework.samples.petclinic.acceptance.Cp42Tests
INFO  AUDIT - owner created id=209 memberId=NSW27520E17A70 registrationDate=2026-09-07 membershipLevel=1
INFO  AUDIT - {"seq":199,"ownerId":209,"memberId":"NSW27520E17A70","membershipLevel":1,"event":"OWNER_CREATED"}
INFO  AnnotationConfigContextLoaderUtils - Could not detect default configuration classes for test class [org.springframework.samples.petclinic.acceptance.Cp41Tests]: Cp41Tests does not declare any static, non-private, non-final, nested classes annotated with @Configuration.
INFO  SpringBootTestContextBootstrapper - Found @SpringBootConfiguration org.springframework.samples.petclinic.PetClinicApplication for test class org.springframework.samples.petclinic.acceptance.Cp41Tests
INFO  AnnotationConfigContextLoaderUtils - Could not detect default configuration classes for test class [org.springframework.samples.petclinic.acceptance.Cp41Tests]: Cp41Tests does not declare any static, non-private, non-final, nested classes annotated with @Configuration.
INFO  AnnotationConfigContextLoaderUtils - Could not detect default configuration classes for test class [org.springframework.samples.petclinic.acceptance.AcceptanceBase]: AcceptanceBase does not declare any static, non-private, non-final, nested classes annotated with @Configuration.
INFO  SpringBootTestContextBootstrapper - Found @SpringBootConfiguration org.springframework.samples.petclinic.PetClinicApplication for test class org.springframework.samples.petclinic.acceptance.Cp41Tests
INFO  AUDIT - owner created id=210 memberId=NSW2789A43B998 registrationDate=2026-09-07 membershipLevel=1
INFO  AUDIT - {"seq":200,"ownerId":210,"memberId":"NSW2789A43B998","membershipLevel":1,"event":"OWNER_CREATED"}
INFO  AUDIT - owner created id=211 memberId=NSW2704DA1AF95 registrationDate=2026-09-07 membershipLevel=1
INFO  AUDIT - {"seq":201,"ownerId":211,"memberId":"NSW2704DA1AF95","membershipLevel":1,"event":"OWNER_CREATED"}
INFO  AnnotationConfigContextLoaderUtils - Could not detect default configuration classes for test class [org.springframework.samples.petclinic.acceptance.Cp32Tests]: Cp32Tests does not declare any static, non-private, non-final, nested classes annotated with @Configuration.
INFO  SpringBootTestContextBootstrapper - Found @SpringBootConfiguration org.springframework.samples.petclinic.PetClinicApplication for test class org.springframework.samples.petclinic.acceptance.Cp32Tests
INFO  AnnotationConfigContextLoaderUtils - Could not detect default configuration classes for test class [org.springframework.samples.petclinic.acceptance.Cp32Tests]: Cp32Tests does not declare any static, non-private, non-final, nested classes annotated with @Configuration.
INFO  AnnotationConfigContextLoaderUtils - Could not detect default configuration classes for test class [org.springframework.samples.petclinic.acceptance.AcceptanceBase]: AcceptanceBase does not declare any static, non-private, non-final, nested classes annotated with @Configuration.
INFO  SpringBootTestContextBootstrapper - Found @SpringBootConfiguration org.springframework.samples.petclinic.PetClinicApplication for test class org.springframework.samples.petclinic.acceptance.Cp32Tests
INFO  AUDIT - owner created id=212 memberId=NSW2779D36A647 registrationDate=2026-09-07 membershipLevel=1
INFO  AUDIT - {"seq":202,"ownerId":212,"memberId":"NSW2779D36A647","membershipLevel":1,"event":"OWNER_CREATED"}
INFO  AnnotationConfigContextLoaderUtils - Could not detect default configuration classes for test class [org.springframework.samples.petclinic.acceptance.Cp38Tests]: Cp38Tests does not declare any static, non-private, non-final, nested classes annotated with @Configuration.
INFO  SpringBootTestContextBootstrapper - Found @SpringBootConfiguration org.springframework.samples.petclinic.PetClinicApplication for test class org.springframework.samples.petclinic.acceptance.Cp38Tests
INFO  AnnotationConfigContextLoaderUtils - Could not detect default configuration classes for test class [org.springframework.samples.petclinic.acceptance.Cp38Tests]: Cp38Tests does not declare any static, non-private, non-final, nested classes annotated with @Configuration.
INFO  AnnotationConfigContextLoaderUtils - Could not detect default configuration classes for test class [org.springframework.samples.petclinic.acceptance.AcceptanceBase]: AcceptanceBase does not declare any static, non-private, non-final, nested classes annotated with @Configuration.
INFO  SpringBootTestContextBootstrapper - Found @SpringBootConfiguration org.springframework.samples.petclinic.PetClinicApplication for test class org.springframework.samples.petclinic.acceptance.Cp38Tests
INFO  AnnotationConfigContextLoaderUtils - Could not detect default configuration classes for test class [org.springframework.samples.petclinic.acceptance.Cp02Tests]: Cp02Tests does not declare any static, non-private, non-final, nested classes annotated with @Configuration.
INFO  SpringBootTestContextBootstrapper - Found @SpringBootConfiguration org.springframework.samples.petclinic.PetClinicApplication for test class org.springframework.samples.petclinic.acceptance.Cp02Tests
INFO  AnnotationConfigContextLoaderUtils - Could not detect default configuration classes for test class [org.springframework.samples.petclinic.acceptance.Cp02Tests]: Cp02Tests does not declare any static, non-private, non-final, nested classes annotated with @Configuration.
INFO  AnnotationConfigContextLoaderUtils - Could not detect default configuration classes for test class [org.springframework.samples.petclinic.acceptance.AcceptanceBase]: AcceptanceBase does not declare any static, non-private, non-final, nested classes annotated with @Configuration.
INFO  SpringBootTestContextBootstrapper - Found @SpringBootConfiguration org.springframework.samples.petclinic.PetClinicApplication for test class org.springframework.samples.petclinic.acceptance.Cp02Tests
INFO  AUDIT - owner created id=213 memberId=UNKNOWN27EA1319F37 registrationDate=2026-09-07 membershipLevel=1
INFO  AUDIT - {"seq":203,"ownerId":213,"memberId":"UNKNOWN27EA1319F37","membershipLevel":1,"event":"OWNER_CREATED"}
INFO  AnnotationConfigContextLoaderUtils - Could not detect default configuration classes for test class [org.springframework.samples.petclinic.acceptance.Cp49Tests]: Cp49Tests does not declare any static, non-private, non-final, nested classes annotated with @Configuration.
INFO  SpringBootTestContextBootstrapper - Found @SpringBootConfiguration org.springframework.samples.petclinic.PetClinicApplication for test class org.springframework.samples.petclinic.acceptance.Cp49Tests
INFO  AnnotationConfigContextLoaderUtils - Could not detect default configuration classes for test class [org.springframework.samples.petclinic.acceptance.Cp49Tests]: Cp49Tests does not declare any static, non-private, non-final, nested classes annotated with @Configuration.
INFO  AnnotationConfigContextLoaderUtils - Could not detect default configuration classes for test class [org.springframework.samples.petclinic.acceptance.AcceptanceBase]: AcceptanceBase does not declare any static, non-private, non-final, nested classes annotated with @Configuration.
INFO  SpringBootTestContextBootstrapper - Found @SpringBootConfiguration org.springframework.samples.petclinic.PetClinicApplication for test class org.springframework.samples.petclinic.acceptance.Cp49Tests
INFO  AUDIT - owner created id=214 memberId=NSW27335C3F110 registrationDate=2026-09-07 membershipLevel=1
INFO  AUDIT - {"seq":204,"ownerId":214,"memberId":"NSW27335C3F110","membershipLevel":1,"event":"OWNER_CREATED"}
INFO  AnnotationConfigContextLoaderUtils - Could not detect default configuration classes for test class [org.springframework.samples.petclinic.acceptance.Cp45Tests]: Cp45Tests does not declare any static, non-private, non-final, nested classes annotated with @Configuration.
INFO  SpringBootTestContextBootstrapper - Found @SpringBootConfiguration org.springframework.samples.petclinic.PetClinicApplication for test class org.springframework.samples.petclinic.acceptance.Cp45Tests
INFO  AnnotationConfigContextLoaderUtils - Could not detect default configuration classes for test class [org.springframework.samples.petclinic.acceptance.Cp45Tests]: Cp45Tests does not declare any static, non-private, non-final, nested classes annotated with @Configuration.
INFO  AnnotationConfigContextLoaderUtils - Could not detect default configuration classes for test class [org.springframework.samples.petclinic.acceptance.AcceptanceBase]: AcceptanceBase does not declare any static, non-private, non-final, nested classes annotated with @Configuration.
INFO  SpringBootTestContextBootstrapper - Found @SpringBootConfiguration org.springframework.samples.petclinic.PetClinicApplication for test class org.springframework.samples.petclinic.acceptance.Cp45Tests
INFO  AUDIT - owner created id=215 memberId=NSW275778A87C6 registrationDate=2026-09-07 membershipLevel=1
INFO  AUDIT - {"seq":205,"ownerId":215,"memberId":"NSW275778A87C6","membershipLevel":1,"event":"OWNER_CREATED"}
INFO  AnnotationConfigContextLoaderUtils - Could not detect default configuration classes for test class [org.springframework.samples.petclinic.acceptance.Cp14Tests]: Cp14Tests does not declare any static, non-private, non-final, nested classes annotated with @Configuration.
INFO  SpringBootTestContextBootstrapper - Found @SpringBootConfiguration org.springframework.samples.petclinic.PetClinicApplication for test class org.springframework.samples.petclinic.acceptance.Cp14Tests
INFO  AnnotationConfigContextLoaderUtils - Could not detect default configuration classes for test class [org.springframework.samples.petclinic.acceptance.Cp14Tests]: Cp14Tests does not declare any static, non-private, non-final, nested classes annotated with @Configuration.
INFO  AnnotationConfigContextLoaderUtils - Could not detect default configuration classes for test class [org.springframework.samples.petclinic.acceptance.AcceptanceBase]: AcceptanceBase does not declare any static, non-private, non-final, nested classes annotated with @Configuration.
INFO  SpringBootTestContextBootstrapper - Found @SpringBootConfiguration org.springframework.samples.petclinic.PetClinicApplication for test class org.springframework.samples.petclinic.acceptance.Cp14Tests
INFO  AUDIT - owner created id=216 memberId=NSW271049BF090 registrationDate=2026-09-07 membershipLevel=1
INFO  AUDIT - {"seq":206,"ownerId":216,"memberId":"NSW271049BF090","membershipLevel":1,"event":"OWNER_CREATED"}
INFO  AnnotationConfigContextLoaderUtils - Could not detect default configuration classes for test class [org.springframework.samples.petclinic.acceptance.Cp48Tests]: Cp48Tests does not declare any static, non-private, non-final, nested classes annotated with @Configuration.
INFO  SpringBootTestContextBootstrapper - Found @SpringBootConfiguration org.springframework.samples.petclinic.PetClinicApplication for test class org.springframework.samples.petclinic.acceptance.Cp48Tests
INFO  AnnotationConfigContextLoaderUtils - Could not detect default configuration classes for test class [org.springframework.samples.petclinic.acceptance.Cp48Tests]: Cp48Tests does not declare any static, non-private, non-final, nested classes annotated with @Configuration.
INFO  AnnotationConfigContextLoaderUtils - Could not detect default configuration classes for test class [org.springframework.samples.petclinic.acceptance.AcceptanceBase]: AcceptanceBase does not declare any static, non-private, non-final, nested classes annotated with @Configuration.
INFO  SpringBootTestContextBootstrapper - Found @SpringBootConfiguration org.springframework.samples.petclinic.PetClinicApplication for test class org.springframework.samples.petclinic.acceptance.Cp48Tests
INFO  AUDIT - owner created id=217 memberId=NSW27B4C0517D4 registrationDate=2026-09-07 membershipLevel=1
INFO  AUDIT - {"seq":207,"ownerId":217,"memberId":"NSW27B4C0517D4","membershipLevel":1,"event":"OWNER_CREATED"}
INFO  AnnotationConfigContextLoaderUtils - Could not detect default configuration classes for test class [org.springframework.samples.petclinic.acceptance.Cp44Tests]: Cp44Tests does not declare any static, non-private, non-final, nested classes annotated with @Configuration.
INFO  SpringBootTestContextBootstrapper - Found @SpringBootConfiguration org.springframework.samples.petclinic.PetClinicApplication for test class org.springframework.samples.petclinic.acceptance.Cp44Tests
INFO  AnnotationConfigContextLoaderUtils - Could not detect default configuration classes for test class [org.springframework.samples.petclinic.acceptance.Cp44Tests]: Cp44Tests does not declare any static, non-private, non-final, nested classes annotated with @Configuration.
INFO  AnnotationConfigContextLoaderUtils - Could not detect default configuration classes for test class [org.springframework.samples.petclinic.acceptance.AcceptanceBase]: AcceptanceBase does not declare any static, non-private, non-final, nested classes annotated with @Configuration.
INFO  SpringBootTestContextBootstrapper - Found @SpringBootConfiguration org.springframework.samples.petclinic.PetClinicApplication for test class org.springframework.samples.petclinic.acceptance.Cp44Tests
INFO  AUDIT - owner created id=218 memberId=NSW274BDD40221 registrationDate=2026-09-07 membershipLevel=1
INFO  AUDIT - {"seq":208,"ownerId":218,"memberId":"NSW274BDD40221","membershipLevel":1,"event":"OWNER_CREATED"}
INFO  AUDIT - owner created id=219 memberId=UNKNOWN27DAD073220 registrationDate=2026-09-07 membershipLevel=1
INFO  AUDIT - {"seq":209,"ownerId":219,"memberId":"UNKNOWN27DAD073220","membershipLevel":1,"event":"OWNER_CREATED"}
INFO  AnnotationConfigContextLoaderUtils - Could not detect default configuration classes for test class [org.springframework.samples.petclinic.acceptance.Cp12Tests]: Cp12Tests does not declare any static, non-private, non-final, nested classes annotated with @Configuration.
INFO  SpringBootTestContextBootstrapper - Found @SpringBootConfiguration org.springframework.samples.petclinic.PetClinicApplication for test class org.springframework.samples.petclinic.acceptance.Cp12Tests
INFO  AnnotationConfigContextLoaderUtils - Could not detect default configuration classes for test class [org.springframework.samples.petclinic.acceptance.Cp12Tests]: Cp12Tests does not declare any static, non-private, non-final, nested classes annotated with @Configuration.
INFO  AnnotationConfigContextLoaderUtils - Could not detect default configuration classes for test class [org.springframework.samples.petclinic.acceptance.AcceptanceBase]: AcceptanceBase does not declare any static, non-private, non-final, nested classes annotated with @Configuration.
INFO  SpringBootTestContextBootstrapper - Found @SpringBootConfiguration org.springframework.samples.petclinic.PetClinicApplication for test class org.springframework.samples.petclinic.acceptance.Cp12Tests
INFO  AUDIT - owner created id=220 memberId=NSW272CA1D7DA9 registrationDate=2026-09-07 membershipLevel=1
INFO  AUDIT - {"seq":210,"ownerId":220,"memberId":"NSW272CA1D7DA9","membershipLevel":1,"event":"OWNER_CREATED"}
INFO  AnnotationConfigContextLoaderUtils - Could not detect default configuration classes for test class [org.springframework.samples.petclinic.acceptance.Cp54Tests]: Cp54Tests does not declare any static, non-private, non-final, nested classes annotated with @Configuration.
INFO  SpringBootTestContextBootstrapper - Found @SpringBootConfiguration org.springframework.samples.petclinic.PetClinicApplication for test class org.springframework.samples.petclinic.acceptance.Cp54Tests
INFO  AnnotationConfigContextLoaderUtils - Could not detect default configuration classes for test class [org.springframework.samples.petclinic.acceptance.Cp54Tests]: Cp54Tests does not declare any static, non-private, non-final, nested classes annotated with @Configuration.
INFO  AnnotationConfigContextLoaderUtils - Could not detect default configuration classes for test class [org.springframework.samples.petclinic.acceptance.AcceptanceBase]: AcceptanceBase does not declare any static, non-private, non-final, nested classes annotated with @Configuration.
INFO  SpringBootTestContextBootstrapper - Found @SpringBootConfiguration org.springframework.samples.petclinic.PetClinicApplication for test class org.springframework.samples.petclinic.acceptance.Cp54Tests
INFO  AUDIT - owner created id=221 memberId=UNKNOWN27649A1E958 registrationDate=2026-09-07 membershipLevel=1
INFO  AUDIT - {"seq":211,"ownerId":221,"memberId":"UNKNOWN27649A1E958","membershipLevel":1,"event":"OWNER_CREATED"}
INFO  AUDIT - owner created id=222 memberId=UNKNOWN2742F9F54F7 registrationDate=2026-09-07 membershipLevel=1
INFO  AUDIT - {"seq":212,"ownerId":222,"memberId":"UNKNOWN2742F9F54F7","membershipLevel":1,"event":"OWNER_CREATED"}
INFO  AUDIT - owner created id=223 memberId=UNKNOWN27083D00484 registrationDate=2026-09-07 membershipLevel=1
INFO  AUDIT - {"seq":213,"ownerId":223,"memberId":"UNKNOWN27083D00484","membershipLevel":1,"event":"OWNER_CREATED"}
INFO  AUDIT - owner created id=224 memberId=UNKNOWN27B9275DF65 registrationDate=2026-09-07 membershipLevel=1
INFO  AUDIT - {"seq":214,"ownerId":224,"memberId":"UNKNOWN27B9275DF65","membershipLevel":1,"event":"OWNER_CREATED"}
INFO  AUDIT - owner created id=225 memberId=UNKNOWN27E21C14182 registrationDate=2026-09-07 membershipLevel=1
INFO  AUDIT - {"seq":215,"ownerId":225,"memberId":"UNKNOWN27E21C14182","membershipLevel":1,"event":"OWNER_CREATED"}
INFO  AUDIT - owner created id=226 memberId=UNKNOWN27BEC5367E1 registrationDate=2026-09-07 membershipLevel=1
INFO  AUDIT - {"seq":216,"ownerId":226,"memberId":"UNKNOWN27BEC5367E1","membershipLevel":1,"event":"OWNER_CREATED"}
INFO  AUDIT - owner created id=227 memberId=UNKNOWN273FD88ED70 registrationDate=2026-09-07 membershipLevel=1
INFO  AUDIT - {"seq":217,"ownerId":227,"memberId":"UNKNOWN273FD88ED70","membershipLevel":1,"event":"OWNER_CREATED"}
INFO  AUDIT - owner created id=228 memberId=UNKNOWN27E1C62A106 registrationDate=2026-09-07 membershipLevel=1
INFO  AUDIT - {"seq":218,"ownerId":228,"memberId":"UNKNOWN27E1C62A106","membershipLevel":1,"event":"OWNER_CREATED"}
INFO  AUDIT - owner created id=229 memberId=UNKNOWN272BA23A4D6 registrationDate=2026-09-07 membershipLevel=1
INFO  AUDIT - {"seq":219,"ownerId":229,"memberId":"UNKNOWN272BA23A4D6","membershipLevel":1,"event":"OWNER_CREATED"}
INFO  AUDIT - owner created id=230 memberId=UNKNOWN27473EB7592 registrationDate=2026-09-07 membershipLevel=1
INFO  AUDIT - {"seq":220,"ownerId":230,"memberId":"UNKNOWN27473EB7592","membershipLevel":1,"event":"OWNER_CREATED"}
INFO  AUDIT - owner created id=231 memberId=UNKNOWN2764B4A97F0 registrationDate=2026-09-07 membershipLevel=1
INFO  AUDIT - {"seq":221,"ownerId":231,"memberId":"UNKNOWN2764B4A97F0","membershipLevel":1,"event":"OWNER_CREATED"}
INFO  AUDIT - owner created id=232 memberId=UNKNOWN2760F8B1AE7 registrationDate=2026-09-07 membershipLevel=1
INFO  AUDIT - {"seq":222,"ownerId":232,"memberId":"UNKNOWN2760F8B1AE7","membershipLevel":1,"event":"OWNER_CREATED"}
INFO  AUDIT - owner created id=233 memberId=UNKNOWN27014342A23 registrationDate=2026-09-07 membershipLevel=1
INFO  AUDIT - {"seq":223,"ownerId":233,"memberId":"UNKNOWN27014342A23","membershipLevel":1,"event":"OWNER_CREATED"}
INFO  AUDIT - owner created id=234 memberId=UNKNOWN27F172B9055 registrationDate=2026-09-07 membershipLevel=1
INFO  AUDIT - {"seq":224,"ownerId":234,"memberId":"UNKNOWN27F172B9055","membershipLevel":1,"event":"OWNER_CREATED"}
INFO  AUDIT - owner created id=235 memberId=UNKNOWN27BD706A753 registrationDate=2026-09-07 membershipLevel=1
INFO  AUDIT - {"seq":225,"ownerId":235,"memberId":"UNKNOWN27BD706A753","membershipLevel":1,"event":"OWNER_CREATED"}
INFO  AUDIT - owner created id=236 memberId=UNKNOWN279D1F950D5 registrationDate=2026-09-07 membershipLevel=1
INFO  AUDIT - {"seq":226,"ownerId":236,"memberId":"UNKNOWN279D1F950D5","membershipLevel":1,"event":"OWNER_CREATED"}
INFO  AUDIT - owner created id=237 memberId=UNKNOWN27348E63158 registrationDate=2026-09-07 membershipLevel=1
INFO  AUDIT - {"seq":227,"ownerId":237,"memberId":"UNKNOWN27348E63158","membershipLevel":1,"event":"OWNER_CREATED"}
INFO  AUDIT - owner created id=238 memberId=UNKNOWN27906EA0F64 registrationDate=2026-09-07 membershipLevel=1
INFO  AUDIT - {"seq":228,"ownerId":238,"memberId":"UNKNOWN27906EA0F64","membershipLevel":1,"event":"OWNER_CREATED"}
INFO  AUDIT - owner created id=239 memberId=UNKNOWN2778B2B90C3 registrationDate=2026-09-07 membershipLevel=1
INFO  AUDIT - {"seq":229,"ownerId":239,"memberId":"UNKNOWN2778B2B90C3","membershipLevel":1,"event":"OWNER_CREATED"}
INFO  AUDIT - owner created id=240 memberId=UNKNOWN2760A3FD034 registrationDate=2026-09-07 membershipLevel=1
INFO  AUDIT - {"seq":230,"ownerId":240,"memberId":"UNKNOWN2760A3FD034","membershipLevel":1,"event":"OWNER_CREATED"}
INFO  AUDIT - owner created id=241 memberId=UNKNOWN275FACB2392 registrationDate=2026-09-07 membershipLevel=1
INFO  AUDIT - {"seq":231,"ownerId":241,"memberId":"UNKNOWN275FACB2392","membershipLevel":1,"event":"OWNER_CREATED"}
INFO  AUDIT - owner created id=242 memberId=UNKNOWN275C9DD76F9 registrationDate=2026-09-07 membershipLevel=1
INFO  AUDIT - {"seq":232,"ownerId":242,"memberId":"UNKNOWN275C9DD76F9","membershipLevel":1,"event":"OWNER_CREATED"}
INFO  AUDIT - owner created id=243 memberId=UNKNOWN27ED84D56F9 registrationDate=2026-09-07 membershipLevel=1
INFO  AUDIT - {"seq":233,"ownerId":243,"memberId":"UNKNOWN27ED84D56F9","membershipLevel":1,"event":"OWNER_CREATED"}
INFO  AUDIT - owner created id=244 memberId=UNKNOWN2789B01F4C4 registrationDate=2026-09-07 membershipLevel=1
INFO  AUDIT - {"seq":234,"ownerId":244,"memberId":"UNKNOWN2789B01F4C4","membershipLevel":1,"event":"OWNER_CREATED"}
INFO  AUDIT - owner created id=245 memberId=UNKNOWN277F888D0A1 registrationDate=2026-09-07 membershipLevel=1
INFO  AUDIT - {"seq":235,"ownerId":245,"memberId":"UNKNOWN277F888D0A1","membershipLevel":1,"event":"OWNER_CREATED"}
INFO  AUDIT - owner created id=246 memberId=UNKNOWN27C066ACE46 registrationDate=2026-09-07 membershipLevel=1
INFO  AUDIT - {"seq":236,"ownerId":246,"memberId":"UNKNOWN27C066ACE46","membershipLevel":1,"event":"OWNER_CREATED"}
INFO  AUDIT - owner created id=247 memberId=UNKNOWN27D2CD78A24 registrationDate=2026-09-07 membershipLevel=1
INFO  AUDIT - {"seq":237,"ownerId":247,"memberId":"UNKNOWN27D2CD78A24","membershipLevel":1,"event":"OWNER_CREATED"}
INFO  AUDIT - owner created id=248 memberId=UNKNOWN2764FAFB1B0 registrationDate=2026-09-07 membershipLevel=1
INFO  AUDIT - {"seq":238,"ownerId":248,"memberId":"UNKNOWN2764FAFB1B0","membershipLevel":1,"event":"OWNER_CREATED"}
INFO  AUDIT - owner created id=249 memberId=UNKNOWN272708D7E44 registrationDate=2026-09-07 membershipLevel=1
INFO  AUDIT - {"seq":239,"ownerId":249,"memberId":"UNKNOWN272708D7E44","membershipLevel":1,"event":"OWNER_CREATED"}
INFO  AUDIT - owner created id=250 memberId=UNKNOWN273319B7145 registrationDate=2026-09-07 membershipLevel=1
INFO  AUDIT - {"seq":240,"ownerId":250,"memberId":"UNKNOWN273319B7145","membershipLevel":1,"event":"OWNER_CREATED"}
INFO  AUDIT - owner created id=251 memberId=UNKNOWN27DE888A700 registrationDate=2026-09-07 membershipLevel=1
INFO  AUDIT - {"seq":241,"ownerId":251,"memberId":"UNKNOWN27DE888A700","membershipLevel":1,"event":"OWNER_CREATED"}
INFO  AUDIT - owner created id=252 memberId=UNKNOWN273AD30AB12 registrationDate=2026-09-07 membershipLevel=1
INFO  AUDIT - {"seq":242,"ownerId":252,"memberId":"UNKNOWN273AD30AB12","membershipLevel":1,"event":"OWNER_CREATED"}
INFO  AUDIT - owner created id=253 memberId=UNKNOWN276B40E8B87 registrationDate=2026-09-07 membershipLevel=1
INFO  AUDIT - {"seq":243,"ownerId":253,"memberId":"UNKNOWN276B40E8B87","membershipLevel":1,"event":"OWNER_CREATED"}
INFO  AUDIT - owner created id=254 memberId=UNKNOWN27C5F2A7027 registrationDate=2026-09-07 membershipLevel=1
INFO  AUDIT - {"seq":244,"ownerId":254,"memberId":"UNKNOWN27C5F2A7027","membershipLevel":1,"event":"OWNER_CREATED"}
INFO  AUDIT - owner created id=255 memberId=UNKNOWN2739A532DF6 registrationDate=2026-09-07 membershipLevel=1
INFO  AUDIT - {"seq":245,"ownerId":255,"memberId":"UNKNOWN2739A532DF6","membershipLevel":1,"event":"OWNER_CREATED"}
INFO  AUDIT - owner created id=256 memberId=UNKNOWN273357CFD85 registrationDate=2026-09-07 membershipLevel=1
INFO  AUDIT - {"seq":246,"ownerId":256,"memberId":"UNKNOWN273357CFD85","membershipLevel":1,"event":"OWNER_CREATED"}
INFO  AUDIT - owner created id=257 memberId=UNKNOWN27658F2E541 registrationDate=2026-09-07 membershipLevel=1
INFO  AUDIT - {"seq":247,"ownerId":257,"memberId":"UNKNOWN27658F2E541","membershipLevel":1,"event":"OWNER_CREATED"}
INFO  AUDIT - owner created id=258 memberId=UNKNOWN2737B119CC4 registrationDate=2026-09-07 membershipLevel=1
INFO  AUDIT - {"seq":248,"ownerId":258,"memberId":"UNKNOWN2737B119CC4","membershipLevel":1,"event":"OWNER_CREATED"}
INFO  AUDIT - owner created id=259 memberId=UNKNOWN275F69A7D71 registrationDate=2026-09-07 membershipLevel=1
INFO  AUDIT - {"seq":249,"ownerId":259,"memberId":"UNKNOWN275F69A7D71","membershipLevel":1,"event":"OWNER_CREATED"}
INFO  AUDIT - owner created id=260 memberId=UNKNOWN2749BFC0259 registrationDate=2026-09-07 membershipLevel=1
INFO  AUDIT - {"seq":250,"ownerId":260,"memberId":"UNKNOWN2749BFC0259","membershipLevel":1,"event":"OWNER_CREATED"}
INFO  AUDIT - owner created id=261 memberId=UNKNOWN276A6BB5BD9 registrationDate=2026-09-07 membershipLevel=1
INFO  AUDIT - {"seq":251,"ownerId":261,"memberId":"UNKNOWN276A6BB5BD9","membershipLevel":1,"event":"OWNER_CREATED"}
INFO  AnnotationConfigContextLoaderUtils - Could not detect default configuration classes for test class [org.springframework.samples.petclinic.acceptance.Cp39Tests]: Cp39Tests does not declare any static, non-private, non-final, nested classes annotated with @Configuration.
INFO  SpringBootTestContextBootstrapper - Found @SpringBootConfiguration org.springframework.samples.petclinic.PetClinicApplication for test class org.springframework.samples.petclinic.acceptance.Cp39Tests
INFO  AnnotationConfigContextLoaderUtils - Could not detect default configuration classes for test class [org.springframework.samples.petclinic.acceptance.Cp39Tests]: Cp39Tests does not declare any static, non-private, non-final, nested classes annotated with @Configuration.
INFO  AnnotationConfigContextLoaderUtils - Could not detect default configuration classes for test class [org.springframework.samples.petclinic.acceptance.AcceptanceBase]: AcceptanceBase does not declare any static, non-private, non-final, nested classes annotated with @Configuration.
INFO  SpringBootTestContextBootstrapper - Found @SpringBootConfiguration org.springframework.samples.petclinic.PetClinicApplication for test class org.springframework.samples.petclinic.acceptance.Cp39Tests
INFO  AUDIT - owner created id=262 memberId=NSW277E43399A1 registrationDate=2026-09-07 membershipLevel=1
INFO  AUDIT - {"seq":252,"ownerId":262,"memberId":"NSW277E43399A1","membershipLevel":1,"event":"OWNER_CREATED"}
INFO  AUDIT - owner created id=263 memberId=NSW27716E246E7 registrationDate=2026-09-07 membershipLevel=1
INFO  AUDIT - {"seq":253,"ownerId":263,"memberId":"NSW27716E246E7","membershipLevel":1,"event":"OWNER_CREATED"}
INFO  AUDIT - owner created id=264 memberId=NSW279509022E0 registrationDate=2026-09-07 membershipLevel=3
INFO  AUDIT - {"seq":254,"ownerId":264,"memberId":"NSW279509022E0","membershipLevel":2,"event":"OWNER_CREATED"}

MockHttpServletRequest:
      HTTP Method = POST
      Request URI = /api/owners
       Parameters = {}
          Headers = [Content-Type:"application/json;charset=UTF-8", Content-Length:"154"]
             Body = {"firstName":"Fnaoy","lastName":"Suraot","address":"1088 Test Street","city":"Town1089","telephone":"0400001090","postcode":"2000","sharesHousehold":true}
    Session Attrs = {SPRING_SECURITY_CONTEXT=SecurityContextImpl [Authentication=UsernamePasswordAuthenticationToken [Principal=org.springframework.security.core.userdetails.User [Username=acceptance-admin, Password=[PROTECTED], Enabled=true, AccountNonExpired=true, CredentialsNonExpired=true, AccountNonLocked=true, Granted Authorities=[ROLE_ADMIN, ROLE_OWNER_ADMIN, ROLE_VET_ADMIN]], Credentials=[PROTECTED], Authenticated=true, Details=null, Granted Authorities=[ROLE_ADMIN, ROLE_OWNER_ADMIN, ROLE_VET_ADMIN]]]}

Handler:
             Type = org.springframework.samples.petclinic.rest.controller.v1.OwnerRestControllerV1
           Method = org.springframework.samples.petclinic.rest.controller.v1.OwnerRestControllerV1#addOwner(OwnerFieldsDto)

Async:
    Async started = false
     Async result = null

Resolved Exception:
             Type = null

ModelAndView:
        View name = null
             View = null
            Model = null

FlashMap:
       Attributes = null

MockHttpServletResponse:
           Status = 201
    Error message = null
          Headers = [Vary:"Origin", "Access-Control-Request-Method", "Access-Control-Request-Headers", Location:"/api/owners/262", Content-Type:"application/json", X-Content-Type-Options:"nosniff", X-XSS-Protection:"0", Cache-Control:"no-cache, no-store, max-age=0, must-revalidate", Pragma:"no-cache", Expires:"0", X-Frame-Options:"DENY"]
     Content type = application/json
             Body = {"firstName":"FNAOY","lastName":"SURAOT","city":"TOWN1089","telephone":"+61400001090","pets":[],"address":"1088 TEST STREET","addressLine1":null,"addressLine2":null,"ageBand":null,"birthDate":null,"bulkSignupWarning":false,"capacityWarning":false,"contactPreference":"PHONE","deleted":false,"displayName":"SURAOT, FNAOY","email":null,"fiscalYear":"FY27","householdId":"538ac814483f","id":262,"identityKey":"9a8d520e7c2fca905da8b68230671a8a9f2389d9af07a758437636944a1d0271","initials":"F.S.","locality":"NSW","memberId":"NSW277E43399A1","membershipLevel":1,"membershipPoints":1,"namesakeCount":0,"ownerSegment":"STANDARD_METRO","possibleDuplicate":false,"possibleDuplicateOf":null,"postcode":"2000","registrationDate":"2026-09-07","salutation":"Suraot","selfLink":"/api/owners/262","sharesHousehold":null,"telephoneDisplay":"+61 400 001 090","timezone":"Australia/Sydney","title":null}
    Forwarded URL = null
   Redirected URL = /api/owners/262
          Cookies = []

MockHttpServletRequest:
      HTTP Method = POST
      Request URI = /api/owners
       Parameters = {}
          Headers = [Content-Type:"application/json;charset=UTF-8", Content-Length:"154"]
             Body = {"firstName":"Fnapd","lastName":"Suraot","address":"1093 Test Street","city":"Town1094","telephone":"0400001095","postcode":"2000","sharesHousehold":true}
    Session Attrs = {SPRING_SECURITY_CONTEXT=SecurityContextImpl [Authentication=UsernamePasswordAuthenticationToken [Principal=org.springframework.security.core.userdetails.User [Username=acceptance-admin, Password=[PROTECTED], Enabled=true, AccountNonExpired=true, CredentialsNonExpired=true, AccountNonLocked=true, Granted Authorities=[ROLE_ADMIN, ROLE_OWNER_ADMIN, ROLE_VET_ADMIN]], Credentials=[PROTECTED], Authenticated=true, Details=null, Granted Authorities=[ROLE_ADMIN, ROLE_OWNER_ADMIN, ROLE_VET_ADMIN]]]}

Handler:
             Type = org.springframework.samples.petclinic.rest.controller.v1.OwnerRestControllerV1
           Method = org.springframework.samples.petclinic.rest.controller.v1.OwnerRestControllerV1#addOwner(OwnerFieldsDto)

Async:
    Async started = false
     Async result = null

Resolved Exception:
             Type = null

ModelAndView:
        View name = null
             View = null
            Model = null

FlashMap:
       Attributes = null

MockHttpServletResponse:
           Status = 201
    Error message = null
          Headers = [Vary:"Origin", "Access-Control-Request-Method", "Access-Control-Request-Headers", Location:"/api/owners/263", Content-Type:"application/json", X-Content-Type-Options:"nosniff", X-XSS-Protection:"0", Cache-Control:"no-cache, no-store, max-age=0, must-revalidate", Pragma:"no-cache", Expires:"0", X-Frame-Options:"DENY"]
     Content type = application/json
             Body = {"firstName":"FNAPD","lastName":"SURAOT","city":"TOWN1094","telephone":"+61400001095","pets":[],"address":"1093 TEST STREET","addressLine1":null,"addressLine2":null,"ageBand":null,"birthDate":null,"bulkSignupWarning":false,"capacityWarning":false,"contactPreference":"PHONE","deleted":false,"displayName":"SURAOT, FNAPD","email":null,"fiscalYear":"FY27","householdId":"538ac814483f","id":263,"identityKey":"ecafb42c88ca320264e9869e68e962c4c2f452ab0d9459106167b7c2d38ebb01","initials":"F.S.","locality":"NSW","memberId":"NSW27716E246E7","membershipLevel":1,"membershipPoints":1,"namesakeCount":0,"ownerSegment":"STANDARD_METRO","possibleDuplicate":false,"possibleDuplicateOf":null,"postcode":"2000","registrationDate":"2026-09-07","salutation":"Suraot","selfLink":"/api/owners/263","sharesHousehold":null,"telephoneDisplay":"+61 400 001 095","timezone":"Australia/Sydney","title":null}
    Forwarded URL = null
   Redirected URL = /api/owners/263
          Cookies = []

MockHttpServletRequest:
      HTTP Method = POST
      Request URI = /api/owners
       Parameters = {}
          Headers = [Content-Type:"application/json;charset=UTF-8", Content-Length:"187"]
             Body = {"firstName":"Fnapi","lastName":"Suraot","address":"1098 Test Street","city":"Town1099","telephone":"0400001100","postcode":"2000","sharesHousehold":true,"email":"owner1102@example.test"}
    Session Attrs = {SPRING_SECURITY_CONTEXT=SecurityContextImpl [Authentication=UsernamePasswordAuthenticationToken [Principal=org.springframework.security.core.userdetails.User [Username=acceptance-admin, Password=[PROTECTED], Enabled=true, AccountNonExpired=true, CredentialsNonExpired=true, AccountNonLocked=true, Granted Authorities=[ROLE_ADMIN, ROLE_OWNER_ADMIN, ROLE_VET_ADMIN]], Credentials=[PROTECTED], Authenticated=true, Details=null, Granted Authorities=[ROLE_ADMIN, ROLE_OWNER_ADMIN, ROLE_VET_ADMIN]]]}

Handler:
             Type = org.springframework.samples.petclinic.rest.controller.v1.OwnerRestControllerV1
           Method = org.springframework.samples.petclinic.rest.controller.v1.OwnerRestControllerV1#addOwner(OwnerFieldsDto)

Async:
    Async started = false
     Async result = null

Resolved Exception:
             Type = null

ModelAndView:
        View name = null
             View = null
            Model = null

FlashMap:
       Attributes = null

MockHttpServletResponse:
           Status = 201
    Error message = null
          Headers = [Vary:"Origin", "Access-Control-Request-Method", "Access-Control-Request-Headers", Location:"/api/owners/264", Content-Type:"application/json", X-Content-Type-Options:"nosniff", X-XSS-Protection:"0", Cache-Control:"no-cache, no-store, max-age=0, must-revalidate", Pragma:"no-cache", Expires:"0", X-Frame-Options:"DENY"]
     Content type = application/json
             Body = {"firstName":"FNAPI","lastName":"SURAOT","city":"TOWN1099","telephone":"+61400001100","pets":[],"address":"1098 TEST STREET","addressLine1":null,"addressLine2":null,"ageBand":null,"birthDate":null,"bulkSignupWarning":false,"capacityWarning":false,"contactPreference":"EMAIL","deleted":false,"displayName":"SURAOT, FNAPI","email":"OWNER1102@EXAMPLE.TEST","fiscalYear":"FY27","householdId":"538ac814483f","id":264,"identityKey":"8b05dd7349e27601de7d21de65936e92448d67f16c2e67eb9121979a61539c70","initials":"F.S.","locality":"NSW","memberId":"NSW279509022E0","membershipLevel":2,"membershipPoints":5,"namesakeCount":0,"ownerSegment":"STANDARD_METRO","possibleDuplicate":false,"possibleDuplicateOf":null,"postcode":"2000","registrationDate":"2026-09-07","salutation":"Suraot","selfLink":"/api/owners/264","sharesHousehold":null,"telephoneDisplay":"+61 400 001 100","timezone":"Australia/Sydney","title":null}
    Forwarded URL = null
   Redirected URL = /api/owners/264
          Cookies = []

MockHttpServletRequest:
      HTTP Method = GET
      Request URI = /api/owners/264
       Parameters = {}
          Headers = []
             Body = null
    Session Attrs = {SPRING_SECURITY_CONTEXT=SecurityContextImpl [Authentication=UsernamePasswordAuthenticationToken [Principal=org.springframework.security.core.userdetails.User [Username=acceptance-admin, Password=[PROTECTED], Enabled=true, AccountNonExpired=true, CredentialsNonExpired=true, AccountNonLocked=true, Granted Authorities=[ROLE_ADMIN, ROLE_OWNER_ADMIN, ROLE_VET_ADMIN]], Credentials=[PROTECTED], Authenticated=true, Details=null, Granted Authorities=[ROLE_ADMIN, ROLE_OWNER_ADMIN, ROLE_VET_ADMIN]]]}

Handler:
             Type = org.springframework.samples.petclinic.rest.controller.v1.OwnerRestControllerV1
           Method = org.springframework.samples.petclinic.rest.controller.v1.OwnerRestControllerV1#getOwner(Integer)

Async:
    Async started = false
     Async result = null

Resolved Exception:
             Type = null

ModelAndView:
        View name = null
             View = null
            Model = null

FlashMap:
       Attributes = null

MockHttpServletResponse:
           Status = 200
    Error message = null
          Headers = [Vary:"Origin", "Access-Control-Request-Method", "Access-Control-Request-Headers", Content-Type:"application/json", X-Content-Type-Options:"nosniff", X-XSS-Protection:"0", Cache-Control:"no-cache, no-store, max-age=0, must-revalidate", Pragma:"no-cache", Expires:"0", X-Frame-Options:"DENY"]
     Content type = application/json
             Body = {"firstName":"FNAPI","lastName":"SURAOT","city":"TOWN1099","telephone":"+61400001100","pets":[],"address":"1098 TEST STREET","addressLine1":null,"addressLine2":null,"ageBand":null,"birthDate":null,"bulkSignupWarning":false,"capacityWarning":false,"contactPreference":"EMAIL","deleted":false,"displayName":"SURAOT, FNAPI","email":"OWNER1102@EXAMPLE.TEST","fiscalYear":"FY27","householdId":"538ac814483f","id":264,"identityKey":"8b05dd7349e27601de7d21de65936e92448d67f16c2e67eb9121979a61539c70","initials":"F.S.","locality":"NSW","memberId":"NSW279509022E0","membershipLevel":2,"membershipPoints":5,"namesakeCount":0,"ownerSegment":"STANDARD_METRO","possibleDuplicate":false,"possibleDuplicateOf":null,"postcode":"2000","registrationDate":"2026-09-07","salutation":"Suraot","selfLink":"/api/owners/264","sharesHousehold":null,"telephoneDisplay":"+61 400 001 100","timezone":"Australia/Sydney","title":null}
    Forwarded URL = null
   Redirected URL = null
          Cookies = []
[ERROR] Tests run: 1, Failures: 1, Errors: 0, Skipped: 0, Time elapsed: 0.036 s <<< FAILURE! -- in org.springframework.samples.petclinic.acceptance.Cp39Tests
[ERROR] org.springframework.samples.petclinic.acceptance.Cp39Tests.coreNewOwnerCappedBelowFour -- Time elapsed: 0.029 s <<< FAILURE!
java.lang.AssertionError: JSON path "$.membershipLevel" expected:<3> but was:<2>
	at org.springframework.test.util.AssertionErrors.fail(AssertionErrors.java:62)
	at org.springframework.test.util.AssertionErrors.assertEquals(AssertionErrors.java:129)
	at org.springframework.test.util.JsonPathExpectationsHelper.assertValue(JsonPathExpectationsHelper.java:172)
	at org.springframework.test.web.servlet.result.JsonPathResultMatchers.lambda$value$2(JsonPathResultMatchers.java:111)
	at org.springframework.test.web.servlet.MockMvc$1.andExpect(MockMvc.java:212)
	at org.springframework.samples.petclinic.acceptance.Cp39Tests.coreNewOwnerCappedBelowFour(Cp39Tests.java:28)

INFO  AnnotationConfigContextLoaderUtils - Could not detect default configuration classes for test class [org.springframework.samples.petclinic.acceptance.Cp34Tests]: Cp34Tests does not declare any static, non-private, non-final, nested classes annotated with @Configuration.
INFO  SpringBootTestContextBootstrapper - Found @SpringBootConfiguration org.springframework.samples.petclinic.PetClinicApplication for test class org.springframework.samples.petclinic.acceptance.Cp34Tests
INFO  AnnotationConfigContextLoaderUtils - Could not detect default configuration classes for test class [org.springframework.samples.petclinic.acceptance.Cp34Tests]: Cp34Tests does not declare any static, non-private, non-final, nested classes annotated with @Configuration.
INFO  AnnotationConfigContextLoaderUtils - Could not detect default configuration classes for test class [org.springframework.samples.petclinic.acceptance.AcceptanceBase]: AcceptanceBase does not declare any static, non-private, non-final, nested classes annotated with @Configuration.
INFO  SpringBootTestContextBootstrapper - Found @SpringBootConfiguration org.springframework.samples.petclinic.PetClinicApplication for test class org.springframework.samples.petclinic.acceptance.Cp34Tests
INFO  AUDIT - owner created id=265 memberId=UNKNOWN27D11B7DA45 registrationDate=2026-09-07 membershipLevel=1
INFO  AUDIT - {"seq":255,"ownerId":265,"memberId":"UNKNOWN27D11B7DA45","membershipLevel":1,"event":"OWNER_CREATED"}
INFO  AnnotationConfigContextLoaderUtils - Could not detect default configuration classes for test class [org.springframework.samples.petclinic.acceptance.Cp04Tests]: Cp04Tests does not declare any static, non-private, non-final, nested classes annotated with @Configuration.
INFO  SpringBootTestContextBootstrapper - Found @SpringBootConfiguration org.springframework.samples.petclinic.PetClinicApplication for test class org.springframework.samples.petclinic.acceptance.Cp04Tests
INFO  AnnotationConfigContextLoaderUtils - Could not detect default configuration classes for test class [org.springframework.samples.petclinic.acceptance.Cp04Tests]: Cp04Tests does not declare any static, non-private, non-final, nested classes annotated with @Configuration.
INFO  AnnotationConfigContextLoaderUtils - Could not detect default configuration classes for test class [org.springframework.samples.petclinic.acceptance.AcceptanceBase]: AcceptanceBase does not declare any static, non-private, non-final, nested classes annotated with @Configuration.
INFO  SpringBootTestContextBootstrapper - Found @SpringBootConfiguration org.springframework.samples.petclinic.PetClinicApplication for test class org.springframework.samples.petclinic.acceptance.Cp04Tests
DEBUG ExceptionControllerAdvice - Validation error at POST /api/owners: [Field error in object 'ownerFieldsDto' on field 'email': rejected value [not-an-email]; codes [Email.ownerFieldsDto.email,Email.email,Email.java.lang.String,Email]; arguments [org.springframework.context.support.DefaultMessageSourceResolvable: codes [ownerFieldsDto.email,email]; arguments []; default message [email],[Ljakarta.validation.constraints.Pattern$Flag;@4ecebaad,.*]; default message [must be a well-formed email address]]
INFO  AUDIT - owner created id=266 memberId=UNKNOWN27C6081A3E2 registrationDate=2026-09-07 membershipLevel=1
INFO  AUDIT - {"seq":256,"ownerId":266,"memberId":"UNKNOWN27C6081A3E2","membershipLevel":1,"event":"OWNER_CREATED"}
INFO  AUDIT - owner created id=267 memberId=UNKNOWN27067399C72 registrationDate=2026-09-07 membershipLevel=2
INFO  AUDIT - {"seq":257,"ownerId":267,"memberId":"UNKNOWN27067399C72","membershipLevel":2,"event":"OWNER_CREATED"}

MockHttpServletRequest:
      HTTP Method = POST
      Request URI = /api/owners
       Parameters = {}
          Headers = [Content-Type:"application/json;charset=UTF-8", Content-Length:"144"]
             Body = {"firstName":"Test","lastName":"Surapw","address":"1116 Test Street","city":"Town1117","telephone":"0400001118","email":"Test.User@Example.COM"}
    Session Attrs = {SPRING_SECURITY_CONTEXT=SecurityContextImpl [Authentication=UsernamePasswordAuthenticationToken [Principal=org.springframework.security.core.userdetails.User [Username=acceptance-admin, Password=[PROTECTED], Enabled=true, AccountNonExpired=true, CredentialsNonExpired=true, AccountNonLocked=true, Granted Authorities=[ROLE_ADMIN, ROLE_OWNER_ADMIN, ROLE_VET_ADMIN]], Credentials=[PROTECTED], Authenticated=true, Details=null, Granted Authorities=[ROLE_ADMIN, ROLE_OWNER_ADMIN, ROLE_VET_ADMIN]]]}

Handler:
             Type = org.springframework.samples.petclinic.rest.controller.v1.OwnerRestControllerV1
           Method = org.springframework.samples.petclinic.rest.controller.v1.OwnerRestControllerV1#addOwner(OwnerFieldsDto)

Async:
    Async started = false
     Async result = null

Resolved Exception:
             Type = null

ModelAndView:
        View name = null
             View = null
            Model = null

FlashMap:
       Attributes = null

MockHttpServletResponse:
           Status = 201
    Error message = null
          Headers = [Vary:"Origin", "Access-Control-Request-Method", "Access-Control-Request-Headers", Location:"/api/owners/267", Content-Type:"application/json", X-Content-Type-Options:"nosniff", X-XSS-Protection:"0", Cache-Control:"no-cache, no-store, max-age=0, must-revalidate", Pragma:"no-cache", Expires:"0", X-Frame-Options:"DENY"]
     Content type = application/json
             Body = {"firstName":"TEST","lastName":"SURAPW","city":"TOWN1117","telephone":"+61400001118","pets":[],"address":"1116 TEST STREET","addressLine1":null,"addressLine2":null,"ageBand":null,"birthDate":null,"bulkSignupWarning":false,"capacityWarning":false,"contactPreference":"EMAIL","deleted":false,"displayName":"SURAPW, TEST","email":"TEST.USER@EXAMPLE.COM","fiscalYear":"FY27","householdId":"7e4c3423852a","id":267,"identityKey":"315bd1a65d78a55fa200be75e50e76cfe6e4005f9515f2912864342e4509b919","initials":"T.S.","locality":"UNKNOWN","memberId":"UNKNOWN27067399C72","membershipLevel":2,"membershipPoints":3,"namesakeCount":0,"ownerSegment":"STANDARD_REGIONAL","possibleDuplicate":false,"possibleDuplicateOf":null,"postcode":null,"registrationDate":"2026-09-07","salutation":"Surapw","selfLink":"/api/owners/267","sharesHousehold":null,"telephoneDisplay":"+61 400 001 118","timezone":null,"title":null}
    Forwarded URL = null
   Redirected URL = /api/owners/267
          Cookies = []

MockHttpServletRequest:
      HTTP Method = GET
      Request URI = /api/owners/267
       Parameters = {}
          Headers = []
             Body = null
    Session Attrs = {SPRING_SECURITY_CONTEXT=SecurityContextImpl [Authentication=UsernamePasswordAuthenticationToken [Principal=org.springframework.security.core.userdetails.User [Username=acceptance-admin, Password=[PROTECTED], Enabled=true, AccountNonExpired=true, CredentialsNonExpired=true, AccountNonLocked=true, Granted Authorities=[ROLE_ADMIN, ROLE_OWNER_ADMIN, ROLE_VET_ADMIN]], Credentials=[PROTECTED], Authenticated=true, Details=null, Granted Authorities=[ROLE_ADMIN, ROLE_OWNER_ADMIN, ROLE_VET_ADMIN]]]}

Handler:
             Type = org.springframework.samples.petclinic.rest.controller.v1.OwnerRestControllerV1
           Method = org.springframework.samples.petclinic.rest.controller.v1.OwnerRestControllerV1#getOwner(Integer)

Async:
    Async started = false
     Async result = null

Resolved Exception:
             Type = null

ModelAndView:
        View name = null
             View = null
            Model = null

FlashMap:
       Attributes = null

MockHttpServletResponse:
           Status = 200
    Error message = null
          Headers = [Vary:"Origin", "Access-Control-Request-Method", "Access-Control-Request-Headers", Content-Type:"application/json", X-Content-Type-Options:"nosniff", X-XSS-Protection:"0", Cache-Control:"no-cache, no-store, max-age=0, must-revalidate", Pragma:"no-cache", Expires:"0", X-Frame-Options:"DENY"]
     Content type = application/json
             Body = {"firstName":"TEST","lastName":"SURAPW","city":"TOWN1117","telephone":"+61400001118","pets":[],"address":"1116 TEST STREET","addressLine1":null,"addressLine2":null,"ageBand":null,"birthDate":null,"bulkSignupWarning":false,"capacityWarning":false,"contactPreference":"EMAIL","deleted":false,"displayName":"SURAPW, TEST","email":"TEST.USER@EXAMPLE.COM","fiscalYear":"FY27","householdId":"7e4c3423852a","id":267,"identityKey":"315bd1a65d78a55fa200be75e50e76cfe6e4005f9515f2912864342e4509b919","initials":"T.S.","locality":"UNKNOWN","memberId":"UNKNOWN27067399C72","membershipLevel":2,"membershipPoints":3,"namesakeCount":0,"ownerSegment":"STANDARD_REGIONAL","possibleDuplicate":false,"possibleDuplicateOf":null,"postcode":null,"registrationDate":"2026-09-07","salutation":"Surapw","selfLink":"/api/owners/267","sharesHousehold":null,"telephoneDisplay":"+61 400 001 118","timezone":null,"title":null}
    Forwarded URL = null
   Redirected URL = null
          Cookies = []
[ERROR] Tests run: 3, Failures: 1, Errors: 0, Skipped: 0, Time elapsed: 0.040 s <<< FAILURE! -- in org.springframework.samples.petclinic.acceptance.Cp04Tests
[ERROR] org.springframework.samples.petclinic.acceptance.Cp04Tests.coreLowercasesEmail -- Time elapsed: 0.014 s <<< FAILURE!
java.lang.AssertionError: JSON path "$.email" expected:<test.user@example.com> but was:<TEST.USER@EXAMPLE.COM>
	at org.springframework.test.util.AssertionErrors.fail(AssertionErrors.java:62)
	at org.springframework.test.util.AssertionErrors.assertEquals(AssertionErrors.java:129)
	at org.springframework.test.util.JsonPathExpectationsHelper.assertValue(JsonPathExpectationsHelper.java:172)
	at org.springframework.test.web.servlet.result.JsonPathResultMatchers.lambda$value$2(JsonPathResultMatchers.java:111)
	at org.springframework.test.web.servlet.MockMvc$1.andExpect(MockMvc.java:212)
	at org.springframework.samples.petclinic.acceptance.Cp04Tests.coreLowercasesEmail(Cp04Tests.java:18)

INFO  AnnotationConfigContextLoaderUtils - Could not detect default configuration classes for test class [org.springframework.samples.petclinic.acceptance.Cp16Tests]: Cp16Tests does not declare any static, non-private, non-final, nested classes annotated with @Configuration.
INFO  SpringBootTestContextBootstrapper - Found @SpringBootConfiguration org.springframework.samples.petclinic.PetClinicApplication for test class org.springframework.samples.petclinic.acceptance.Cp16Tests
INFO  AnnotationConfigContextLoaderUtils - Could not detect default configuration classes for test class [org.springframework.samples.petclinic.acceptance.Cp16Tests]: Cp16Tests does not declare any static, non-private, non-final, nested classes annotated with @Configuration.
INFO  AnnotationConfigContextLoaderUtils - Could not detect default configuration classes for test class [org.springframework.samples.petclinic.acceptance.AcceptanceBase]: AcceptanceBase does not declare any static, non-private, non-final, nested classes annotated with @Configuration.
INFO  SpringBootTestContextBootstrapper - Found @SpringBootConfiguration org.springframework.samples.petclinic.PetClinicApplication for test class org.springframework.samples.petclinic.acceptance.Cp16Tests
INFO  AUDIT - owner created id=268 memberId=NSW27DA068FFB6 registrationDate=2026-09-07 membershipLevel=1
INFO  AUDIT - {"seq":258,"ownerId":268,"memberId":"NSW27DA068FFB6","membershipLevel":1,"event":"OWNER_CREATED"}
INFO  AnnotationConfigContextLoaderUtils - Could not detect default configuration classes for test class [org.springframework.samples.petclinic.acceptance.Cp43Tests]: Cp43Tests does not declare any static, non-private, non-final, nested classes annotated with @Configuration.
INFO  SpringBootTestContextBootstrapper - Found @SpringBootConfiguration org.springframework.samples.petclinic.PetClinicApplication for test class org.springframework.samples.petclinic.acceptance.Cp43Tests
INFO  AnnotationConfigContextLoaderUtils - Could not detect default configuration classes for test class [org.springframework.samples.petclinic.acceptance.Cp43Tests]: Cp43Tests does not declare any static, non-private, non-final, nested classes annotated with @Configuration.
INFO  AnnotationConfigContextLoaderUtils - Could not detect default configuration classes for test class [org.springframework.samples.petclinic.acceptance.AcceptanceBase]: AcceptanceBase does not declare any static, non-private, non-final, nested classes annotated with @Configuration.
INFO  SpringBootTestContextBootstrapper - Found @SpringBootConfiguration org.springframework.samples.petclinic.PetClinicApplication for test class org.springframework.samples.petclinic.acceptance.Cp43Tests
INFO  AUDIT - owner created id=269 memberId=NSW27894680CD1 registrationDate=2026-09-07 membershipLevel=2
INFO  AUDIT - {"seq":259,"ownerId":269,"memberId":"NSW27894680CD1","membershipLevel":2,"event":"OWNER_CREATED"}
[ERROR] Failures: 
[ERROR]   Cp04Tests.coreLowercasesEmail:18 JSON path "$.email" expected:<test.user@example.com> but was:<TEST.USER@EXAMPLE.COM>
[ERROR]   Cp05Tests.coreComputesDisplayName:18 JSON path "$.displayName" expected:<Surabi, John> but was:<SURABI, JOHN>
[ERROR]   Cp23Tests.coreHouseholdAddsPoints:29 JSON path "$.membershipLevel" expected:<3> but was:<2>
[ERROR]   Cp39Tests.coreNewOwnerCappedBelowFour:28 JSON path "$.membershipLevel" expected:<3> but was:<2>
[ERROR] Tests run: 68, Failures: 4, Errors: 0, Skipped: 0
[ERROR] Failed to execute goal org.apache.maven.plugins:maven-surefire-plugin:3.5.6:test (default-test) on project spring-petclinic-rest: There are test failures.
[ERROR] 
[ERROR] See /home/daniel/sandbox/target/surefire-reports for the individual test results.
[ERROR] See dump files (if any exist) [date].dump, [date]-jvmRun[N].dump and [date].dumpstream.
[ERROR] -> [Help 1]
[ERROR] 
[ERROR] To see the full stack trace of the errors, re-run Maven with the -e switch.
[ERROR] Re-run Maven using the -X switch to enable full debug logging.
[ERROR] 
[ERROR] For more information about the errors and possible solutions, please read the following articles:
[ERROR] [Help 1] http://cwiki.apache.org/confluence/display/MAVEN/MojoFailureException
OpenJDK 64-Bit Server VM warning: Sharing is only supported for boot loader classes because bootstrap classpath has been appended
