$ ./mvnw -q -B -DskipTests test-compile
############################################################################################
# Thanks for using OpenAPI Generator.                                                      #
# We appreciate your support! Please consider donation to help us maintain this project.   #
# https://opencollective.com/openapi_generator/donate                                      #
############################################################################################

$ ./mvnw -q -B -Dgroups=cp01,cp02,cp03,cp04,cp05,cp06,cp07,cp08,cp09,cp10,cp11,cp12,cp13,cp14,cp15,cp16,cp17,cp18,cp19,cp20,cp21,cp22,cp23,cp24,cp25,cp26,cp27,cp28,cp29,cp30,cp31,cp32,cp33,cp34,cp35,cp36,cp37,cp38,cp39,cp40,cp41,cp42,cp43,cp44,cp45,cp46,cp47,cp48,cp49,cp50,cp51,cp52,cp53,cp54,cp55,cp56,cp57 test
############################################################################################
# Thanks for using OpenAPI Generator.                                                      #
# We appreciate your support! Please consider donation to help us maintain this project.   #
# https://opencollective.com/openapi_generator/donate                                      #
############################################################################################
INFO  AnnotationConfigContextLoaderUtils - Could not detect default configuration classes for test class [org.springframework.samples.petclinic.acceptance.Cp12Tests]: Cp12Tests does not declare any static, non-private, non-final, nested classes annotated with @Configuration.
INFO  SpringBootTestContextBootstrapper - Found @SpringBootConfiguration org.springframework.samples.petclinic.PetClinicApplication for test class org.springframework.samples.petclinic.acceptance.Cp12Tests
INFO  AnnotationConfigContextLoaderUtils - Could not detect default configuration classes for test class [org.springframework.samples.petclinic.acceptance.Cp12Tests]: Cp12Tests does not declare any static, non-private, non-final, nested classes annotated with @Configuration.
INFO  AnnotationConfigContextLoaderUtils - Could not detect default configuration classes for test class [org.springframework.samples.petclinic.acceptance.AcceptanceBase]: AcceptanceBase does not declare any static, non-private, non-final, nested classes annotated with @Configuration.
INFO  SpringBootTestContextBootstrapper - Found @SpringBootConfiguration org.springframework.samples.petclinic.PetClinicApplication for test class org.springframework.samples.petclinic.acceptance.Cp12Tests

  .   ____          _            __ _ _
 /\\ / ___'_ __ _ _(_)_ __  __ _ \ \ \ \
( ( )\___ | '_ | '_| | '_ \/ _` | \ \ \ \
 \\/  ___)| |_)| | | | | || (_| |  ) ) ) )
  '  |____| .__|_| |_|_| |_\__, | / / / /
 =========|_|==============|___/=/_/_/_/

 :: Spring Boot ::                (v4.1.0)

INFO  Cp12Tests - Starting Cp12Tests using Java 17.0.19 with PID 1506187 (started by daniel in /home/daniel/sandbox)
DEBUG Cp12Tests - Running with Spring Boot v4.1.0, Spring v7.0.8
INFO  Cp12Tests - The following 2 profiles are active: "hsqldb", "spring-data-jpa"
INFO  Version - HV000001: Hibernate Validator 9.1.0.Final
INFO  RepositoryConfigurationDelegate - Bootstrapping Spring Data JPA repositories in DEFAULT mode.
INFO  RepositoryConfigurationDelegate - Finished Spring Data repository scanning in 64 ms. Found 7 JPA repository interfaces.
INFO  HikariDataSource - HikariPool-1 - Starting...
INFO  PoolBase - HikariPool-1 - Driver does not support get/set network timeout for connections. (feature not supported)
INFO  HikariPool - HikariPool-1 - Added connection org.hsqldb.jdbc.JDBCConnection@2dbdd3f2
INFO  HikariDataSource - HikariPool-1 - Start completed.
INFO  jpa - HHH008540: Processing PersistenceUnitInfo [name: default]
INFO  core - HHH000001: Hibernate ORM core version 7.4.1.Final
INFO  SpringPersistenceUnitInfo - No LoadTimeWeaver setup: ignoring JPA class transformer
INFO  pooling - HHH10001005: Database info:
	Database JDBC URL [jdbc:hsqldb:mem:petclinic]
	Database driver: HSQL Database Engine Driver
	Database dialect: HSQLDialect
	Database version: 2.7.3
	Default catalog/schema: PUBLIC/PUBLIC
	Autocommit mode: undefined/unknown
	Isolation level: READ_COMMITTED [default READ_COMMITTED]
	JDBC fetch size: none
	Pool: DataSourceConnectionProvider
	Minimum pool size: undefined/unknown
	Maximum pool size: undefined/unknown
INFO  core - HHH000489: No JTA platform available (set 'hibernate.transaction.jta.platform' to enable JTA platform integration)
INFO  LocalContainerEntityManagerFactoryBean - Initialized JPA EntityManagerFactory for persistence unit 'default'
WARN  InitializeUserDetailsBeanManagerConfigurer$InitializeUserDetailsManagerConfigurer - Global AuthenticationManager configured with an AuthenticationProvider bean. UserDetailsService beans will not be used by Spring Security for automatically configuring username/password login. Consider removing the AuthenticationProvider bean. Alternatively, consider using the UserDetailsService in a manually instantiated DaoAuthenticationProvider. If the current configuration is intentional, to turn off this warning, increase the logging level of 'org.springframework.security.config.annotation.authentication.configuration.InitializeUserDetailsBeanManagerConfigurer' to ERROR
INFO  QueryEnhancerFactories - Hibernate is in classpath; If applicable, HQL parser will be used.
INFO  OFFICE - Loading REST endpoints:
INFO  OFFICE -   GET /
INFO  OFFICE -   GET /api/pets
INFO  OFFICE -   GET /api/vets
INFO  OFFICE -   POST /api/vets
INFO  OFFICE -   POST /api/users
INFO  OFFICE -   GET /api/owners
INFO  OFFICE -   POST /api/owners
INFO  OFFICE -   GET /api/visits
INFO  OFFICE -   POST /api/visits
INFO  OFFICE -   GET /api/v2/pets
INFO  OFFICE -   GET /api/pettypes
INFO  OFFICE -   POST /api/pettypes
INFO  OFFICE -   GET /api/v2/owners
INFO  OFFICE -   GET /api/specialties
INFO  OFFICE -   POST /api/specialties
INFO  OFFICE -   DELETE /api/pets/{petId}
INFO  OFFICE -   GET /api/pets/{petId}
INFO  OFFICE -   PUT /api/pets/{petId}
INFO  OFFICE -   DELETE /api/vets/{vetId}
INFO  OFFICE -   GET /api/vets/{vetId}
INFO  OFFICE -   PUT /api/vets/{vetId}
INFO  OFFICE -   DELETE /api/owners/{ownerId}
INFO  OFFICE -   GET /api/owners/{ownerId}
INFO  OFFICE -   PUT /api/owners/{ownerId}
INFO  OFFICE -   DELETE /api/visits/{visitId}
INFO  OFFICE -   GET /api/visits/{visitId}
INFO  OFFICE -   PUT /api/visits/{visitId}
INFO  OFFICE -   DELETE /api/pettypes/{petTypeId}
INFO  OFFICE -   GET /api/pettypes/{petTypeId}
INFO  OFFICE -   PUT /api/pettypes/{petTypeId}
INFO  OFFICE -   POST /api/owners/{ownerId}/pets
INFO  OFFICE -   DELETE /api/specialties/{specialtyId}
INFO  OFFICE -   GET /api/specialties/{specialtyId}
INFO  OFFICE -   PUT /api/specialties/{specialtyId}
INFO  OFFICE -   GET /api/owners/{ownerId}/pets/{petId}
INFO  OFFICE -   PUT /api/owners/{ownerId}/pets/{petId}
INFO  OFFICE -   POST /api/owners/{ownerId}/pets/{petId}/visits
INFO  OFFICE - OfficeFloor bridging Spring Security
WARN  UserDetailsServiceAutoConfiguration - 

Using generated security password: e61b4136-e083-4e6d-8267-c1a0f98ba593

This generated password is for development use only. Your security configuration must be updated before running your application in production.

INFO  SpringBootMockServletContext - Initializing Spring TestDispatcherServlet ''
INFO  TestDispatcherServlet - Initializing Servlet ''
INFO  EndpointLinksResolver - Exposing 1 endpoint beneath base path '/actuator'
INFO  TestDispatcherServlet - Completed initialization in 17 ms
INFO  Cp12Tests - Started Cp12Tests in 14.687 seconds (process running for 17.149)
WARN  SpringDocAppInitializer - SpringDoc /v3/api-docs endpoint is enabled by default. To disable it in production, set the property 'springdoc.api-docs.enabled=false'
WARN  SpringDocAppInitializer - SpringDoc /swagger-ui.html endpoint is enabled by default. To disable it in production, set the property 'springdoc.swagger-ui.enabled=false'
INFO  AUDIT - owner created id=11 memberId=NSW2716E6609E1 registrationDate=2026-08-10 membershipLevel=1
INFO  AUDIT - {"seq":1,"ownerId":11,"customerCode":"NSW2716E6609E1","membershipLevel":1,"event":"OWNER_CREATED"}
INFO  NOTIFY - welcome owner id=11 memberId=NSW2716E6609E1
INFO  AnnotationConfigContextLoaderUtils - Could not detect default configuration classes for test class [org.springframework.samples.petclinic.acceptance.Cp14Tests]: Cp14Tests does not declare any static, non-private, non-final, nested classes annotated with @Configuration.
INFO  SpringBootTestContextBootstrapper - Found @SpringBootConfiguration org.springframework.samples.petclinic.PetClinicApplication for test class org.springframework.samples.petclinic.acceptance.Cp14Tests
INFO  AnnotationConfigContextLoaderUtils - Could not detect default configuration classes for test class [org.springframework.samples.petclinic.acceptance.Cp14Tests]: Cp14Tests does not declare any static, non-private, non-final, nested classes annotated with @Configuration.
INFO  AnnotationConfigContextLoaderUtils - Could not detect default configuration classes for test class [org.springframework.samples.petclinic.acceptance.AcceptanceBase]: AcceptanceBase does not declare any static, non-private, non-final, nested classes annotated with @Configuration.
INFO  SpringBootTestContextBootstrapper - Found @SpringBootConfiguration org.springframework.samples.petclinic.PetClinicApplication for test class org.springframework.samples.petclinic.acceptance.Cp14Tests
INFO  AUDIT - owner created id=12 memberId=NSW27F36D6C061 registrationDate=2026-08-10 membershipLevel=1
INFO  AUDIT - {"seq":2,"ownerId":12,"customerCode":"NSW27F36D6C061","membershipLevel":1,"event":"OWNER_CREATED"}
INFO  NOTIFY - welcome owner id=12 memberId=NSW27F36D6C061
INFO  AnnotationConfigContextLoaderUtils - Could not detect default configuration classes for test class [org.springframework.samples.petclinic.acceptance.Cp53Tests]: Cp53Tests does not declare any static, non-private, non-final, nested classes annotated with @Configuration.
INFO  SpringBootTestContextBootstrapper - Found @SpringBootConfiguration org.springframework.samples.petclinic.PetClinicApplication for test class org.springframework.samples.petclinic.acceptance.Cp53Tests
INFO  AnnotationConfigContextLoaderUtils - Could not detect default configuration classes for test class [org.springframework.samples.petclinic.acceptance.Cp53Tests]: Cp53Tests does not declare any static, non-private, non-final, nested classes annotated with @Configuration.
INFO  AnnotationConfigContextLoaderUtils - Could not detect default configuration classes for test class [org.springframework.samples.petclinic.acceptance.AcceptanceBase]: AcceptanceBase does not declare any static, non-private, non-final, nested classes annotated with @Configuration.
INFO  SpringBootTestContextBootstrapper - Found @SpringBootConfiguration org.springframework.samples.petclinic.PetClinicApplication for test class org.springframework.samples.petclinic.acceptance.Cp53Tests
INFO  AUDIT - owner created id=13 memberId=NSW278912D1908 registrationDate=2026-08-10 membershipLevel=1
INFO  AUDIT - {"seq":3,"ownerId":13,"customerCode":"NSW278912D1908","membershipLevel":1,"event":"OWNER_CREATED"}
INFO  NOTIFY - welcome owner id=13 memberId=NSW278912D1908
INFO  AnnotationConfigContextLoaderUtils - Could not detect default configuration classes for test class [org.springframework.samples.petclinic.acceptance.Cp39Tests]: Cp39Tests does not declare any static, non-private, non-final, nested classes annotated with @Configuration.
INFO  SpringBootTestContextBootstrapper - Found @SpringBootConfiguration org.springframework.samples.petclinic.PetClinicApplication for test class org.springframework.samples.petclinic.acceptance.Cp39Tests
INFO  AnnotationConfigContextLoaderUtils - Could not detect default configuration classes for test class [org.springframework.samples.petclinic.acceptance.Cp39Tests]: Cp39Tests does not declare any static, non-private, non-final, nested classes annotated with @Configuration.
INFO  AnnotationConfigContextLoaderUtils - Could not detect default configuration classes for test class [org.springframework.samples.petclinic.acceptance.AcceptanceBase]: AcceptanceBase does not declare any static, non-private, non-final, nested classes annotated with @Configuration.
INFO  SpringBootTestContextBootstrapper - Found @SpringBootConfiguration org.springframework.samples.petclinic.PetClinicApplication for test class org.springframework.samples.petclinic.acceptance.Cp39Tests
INFO  AUDIT - owner created id=14 memberId=NSW27F41BAD163 registrationDate=2026-08-10 membershipLevel=1
INFO  AUDIT - {"seq":4,"ownerId":14,"customerCode":"NSW27F41BAD163","membershipLevel":1,"event":"OWNER_CREATED"}
INFO  NOTIFY - welcome owner id=14 memberId=NSW27F41BAD163
INFO  AUDIT - owner created id=15 memberId=NSW27D418BC3E3 registrationDate=2026-08-10 membershipLevel=1
INFO  AUDIT - {"seq":5,"ownerId":15,"customerCode":"NSW27D418BC3E3","membershipLevel":1,"event":"OWNER_CREATED"}
INFO  NOTIFY - welcome owner id=15 memberId=NSW27D418BC3E3
INFO  AUDIT - owner created id=16 memberId=NSW278163F7265 registrationDate=2026-08-10 membershipLevel=2
INFO  AUDIT - {"seq":6,"ownerId":16,"customerCode":"NSW278163F7265","membershipLevel":2,"event":"OWNER_CREATED"}
INFO  NOTIFY - welcome owner id=16 memberId=NSW278163F7265

MockHttpServletRequest:
      HTTP Method = POST
      Request URI = /api/owners
       Parameters = {}
          Headers = [Content-Type:"application/json;charset=UTF-8", Content-Length:"146"]
             Body = {"firstName":"Fns","lastName":"Surn","address":"16 Test Street","city":"Town17","telephone":"0400000018","postcode":"2000","sharesHousehold":true}
    Session Attrs = {SPRING_SECURITY_CONTEXT=SecurityContextImpl [Authentication=UsernamePasswordAuthenticationToken [Principal=org.springframework.security.core.userdetails.User [Username=acceptance-admin, Password=[PROTECTED], Enabled=true, AccountNonExpired=true, CredentialsNonExpired=true, AccountNonLocked=true, Granted Authorities=[ROLE_ADMIN, ROLE_OWNER_ADMIN, ROLE_VET_ADMIN]], Credentials=[PROTECTED], Authenticated=true, Details=null, Granted Authorities=[ROLE_ADMIN, ROLE_OWNER_ADMIN, ROLE_VET_ADMIN]]]}

Handler:
             Type = org.springframework.web.servlet.resource.ResourceHttpRequestHandler

Async:
    Async started = false
     Async result = null

Resolved Exception:
             Type = null

ModelAndView:
        View name = null
             View = null
            Model = null

FlashMap:
       Attributes = null

MockHttpServletResponse:
           Status = 201
    Error message = null
          Headers = [Location:"/api/owners/14", Content-Type:"application/json", X-Content-Type-Options:"nosniff", X-XSS-Protection:"0", Cache-Control:"no-cache, no-store, max-age=0, must-revalidate", Pragma:"no-cache", Expires:"0", X-Frame-Options:"DENY"]
     Content type = application/json
             Body = {"firstName":"Fns","lastName":"Surn","city":"Town17","telephone":"+61400000018","pets":[],"address":"16 TEST STREET","addressLine1":null,"addressLine2":null,"ageBand":null,"birthDate":null,"bulkSignupWarning":false,"capacityWarning":false,"contactPreference":"PHONE","deleted":false,"displayName":"Surn, Fns","email":null,"fiscalYear":"FY27","householdId":"5A1B85A33EF2","id":14,"identityKey":"3cf96cd038c545408fa19bd9a40df81970a5e9f3aa91da3dcd82c447a8c485fe","initials":"F.S.","locality":"NSW","memberId":"NSW27F41BAD163","membershipLevel":1,"membershipPoints":1,"namesakeCount":0,"ownerSegment":"STANDARD_METRO","possibleDuplicate":false,"possibleDuplicateOf":null,"postcode":"2000","registrationDate":"2026-08-10","salutation":"Surn","selfLink":"/api/owners/14","sharesHousehold":false,"telephoneDisplay":"+61 400 000 018","timezone":"Australia/Sydney","title":null}
    Forwarded URL = null
   Redirected URL = /api/owners/14
          Cookies = []

MockHttpServletRequest:
      HTTP Method = POST
      Request URI = /api/owners
       Parameters = {}
          Headers = [Content-Type:"application/json;charset=UTF-8", Content-Length:"146"]
             Body = {"firstName":"Fnx","lastName":"Surn","address":"21 Test Street","city":"Town22","telephone":"0400000023","postcode":"2000","sharesHousehold":true}
    Session Attrs = {SPRING_SECURITY_CONTEXT=SecurityContextImpl [Authentication=UsernamePasswordAuthenticationToken [Principal=org.springframework.security.core.userdetails.User [Username=acceptance-admin, Password=[PROTECTED], Enabled=true, AccountNonExpired=true, CredentialsNonExpired=true, AccountNonLocked=true, Granted Authorities=[ROLE_ADMIN, ROLE_OWNER_ADMIN, ROLE_VET_ADMIN]], Credentials=[PROTECTED], Authenticated=true, Details=null, Granted Authorities=[ROLE_ADMIN, ROLE_OWNER_ADMIN, ROLE_VET_ADMIN]]]}

Handler:
             Type = org.springframework.web.servlet.resource.ResourceHttpRequestHandler

Async:
    Async started = false
     Async result = null

Resolved Exception:
             Type = null

ModelAndView:
        View name = null
             View = null
            Model = null

FlashMap:
       Attributes = null

MockHttpServletResponse:
           Status = 201
    Error message = null
          Headers = [Location:"/api/owners/15", Content-Type:"application/json", X-Content-Type-Options:"nosniff", X-XSS-Protection:"0", Cache-Control:"no-cache, no-store, max-age=0, must-revalidate", Pragma:"no-cache", Expires:"0", X-Frame-Options:"DENY"]
     Content type = application/json
             Body = {"firstName":"Fnx","lastName":"Surn","city":"Town22","telephone":"+61400000023","pets":[],"address":"21 TEST STREET","addressLine1":null,"addressLine2":null,"ageBand":null,"birthDate":null,"bulkSignupWarning":false,"capacityWarning":false,"contactPreference":"PHONE","deleted":false,"displayName":"Surn, Fnx","email":null,"fiscalYear":"FY27","householdId":"5A1B85A33EF2","id":15,"identityKey":"fcc6eecc23a058b9683303ea79dfc7ccb48d6af28f44a66a162b594f4b09423a","initials":"F.S.","locality":"NSW","memberId":"NSW27D418BC3E3","membershipLevel":1,"membershipPoints":1,"namesakeCount":0,"ownerSegment":"STANDARD_METRO","possibleDuplicate":false,"possibleDuplicateOf":null,"postcode":"2000","registrationDate":"2026-08-10","salutation":"Surn","selfLink":"/api/owners/15","sharesHousehold":false,"telephoneDisplay":"+61 400 000 023","timezone":"Australia/Sydney","title":null}
    Forwarded URL = null
   Redirected URL = /api/owners/15
          Cookies = []

MockHttpServletRequest:
      HTTP Method = POST
      Request URI = /api/owners
       Parameters = {}
          Headers = [Content-Type:"application/json;charset=UTF-8", Content-Length:"178"]
             Body = {"firstName":"Fnac","lastName":"Surn","address":"26 Test Street","city":"Town27","telephone":"0400000028","postcode":"2000","sharesHousehold":true,"email":"owner30@example.test"}
    Session Attrs = {SPRING_SECURITY_CONTEXT=SecurityContextImpl [Authentication=UsernamePasswordAuthenticationToken [Principal=org.springframework.security.core.userdetails.User [Username=acceptance-admin, Password=[PROTECTED], Enabled=true, AccountNonExpired=true, CredentialsNonExpired=true, AccountNonLocked=true, Granted Authorities=[ROLE_ADMIN, ROLE_OWNER_ADMIN, ROLE_VET_ADMIN]], Credentials=[PROTECTED], Authenticated=true, Details=null, Granted Authorities=[ROLE_ADMIN, ROLE_OWNER_ADMIN, ROLE_VET_ADMIN]]]}

Handler:
             Type = org.springframework.web.servlet.resource.ResourceHttpRequestHandler

Async:
    Async started = false
     Async result = null

Resolved Exception:
             Type = null

ModelAndView:
        View name = null
             View = null
            Model = null

FlashMap:
       Attributes = null

MockHttpServletResponse:
           Status = 201
    Error message = null
          Headers = [Location:"/api/owners/16", Content-Type:"application/json", X-Content-Type-Options:"nosniff", X-XSS-Protection:"0", Cache-Control:"no-cache, no-store, max-age=0, must-revalidate", Pragma:"no-cache", Expires:"0", X-Frame-Options:"DENY"]
     Content type = application/json
             Body = {"firstName":"Fnac","lastName":"Surn","city":"Town27","telephone":"+61400000028","pets":[],"address":"26 TEST STREET","addressLine1":null,"addressLine2":null,"ageBand":null,"birthDate":null,"bulkSignupWarning":false,"capacityWarning":false,"contactPreference":"EMAIL","deleted":false,"displayName":"Surn, Fnac","email":"owner30@example.test","fiscalYear":"FY27","householdId":"5A1B85A33EF2","id":16,"identityKey":"69c6eed3d3dada5b8f5ad3b629624ab609befe187ce9d4e341207559369448e2","initials":"F.S.","locality":"NSW","memberId":"NSW278163F7265","membershipLevel":2,"membershipPoints":5,"namesakeCount":0,"ownerSegment":"STANDARD_METRO","possibleDuplicate":false,"possibleDuplicateOf":null,"postcode":"2000","registrationDate":"2026-08-10","salutation":"Surn","selfLink":"/api/owners/16","sharesHousehold":false,"telephoneDisplay":"+61 400 000 028","timezone":"Australia/Sydney","title":null}
    Forwarded URL = null
   Redirected URL = /api/owners/16
          Cookies = []

MockHttpServletRequest:
      HTTP Method = GET
      Request URI = /api/owners/16
       Parameters = {}
          Headers = []
             Body = null
    Session Attrs = {SPRING_SECURITY_CONTEXT=SecurityContextImpl [Authentication=UsernamePasswordAuthenticationToken [Principal=org.springframework.security.core.userdetails.User [Username=acceptance-admin, Password=[PROTECTED], Enabled=true, AccountNonExpired=true, CredentialsNonExpired=true, AccountNonLocked=true, Granted Authorities=[ROLE_ADMIN, ROLE_OWNER_ADMIN, ROLE_VET_ADMIN]], Credentials=[PROTECTED], Authenticated=true, Details=null, Granted Authorities=[ROLE_ADMIN, ROLE_OWNER_ADMIN, ROLE_VET_ADMIN]]]}

Handler:
             Type = org.springframework.web.servlet.resource.ResourceHttpRequestHandler

Async:
    Async started = false
     Async result = null

Resolved Exception:
             Type = null

ModelAndView:
        View name = null
             View = null
            Model = null

FlashMap:
       Attributes = null

MockHttpServletResponse:
           Status = 200
    Error message = null
          Headers = [Content-Type:"application/json", X-Content-Type-Options:"nosniff", X-XSS-Protection:"0", Cache-Control:"no-cache, no-store, max-age=0, must-revalidate", Pragma:"no-cache", Expires:"0", X-Frame-Options:"DENY"]
     Content type = application/json
             Body = {"firstName":"Fnac","lastName":"Surn","city":"Town27","telephone":"+61400000028","pets":[],"address":"26 TEST STREET","addressLine1":null,"addressLine2":null,"ageBand":null,"birthDate":null,"bulkSignupWarning":false,"capacityWarning":false,"contactPreference":"EMAIL","deleted":false,"displayName":"Surn, Fnac","email":"owner30@example.test","fiscalYear":"FY27","householdId":"5A1B85A33EF2","id":16,"identityKey":"69c6eed3d3dada5b8f5ad3b629624ab609befe187ce9d4e341207559369448e2","initials":"F.S.","locality":"NSW","memberId":"NSW278163F7265","membershipLevel":2,"membershipPoints":5,"namesakeCount":0,"ownerSegment":"STANDARD_METRO","possibleDuplicate":false,"possibleDuplicateOf":null,"postcode":"2000","registrationDate":"2026-08-10","salutation":"Surn","selfLink":"/api/owners/16","sharesHousehold":false,"telephoneDisplay":"+61 400 000 028","timezone":"Australia/Sydney","title":null}
    Forwarded URL = null
   Redirected URL = null
          Cookies = []
[ERROR] Tests run: 1, Failures: 1, Errors: 0, Skipped: 0, Time elapsed: 0.150 s <<< FAILURE! -- in org.springframework.samples.petclinic.acceptance.Cp39Tests
[ERROR] org.springframework.samples.petclinic.acceptance.Cp39Tests.coreNewOwnerCappedBelowFour -- Time elapsed: 0.139 s <<< FAILURE!
java.lang.AssertionError: JSON path "$.membershipLevel" expected:<3> but was:<2>
	at org.springframework.test.util.AssertionErrors.fail(AssertionErrors.java:62)
	at org.springframework.test.util.AssertionErrors.assertEquals(AssertionErrors.java:129)
	at org.springframework.test.util.JsonPathExpectationsHelper.assertValue(JsonPathExpectationsHelper.java:172)
	at org.springframework.test.web.servlet.result.JsonPathResultMatchers.lambda$value$2(JsonPathResultMatchers.java:111)
	at org.springframework.test.web.servlet.MockMvc$1.andExpect(MockMvc.java:212)
	at org.springframework.samples.petclinic.acceptance.Cp39Tests.coreNewOwnerCappedBelowFour(Cp39Tests.java:28)

INFO  AnnotationConfigContextLoaderUtils - Could not detect default configuration classes for test class [org.springframework.samples.petclinic.acceptance.Cp47Tests]: Cp47Tests does not declare any static, non-private, non-final, nested classes annotated with @Configuration.
INFO  SpringBootTestContextBootstrapper - Found @SpringBootConfiguration org.springframework.samples.petclinic.PetClinicApplication for test class org.springframework.samples.petclinic.acceptance.Cp47Tests
INFO  AnnotationConfigContextLoaderUtils - Could not detect default configuration classes for test class [org.springframework.samples.petclinic.acceptance.Cp47Tests]: Cp47Tests does not declare any static, non-private, non-final, nested classes annotated with @Configuration.
INFO  AnnotationConfigContextLoaderUtils - Could not detect default configuration classes for test class [org.springframework.samples.petclinic.acceptance.AcceptanceBase]: AcceptanceBase does not declare any static, non-private, non-final, nested classes annotated with @Configuration.
INFO  SpringBootTestContextBootstrapper - Found @SpringBootConfiguration org.springframework.samples.petclinic.PetClinicApplication for test class org.springframework.samples.petclinic.acceptance.Cp47Tests
INFO  AUDIT - owner created id=17 memberId=NSW27B0ED45ED4 registrationDate=2026-08-10 membershipLevel=1
INFO  AUDIT - {"seq":7,"ownerId":17,"customerCode":"NSW27B0ED45ED4","membershipLevel":1,"event":"OWNER_CREATED"}
INFO  NOTIFY - welcome owner id=17 memberId=NSW27B0ED45ED4
INFO  AnnotationConfigContextLoaderUtils - Could not detect default configuration classes for test class [org.springframework.samples.petclinic.acceptance.Cp51Tests]: Cp51Tests does not declare any static, non-private, non-final, nested classes annotated with @Configuration.
INFO  SpringBootTestContextBootstrapper - Found @SpringBootConfiguration org.springframework.samples.petclinic.PetClinicApplication for test class org.springframework.samples.petclinic.acceptance.Cp51Tests
INFO  AnnotationConfigContextLoaderUtils - Could not detect default configuration classes for test class [org.springframework.samples.petclinic.acceptance.Cp51Tests]: Cp51Tests does not declare any static, non-private, non-final, nested classes annotated with @Configuration.
INFO  AnnotationConfigContextLoaderUtils - Could not detect default configuration classes for test class [org.springframework.samples.petclinic.acceptance.AcceptanceBase]: AcceptanceBase does not declare any static, non-private, non-final, nested classes annotated with @Configuration.
INFO  SpringBootTestContextBootstrapper - Found @SpringBootConfiguration org.springframework.samples.petclinic.PetClinicApplication for test class org.springframework.samples.petclinic.acceptance.Cp51Tests
INFO  AUDIT - owner created id=18 memberId=NSW2785FACDC80 registrationDate=2026-08-10 membershipLevel=1
INFO  AUDIT - {"seq":8,"ownerId":18,"customerCode":"NSW2785FACDC80","membershipLevel":1,"event":"OWNER_CREATED"}
INFO  NOTIFY - welcome owner id=18 memberId=NSW2785FACDC80
INFO  AUDIT - owner created id=19 memberId=NSW2738DFDEE88 registrationDate=2026-08-10 membershipLevel=2
INFO  AUDIT - {"seq":9,"ownerId":19,"customerCode":"NSW2738DFDEE88","membershipLevel":2,"event":"OWNER_CREATED"}
INFO  NOTIFY - welcome owner id=19 memberId=NSW2738DFDEE88
INFO  AnnotationConfigContextLoaderUtils - Could not detect default configuration classes for test class [org.springframework.samples.petclinic.acceptance.Cp07Tests]: Cp07Tests does not declare any static, non-private, non-final, nested classes annotated with @Configuration.
INFO  SpringBootTestContextBootstrapper - Found @SpringBootConfiguration org.springframework.samples.petclinic.PetClinicApplication for test class org.springframework.samples.petclinic.acceptance.Cp07Tests
INFO  AnnotationConfigContextLoaderUtils - Could not detect default configuration classes for test class [org.springframework.samples.petclinic.acceptance.Cp07Tests]: Cp07Tests does not declare any static, non-private, non-final, nested classes annotated with @Configuration.
INFO  AnnotationConfigContextLoaderUtils - Could not detect default configuration classes for test class [org.springframework.samples.petclinic.acceptance.AcceptanceBase]: AcceptanceBase does not declare any static, non-private, non-final, nested classes annotated with @Configuration.
INFO  SpringBootTestContextBootstrapper - Found @SpringBootConfiguration org.springframework.samples.petclinic.PetClinicApplication for test class org.springframework.samples.petclinic.acceptance.Cp07Tests
INFO  AUDIT - owner created id=20 memberId=UNKNOWN26716A3E772 registrationDate=2026-01-06 membershipLevel=3
INFO  AUDIT - {"seq":10,"ownerId":20,"customerCode":"UNKNOWN26716A3E772","membershipLevel":3,"event":"OWNER_CREATED"}
INFO  NOTIFY - welcome owner id=20 memberId=UNKNOWN26716A3E772
INFO  AUDIT - owner created id=21 memberId=UNKNOWN2623CCD9A40 registrationDate=2026-01-05 membershipLevel=3
INFO  AUDIT - {"seq":11,"ownerId":21,"customerCode":"UNKNOWN2623CCD9A40","membershipLevel":3,"event":"OWNER_CREATED"}
INFO  NOTIFY - welcome owner id=21 memberId=UNKNOWN2623CCD9A40
INFO  AnnotationConfigContextLoaderUtils - Could not detect default configuration classes for test class [org.springframework.samples.petclinic.acceptance.Cp11Tests]: Cp11Tests does not declare any static, non-private, non-final, nested classes annotated with @Configuration.
INFO  SpringBootTestContextBootstrapper - Found @SpringBootConfiguration org.springframework.samples.petclinic.PetClinicApplication for test class org.springframework.samples.petclinic.acceptance.Cp11Tests
INFO  AnnotationConfigContextLoaderUtils - Could not detect default configuration classes for test class [org.springframework.samples.petclinic.acceptance.Cp11Tests]: Cp11Tests does not declare any static, non-private, non-final, nested classes annotated with @Configuration.
INFO  AnnotationConfigContextLoaderUtils - Could not detect default configuration classes for test class [org.springframework.samples.petclinic.acceptance.AcceptanceBase]: AcceptanceBase does not declare any static, non-private, non-final, nested classes annotated with @Configuration.
INFO  SpringBootTestContextBootstrapper - Found @SpringBootConfiguration org.springframework.samples.petclinic.PetClinicApplication for test class org.springframework.samples.petclinic.acceptance.Cp11Tests
INFO  AUDIT - owner created id=22 memberId=NSW27A23A2CD60 registrationDate=2026-08-10 membershipLevel=1
INFO  AUDIT - {"seq":12,"ownerId":22,"customerCode":"NSW27A23A2CD60","membershipLevel":1,"event":"OWNER_CREATED"}
INFO  NOTIFY - welcome owner id=22 memberId=NSW27A23A2CD60
INFO  AUDIT - owner created id=23 memberId=NSW27FA51A4587 registrationDate=2026-08-10 membershipLevel=1
INFO  AUDIT - {"seq":13,"ownerId":23,"customerCode":"NSW27FA51A4587","membershipLevel":1,"event":"OWNER_CREATED"}
INFO  NOTIFY - welcome owner id=23 memberId=NSW27FA51A4587
INFO  AnnotationConfigContextLoaderUtils - Could not detect default configuration classes for test class [org.springframework.samples.petclinic.acceptance.Cp41Tests]: Cp41Tests does not declare any static, non-private, non-final, nested classes annotated with @Configuration.
INFO  SpringBootTestContextBootstrapper - Found @SpringBootConfiguration org.springframework.samples.petclinic.PetClinicApplication for test class org.springframework.samples.petclinic.acceptance.Cp41Tests
INFO  AnnotationConfigContextLoaderUtils - Could not detect default configuration classes for test class [org.springframework.samples.petclinic.acceptance.Cp41Tests]: Cp41Tests does not declare any static, non-private, non-final, nested classes annotated with @Configuration.
INFO  AnnotationConfigContextLoaderUtils - Could not detect default configuration classes for test class [org.springframework.samples.petclinic.acceptance.AcceptanceBase]: AcceptanceBase does not declare any static, non-private, non-final, nested classes annotated with @Configuration.
INFO  SpringBootTestContextBootstrapper - Found @SpringBootConfiguration org.springframework.samples.petclinic.PetClinicApplication for test class org.springframework.samples.petclinic.acceptance.Cp41Tests
INFO  AUDIT - owner created id=24 memberId=NSW27D0D662BD0 registrationDate=2026-08-10 membershipLevel=1
INFO  AUDIT - {"seq":14,"ownerId":24,"customerCode":"NSW27D0D662BD0","membershipLevel":1,"event":"OWNER_CREATED"}
INFO  NOTIFY - welcome owner id=24 memberId=NSW27D0D662BD0
INFO  AUDIT - owner created id=25 memberId=NSW27DDFA68901 registrationDate=2026-08-10 membershipLevel=1
INFO  AUDIT - {"seq":15,"ownerId":25,"customerCode":"NSW27DDFA68901","membershipLevel":1,"event":"OWNER_CREATED"}
INFO  NOTIFY - welcome owner id=25 memberId=NSW27DDFA68901
INFO  AnnotationConfigContextLoaderUtils - Could not detect default configuration classes for test class [org.springframework.samples.petclinic.acceptance.Cp44Tests]: Cp44Tests does not declare any static, non-private, non-final, nested classes annotated with @Configuration.
INFO  SpringBootTestContextBootstrapper - Found @SpringBootConfiguration org.springframework.samples.petclinic.PetClinicApplication for test class org.springframework.samples.petclinic.acceptance.Cp44Tests
INFO  AnnotationConfigContextLoaderUtils - Could not detect default configuration classes for test class [org.springframework.samples.petclinic.acceptance.Cp44Tests]: Cp44Tests does not declare any static, non-private, non-final, nested classes annotated with @Configuration.
INFO  AnnotationConfigContextLoaderUtils - Could not detect default configuration classes for test class [org.springframework.samples.petclinic.acceptance.AcceptanceBase]: AcceptanceBase does not declare any static, non-private, non-final, nested classes annotated with @Configuration.
INFO  SpringBootTestContextBootstrapper - Found @SpringBootConfiguration org.springframework.samples.petclinic.PetClinicApplication for test class org.springframework.samples.petclinic.acceptance.Cp44Tests
INFO  AUDIT - owner created id=26 memberId=NSW273EE1D4558 registrationDate=2026-08-10 membershipLevel=1
INFO  AUDIT - {"seq":16,"ownerId":26,"customerCode":"NSW273EE1D4558","membershipLevel":1,"event":"OWNER_CREATED"}
INFO  NOTIFY - welcome owner id=26 memberId=NSW273EE1D4558
INFO  AUDIT - owner created id=27 memberId=UNKNOWN2766CB7B286 registrationDate=2026-08-10 membershipLevel=1
INFO  AUDIT - {"seq":17,"ownerId":27,"customerCode":"UNKNOWN2766CB7B286","membershipLevel":1,"event":"OWNER_CREATED"}
INFO  NOTIFY - welcome owner id=27 memberId=UNKNOWN2766CB7B286
INFO  AnnotationConfigContextLoaderUtils - Could not detect default configuration classes for test class [org.springframework.samples.petclinic.acceptance.Cp48Tests]: Cp48Tests does not declare any static, non-private, non-final, nested classes annotated with @Configuration.
INFO  SpringBootTestContextBootstrapper - Found @SpringBootConfiguration org.springframework.samples.petclinic.PetClinicApplication for test class org.springframework.samples.petclinic.acceptance.Cp48Tests
INFO  AnnotationConfigContextLoaderUtils - Could not detect default configuration classes for test class [org.springframework.samples.petclinic.acceptance.Cp48Tests]: Cp48Tests does not declare any static, non-private, non-final, nested classes annotated with @Configuration.
INFO  AnnotationConfigContextLoaderUtils - Could not detect default configuration classes for test class [org.springframework.samples.petclinic.acceptance.AcceptanceBase]: AcceptanceBase does not declare any static, non-private, non-final, nested classes annotated with @Configuration.
INFO  SpringBootTestContextBootstrapper - Found @SpringBootConfiguration org.springframework.samples.petclinic.PetClinicApplication for test class org.springframework.samples.petclinic.acceptance.Cp48Tests
INFO  AUDIT - owner created id=28 memberId=NSW273FE304F89 registrationDate=2026-08-10 membershipLevel=1
INFO  AUDIT - {"seq":18,"ownerId":28,"customerCode":"NSW273FE304F89","membershipLevel":1,"event":"OWNER_CREATED"}
INFO  NOTIFY - welcome owner id=28 memberId=NSW273FE304F89
INFO  AnnotationConfigContextLoaderUtils - Could not detect default configuration classes for test class [org.springframework.samples.petclinic.acceptance.Cp08Tests]: Cp08Tests does not declare any static, non-private, non-final, nested classes annotated with @Configuration.
INFO  SpringBootTestContextBootstrapper - Found @SpringBootConfiguration org.springframework.samples.petclinic.PetClinicApplication for test class org.springframework.samples.petclinic.acceptance.Cp08Tests
INFO  AnnotationConfigContextLoaderUtils - Could not detect default configuration classes for test class [org.springframework.samples.petclinic.acceptance.Cp08Tests]: Cp08Tests does not declare any static, non-private, non-final, nested classes annotated with @Configuration.
INFO  AnnotationConfigContextLoaderUtils - Could not detect default configuration classes for test class [org.springframework.samples.petclinic.acceptance.AcceptanceBase]: AcceptanceBase does not declare any static, non-private, non-final, nested classes annotated with @Configuration.
INFO  SpringBootTestContextBootstrapper - Found @SpringBootConfiguration org.springframework.samples.petclinic.PetClinicApplication for test class org.springframework.samples.petclinic.acceptance.Cp08Tests
INFO  AUDIT - owner created id=29 memberId=UNKNOWN278F68BBBC9 registrationDate=2026-08-10 membershipLevel=1
INFO  AUDIT - {"seq":19,"ownerId":29,"customerCode":"UNKNOWN278F68BBBC9","membershipLevel":1,"event":"OWNER_CREATED"}
INFO  NOTIFY - welcome owner id=29 memberId=UNKNOWN278F68BBBC9
INFO  AUDIT - owner created id=30 memberId=UNKNOWN27925E19BA7 registrationDate=2026-08-10 membershipLevel=1
INFO  AUDIT - {"seq":20,"ownerId":30,"customerCode":"UNKNOWN27925E19BA7","membershipLevel":1,"event":"OWNER_CREATED"}
INFO  NOTIFY - welcome owner id=30 memberId=UNKNOWN27925E19BA7
INFO  AnnotationConfigContextLoaderUtils - Could not detect default configuration classes for test class [org.springframework.samples.petclinic.acceptance.Cp32Tests]: Cp32Tests does not declare any static, non-private, non-final, nested classes annotated with @Configuration.
INFO  SpringBootTestContextBootstrapper - Found @SpringBootConfiguration org.springframework.samples.petclinic.PetClinicApplication for test class org.springframework.samples.petclinic.acceptance.Cp32Tests
INFO  AnnotationConfigContextLoaderUtils - Could not detect default configuration classes for test class [org.springframework.samples.petclinic.acceptance.Cp32Tests]: Cp32Tests does not declare any static, non-private, non-final, nested classes annotated with @Configuration.
INFO  AnnotationConfigContextLoaderUtils - Could not detect default configuration classes for test class [org.springframework.samples.petclinic.acceptance.AcceptanceBase]: AcceptanceBase does not declare any static, non-private, non-final, nested classes annotated with @Configuration.
INFO  SpringBootTestContextBootstrapper - Found @SpringBootConfiguration org.springframework.samples.petclinic.PetClinicApplication for test class org.springframework.samples.petclinic.acceptance.Cp32Tests
INFO  AUDIT - owner created id=31 memberId=NSW278AC386040 registrationDate=2026-08-10 membershipLevel=1
INFO  AUDIT - {"seq":21,"ownerId":31,"customerCode":"NSW278AC386040","membershipLevel":1,"event":"OWNER_CREATED"}
INFO  NOTIFY - welcome owner id=31 memberId=NSW278AC386040
INFO  AnnotationConfigContextLoaderUtils - Could not detect default configuration classes for test class [org.springframework.samples.petclinic.acceptance.Cp52Tests]: Cp52Tests does not declare any static, non-private, non-final, nested classes annotated with @Configuration.
INFO  SpringBootTestContextBootstrapper - Found @SpringBootConfiguration org.springframework.samples.petclinic.PetClinicApplication for test class org.springframework.samples.petclinic.acceptance.Cp52Tests
INFO  AnnotationConfigContextLoaderUtils - Could not detect default configuration classes for test class [org.springframework.samples.petclinic.acceptance.Cp52Tests]: Cp52Tests does not declare any static, non-private, non-final, nested classes annotated with @Configuration.
INFO  AnnotationConfigContextLoaderUtils - Could not detect default configuration classes for test class [org.springframework.samples.petclinic.acceptance.AcceptanceBase]: AcceptanceBase does not declare any static, non-private, non-final, nested classes annotated with @Configuration.
INFO  SpringBootTestContextBootstrapper - Found @SpringBootConfiguration org.springframework.samples.petclinic.PetClinicApplication for test class org.springframework.samples.petclinic.acceptance.Cp52Tests
INFO  AUDIT - owner created id=32 memberId=NSW27BBCDCE4F1 registrationDate=2026-08-10 membershipLevel=1
INFO  AUDIT - {"seq":22,"ownerId":32,"customerCode":"NSW27BBCDCE4F1","membershipLevel":1,"event":"OWNER_CREATED"}
INFO  NOTIFY - welcome owner id=32 memberId=NSW27BBCDCE4F1
INFO  AUDIT - owner created id=33 memberId=NSW278987416D7 registrationDate=2026-08-10 membershipLevel=2
INFO  AUDIT - {"seq":23,"ownerId":33,"customerCode":"NSW278987416D7","membershipLevel":2,"event":"OWNER_CREATED"}
INFO  NOTIFY - welcome owner id=33 memberId=NSW278987416D7
INFO  AnnotationConfigContextLoaderUtils - Could not detect default configuration classes for test class [org.springframework.samples.petclinic.acceptance.Cp42Tests]: Cp42Tests does not declare any static, non-private, non-final, nested classes annotated with @Configuration.
INFO  SpringBootTestContextBootstrapper - Found @SpringBootConfiguration org.springframework.samples.petclinic.PetClinicApplication for test class org.springframework.samples.petclinic.acceptance.Cp42Tests
INFO  AnnotationConfigContextLoaderUtils - Could not detect default configuration classes for test class [org.springframework.samples.petclinic.acceptance.Cp42Tests]: Cp42Tests does not declare any static, non-private, non-final, nested classes annotated with @Configuration.
INFO  AnnotationConfigContextLoaderUtils - Could not detect default configuration classes for test class [org.springframework.samples.petclinic.acceptance.AcceptanceBase]: AcceptanceBase does not declare any static, non-private, non-final, nested classes annotated with @Configuration.
INFO  SpringBootTestContextBootstrapper - Found @SpringBootConfiguration org.springframework.samples.petclinic.PetClinicApplication for test class org.springframework.samples.petclinic.acceptance.Cp42Tests
INFO  AUDIT - owner created id=34 memberId=NSW27064A3CFB0 registrationDate=2026-08-10 membershipLevel=1
INFO  AUDIT - {"seq":24,"ownerId":34,"customerCode":"NSW27064A3CFB0","membershipLevel":1,"event":"OWNER_CREATED"}
INFO  NOTIFY - welcome owner id=34 memberId=NSW27064A3CFB0
INFO  AnnotationConfigContextLoaderUtils - Could not detect default configuration classes for test class [org.springframework.samples.petclinic.acceptance.Cp28Tests]: Cp28Tests does not declare any static, non-private, non-final, nested classes annotated with @Configuration.
INFO  SpringBootTestContextBootstrapper - Found @SpringBootConfiguration org.springframework.samples.petclinic.PetClinicApplication for test class org.springframework.samples.petclinic.acceptance.Cp28Tests
INFO  AnnotationConfigContextLoaderUtils - Could not detect default configuration classes for test class [org.springframework.samples.petclinic.acceptance.Cp28Tests]: Cp28Tests does not declare any static, non-private, non-final, nested classes annotated with @Configuration.
INFO  AnnotationConfigContextLoaderUtils - Could not detect default configuration classes for test class [org.springframework.samples.petclinic.acceptance.AcceptanceBase]: AcceptanceBase does not declare any static, non-private, non-final, nested classes annotated with @Configuration.
INFO  SpringBootTestContextBootstrapper - Found @SpringBootConfiguration org.springframework.samples.petclinic.PetClinicApplication for test class org.springframework.samples.petclinic.acceptance.Cp28Tests
INFO  AUDIT - owner created id=35 memberId=NSW2746CF5F1F9 registrationDate=2026-08-10 membershipLevel=1
INFO  AUDIT - {"seq":25,"ownerId":35,"customerCode":"NSW2746CF5F1F9","membershipLevel":1,"event":"OWNER_CREATED"}
INFO  NOTIFY - welcome owner id=35 memberId=NSW2746CF5F1F9
INFO  AUDIT - owner created id=36 memberId=NSW274298387B3 registrationDate=2026-08-10 membershipLevel=2
INFO  AUDIT - {"seq":26,"ownerId":36,"customerCode":"NSW274298387B3","membershipLevel":2,"event":"OWNER_CREATED"}
INFO  NOTIFY - welcome owner id=36 memberId=NSW274298387B3
INFO  AnnotationConfigContextLoaderUtils - Could not detect default configuration classes for test class [org.springframework.samples.petclinic.acceptance.Cp57Tests]: Cp57Tests does not declare any static, non-private, non-final, nested classes annotated with @Configuration.
INFO  SpringBootTestContextBootstrapper - Found @SpringBootConfiguration org.springframework.samples.petclinic.PetClinicApplication for test class org.springframework.samples.petclinic.acceptance.Cp57Tests
INFO  AnnotationConfigContextLoaderUtils - Could not detect default configuration classes for test class [org.springframework.samples.petclinic.acceptance.Cp57Tests]: Cp57Tests does not declare any static, non-private, non-final, nested classes annotated with @Configuration.
INFO  AnnotationConfigContextLoaderUtils - Could not detect default configuration classes for test class [org.springframework.samples.petclinic.acceptance.AcceptanceBase]: AcceptanceBase does not declare any static, non-private, non-final, nested classes annotated with @Configuration.
INFO  SpringBootTestContextBootstrapper - Found @SpringBootConfiguration org.springframework.samples.petclinic.PetClinicApplication for test class org.springframework.samples.petclinic.acceptance.Cp57Tests
INFO  AUDIT - owner created id=37 memberId=NSW27A01F92C07 registrationDate=2026-08-10 membershipLevel=1
INFO  AUDIT - {"seq":27,"ownerId":37,"customerCode":"NSW27A01F92C07","membershipLevel":1,"event":"OWNER_CREATED"}
INFO  NOTIFY - welcome owner id=37 memberId=NSW27A01F92C07
INFO  AnnotationConfigContextLoaderUtils - Could not detect default configuration classes for test class [org.springframework.samples.petclinic.acceptance.Cp46Tests]: Cp46Tests does not declare any static, non-private, non-final, nested classes annotated with @Configuration.
INFO  SpringBootTestContextBootstrapper - Found @SpringBootConfiguration org.springframework.samples.petclinic.PetClinicApplication for test class org.springframework.samples.petclinic.acceptance.Cp46Tests
INFO  AnnotationConfigContextLoaderUtils - Could not detect default configuration classes for test class [org.springframework.samples.petclinic.acceptance.Cp46Tests]: Cp46Tests does not declare any static, non-private, non-final, nested classes annotated with @Configuration.
INFO  AnnotationConfigContextLoaderUtils - Could not detect default configuration classes for test class [org.springframework.samples.petclinic.acceptance.AcceptanceBase]: AcceptanceBase does not declare any static, non-private, non-final, nested classes annotated with @Configuration.
INFO  SpringBootTestContextBootstrapper - Found @SpringBootConfiguration org.springframework.samples.petclinic.PetClinicApplication for test class org.springframework.samples.petclinic.acceptance.Cp46Tests
INFO  AUDIT - owner created id=38 memberId=NSW27E6615ACB2 registrationDate=2026-08-10 membershipLevel=2
INFO  AUDIT - {"seq":28,"ownerId":38,"customerCode":"NSW27E6615ACB2","membershipLevel":2,"event":"OWNER_CREATED"}
INFO  NOTIFY - welcome owner id=38 memberId=NSW27E6615ACB2
INFO  AUDIT - owner created id=39 memberId=NSW27E6615ACB2-2 registrationDate=2026-08-10 membershipLevel=2
INFO  AUDIT - {"seq":29,"ownerId":39,"customerCode":"NSW27E6615ACB2-2","membershipLevel":2,"event":"OWNER_CREATED"}
INFO  NOTIFY - welcome owner id=39 memberId=NSW27E6615ACB2-2
INFO  AnnotationConfigContextLoaderUtils - Could not detect default configuration classes for test class [org.springframework.samples.petclinic.acceptance.Cp54Tests]: Cp54Tests does not declare any static, non-private, non-final, nested classes annotated with @Configuration.
INFO  SpringBootTestContextBootstrapper - Found @SpringBootConfiguration org.springframework.samples.petclinic.PetClinicApplication for test class org.springframework.samples.petclinic.acceptance.Cp54Tests
INFO  AnnotationConfigContextLoaderUtils - Could not detect default configuration classes for test class [org.springframework.samples.petclinic.acceptance.Cp54Tests]: Cp54Tests does not declare any static, non-private, non-final, nested classes annotated with @Configuration.
INFO  AnnotationConfigContextLoaderUtils - Could not detect default configuration classes for test class [org.springframework.samples.petclinic.acceptance.AcceptanceBase]: AcceptanceBase does not declare any static, non-private, non-final, nested classes annotated with @Configuration.
INFO  SpringBootTestContextBootstrapper - Found @SpringBootConfiguration org.springframework.samples.petclinic.PetClinicApplication for test class org.springframework.samples.petclinic.acceptance.Cp54Tests
INFO  AUDIT - owner created id=40 memberId=UNKNOWN27A84F713B6 registrationDate=2026-08-10 membershipLevel=1
INFO  AUDIT - {"seq":30,"ownerId":40,"customerCode":"UNKNOWN27A84F713B6","membershipLevel":1,"event":"OWNER_CREATED"}
INFO  NOTIFY - welcome owner id=40 memberId=UNKNOWN27A84F713B6
INFO  AUDIT - owner created id=41 memberId=UNKNOWN27FC21E9AD5 registrationDate=2026-08-10 membershipLevel=1
INFO  AUDIT - {"seq":31,"ownerId":41,"customerCode":"UNKNOWN27FC21E9AD5","membershipLevel":1,"event":"OWNER_CREATED"}
INFO  NOTIFY - welcome owner id=41 memberId=UNKNOWN27FC21E9AD5
INFO  AUDIT - owner created id=42 memberId=UNKNOWN278BC7E59B6 registrationDate=2026-08-10 membershipLevel=1
INFO  AUDIT - {"seq":32,"ownerId":42,"customerCode":"UNKNOWN278BC7E59B6","membershipLevel":1,"event":"OWNER_CREATED"}
INFO  NOTIFY - welcome owner id=42 memberId=UNKNOWN278BC7E59B6
INFO  AUDIT - owner created id=43 memberId=UNKNOWN27663D25C85 registrationDate=2026-08-10 membershipLevel=1
INFO  AUDIT - {"seq":33,"ownerId":43,"customerCode":"UNKNOWN27663D25C85","membershipLevel":1,"event":"OWNER_CREATED"}
INFO  NOTIFY - welcome owner id=43 memberId=UNKNOWN27663D25C85
INFO  AUDIT - owner created id=44 memberId=UNKNOWN27BC72DFC28 registrationDate=2026-08-10 membershipLevel=1
INFO  AUDIT - {"seq":34,"ownerId":44,"customerCode":"UNKNOWN27BC72DFC28","membershipLevel":1,"event":"OWNER_CREATED"}
INFO  NOTIFY - welcome owner id=44 memberId=UNKNOWN27BC72DFC28
INFO  AUDIT - owner created id=45 memberId=UNKNOWN2787F415CE5 registrationDate=2026-08-10 membershipLevel=1
INFO  AUDIT - {"seq":35,"ownerId":45,"customerCode":"UNKNOWN2787F415CE5","membershipLevel":1,"event":"OWNER_CREATED"}
INFO  NOTIFY - welcome owner id=45 memberId=UNKNOWN2787F415CE5
INFO  AUDIT - owner created id=46 memberId=UNKNOWN276525BF8E5 registrationDate=2026-08-10 membershipLevel=1
INFO  AUDIT - {"seq":36,"ownerId":46,"customerCode":"UNKNOWN276525BF8E5","membershipLevel":1,"event":"OWNER_CREATED"}
INFO  NOTIFY - welcome owner id=46 memberId=UNKNOWN276525BF8E5
INFO  AUDIT - owner created id=47 memberId=UNKNOWN27236EEB975 registrationDate=2026-08-10 membershipLevel=1
INFO  AUDIT - {"seq":37,"ownerId":47,"customerCode":"UNKNOWN27236EEB975","membershipLevel":1,"event":"OWNER_CREATED"}
INFO  NOTIFY - welcome owner id=47 memberId=UNKNOWN27236EEB975
INFO  AUDIT - owner created id=48 memberId=UNKNOWN27609E63492 registrationDate=2026-08-10 membershipLevel=1
INFO  AUDIT - {"seq":38,"ownerId":48,"customerCode":"UNKNOWN27609E63492","membershipLevel":1,"event":"OWNER_CREATED"}
INFO  NOTIFY - welcome owner id=48 memberId=UNKNOWN27609E63492
INFO  AUDIT - owner created id=49 memberId=UNKNOWN271E3D13CA9 registrationDate=2026-08-10 membershipLevel=1
INFO  AUDIT - {"seq":39,"ownerId":49,"customerCode":"UNKNOWN271E3D13CA9","membershipLevel":1,"event":"OWNER_CREATED"}
INFO  NOTIFY - welcome owner id=49 memberId=UNKNOWN271E3D13CA9
INFO  AUDIT - owner created id=50 memberId=UNKNOWN27FCAA2D6F8 registrationDate=2026-08-10 membershipLevel=1
INFO  AUDIT - {"seq":40,"ownerId":50,"customerCode":"UNKNOWN27FCAA2D6F8","membershipLevel":1,"event":"OWNER_CREATED"}
INFO  NOTIFY - welcome owner id=50 memberId=UNKNOWN27FCAA2D6F8
INFO  AUDIT - owner created id=51 memberId=UNKNOWN274EC50D8B1 registrationDate=2026-08-10 membershipLevel=1
INFO  AUDIT - {"seq":41,"ownerId":51,"customerCode":"UNKNOWN274EC50D8B1","membershipLevel":1,"event":"OWNER_CREATED"}
INFO  NOTIFY - welcome owner id=51 memberId=UNKNOWN274EC50D8B1
INFO  AUDIT - owner created id=52 memberId=UNKNOWN27409E23103 registrationDate=2026-08-10 membershipLevel=1
INFO  AUDIT - {"seq":42,"ownerId":52,"customerCode":"UNKNOWN27409E23103","membershipLevel":1,"event":"OWNER_CREATED"}
INFO  NOTIFY - welcome owner id=52 memberId=UNKNOWN27409E23103
INFO  AUDIT - owner created id=53 memberId=UNKNOWN275BBC5BAD7 registrationDate=2026-08-10 membershipLevel=1
INFO  AUDIT - {"seq":43,"ownerId":53,"customerCode":"UNKNOWN275BBC5BAD7","membershipLevel":1,"event":"OWNER_CREATED"}
INFO  NOTIFY - welcome owner id=53 memberId=UNKNOWN275BBC5BAD7
INFO  AUDIT - owner created id=54 memberId=UNKNOWN27937448606 registrationDate=2026-08-10 membershipLevel=1
INFO  AUDIT - {"seq":44,"ownerId":54,"customerCode":"UNKNOWN27937448606","membershipLevel":1,"event":"OWNER_CREATED"}
INFO  NOTIFY - welcome owner id=54 memberId=UNKNOWN27937448606
INFO  AUDIT - owner created id=55 memberId=UNKNOWN27433415A27 registrationDate=2026-08-10 membershipLevel=1
INFO  AUDIT - {"seq":45,"ownerId":55,"customerCode":"UNKNOWN27433415A27","membershipLevel":1,"event":"OWNER_CREATED"}
INFO  NOTIFY - welcome owner id=55 memberId=UNKNOWN27433415A27
INFO  AUDIT - owner created id=56 memberId=UNKNOWN272D1AA66C0 registrationDate=2026-08-10 membershipLevel=1
INFO  AUDIT - {"seq":46,"ownerId":56,"customerCode":"UNKNOWN272D1AA66C0","membershipLevel":1,"event":"OWNER_CREATED"}
INFO  NOTIFY - welcome owner id=56 memberId=UNKNOWN272D1AA66C0
INFO  AUDIT - owner created id=57 memberId=UNKNOWN27D03356556 registrationDate=2026-08-10 membershipLevel=1
INFO  AUDIT - {"seq":47,"ownerId":57,"customerCode":"UNKNOWN27D03356556","membershipLevel":1,"event":"OWNER_CREATED"}
INFO  NOTIFY - welcome owner id=57 memberId=UNKNOWN27D03356556
INFO  AUDIT - owner created id=58 memberId=UNKNOWN27803FDE4E4 registrationDate=2026-08-10 membershipLevel=1
INFO  AUDIT - {"seq":48,"ownerId":58,"customerCode":"UNKNOWN27803FDE4E4","membershipLevel":1,"event":"OWNER_CREATED"}
INFO  NOTIFY - welcome owner id=58 memberId=UNKNOWN27803FDE4E4
INFO  AUDIT - owner created id=59 memberId=UNKNOWN279EEEF39F8 registrationDate=2026-08-10 membershipLevel=1
INFO  AUDIT - {"seq":49,"ownerId":59,"customerCode":"UNKNOWN279EEEF39F8","membershipLevel":1,"event":"OWNER_CREATED"}
INFO  NOTIFY - welcome owner id=59 memberId=UNKNOWN279EEEF39F8
INFO  AUDIT - owner created id=60 memberId=UNKNOWN27A30CDCB60 registrationDate=2026-08-10 membershipLevel=1
INFO  AUDIT - {"seq":50,"ownerId":60,"customerCode":"UNKNOWN27A30CDCB60","membershipLevel":1,"event":"OWNER_CREATED"}
INFO  NOTIFY - welcome owner id=60 memberId=UNKNOWN27A30CDCB60
INFO  AUDIT - owner created id=61 memberId=UNKNOWN27F1CE0F366 registrationDate=2026-08-10 membershipLevel=1
INFO  AUDIT - {"seq":51,"ownerId":61,"customerCode":"UNKNOWN27F1CE0F366","membershipLevel":1,"event":"OWNER_CREATED"}
INFO  NOTIFY - welcome owner id=61 memberId=UNKNOWN27F1CE0F366
INFO  AUDIT - owner created id=62 memberId=UNKNOWN279267E57F9 registrationDate=2026-08-10 membershipLevel=1
INFO  AUDIT - {"seq":52,"ownerId":62,"customerCode":"UNKNOWN279267E57F9","membershipLevel":1,"event":"OWNER_CREATED"}
INFO  NOTIFY - welcome owner id=62 memberId=UNKNOWN279267E57F9
INFO  AUDIT - owner created id=63 memberId=UNKNOWN27E00942549 registrationDate=2026-08-10 membershipLevel=1
INFO  AUDIT - {"seq":53,"ownerId":63,"customerCode":"UNKNOWN27E00942549","membershipLevel":1,"event":"OWNER_CREATED"}
INFO  NOTIFY - welcome owner id=63 memberId=UNKNOWN27E00942549
INFO  AUDIT - owner created id=64 memberId=UNKNOWN27F130EC236 registrationDate=2026-08-10 membershipLevel=1
INFO  AUDIT - {"seq":54,"ownerId":64,"customerCode":"UNKNOWN27F130EC236","membershipLevel":1,"event":"OWNER_CREATED"}
INFO  NOTIFY - welcome owner id=64 memberId=UNKNOWN27F130EC236
INFO  AUDIT - owner created id=65 memberId=UNKNOWN27A57861CB6 registrationDate=2026-08-10 membershipLevel=1
INFO  AUDIT - {"seq":55,"ownerId":65,"customerCode":"UNKNOWN27A57861CB6","membershipLevel":1,"event":"OWNER_CREATED"}
INFO  NOTIFY - welcome owner id=65 memberId=UNKNOWN27A57861CB6
INFO  AUDIT - owner created id=66 memberId=UNKNOWN2732BCA90B7 registrationDate=2026-08-10 membershipLevel=1
INFO  AUDIT - {"seq":56,"ownerId":66,"customerCode":"UNKNOWN2732BCA90B7","membershipLevel":1,"event":"OWNER_CREATED"}
INFO  NOTIFY - welcome owner id=66 memberId=UNKNOWN2732BCA90B7
INFO  AUDIT - owner created id=67 memberId=UNKNOWN275A2B86E11 registrationDate=2026-08-10 membershipLevel=1
INFO  AUDIT - {"seq":57,"ownerId":67,"customerCode":"UNKNOWN275A2B86E11","membershipLevel":1,"event":"OWNER_CREATED"}
INFO  NOTIFY - welcome owner id=67 memberId=UNKNOWN275A2B86E11
INFO  AUDIT - owner created id=68 memberId=UNKNOWN27C7D9ED7B0 registrationDate=2026-08-10 membershipLevel=1
INFO  AUDIT - {"seq":58,"ownerId":68,"customerCode":"UNKNOWN27C7D9ED7B0","membershipLevel":1,"event":"OWNER_CREATED"}
INFO  NOTIFY - welcome owner id=68 memberId=UNKNOWN27C7D9ED7B0
INFO  AUDIT - owner created id=69 memberId=UNKNOWN270FA7AF5C1 registrationDate=2026-08-10 membershipLevel=1
INFO  AUDIT - {"seq":59,"ownerId":69,"customerCode":"UNKNOWN270FA7AF5C1","membershipLevel":1,"event":"OWNER_CREATED"}
INFO  NOTIFY - welcome owner id=69 memberId=UNKNOWN270FA7AF5C1
INFO  AUDIT - owner created id=70 memberId=UNKNOWN2717732EBB8 registrationDate=2026-08-10 membershipLevel=1
INFO  AUDIT - {"seq":60,"ownerId":70,"customerCode":"UNKNOWN2717732EBB8","membershipLevel":1,"event":"OWNER_CREATED"}
INFO  NOTIFY - welcome owner id=70 memberId=UNKNOWN2717732EBB8
INFO  AUDIT - owner created id=71 memberId=UNKNOWN273CD22D700 registrationDate=2026-08-10 membershipLevel=1
INFO  AUDIT - {"seq":61,"ownerId":71,"customerCode":"UNKNOWN273CD22D700","membershipLevel":1,"event":"OWNER_CREATED"}
INFO  NOTIFY - welcome owner id=71 memberId=UNKNOWN273CD22D700
INFO  AUDIT - owner created id=72 memberId=UNKNOWN27D5F294E78 registrationDate=2026-08-10 membershipLevel=1
INFO  AUDIT - {"seq":62,"ownerId":72,"customerCode":"UNKNOWN27D5F294E78","membershipLevel":1,"event":"OWNER_CREATED"}
INFO  NOTIFY - welcome owner id=72 memberId=UNKNOWN27D5F294E78
INFO  AUDIT - owner created id=73 memberId=UNKNOWN278F7E4B5F5 registrationDate=2026-08-10 membershipLevel=1
INFO  AUDIT - {"seq":63,"ownerId":73,"customerCode":"UNKNOWN278F7E4B5F5","membershipLevel":1,"event":"OWNER_CREATED"}
INFO  NOTIFY - welcome owner id=73 memberId=UNKNOWN278F7E4B5F5
INFO  AUDIT - owner created id=74 memberId=UNKNOWN271806A7A70 registrationDate=2026-08-10 membershipLevel=1
INFO  AUDIT - {"seq":64,"ownerId":74,"customerCode":"UNKNOWN271806A7A70","membershipLevel":1,"event":"OWNER_CREATED"}
INFO  NOTIFY - welcome owner id=74 memberId=UNKNOWN271806A7A70
INFO  AUDIT - owner created id=75 memberId=UNKNOWN27B75838184 registrationDate=2026-08-10 membershipLevel=1
INFO  AUDIT - {"seq":65,"ownerId":75,"customerCode":"UNKNOWN27B75838184","membershipLevel":1,"event":"OWNER_CREATED"}
INFO  NOTIFY - welcome owner id=75 memberId=UNKNOWN27B75838184
INFO  AUDIT - owner created id=76 memberId=UNKNOWN27E2AC6C4B1 registrationDate=2026-08-10 membershipLevel=1
INFO  AUDIT - {"seq":66,"ownerId":76,"customerCode":"UNKNOWN27E2AC6C4B1","membershipLevel":1,"event":"OWNER_CREATED"}
INFO  NOTIFY - welcome owner id=76 memberId=UNKNOWN27E2AC6C4B1
INFO  AUDIT - owner created id=77 memberId=UNKNOWN27CEEC2F0C1 registrationDate=2026-08-10 membershipLevel=1
INFO  AUDIT - {"seq":67,"ownerId":77,"customerCode":"UNKNOWN27CEEC2F0C1","membershipLevel":1,"event":"OWNER_CREATED"}
INFO  NOTIFY - welcome owner id=77 memberId=UNKNOWN27CEEC2F0C1
INFO  AUDIT - owner created id=78 memberId=UNKNOWN276871E8484 registrationDate=2026-08-10 membershipLevel=1
INFO  AUDIT - {"seq":68,"ownerId":78,"customerCode":"UNKNOWN276871E8484","membershipLevel":1,"event":"OWNER_CREATED"}
INFO  NOTIFY - welcome owner id=78 memberId=UNKNOWN276871E8484
INFO  AUDIT - owner created id=79 memberId=UNKNOWN274313AD0F3 registrationDate=2026-08-10 membershipLevel=1
INFO  AUDIT - {"seq":69,"ownerId":79,"customerCode":"UNKNOWN274313AD0F3","membershipLevel":1,"event":"OWNER_CREATED"}
INFO  NOTIFY - welcome owner id=79 memberId=UNKNOWN274313AD0F3
INFO  AUDIT - owner created id=80 memberId=UNKNOWN27FB86C8FE9 registrationDate=2026-08-10 membershipLevel=1
INFO  AUDIT - {"seq":70,"ownerId":80,"customerCode":"UNKNOWN27FB86C8FE9","membershipLevel":1,"event":"OWNER_CREATED"}
INFO  NOTIFY - welcome owner id=80 memberId=UNKNOWN27FB86C8FE9
INFO  AnnotationConfigContextLoaderUtils - Could not detect default configuration classes for test class [org.springframework.samples.petclinic.acceptance.Cp09Tests]: Cp09Tests does not declare any static, non-private, non-final, nested classes annotated with @Configuration.
INFO  SpringBootTestContextBootstrapper - Found @SpringBootConfiguration org.springframework.samples.petclinic.PetClinicApplication for test class org.springframework.samples.petclinic.acceptance.Cp09Tests
INFO  AnnotationConfigContextLoaderUtils - Could not detect default configuration classes for test class [org.springframework.samples.petclinic.acceptance.Cp09Tests]: Cp09Tests does not declare any static, non-private, non-final, nested classes annotated with @Configuration.
INFO  AnnotationConfigContextLoaderUtils - Could not detect default configuration classes for test class [org.springframework.samples.petclinic.acceptance.AcceptanceBase]: AcceptanceBase does not declare any static, non-private, non-final, nested classes annotated with @Configuration.
INFO  SpringBootTestContextBootstrapper - Found @SpringBootConfiguration org.springframework.samples.petclinic.PetClinicApplication for test class org.springframework.samples.petclinic.acceptance.Cp09Tests
INFO  AUDIT - owner created id=81 memberId=NSW2759E4C5E06 registrationDate=2026-08-10 membershipLevel=1
INFO  AUDIT - {"seq":71,"ownerId":81,"customerCode":"NSW2759E4C5E06","membershipLevel":1,"event":"OWNER_CREATED"}
INFO  NOTIFY - welcome owner id=81 memberId=NSW2759E4C5E06
INFO  AnnotationConfigContextLoaderUtils - Could not detect default configuration classes for test class [org.springframework.samples.petclinic.acceptance.Cp24Tests]: Cp24Tests does not declare any static, non-private, non-final, nested classes annotated with @Configuration.
INFO  SpringBootTestContextBootstrapper - Found @SpringBootConfiguration org.springframework.samples.petclinic.PetClinicApplication for test class org.springframework.samples.petclinic.acceptance.Cp24Tests
INFO  AnnotationConfigContextLoaderUtils - Could not detect default configuration classes for test class [org.springframework.samples.petclinic.acceptance.Cp24Tests]: Cp24Tests does not declare any static, non-private, non-final, nested classes annotated with @Configuration.
INFO  AnnotationConfigContextLoaderUtils - Could not detect default configuration classes for test class [org.springframework.samples.petclinic.acceptance.AcceptanceBase]: AcceptanceBase does not declare any static, non-private, non-final, nested classes annotated with @Configuration.
INFO  SpringBootTestContextBootstrapper - Found @SpringBootConfiguration org.springframework.samples.petclinic.PetClinicApplication for test class org.springframework.samples.petclinic.acceptance.Cp24Tests
INFO  AUDIT - owner created id=82 memberId=NSW27264D80F56 registrationDate=2026-08-10 membershipLevel=2
INFO  AUDIT - {"seq":72,"ownerId":82,"customerCode":"NSW27264D80F56","membershipLevel":2,"event":"OWNER_CREATED"}
INFO  NOTIFY - welcome owner id=82 memberId=NSW27264D80F56
INFO  AnnotationConfigContextLoaderUtils - Could not detect default configuration classes for test class [org.springframework.samples.petclinic.acceptance.Cp21Tests]: Cp21Tests does not declare any static, non-private, non-final, nested classes annotated with @Configuration.
INFO  SpringBootTestContextBootstrapper - Found @SpringBootConfiguration org.springframework.samples.petclinic.PetClinicApplication for test class org.springframework.samples.petclinic.acceptance.Cp21Tests
INFO  AnnotationConfigContextLoaderUtils - Could not detect default configuration classes for test class [org.springframework.samples.petclinic.acceptance.Cp21Tests]: Cp21Tests does not declare any static, non-private, non-final, nested classes annotated with @Configuration.
INFO  AnnotationConfigContextLoaderUtils - Could not detect default configuration classes for test class [org.springframework.samples.petclinic.acceptance.AcceptanceBase]: AcceptanceBase does not declare any static, non-private, non-final, nested classes annotated with @Configuration.
INFO  SpringBootTestContextBootstrapper - Found @SpringBootConfiguration org.springframework.samples.petclinic.PetClinicApplication for test class org.springframework.samples.petclinic.acceptance.Cp21Tests
INFO  AUDIT - owner created id=83 memberId=NSW27BE8A300F9 registrationDate=2026-08-10 membershipLevel=1
INFO  AUDIT - {"seq":73,"ownerId":83,"customerCode":"NSW27BE8A300F9","membershipLevel":1,"event":"OWNER_CREATED"}
INFO  NOTIFY - welcome owner id=83 memberId=NSW27BE8A300F9
INFO  AnnotationConfigContextLoaderUtils - Could not detect default configuration classes for test class [org.springframework.samples.petclinic.acceptance.Cp27Tests]: Cp27Tests does not declare any static, non-private, non-final, nested classes annotated with @Configuration.
INFO  SpringBootTestContextBootstrapper - Found @SpringBootConfiguration org.springframework.samples.petclinic.PetClinicApplication for test class org.springframework.samples.petclinic.acceptance.Cp27Tests
INFO  AnnotationConfigContextLoaderUtils - Could not detect default configuration classes for test class [org.springframework.samples.petclinic.acceptance.Cp27Tests]: Cp27Tests does not declare any static, non-private, non-final, nested classes annotated with @Configuration.
INFO  AnnotationConfigContextLoaderUtils - Could not detect default configuration classes for test class [org.springframework.samples.petclinic.acceptance.AcceptanceBase]: AcceptanceBase does not declare any static, non-private, non-final, nested classes annotated with @Configuration.
INFO  SpringBootTestContextBootstrapper - Found @SpringBootConfiguration org.springframework.samples.petclinic.PetClinicApplication for test class org.springframework.samples.petclinic.acceptance.Cp27Tests
INFO  AUDIT - owner created id=84 memberId=UNKNOWN27558EBB469 registrationDate=2026-08-10 membershipLevel=2
INFO  AUDIT - {"seq":74,"ownerId":84,"customerCode":"UNKNOWN27558EBB469","membershipLevel":2,"event":"OWNER_CREATED"}
INFO  NOTIFY - welcome owner id=84 memberId=UNKNOWN27558EBB469
INFO  AUDIT - owner created id=85 memberId=UNKNOWN274842D4B59 registrationDate=2026-08-10 membershipLevel=1
INFO  AUDIT - {"seq":75,"ownerId":85,"customerCode":"UNKNOWN274842D4B59","membershipLevel":1,"event":"OWNER_CREATED"}
INFO  NOTIFY - welcome owner id=85 memberId=UNKNOWN274842D4B59
INFO  AnnotationConfigContextLoaderUtils - Could not detect default configuration classes for test class [org.springframework.samples.petclinic.acceptance.Cp33Tests]: Cp33Tests does not declare any static, non-private, non-final, nested classes annotated with @Configuration.
INFO  SpringBootTestContextBootstrapper - Found @SpringBootConfiguration org.springframework.samples.petclinic.PetClinicApplication for test class org.springframework.samples.petclinic.acceptance.Cp33Tests
INFO  AnnotationConfigContextLoaderUtils - Could not detect default configuration classes for test class [org.springframework.samples.petclinic.acceptance.Cp33Tests]: Cp33Tests does not declare any static, non-private, non-final, nested classes annotated with @Configuration.
INFO  AnnotationConfigContextLoaderUtils - Could not detect default configuration classes for test class [org.springframework.samples.petclinic.acceptance.AcceptanceBase]: AcceptanceBase does not declare any static, non-private, non-final, nested classes annotated with @Configuration.
INFO  SpringBootTestContextBootstrapper - Found @SpringBootConfiguration org.springframework.samples.petclinic.PetClinicApplication for test class org.springframework.samples.petclinic.acceptance.Cp33Tests
INFO  AnnotationConfigContextLoaderUtils - Could not detect default configuration classes for test class [org.springframework.samples.petclinic.acceptance.Cp23Tests]: Cp23Tests does not declare any static, non-private, non-final, nested classes annotated with @Configuration.
INFO  SpringBootTestContextBootstrapper - Found @SpringBootConfiguration org.springframework.samples.petclinic.PetClinicApplication for test class org.springframework.samples.petclinic.acceptance.Cp23Tests
INFO  AnnotationConfigContextLoaderUtils - Could not detect default configuration classes for test class [org.springframework.samples.petclinic.acceptance.Cp23Tests]: Cp23Tests does not declare any static, non-private, non-final, nested classes annotated with @Configuration.
INFO  AnnotationConfigContextLoaderUtils - Could not detect default configuration classes for test class [org.springframework.samples.petclinic.acceptance.AcceptanceBase]: AcceptanceBase does not declare any static, non-private, non-final, nested classes annotated with @Configuration.
INFO  SpringBootTestContextBootstrapper - Found @SpringBootConfiguration org.springframework.samples.petclinic.PetClinicApplication for test class org.springframework.samples.petclinic.acceptance.Cp23Tests
INFO  AUDIT - owner created id=86 memberId=NSW276734C08D4 registrationDate=2026-08-10 membershipLevel=1
INFO  AUDIT - {"seq":76,"ownerId":86,"customerCode":"NSW276734C08D4","membershipLevel":1,"event":"OWNER_CREATED"}
INFO  NOTIFY - welcome owner id=86 memberId=NSW276734C08D4
INFO  AUDIT - owner created id=87 memberId=NSW27BEBFBC565 registrationDate=2026-08-10 membershipLevel=1
INFO  AUDIT - {"seq":77,"ownerId":87,"customerCode":"NSW27BEBFBC565","membershipLevel":1,"event":"OWNER_CREATED"}
INFO  NOTIFY - welcome owner id=87 memberId=NSW27BEBFBC565
INFO  AUDIT - owner created id=88 memberId=NSW27A42A46818 registrationDate=2026-08-10 membershipLevel=2
INFO  AUDIT - {"seq":78,"ownerId":88,"customerCode":"NSW27A42A46818","membershipLevel":2,"event":"OWNER_CREATED"}
INFO  NOTIFY - welcome owner id=88 memberId=NSW27A42A46818

MockHttpServletRequest:
      HTTP Method = POST
      Request URI = /api/owners
       Parameters = {}
          Headers = [Content-Type:"application/json;charset=UTF-8", Content-Length:"150"]
             Body = {"firstName":"Fnlw","lastName":"Surlr","address":"332 Test Street","city":"Town333","telephone":"0400000334","postcode":"2000","sharesHousehold":true}
    Session Attrs = {SPRING_SECURITY_CONTEXT=SecurityContextImpl [Authentication=UsernamePasswordAuthenticationToken [Principal=org.springframework.security.core.userdetails.User [Username=acceptance-admin, Password=[PROTECTED], Enabled=true, AccountNonExpired=true, CredentialsNonExpired=true, AccountNonLocked=true, Granted Authorities=[ROLE_ADMIN, ROLE_OWNER_ADMIN, ROLE_VET_ADMIN]], Credentials=[PROTECTED], Authenticated=true, Details=null, Granted Authorities=[ROLE_ADMIN, ROLE_OWNER_ADMIN, ROLE_VET_ADMIN]]]}

Handler:
             Type = org.springframework.web.servlet.resource.ResourceHttpRequestHandler

Async:
    Async started = false
     Async result = null

Resolved Exception:
             Type = null

ModelAndView:
        View name = null
             View = null
            Model = null

FlashMap:
       Attributes = null

MockHttpServletResponse:
           Status = 201
    Error message = null
          Headers = [Location:"/api/owners/86", Content-Type:"application/json", X-Content-Type-Options:"nosniff", X-XSS-Protection:"0", Cache-Control:"no-cache, no-store, max-age=0, must-revalidate", Pragma:"no-cache", Expires:"0", X-Frame-Options:"DENY"]
     Content type = application/json
             Body = {"firstName":"Fnlw","lastName":"Surlr","city":"Town333","telephone":"+61400000334","pets":[],"address":"332 TEST STREET","addressLine1":null,"addressLine2":null,"ageBand":null,"birthDate":null,"bulkSignupWarning":false,"capacityWarning":false,"contactPreference":"PHONE","deleted":false,"displayName":"Surlr, Fnlw","email":null,"fiscalYear":"FY27","householdId":"293A43DB616C","id":86,"identityKey":"43f3bfdd55dc728beb9855009c22608687a7b616da422fa8d53e46503c7bd0d6","initials":"F.S.","locality":"NSW","memberId":"NSW276734C08D4","membershipLevel":1,"membershipPoints":1,"namesakeCount":0,"ownerSegment":"STANDARD_METRO","possibleDuplicate":false,"possibleDuplicateOf":null,"postcode":"2000","registrationDate":"2026-08-10","salutation":"Surlr","selfLink":"/api/owners/86","sharesHousehold":false,"telephoneDisplay":"+61 400 000 334","timezone":"Australia/Sydney","title":null}
    Forwarded URL = null
   Redirected URL = /api/owners/86
          Cookies = []

MockHttpServletRequest:
      HTTP Method = POST
      Request URI = /api/owners
       Parameters = {}
          Headers = [Content-Type:"application/json;charset=UTF-8", Content-Length:"150"]
             Body = {"firstName":"Fnmb","lastName":"Surlr","address":"337 Test Street","city":"Town338","telephone":"0400000339","postcode":"2000","sharesHousehold":true}
    Session Attrs = {SPRING_SECURITY_CONTEXT=SecurityContextImpl [Authentication=UsernamePasswordAuthenticationToken [Principal=org.springframework.security.core.userdetails.User [Username=acceptance-admin, Password=[PROTECTED], Enabled=true, AccountNonExpired=true, CredentialsNonExpired=true, AccountNonLocked=true, Granted Authorities=[ROLE_ADMIN, ROLE_OWNER_ADMIN, ROLE_VET_ADMIN]], Credentials=[PROTECTED], Authenticated=true, Details=null, Granted Authorities=[ROLE_ADMIN, ROLE_OWNER_ADMIN, ROLE_VET_ADMIN]]]}

Handler:
             Type = org.springframework.web.servlet.resource.ResourceHttpRequestHandler

Async:
    Async started = false
     Async result = null

Resolved Exception:
             Type = null

ModelAndView:
        View name = null
             View = null
            Model = null

FlashMap:
       Attributes = null

MockHttpServletResponse:
           Status = 201
    Error message = null
          Headers = [Location:"/api/owners/87", Content-Type:"application/json", X-Content-Type-Options:"nosniff", X-XSS-Protection:"0", Cache-Control:"no-cache, no-store, max-age=0, must-revalidate", Pragma:"no-cache", Expires:"0", X-Frame-Options:"DENY"]
     Content type = application/json
             Body = {"firstName":"Fnmb","lastName":"Surlr","city":"Town338","telephone":"+61400000339","pets":[],"address":"337 TEST STREET","addressLine1":null,"addressLine2":null,"ageBand":null,"birthDate":null,"bulkSignupWarning":false,"capacityWarning":false,"contactPreference":"PHONE","deleted":false,"displayName":"Surlr, Fnmb","email":null,"fiscalYear":"FY27","householdId":"293A43DB616C","id":87,"identityKey":"1ea2569b7e6183f55fad1ae0156b790a124fc867ae273093575bc99fbae5aebe","initials":"F.S.","locality":"NSW","memberId":"NSW27BEBFBC565","membershipLevel":1,"membershipPoints":1,"namesakeCount":0,"ownerSegment":"STANDARD_METRO","possibleDuplicate":false,"possibleDuplicateOf":null,"postcode":"2000","registrationDate":"2026-08-10","salutation":"Surlr","selfLink":"/api/owners/87","sharesHousehold":false,"telephoneDisplay":"+61 400 000 339","timezone":"Australia/Sydney","title":null}
    Forwarded URL = null
   Redirected URL = /api/owners/87
          Cookies = []

MockHttpServletRequest:
      HTTP Method = POST
      Request URI = /api/owners
       Parameters = {}
          Headers = [Content-Type:"application/json;charset=UTF-8", Content-Length:"182"]
             Body = {"firstName":"Fnmg","lastName":"Surlr","address":"342 Test Street","city":"Town343","telephone":"0400000344","postcode":"2000","sharesHousehold":true,"email":"owner346@example.test"}
    Session Attrs = {SPRING_SECURITY_CONTEXT=SecurityContextImpl [Authentication=UsernamePasswordAuthenticationToken [Principal=org.springframework.security.core.userdetails.User [Username=acceptance-admin, Password=[PROTECTED], Enabled=true, AccountNonExpired=true, CredentialsNonExpired=true, AccountNonLocked=true, Granted Authorities=[ROLE_ADMIN, ROLE_OWNER_ADMIN, ROLE_VET_ADMIN]], Credentials=[PROTECTED], Authenticated=true, Details=null, Granted Authorities=[ROLE_ADMIN, ROLE_OWNER_ADMIN, ROLE_VET_ADMIN]]]}

Handler:
             Type = org.springframework.web.servlet.resource.ResourceHttpRequestHandler

Async:
    Async started = false
     Async result = null

Resolved Exception:
             Type = null

ModelAndView:
        View name = null
             View = null
            Model = null

FlashMap:
       Attributes = null

MockHttpServletResponse:
           Status = 201
    Error message = null
          Headers = [Location:"/api/owners/88", Content-Type:"application/json", X-Content-Type-Options:"nosniff", X-XSS-Protection:"0", Cache-Control:"no-cache, no-store, max-age=0, must-revalidate", Pragma:"no-cache", Expires:"0", X-Frame-Options:"DENY"]
     Content type = application/json
             Body = {"firstName":"Fnmg","lastName":"Surlr","city":"Town343","telephone":"+61400000344","pets":[],"address":"342 TEST STREET","addressLine1":null,"addressLine2":null,"ageBand":null,"birthDate":null,"bulkSignupWarning":false,"capacityWarning":false,"contactPreference":"EMAIL","deleted":false,"displayName":"Surlr, Fnmg","email":"owner346@example.test","fiscalYear":"FY27","householdId":"293A43DB616C","id":88,"identityKey":"32aa2fcd3d81c5cbb44d51321d8cf7d8d66190bed25f65d1857727846f9e5c85","initials":"F.S.","locality":"NSW","memberId":"NSW27A42A46818","membershipLevel":2,"membershipPoints":5,"namesakeCount":0,"ownerSegment":"STANDARD_METRO","possibleDuplicate":false,"possibleDuplicateOf":null,"postcode":"2000","registrationDate":"2026-08-10","salutation":"Surlr","selfLink":"/api/owners/88","sharesHousehold":false,"telephoneDisplay":"+61 400 000 344","timezone":"Australia/Sydney","title":null}
    Forwarded URL = null
   Redirected URL = /api/owners/88
          Cookies = []

MockHttpServletRequest:
      HTTP Method = GET
      Request URI = /api/owners/88
       Parameters = {}
          Headers = []
             Body = null
    Session Attrs = {SPRING_SECURITY_CONTEXT=SecurityContextImpl [Authentication=UsernamePasswordAuthenticationToken [Principal=org.springframework.security.core.userdetails.User [Username=acceptance-admin, Password=[PROTECTED], Enabled=true, AccountNonExpired=true, CredentialsNonExpired=true, AccountNonLocked=true, Granted Authorities=[ROLE_ADMIN, ROLE_OWNER_ADMIN, ROLE_VET_ADMIN]], Credentials=[PROTECTED], Authenticated=true, Details=null, Granted Authorities=[ROLE_ADMIN, ROLE_OWNER_ADMIN, ROLE_VET_ADMIN]]]}

Handler:
             Type = org.springframework.web.servlet.resource.ResourceHttpRequestHandler

Async:
    Async started = false
     Async result = null

Resolved Exception:
             Type = null

ModelAndView:
        View name = null
             View = null
            Model = null

FlashMap:
       Attributes = null

MockHttpServletResponse:
           Status = 200
    Error message = null
          Headers = [Content-Type:"application/json", X-Content-Type-Options:"nosniff", X-XSS-Protection:"0", Cache-Control:"no-cache, no-store, max-age=0, must-revalidate", Pragma:"no-cache", Expires:"0", X-Frame-Options:"DENY"]
     Content type = application/json
             Body = {"firstName":"Fnmg","lastName":"Surlr","city":"Town343","telephone":"+61400000344","pets":[],"address":"342 TEST STREET","addressLine1":null,"addressLine2":null,"ageBand":null,"birthDate":null,"bulkSignupWarning":false,"capacityWarning":false,"contactPreference":"EMAIL","deleted":false,"displayName":"Surlr, Fnmg","email":"owner346@example.test","fiscalYear":"FY27","householdId":"293A43DB616C","id":88,"identityKey":"32aa2fcd3d81c5cbb44d51321d8cf7d8d66190bed25f65d1857727846f9e5c85","initials":"F.S.","locality":"NSW","memberId":"NSW27A42A46818","membershipLevel":2,"membershipPoints":5,"namesakeCount":0,"ownerSegment":"STANDARD_METRO","possibleDuplicate":false,"possibleDuplicateOf":null,"postcode":"2000","registrationDate":"2026-08-10","salutation":"Surlr","selfLink":"/api/owners/88","sharesHousehold":false,"telephoneDisplay":"+61 400 000 344","timezone":"Australia/Sydney","title":null}
    Forwarded URL = null
   Redirected URL = null
          Cookies = []
[ERROR] Tests run: 1, Failures: 1, Errors: 0, Skipped: 0, Time elapsed: 0.056 s <<< FAILURE! -- in org.springframework.samples.petclinic.acceptance.Cp23Tests
[ERROR] org.springframework.samples.petclinic.acceptance.Cp23Tests.coreHouseholdAddsPoints -- Time elapsed: 0.049 s <<< FAILURE!
java.lang.AssertionError: JSON path "$.membershipLevel" expected:<3> but was:<2>
	at org.springframework.test.util.AssertionErrors.fail(AssertionErrors.java:62)
	at org.springframework.test.util.AssertionErrors.assertEquals(AssertionErrors.java:129)
	at org.springframework.test.util.JsonPathExpectationsHelper.assertValue(JsonPathExpectationsHelper.java:172)
	at org.springframework.test.web.servlet.result.JsonPathResultMatchers.lambda$value$2(JsonPathResultMatchers.java:111)
	at org.springframework.test.web.servlet.MockMvc$1.andExpect(MockMvc.java:212)
	at org.springframework.samples.petclinic.acceptance.Cp23Tests.coreHouseholdAddsPoints(Cp23Tests.java:29)

INFO  AnnotationConfigContextLoaderUtils - Could not detect default configuration classes for test class [org.springframework.samples.petclinic.acceptance.Cp05Tests]: Cp05Tests does not declare any static, non-private, non-final, nested classes annotated with @Configuration.
INFO  SpringBootTestContextBootstrapper - Found @SpringBootConfiguration org.springframework.samples.petclinic.PetClinicApplication for test class org.springframework.samples.petclinic.acceptance.Cp05Tests
INFO  AnnotationConfigContextLoaderUtils - Could not detect default configuration classes for test class [org.springframework.samples.petclinic.acceptance.Cp05Tests]: Cp05Tests does not declare any static, non-private, non-final, nested classes annotated with @Configuration.
INFO  AnnotationConfigContextLoaderUtils - Could not detect default configuration classes for test class [org.springframework.samples.petclinic.acceptance.AcceptanceBase]: AcceptanceBase does not declare any static, non-private, non-final, nested classes annotated with @Configuration.
INFO  SpringBootTestContextBootstrapper - Found @SpringBootConfiguration org.springframework.samples.petclinic.PetClinicApplication for test class org.springframework.samples.petclinic.acceptance.Cp05Tests
INFO  AUDIT - owner created id=89 memberId=UNKNOWN278B5269DB8 registrationDate=2026-08-10 membershipLevel=1
INFO  AUDIT - {"seq":79,"ownerId":89,"customerCode":"UNKNOWN278B5269DB8","membershipLevel":1,"event":"OWNER_CREATED"}
INFO  NOTIFY - welcome owner id=89 memberId=UNKNOWN278B5269DB8
INFO  AnnotationConfigContextLoaderUtils - Could not detect default configuration classes for test class [org.springframework.samples.petclinic.acceptance.Cp03Tests]: Cp03Tests does not declare any static, non-private, non-final, nested classes annotated with @Configuration.
INFO  SpringBootTestContextBootstrapper - Found @SpringBootConfiguration org.springframework.samples.petclinic.PetClinicApplication for test class org.springframework.samples.petclinic.acceptance.Cp03Tests
INFO  AnnotationConfigContextLoaderUtils - Could not detect default configuration classes for test class [org.springframework.samples.petclinic.acceptance.Cp03Tests]: Cp03Tests does not declare any static, non-private, non-final, nested classes annotated with @Configuration.
INFO  AnnotationConfigContextLoaderUtils - Could not detect default configuration classes for test class [org.springframework.samples.petclinic.acceptance.AcceptanceBase]: AcceptanceBase does not declare any static, non-private, non-final, nested classes annotated with @Configuration.
INFO  SpringBootTestContextBootstrapper - Found @SpringBootConfiguration org.springframework.samples.petclinic.PetClinicApplication for test class org.springframework.samples.petclinic.acceptance.Cp03Tests
INFO  AUDIT - owner created id=90 memberId=UNKNOWN27A776AF4E7 registrationDate=2026-08-10 membershipLevel=1
INFO  AUDIT - {"seq":80,"ownerId":90,"customerCode":"UNKNOWN27A776AF4E7","membershipLevel":1,"event":"OWNER_CREATED"}
INFO  NOTIFY - welcome owner id=90 memberId=UNKNOWN27A776AF4E7
INFO  AnnotationConfigContextLoaderUtils - Could not detect default configuration classes for test class [org.springframework.samples.petclinic.acceptance.Cp37Tests]: Cp37Tests does not declare any static, non-private, non-final, nested classes annotated with @Configuration.
INFO  SpringBootTestContextBootstrapper - Found @SpringBootConfiguration org.springframework.samples.petclinic.PetClinicApplication for test class org.springframework.samples.petclinic.acceptance.Cp37Tests
INFO  AnnotationConfigContextLoaderUtils - Could not detect default configuration classes for test class [org.springframework.samples.petclinic.acceptance.Cp37Tests]: Cp37Tests does not declare any static, non-private, non-final, nested classes annotated with @Configuration.
INFO  AnnotationConfigContextLoaderUtils - Could not detect default configuration classes for test class [org.springframework.samples.petclinic.acceptance.AcceptanceBase]: AcceptanceBase does not declare any static, non-private, non-final, nested classes annotated with @Configuration.
INFO  SpringBootTestContextBootstrapper - Found @SpringBootConfiguration org.springframework.samples.petclinic.PetClinicApplication for test class org.springframework.samples.petclinic.acceptance.Cp37Tests
INFO  AUDIT - owner created id=91 memberId=UNKNOWN274498DB930 registrationDate=2026-08-10 membershipLevel=1
INFO  AUDIT - {"seq":81,"ownerId":91,"customerCode":"UNKNOWN274498DB930","membershipLevel":1,"event":"OWNER_CREATED"}
INFO  NOTIFY - welcome owner id=91 memberId=UNKNOWN274498DB930
INFO  AnnotationConfigContextLoaderUtils - Could not detect default configuration classes for test class [org.springframework.samples.petclinic.acceptance.Cp04Tests]: Cp04Tests does not declare any static, non-private, non-final, nested classes annotated with @Configuration.
INFO  SpringBootTestContextBootstrapper - Found @SpringBootConfiguration org.springframework.samples.petclinic.PetClinicApplication for test class org.springframework.samples.petclinic.acceptance.Cp04Tests
INFO  AnnotationConfigContextLoaderUtils - Could not detect default configuration classes for test class [org.springframework.samples.petclinic.acceptance.Cp04Tests]: Cp04Tests does not declare any static, non-private, non-final, nested classes annotated with @Configuration.
INFO  AnnotationConfigContextLoaderUtils - Could not detect default configuration classes for test class [org.springframework.samples.petclinic.acceptance.AcceptanceBase]: AcceptanceBase does not declare any static, non-private, non-final, nested classes annotated with @Configuration.
INFO  SpringBootTestContextBootstrapper - Found @SpringBootConfiguration org.springframework.samples.petclinic.PetClinicApplication for test class org.springframework.samples.petclinic.acceptance.Cp04Tests
INFO  AUDIT - owner created id=92 memberId=UNKNOWN275260222A3 registrationDate=2026-08-10 membershipLevel=1
INFO  AUDIT - {"seq":82,"ownerId":92,"customerCode":"UNKNOWN275260222A3","membershipLevel":1,"event":"OWNER_CREATED"}
INFO  NOTIFY - welcome owner id=92 memberId=UNKNOWN275260222A3
INFO  AUDIT - owner created id=93 memberId=UNKNOWN27C70DE90C7 registrationDate=2026-08-10 membershipLevel=2
INFO  AUDIT - {"seq":83,"ownerId":93,"customerCode":"UNKNOWN27C70DE90C7","membershipLevel":2,"event":"OWNER_CREATED"}
INFO  NOTIFY - welcome owner id=93 memberId=UNKNOWN27C70DE90C7
INFO  AnnotationConfigContextLoaderUtils - Could not detect default configuration classes for test class [org.springframework.samples.petclinic.acceptance.Cp40Tests]: Cp40Tests does not declare any static, non-private, non-final, nested classes annotated with @Configuration.
INFO  SpringBootTestContextBootstrapper - Found @SpringBootConfiguration org.springframework.samples.petclinic.PetClinicApplication for test class org.springframework.samples.petclinic.acceptance.Cp40Tests
INFO  AnnotationConfigContextLoaderUtils - Could not detect default configuration classes for test class [org.springframework.samples.petclinic.acceptance.Cp40Tests]: Cp40Tests does not declare any static, non-private, non-final, nested classes annotated with @Configuration.
INFO  AnnotationConfigContextLoaderUtils - Could not detect default configuration classes for test class [org.springframework.samples.petclinic.acceptance.AcceptanceBase]: AcceptanceBase does not declare any static, non-private, non-final, nested classes annotated with @Configuration.
INFO  SpringBootTestContextBootstrapper - Found @SpringBootConfiguration org.springframework.samples.petclinic.PetClinicApplication for test class org.springframework.samples.petclinic.acceptance.Cp40Tests
INFO  AUDIT - owner created id=94 memberId=NSW27CE1FA5C28 registrationDate=2026-08-10 membershipLevel=2
INFO  AUDIT - {"seq":84,"ownerId":94,"customerCode":"NSW27CE1FA5C28","membershipLevel":2,"event":"OWNER_CREATED"}
INFO  NOTIFY - welcome owner id=94 memberId=NSW27CE1FA5C28
INFO  AnnotationConfigContextLoaderUtils - Could not detect default configuration classes for test class [org.springframework.samples.petclinic.acceptance.Cp31Tests]: Cp31Tests does not declare any static, non-private, non-final, nested classes annotated with @Configuration.
INFO  SpringBootTestContextBootstrapper - Found @SpringBootConfiguration org.springframework.samples.petclinic.PetClinicApplication for test class org.springframework.samples.petclinic.acceptance.Cp31Tests
INFO  AnnotationConfigContextLoaderUtils - Could not detect default configuration classes for test class [org.springframework.samples.petclinic.acceptance.Cp31Tests]: Cp31Tests does not declare any static, non-private, non-final, nested classes annotated with @Configuration.
INFO  AnnotationConfigContextLoaderUtils - Could not detect default configuration classes for test class [org.springframework.samples.petclinic.acceptance.AcceptanceBase]: AcceptanceBase does not declare any static, non-private, non-final, nested classes annotated with @Configuration.
INFO  SpringBootTestContextBootstrapper - Found @SpringBootConfiguration org.springframework.samples.petclinic.PetClinicApplication for test class org.springframework.samples.petclinic.acceptance.Cp31Tests
INFO  AUDIT - owner created id=95 memberId=NSW27D41A0A7D2 registrationDate=2026-08-10 membershipLevel=1
INFO  AUDIT - {"seq":85,"ownerId":95,"customerCode":"NSW27D41A0A7D2","membershipLevel":1,"event":"OWNER_CREATED"}
INFO  NOTIFY - welcome owner id=95 memberId=NSW27D41A0A7D2
INFO  AnnotationConfigContextLoaderUtils - Could not detect default configuration classes for test class [org.springframework.samples.petclinic.acceptance.Cp18Tests]: Cp18Tests does not declare any static, non-private, non-final, nested classes annotated with @Configuration.
INFO  SpringBootTestContextBootstrapper - Found @SpringBootConfiguration org.springframework.samples.petclinic.PetClinicApplication for test class org.springframework.samples.petclinic.acceptance.Cp18Tests
INFO  AnnotationConfigContextLoaderUtils - Could not detect default configuration classes for test class [org.springframework.samples.petclinic.acceptance.Cp18Tests]: Cp18Tests does not declare any static, non-private, non-final, nested classes annotated with @Configuration.
INFO  AnnotationConfigContextLoaderUtils - Could not detect default configuration classes for test class [org.springframework.samples.petclinic.acceptance.AcceptanceBase]: AcceptanceBase does not declare any static, non-private, non-final, nested classes annotated with @Configuration.
INFO  SpringBootTestContextBootstrapper - Found @SpringBootConfiguration org.springframework.samples.petclinic.PetClinicApplication for test class org.springframework.samples.petclinic.acceptance.Cp18Tests
INFO  AUDIT - owner created id=96 memberId=UNKNOWN275D0934644 registrationDate=2026-08-10 membershipLevel=1
INFO  AUDIT - {"seq":86,"ownerId":96,"customerCode":"UNKNOWN275D0934644","membershipLevel":1,"event":"OWNER_CREATED"}
INFO  NOTIFY - welcome owner id=96 memberId=UNKNOWN275D0934644
INFO  AUDIT - owner created id=97 memberId=UNKNOWN27F58563A59 registrationDate=2026-08-10 membershipLevel=1
INFO  AUDIT - {"seq":87,"ownerId":97,"customerCode":"UNKNOWN27F58563A59","membershipLevel":1,"event":"OWNER_CREATED"}
INFO  NOTIFY - welcome owner id=97 memberId=UNKNOWN27F58563A59
INFO  AUDIT - owner created id=98 memberId=UNKNOWN2745AC659A9 registrationDate=2026-08-10 membershipLevel=1
INFO  AUDIT - {"seq":88,"ownerId":98,"customerCode":"UNKNOWN2745AC659A9","membershipLevel":1,"event":"OWNER_CREATED"}
INFO  NOTIFY - welcome owner id=98 memberId=UNKNOWN2745AC659A9
INFO  AUDIT - owner created id=99 memberId=UNKNOWN27E3BC4BCE2 registrationDate=2026-08-10 membershipLevel=1
INFO  AUDIT - {"seq":89,"ownerId":99,"customerCode":"UNKNOWN27E3BC4BCE2","membershipLevel":1,"event":"OWNER_CREATED"}
INFO  NOTIFY - welcome owner id=99 memberId=UNKNOWN27E3BC4BCE2
INFO  AUDIT - owner created id=100 memberId=UNKNOWN27DE76A6682 registrationDate=2026-08-10 membershipLevel=1
INFO  AUDIT - {"seq":90,"ownerId":100,"customerCode":"UNKNOWN27DE76A6682","membershipLevel":1,"event":"OWNER_CREATED"}
INFO  NOTIFY - welcome owner id=100 memberId=UNKNOWN27DE76A6682
INFO  AUDIT - owner created id=101 memberId=UNKNOWN27514C83C02 registrationDate=2026-08-10 membershipLevel=1
INFO  AUDIT - {"seq":91,"ownerId":101,"customerCode":"UNKNOWN27514C83C02","membershipLevel":1,"event":"OWNER_CREATED"}
INFO  NOTIFY - welcome owner id=101 memberId=UNKNOWN27514C83C02
INFO  AUDIT - owner created id=102 memberId=UNKNOWN27FB77A9F51 registrationDate=2026-08-10 membershipLevel=1
INFO  AUDIT - {"seq":92,"ownerId":102,"customerCode":"UNKNOWN27FB77A9F51","membershipLevel":1,"event":"OWNER_CREATED"}
INFO  NOTIFY - welcome owner id=102 memberId=UNKNOWN27FB77A9F51
INFO  AUDIT - owner created id=103 memberId=UNKNOWN27FEC5F5106 registrationDate=2026-08-10 membershipLevel=1
INFO  AUDIT - {"seq":93,"ownerId":103,"customerCode":"UNKNOWN27FEC5F5106","membershipLevel":1,"event":"OWNER_CREATED"}
INFO  NOTIFY - welcome owner id=103 memberId=UNKNOWN27FEC5F5106
INFO  AUDIT - owner created id=104 memberId=UNKNOWN271F1B9DE68 registrationDate=2026-08-10 membershipLevel=1
INFO  AUDIT - {"seq":94,"ownerId":104,"customerCode":"UNKNOWN271F1B9DE68","membershipLevel":1,"event":"OWNER_CREATED"}
INFO  NOTIFY - welcome owner id=104 memberId=UNKNOWN271F1B9DE68
INFO  AUDIT - owner created id=105 memberId=UNKNOWN272953E13E4 registrationDate=2026-08-10 membershipLevel=1
INFO  AUDIT - {"seq":95,"ownerId":105,"customerCode":"UNKNOWN272953E13E4","membershipLevel":1,"event":"OWNER_CREATED"}
INFO  NOTIFY - welcome owner id=105 memberId=UNKNOWN272953E13E4
INFO  AUDIT - owner created id=106 memberId=UNKNOWN27AB9EC54D7 registrationDate=2026-08-10 membershipLevel=1
INFO  AUDIT - {"seq":96,"ownerId":106,"customerCode":"UNKNOWN27AB9EC54D7","membershipLevel":1,"event":"OWNER_CREATED"}
INFO  NOTIFY - welcome owner id=106 memberId=UNKNOWN27AB9EC54D7
INFO  AUDIT - owner created id=107 memberId=UNKNOWN27BFDAC29B2 registrationDate=2026-08-10 membershipLevel=1
INFO  AUDIT - {"seq":97,"ownerId":107,"customerCode":"UNKNOWN27BFDAC29B2","membershipLevel":1,"event":"OWNER_CREATED"}
INFO  NOTIFY - welcome owner id=107 memberId=UNKNOWN27BFDAC29B2
INFO  AUDIT - owner created id=108 memberId=UNKNOWN276218C2DF0 registrationDate=2026-08-10 membershipLevel=1
INFO  AUDIT - {"seq":98,"ownerId":108,"customerCode":"UNKNOWN276218C2DF0","membershipLevel":1,"event":"OWNER_CREATED"}
INFO  NOTIFY - welcome owner id=108 memberId=UNKNOWN276218C2DF0
INFO  AUDIT - owner created id=109 memberId=UNKNOWN27E8E17D4A8 registrationDate=2026-08-10 membershipLevel=1
INFO  AUDIT - {"seq":99,"ownerId":109,"customerCode":"UNKNOWN27E8E17D4A8","membershipLevel":1,"event":"OWNER_CREATED"}
INFO  NOTIFY - welcome owner id=109 memberId=UNKNOWN27E8E17D4A8
INFO  AUDIT - owner created id=110 memberId=UNKNOWN27E6FC61131 registrationDate=2026-08-10 membershipLevel=1
INFO  AUDIT - {"seq":100,"ownerId":110,"customerCode":"UNKNOWN27E6FC61131","membershipLevel":1,"event":"OWNER_CREATED"}
INFO  NOTIFY - welcome owner id=110 memberId=UNKNOWN27E6FC61131
INFO  AUDIT - owner created id=111 memberId=UNKNOWN272326F2FD8 registrationDate=2026-08-10 membershipLevel=1
INFO  AUDIT - {"seq":101,"ownerId":111,"customerCode":"UNKNOWN272326F2FD8","membershipLevel":1,"event":"OWNER_CREATED"}
INFO  NOTIFY - welcome owner id=111 memberId=UNKNOWN272326F2FD8
INFO  AUDIT - owner created id=112 memberId=UNKNOWN27407D39079 registrationDate=2026-08-10 membershipLevel=1
INFO  AUDIT - {"seq":102,"ownerId":112,"customerCode":"UNKNOWN27407D39079","membershipLevel":1,"event":"OWNER_CREATED"}
INFO  NOTIFY - welcome owner id=112 memberId=UNKNOWN27407D39079
INFO  AUDIT - owner created id=113 memberId=UNKNOWN27787884587 registrationDate=2026-08-10 membershipLevel=1
INFO  AUDIT - {"seq":103,"ownerId":113,"customerCode":"UNKNOWN27787884587","membershipLevel":1,"event":"OWNER_CREATED"}
INFO  NOTIFY - welcome owner id=113 memberId=UNKNOWN27787884587
INFO  AUDIT - owner created id=114 memberId=UNKNOWN27CB1902C06 registrationDate=2026-08-10 membershipLevel=1
INFO  AUDIT - {"seq":104,"ownerId":114,"customerCode":"UNKNOWN27CB1902C06","membershipLevel":1,"event":"OWNER_CREATED"}
INFO  NOTIFY - welcome owner id=114 memberId=UNKNOWN27CB1902C06
INFO  AUDIT - owner created id=115 memberId=UNKNOWN270D24E6AA2 registrationDate=2026-08-10 membershipLevel=1
INFO  AUDIT - {"seq":105,"ownerId":115,"customerCode":"UNKNOWN270D24E6AA2","membershipLevel":1,"event":"OWNER_CREATED"}
INFO  NOTIFY - welcome owner id=115 memberId=UNKNOWN270D24E6AA2
INFO  AUDIT - owner created id=116 memberId=UNKNOWN278BB9B0F89 registrationDate=2026-08-10 membershipLevel=1
INFO  AUDIT - {"seq":106,"ownerId":116,"customerCode":"UNKNOWN278BB9B0F89","membershipLevel":1,"event":"OWNER_CREATED"}
INFO  NOTIFY - welcome owner id=116 memberId=UNKNOWN278BB9B0F89
INFO  AUDIT - owner created id=117 memberId=UNKNOWN279EC434D48 registrationDate=2026-08-10 membershipLevel=1
INFO  AUDIT - {"seq":107,"ownerId":117,"customerCode":"UNKNOWN279EC434D48","membershipLevel":1,"event":"OWNER_CREATED"}
INFO  NOTIFY - welcome owner id=117 memberId=UNKNOWN279EC434D48
INFO  AUDIT - owner created id=118 memberId=UNKNOWN27AA771E492 registrationDate=2026-08-10 membershipLevel=1
INFO  AUDIT - {"seq":108,"ownerId":118,"customerCode":"UNKNOWN27AA771E492","membershipLevel":1,"event":"OWNER_CREATED"}
INFO  NOTIFY - welcome owner id=118 memberId=UNKNOWN27AA771E492
INFO  AUDIT - owner created id=119 memberId=UNKNOWN27DD9315139 registrationDate=2026-08-10 membershipLevel=1
INFO  AUDIT - {"seq":109,"ownerId":119,"customerCode":"UNKNOWN27DD9315139","membershipLevel":1,"event":"OWNER_CREATED"}
INFO  NOTIFY - welcome owner id=119 memberId=UNKNOWN27DD9315139
INFO  AUDIT - owner created id=120 memberId=UNKNOWN27EDB36FBB7 registrationDate=2026-08-10 membershipLevel=1
INFO  AUDIT - {"seq":110,"ownerId":120,"customerCode":"UNKNOWN27EDB36FBB7","membershipLevel":1,"event":"OWNER_CREATED"}
INFO  NOTIFY - welcome owner id=120 memberId=UNKNOWN27EDB36FBB7
INFO  AUDIT - owner created id=121 memberId=UNKNOWN27A1B7EA064 registrationDate=2026-08-10 membershipLevel=1
INFO  AUDIT - {"seq":111,"ownerId":121,"customerCode":"UNKNOWN27A1B7EA064","membershipLevel":1,"event":"OWNER_CREATED"}
INFO  NOTIFY - welcome owner id=121 memberId=UNKNOWN27A1B7EA064
INFO  AUDIT - owner created id=122 memberId=UNKNOWN277C2674301 registrationDate=2026-08-10 membershipLevel=1
INFO  AUDIT - {"seq":112,"ownerId":122,"customerCode":"UNKNOWN277C2674301","membershipLevel":1,"event":"OWNER_CREATED"}
INFO  NOTIFY - welcome owner id=122 memberId=UNKNOWN277C2674301
INFO  AUDIT - owner created id=123 memberId=UNKNOWN27B3C1202E4 registrationDate=2026-08-10 membershipLevel=1
INFO  AUDIT - {"seq":113,"ownerId":123,"customerCode":"UNKNOWN27B3C1202E4","membershipLevel":1,"event":"OWNER_CREATED"}
INFO  NOTIFY - welcome owner id=123 memberId=UNKNOWN27B3C1202E4
INFO  AUDIT - owner created id=124 memberId=UNKNOWN27649DB92D0 registrationDate=2026-08-10 membershipLevel=1
INFO  AUDIT - {"seq":114,"ownerId":124,"customerCode":"UNKNOWN27649DB92D0","membershipLevel":1,"event":"OWNER_CREATED"}
INFO  NOTIFY - welcome owner id=124 memberId=UNKNOWN27649DB92D0
INFO  AUDIT - owner created id=125 memberId=UNKNOWN27657A1BD13 registrationDate=2026-08-10 membershipLevel=1
INFO  AUDIT - {"seq":115,"ownerId":125,"customerCode":"UNKNOWN27657A1BD13","membershipLevel":1,"event":"OWNER_CREATED"}
INFO  NOTIFY - welcome owner id=125 memberId=UNKNOWN27657A1BD13
INFO  AUDIT - owner created id=126 memberId=UNKNOWN27DDFC257E5 registrationDate=2026-08-10 membershipLevel=1
INFO  AUDIT - {"seq":116,"ownerId":126,"customerCode":"UNKNOWN27DDFC257E5","membershipLevel":1,"event":"OWNER_CREATED"}
INFO  NOTIFY - welcome owner id=126 memberId=UNKNOWN27DDFC257E5
INFO  AUDIT - owner created id=127 memberId=UNKNOWN27F3A60E049 registrationDate=2026-08-10 membershipLevel=1
INFO  AUDIT - {"seq":117,"ownerId":127,"customerCode":"UNKNOWN27F3A60E049","membershipLevel":1,"event":"OWNER_CREATED"}
INFO  NOTIFY - welcome owner id=127 memberId=UNKNOWN27F3A60E049
INFO  AUDIT - owner created id=128 memberId=UNKNOWN273BF29EE49 registrationDate=2026-08-10 membershipLevel=1
INFO  AUDIT - {"seq":118,"ownerId":128,"customerCode":"UNKNOWN273BF29EE49","membershipLevel":1,"event":"OWNER_CREATED"}
INFO  NOTIFY - welcome owner id=128 memberId=UNKNOWN273BF29EE49
INFO  AUDIT - owner created id=129 memberId=UNKNOWN276E47171F1 registrationDate=2026-08-10 membershipLevel=1
INFO  AUDIT - {"seq":119,"ownerId":129,"customerCode":"UNKNOWN276E47171F1","membershipLevel":1,"event":"OWNER_CREATED"}
INFO  NOTIFY - welcome owner id=129 memberId=UNKNOWN276E47171F1
INFO  AUDIT - owner created id=130 memberId=UNKNOWN272CE256736 registrationDate=2026-08-10 membershipLevel=1
INFO  AUDIT - {"seq":120,"ownerId":130,"customerCode":"UNKNOWN272CE256736","membershipLevel":1,"event":"OWNER_CREATED"}
INFO  NOTIFY - welcome owner id=130 memberId=UNKNOWN272CE256736
INFO  AUDIT - owner created id=131 memberId=UNKNOWN273C3BCD905 registrationDate=2026-08-10 membershipLevel=1
INFO  AUDIT - {"seq":121,"ownerId":131,"customerCode":"UNKNOWN273C3BCD905","membershipLevel":1,"event":"OWNER_CREATED"}
INFO  NOTIFY - welcome owner id=131 memberId=UNKNOWN273C3BCD905
INFO  AUDIT - owner created id=132 memberId=UNKNOWN277711F7F01 registrationDate=2026-08-10 membershipLevel=1
INFO  AUDIT - {"seq":122,"ownerId":132,"customerCode":"UNKNOWN277711F7F01","membershipLevel":1,"event":"OWNER_CREATED"}
INFO  NOTIFY - welcome owner id=132 memberId=UNKNOWN277711F7F01
INFO  AUDIT - owner created id=133 memberId=UNKNOWN27B6D211521 registrationDate=2026-08-10 membershipLevel=1
INFO  AUDIT - {"seq":123,"ownerId":133,"customerCode":"UNKNOWN27B6D211521","membershipLevel":1,"event":"OWNER_CREATED"}
INFO  NOTIFY - welcome owner id=133 memberId=UNKNOWN27B6D211521
INFO  AUDIT - owner created id=134 memberId=UNKNOWN277306E5B10 registrationDate=2026-08-10 membershipLevel=1
INFO  AUDIT - {"seq":124,"ownerId":134,"customerCode":"UNKNOWN277306E5B10","membershipLevel":1,"event":"OWNER_CREATED"}
INFO  NOTIFY - welcome owner id=134 memberId=UNKNOWN277306E5B10
INFO  AUDIT - owner created id=135 memberId=UNKNOWN27711CE4955 registrationDate=2026-08-10 membershipLevel=1
INFO  AUDIT - {"seq":125,"ownerId":135,"customerCode":"UNKNOWN27711CE4955","membershipLevel":1,"event":"OWNER_CREATED"}
INFO  NOTIFY - welcome owner id=135 memberId=UNKNOWN27711CE4955
INFO  AUDIT - owner created id=136 memberId=UNKNOWN271D6AEE959 registrationDate=2026-08-10 membershipLevel=1
INFO  AUDIT - {"seq":126,"ownerId":136,"customerCode":"UNKNOWN271D6AEE959","membershipLevel":1,"event":"OWNER_CREATED"}
INFO  NOTIFY - welcome owner id=136 memberId=UNKNOWN271D6AEE959
INFO  AUDIT - owner created id=137 memberId=UNKNOWN274F8D30B80 registrationDate=2026-08-10 membershipLevel=1
INFO  AUDIT - {"seq":127,"ownerId":137,"customerCode":"UNKNOWN274F8D30B80","membershipLevel":1,"event":"OWNER_CREATED"}
INFO  NOTIFY - welcome owner id=137 memberId=UNKNOWN274F8D30B80
INFO  AUDIT - owner created id=138 memberId=UNKNOWN27C07BBA7F7 registrationDate=2026-08-10 membershipLevel=1
INFO  AUDIT - {"seq":128,"ownerId":138,"customerCode":"UNKNOWN27C07BBA7F7","membershipLevel":1,"event":"OWNER_CREATED"}
INFO  NOTIFY - welcome owner id=138 memberId=UNKNOWN27C07BBA7F7
INFO  AUDIT - owner created id=139 memberId=UNKNOWN27F22F08F05 registrationDate=2026-08-10 membershipLevel=1
INFO  AUDIT - {"seq":129,"ownerId":139,"customerCode":"UNKNOWN27F22F08F05","membershipLevel":1,"event":"OWNER_CREATED"}
INFO  NOTIFY - welcome owner id=139 memberId=UNKNOWN27F22F08F05
INFO  AUDIT - owner created id=140 memberId=UNKNOWN275C4541F14 registrationDate=2026-08-10 membershipLevel=1
INFO  AUDIT - {"seq":130,"ownerId":140,"customerCode":"UNKNOWN275C4541F14","membershipLevel":1,"event":"OWNER_CREATED"}
INFO  NOTIFY - welcome owner id=140 memberId=UNKNOWN275C4541F14
INFO  AUDIT - owner created id=141 memberId=UNKNOWN2770E3F0888 registrationDate=2026-08-10 membershipLevel=1
INFO  AUDIT - {"seq":131,"ownerId":141,"customerCode":"UNKNOWN2770E3F0888","membershipLevel":1,"event":"OWNER_CREATED"}
INFO  NOTIFY - welcome owner id=141 memberId=UNKNOWN2770E3F0888
INFO  AUDIT - owner created id=142 memberId=UNKNOWN27CC149EB13 registrationDate=2026-08-10 membershipLevel=1
INFO  AUDIT - {"seq":132,"ownerId":142,"customerCode":"UNKNOWN27CC149EB13","membershipLevel":1,"event":"OWNER_CREATED"}
INFO  NOTIFY - welcome owner id=142 memberId=UNKNOWN27CC149EB13
INFO  AUDIT - owner created id=143 memberId=UNKNOWN276071D0984 registrationDate=2026-08-10 membershipLevel=1
INFO  AUDIT - {"seq":133,"ownerId":143,"customerCode":"UNKNOWN276071D0984","membershipLevel":1,"event":"OWNER_CREATED"}
INFO  NOTIFY - welcome owner id=143 memberId=UNKNOWN276071D0984
INFO  AUDIT - owner created id=144 memberId=UNKNOWN27A72453482 registrationDate=2026-08-10 membershipLevel=1
INFO  AUDIT - {"seq":134,"ownerId":144,"customerCode":"UNKNOWN27A72453482","membershipLevel":1,"event":"OWNER_CREATED"}
INFO  NOTIFY - welcome owner id=144 memberId=UNKNOWN27A72453482
INFO  AUDIT - owner created id=145 memberId=UNKNOWN27B2CE06978 registrationDate=2026-08-10 membershipLevel=1
INFO  AUDIT - {"seq":135,"ownerId":145,"customerCode":"UNKNOWN27B2CE06978","membershipLevel":1,"event":"OWNER_CREATED"}
INFO  NOTIFY - welcome owner id=145 memberId=UNKNOWN27B2CE06978
INFO  AnnotationConfigContextLoaderUtils - Could not detect default configuration classes for test class [org.springframework.samples.petclinic.acceptance.Cp29Tests]: Cp29Tests does not declare any static, non-private, non-final, nested classes annotated with @Configuration.
INFO  SpringBootTestContextBootstrapper - Found @SpringBootConfiguration org.springframework.samples.petclinic.PetClinicApplication for test class org.springframework.samples.petclinic.acceptance.Cp29Tests
INFO  AnnotationConfigContextLoaderUtils - Could not detect default configuration classes for test class [org.springframework.samples.petclinic.acceptance.Cp29Tests]: Cp29Tests does not declare any static, non-private, non-final, nested classes annotated with @Configuration.
INFO  AnnotationConfigContextLoaderUtils - Could not detect default configuration classes for test class [org.springframework.samples.petclinic.acceptance.AcceptanceBase]: AcceptanceBase does not declare any static, non-private, non-final, nested classes annotated with @Configuration.
INFO  SpringBootTestContextBootstrapper - Found @SpringBootConfiguration org.springframework.samples.petclinic.PetClinicApplication for test class org.springframework.samples.petclinic.acceptance.Cp29Tests
INFO  AUDIT - owner created id=146 memberId=NSW272C1B4C3B9 registrationDate=2026-08-10 membershipLevel=1
INFO  AUDIT - {"seq":136,"ownerId":146,"customerCode":"NSW272C1B4C3B9","membershipLevel":1,"event":"OWNER_CREATED"}
INFO  NOTIFY - welcome owner id=146 memberId=NSW272C1B4C3B9
INFO  AnnotationConfigContextLoaderUtils - Could not detect default configuration classes for test class [org.springframework.samples.petclinic.acceptance.Cp56Tests]: Cp56Tests does not declare any static, non-private, non-final, nested classes annotated with @Configuration.
INFO  SpringBootTestContextBootstrapper - Found @SpringBootConfiguration org.springframework.samples.petclinic.PetClinicApplication for test class org.springframework.samples.petclinic.acceptance.Cp56Tests
INFO  AnnotationConfigContextLoaderUtils - Could not detect default configuration classes for test class [org.springframework.samples.petclinic.acceptance.Cp56Tests]: Cp56Tests does not declare any static, non-private, non-final, nested classes annotated with @Configuration.
INFO  AnnotationConfigContextLoaderUtils - Could not detect default configuration classes for test class [org.springframework.samples.petclinic.acceptance.AcceptanceBase]: AcceptanceBase does not declare any static, non-private, non-final, nested classes annotated with @Configuration.
INFO  SpringBootTestContextBootstrapper - Found @SpringBootConfiguration org.springframework.samples.petclinic.PetClinicApplication for test class org.springframework.samples.petclinic.acceptance.Cp56Tests
INFO  AUDIT - owner created id=147 memberId=NSW27787E9C1D0 registrationDate=2026-08-10 membershipLevel=1
INFO  AUDIT - {"seq":137,"ownerId":147,"customerCode":"NSW27787E9C1D0","membershipLevel":1,"event":"OWNER_CREATED"}
INFO  NOTIFY - welcome owner id=147 memberId=NSW27787E9C1D0
INFO  AnnotationConfigContextLoaderUtils - Could not detect default configuration classes for test class [org.springframework.samples.petclinic.acceptance.Cp25Tests]: Cp25Tests does not declare any static, non-private, non-final, nested classes annotated with @Configuration.
INFO  SpringBootTestContextBootstrapper - Found @SpringBootConfiguration org.springframework.samples.petclinic.PetClinicApplication for test class org.springframework.samples.petclinic.acceptance.Cp25Tests
INFO  AnnotationConfigContextLoaderUtils - Could not detect default configuration classes for test class [org.springframework.samples.petclinic.acceptance.Cp25Tests]: Cp25Tests does not declare any static, non-private, non-final, nested classes annotated with @Configuration.
INFO  AnnotationConfigContextLoaderUtils - Could not detect default configuration classes for test class [org.springframework.samples.petclinic.acceptance.AcceptanceBase]: AcceptanceBase does not declare any static, non-private, non-final, nested classes annotated with @Configuration.
INFO  SpringBootTestContextBootstrapper - Found @SpringBootConfiguration org.springframework.samples.petclinic.PetClinicApplication for test class org.springframework.samples.petclinic.acceptance.Cp25Tests
INFO  AUDIT - owner created id=148 memberId=UNKNOWN270B72AEB89 registrationDate=2026-08-10 membershipLevel=2
INFO  AUDIT - {"seq":138,"ownerId":148,"customerCode":"UNKNOWN270B72AEB89","membershipLevel":2,"event":"OWNER_CREATED"}
INFO  NOTIFY - welcome owner id=148 memberId=UNKNOWN270B72AEB89
INFO  AnnotationConfigContextLoaderUtils - Could not detect default configuration classes for test class [org.springframework.samples.petclinic.acceptance.Cp36Tests]: Cp36Tests does not declare any static, non-private, non-final, nested classes annotated with @Configuration.
INFO  SpringBootTestContextBootstrapper - Found @SpringBootConfiguration org.springframework.samples.petclinic.PetClinicApplication for test class org.springframework.samples.petclinic.acceptance.Cp36Tests
INFO  AnnotationConfigContextLoaderUtils - Could not detect default configuration classes for test class [org.springframework.samples.petclinic.acceptance.Cp36Tests]: Cp36Tests does not declare any static, non-private, non-final, nested classes annotated with @Configuration.
INFO  AnnotationConfigContextLoaderUtils - Could not detect default configuration classes for test class [org.springframework.samples.petclinic.acceptance.AcceptanceBase]: AcceptanceBase does not declare any static, non-private, non-final, nested classes annotated with @Configuration.
INFO  SpringBootTestContextBootstrapper - Found @SpringBootConfiguration org.springframework.samples.petclinic.PetClinicApplication for test class org.springframework.samples.petclinic.acceptance.Cp36Tests
INFO  AUDIT - owner created id=149 memberId=NSW27F3FD5C769 registrationDate=2026-08-10 membershipLevel=1
INFO  AUDIT - {"seq":139,"ownerId":149,"customerCode":"NSW27F3FD5C769","membershipLevel":1,"event":"OWNER_CREATED"}
INFO  NOTIFY - welcome owner id=149 memberId=NSW27F3FD5C769
INFO  AUDIT - owner created id=150 memberId=NSW273910135F6 registrationDate=2026-08-10 membershipLevel=1
INFO  AUDIT - {"seq":140,"ownerId":150,"customerCode":"NSW273910135F6","membershipLevel":1,"event":"OWNER_CREATED"}
INFO  NOTIFY - welcome owner id=150 memberId=NSW273910135F6
INFO  AnnotationConfigContextLoaderUtils - Could not detect default configuration classes for test class [org.springframework.samples.petclinic.acceptance.Cp30Tests]: Cp30Tests does not declare any static, non-private, non-final, nested classes annotated with @Configuration.
INFO  SpringBootTestContextBootstrapper - Found @SpringBootConfiguration org.springframework.samples.petclinic.PetClinicApplication for test class org.springframework.samples.petclinic.acceptance.Cp30Tests
INFO  AnnotationConfigContextLoaderUtils - Could not detect default configuration classes for test class [org.springframework.samples.petclinic.acceptance.Cp30Tests]: Cp30Tests does not declare any static, non-private, non-final, nested classes annotated with @Configuration.
INFO  AnnotationConfigContextLoaderUtils - Could not detect default configuration classes for test class [org.springframework.samples.petclinic.acceptance.AcceptanceBase]: AcceptanceBase does not declare any static, non-private, non-final, nested classes annotated with @Configuration.
INFO  SpringBootTestContextBootstrapper - Found @SpringBootConfiguration org.springframework.samples.petclinic.PetClinicApplication for test class org.springframework.samples.petclinic.acceptance.Cp30Tests
INFO  AUDIT - owner created id=151 memberId=NSW27E700638E3 registrationDate=2026-08-10 membershipLevel=1
INFO  AUDIT - {"seq":141,"ownerId":151,"customerCode":"NSW27E700638E3","membershipLevel":1,"event":"OWNER_CREATED"}
INFO  NOTIFY - welcome owner id=151 memberId=NSW27E700638E3
INFO  AnnotationConfigContextLoaderUtils - Could not detect default configuration classes for test class [org.springframework.samples.petclinic.acceptance.Cp38Tests]: Cp38Tests does not declare any static, non-private, non-final, nested classes annotated with @Configuration.
INFO  SpringBootTestContextBootstrapper - Found @SpringBootConfiguration org.springframework.samples.petclinic.PetClinicApplication for test class org.springframework.samples.petclinic.acceptance.Cp38Tests
INFO  AnnotationConfigContextLoaderUtils - Could not detect default configuration classes for test class [org.springframework.samples.petclinic.acceptance.Cp38Tests]: Cp38Tests does not declare any static, non-private, non-final, nested classes annotated with @Configuration.
INFO  AnnotationConfigContextLoaderUtils - Could not detect default configuration classes for test class [org.springframework.samples.petclinic.acceptance.AcceptanceBase]: AcceptanceBase does not declare any static, non-private, non-final, nested classes annotated with @Configuration.
INFO  SpringBootTestContextBootstrapper - Found @SpringBootConfiguration org.springframework.samples.petclinic.PetClinicApplication for test class org.springframework.samples.petclinic.acceptance.Cp38Tests
INFO  AnnotationConfigContextLoaderUtils - Could not detect default configuration classes for test class [org.springframework.samples.petclinic.acceptance.Cp43Tests]: Cp43Tests does not declare any static, non-private, non-final, nested classes annotated with @Configuration.
INFO  SpringBootTestContextBootstrapper - Found @SpringBootConfiguration org.springframework.samples.petclinic.PetClinicApplication for test class org.springframework.samples.petclinic.acceptance.Cp43Tests
INFO  AnnotationConfigContextLoaderUtils - Could not detect default configuration classes for test class [org.springframework.samples.petclinic.acceptance.Cp43Tests]: Cp43Tests does not declare any static, non-private, non-final, nested classes annotated with @Configuration.
INFO  AnnotationConfigContextLoaderUtils - Could not detect default configuration classes for test class [org.springframework.samples.petclinic.acceptance.AcceptanceBase]: AcceptanceBase does not declare any static, non-private, non-final, nested classes annotated with @Configuration.
INFO  SpringBootTestContextBootstrapper - Found @SpringBootConfiguration org.springframework.samples.petclinic.PetClinicApplication for test class org.springframework.samples.petclinic.acceptance.Cp43Tests
INFO  AUDIT - owner created id=152 memberId=NSW2748F4AFF40 registrationDate=2026-08-10 membershipLevel=2
INFO  AUDIT - {"seq":142,"ownerId":152,"customerCode":"NSW2748F4AFF40","membershipLevel":2,"event":"OWNER_CREATED"}
INFO  NOTIFY - welcome owner id=152 memberId=NSW2748F4AFF40
INFO  AnnotationConfigContextLoaderUtils - Could not detect default configuration classes for test class [org.springframework.samples.petclinic.acceptance.Cp19Tests]: Cp19Tests does not declare any static, non-private, non-final, nested classes annotated with @Configuration.
INFO  SpringBootTestContextBootstrapper - Found @SpringBootConfiguration org.springframework.samples.petclinic.PetClinicApplication for test class org.springframework.samples.petclinic.acceptance.Cp19Tests
INFO  AnnotationConfigContextLoaderUtils - Could not detect default configuration classes for test class [org.springframework.samples.petclinic.acceptance.Cp19Tests]: Cp19Tests does not declare any static, non-private, non-final, nested classes annotated with @Configuration.
INFO  AnnotationConfigContextLoaderUtils - Could not detect default configuration classes for test class [org.springframework.samples.petclinic.acceptance.AcceptanceBase]: AcceptanceBase does not declare any static, non-private, non-final, nested classes annotated with @Configuration.
INFO  SpringBootTestContextBootstrapper - Found @SpringBootConfiguration org.springframework.samples.petclinic.PetClinicApplication for test class org.springframework.samples.petclinic.acceptance.Cp19Tests
INFO  AUDIT - owner created id=153 memberId=UNKNOWN276B39FC7F7 registrationDate=2026-08-10 membershipLevel=1
INFO  AUDIT - {"seq":143,"ownerId":153,"customerCode":"UNKNOWN276B39FC7F7","membershipLevel":1,"event":"OWNER_CREATED"}
INFO  NOTIFY - welcome owner id=153 memberId=UNKNOWN276B39FC7F7
INFO  AUDIT - owner created id=154 memberId=UNKNOWN27C093C08B7 registrationDate=2026-08-10 membershipLevel=1
INFO  AUDIT - {"seq":144,"ownerId":154,"customerCode":"UNKNOWN27C093C08B7","membershipLevel":1,"event":"OWNER_CREATED"}
INFO  NOTIFY - welcome owner id=154 memberId=UNKNOWN27C093C08B7
INFO  AUDIT - owner created id=155 memberId=UNKNOWN272B56DBBC7 registrationDate=2026-08-10 membershipLevel=1
INFO  AUDIT - {"seq":145,"ownerId":155,"customerCode":"UNKNOWN272B56DBBC7","membershipLevel":1,"event":"OWNER_CREATED"}
INFO  NOTIFY - welcome owner id=155 memberId=UNKNOWN272B56DBBC7
INFO  AUDIT - owner created id=156 memberId=UNKNOWN270D3B23D74 registrationDate=2026-08-10 membershipLevel=1
INFO  AUDIT - {"seq":146,"ownerId":156,"customerCode":"UNKNOWN270D3B23D74","membershipLevel":1,"event":"OWNER_CREATED"}
INFO  NOTIFY - welcome owner id=156 memberId=UNKNOWN270D3B23D74
INFO  AUDIT - owner created id=157 memberId=UNKNOWN275697E6A13 registrationDate=2026-08-10 membershipLevel=1
INFO  AUDIT - {"seq":147,"ownerId":157,"customerCode":"UNKNOWN275697E6A13","membershipLevel":1,"event":"OWNER_CREATED"}
INFO  NOTIFY - welcome owner id=157 memberId=UNKNOWN275697E6A13
INFO  AUDIT - owner created id=158 memberId=UNKNOWN27F3D46FFF6 registrationDate=2026-08-10 membershipLevel=1
INFO  AUDIT - {"seq":148,"ownerId":158,"customerCode":"UNKNOWN27F3D46FFF6","membershipLevel":1,"event":"OWNER_CREATED"}
INFO  NOTIFY - welcome owner id=158 memberId=UNKNOWN27F3D46FFF6
INFO  AUDIT - owner created id=159 memberId=UNKNOWN274DC793CA9 registrationDate=2026-08-10 membershipLevel=1
INFO  AUDIT - {"seq":149,"ownerId":159,"customerCode":"UNKNOWN274DC793CA9","membershipLevel":1,"event":"OWNER_CREATED"}
INFO  NOTIFY - welcome owner id=159 memberId=UNKNOWN274DC793CA9
INFO  AUDIT - owner created id=160 memberId=UNKNOWN279852482D9 registrationDate=2026-08-10 membershipLevel=1
INFO  AUDIT - {"seq":150,"ownerId":160,"customerCode":"UNKNOWN279852482D9","membershipLevel":1,"event":"OWNER_CREATED"}
INFO  NOTIFY - welcome owner id=160 memberId=UNKNOWN279852482D9
INFO  AUDIT - owner created id=161 memberId=UNKNOWN27F4B02ADC7 registrationDate=2026-08-10 membershipLevel=1
INFO  AUDIT - {"seq":151,"ownerId":161,"customerCode":"UNKNOWN27F4B02ADC7","membershipLevel":1,"event":"OWNER_CREATED"}
INFO  NOTIFY - welcome owner id=161 memberId=UNKNOWN27F4B02ADC7
INFO  AUDIT - owner created id=162 memberId=UNKNOWN27FBA375724 registrationDate=2026-08-10 membershipLevel=1
INFO  AUDIT - {"seq":152,"ownerId":162,"customerCode":"UNKNOWN27FBA375724","membershipLevel":1,"event":"OWNER_CREATED"}
INFO  NOTIFY - welcome owner id=162 memberId=UNKNOWN27FBA375724
INFO  AUDIT - owner created id=163 memberId=UNKNOWN27B01E9F561 registrationDate=2026-08-10 membershipLevel=1
INFO  AUDIT - {"seq":153,"ownerId":163,"customerCode":"UNKNOWN27B01E9F561","membershipLevel":1,"event":"OWNER_CREATED"}
INFO  NOTIFY - welcome owner id=163 memberId=UNKNOWN27B01E9F561
INFO  AUDIT - owner created id=164 memberId=UNKNOWN2757829E326 registrationDate=2026-08-10 membershipLevel=1
INFO  AUDIT - {"seq":154,"ownerId":164,"customerCode":"UNKNOWN2757829E326","membershipLevel":1,"event":"OWNER_CREATED"}
INFO  NOTIFY - welcome owner id=164 memberId=UNKNOWN2757829E326
INFO  AUDIT - owner created id=165 memberId=UNKNOWN27E63A94A83 registrationDate=2026-08-10 membershipLevel=1
INFO  AUDIT - {"seq":155,"ownerId":165,"customerCode":"UNKNOWN27E63A94A83","membershipLevel":1,"event":"OWNER_CREATED"}
INFO  NOTIFY - welcome owner id=165 memberId=UNKNOWN27E63A94A83
INFO  AUDIT - owner created id=166 memberId=UNKNOWN27485065A12 registrationDate=2026-08-10 membershipLevel=1
INFO  AUDIT - {"seq":156,"ownerId":166,"customerCode":"UNKNOWN27485065A12","membershipLevel":1,"event":"OWNER_CREATED"}
INFO  NOTIFY - welcome owner id=166 memberId=UNKNOWN27485065A12
INFO  AUDIT - owner created id=167 memberId=UNKNOWN27C3B276360 registrationDate=2026-08-10 membershipLevel=1
INFO  AUDIT - {"seq":157,"ownerId":167,"customerCode":"UNKNOWN27C3B276360","membershipLevel":1,"event":"OWNER_CREATED"}
INFO  NOTIFY - welcome owner id=167 memberId=UNKNOWN27C3B276360
INFO  AUDIT - owner created id=168 memberId=UNKNOWN275C5669005 registrationDate=2026-08-10 membershipLevel=1
INFO  AUDIT - {"seq":158,"ownerId":168,"customerCode":"UNKNOWN275C5669005","membershipLevel":1,"event":"OWNER_CREATED"}
INFO  NOTIFY - welcome owner id=168 memberId=UNKNOWN275C5669005
INFO  AUDIT - owner created id=169 memberId=UNKNOWN273A860BC85 registrationDate=2026-08-10 membershipLevel=1
INFO  AUDIT - {"seq":159,"ownerId":169,"customerCode":"UNKNOWN273A860BC85","membershipLevel":1,"event":"OWNER_CREATED"}
INFO  NOTIFY - welcome owner id=169 memberId=UNKNOWN273A860BC85
INFO  AUDIT - owner created id=170 memberId=UNKNOWN271B888C562 registrationDate=2026-08-10 membershipLevel=1
INFO  AUDIT - {"seq":160,"ownerId":170,"customerCode":"UNKNOWN271B888C562","membershipLevel":1,"event":"OWNER_CREATED"}
INFO  NOTIFY - welcome owner id=170 memberId=UNKNOWN271B888C562
INFO  AUDIT - owner created id=171 memberId=UNKNOWN27C80C269E3 registrationDate=2026-08-10 membershipLevel=1
INFO  AUDIT - {"seq":161,"ownerId":171,"customerCode":"UNKNOWN27C80C269E3","membershipLevel":1,"event":"OWNER_CREATED"}
INFO  NOTIFY - welcome owner id=171 memberId=UNKNOWN27C80C269E3
INFO  AUDIT - owner created id=172 memberId=UNKNOWN27EDAD915F8 registrationDate=2026-08-10 membershipLevel=1
INFO  AUDIT - {"seq":162,"ownerId":172,"customerCode":"UNKNOWN27EDAD915F8","membershipLevel":1,"event":"OWNER_CREATED"}
INFO  NOTIFY - welcome owner id=172 memberId=UNKNOWN27EDAD915F8
INFO  AUDIT - owner created id=173 memberId=UNKNOWN27C7E5929D9 registrationDate=2026-08-10 membershipLevel=1
INFO  AUDIT - {"seq":163,"ownerId":173,"customerCode":"UNKNOWN27C7E5929D9","membershipLevel":1,"event":"OWNER_CREATED"}
INFO  NOTIFY - welcome owner id=173 memberId=UNKNOWN27C7E5929D9
INFO  AUDIT - owner created id=174 memberId=UNKNOWN276C6C2EB51 registrationDate=2026-08-10 membershipLevel=1
INFO  AUDIT - {"seq":164,"ownerId":174,"customerCode":"UNKNOWN276C6C2EB51","membershipLevel":1,"event":"OWNER_CREATED"}
INFO  NOTIFY - welcome owner id=174 memberId=UNKNOWN276C6C2EB51
INFO  AUDIT - owner created id=175 memberId=UNKNOWN27E2B08E5C2 registrationDate=2026-08-10 membershipLevel=1
INFO  AUDIT - {"seq":165,"ownerId":175,"customerCode":"UNKNOWN27E2B08E5C2","membershipLevel":1,"event":"OWNER_CREATED"}
INFO  NOTIFY - welcome owner id=175 memberId=UNKNOWN27E2B08E5C2
INFO  AUDIT - owner created id=176 memberId=UNKNOWN274A162BDC7 registrationDate=2026-08-10 membershipLevel=1
INFO  AUDIT - {"seq":166,"ownerId":176,"customerCode":"UNKNOWN274A162BDC7","membershipLevel":1,"event":"OWNER_CREATED"}
INFO  NOTIFY - welcome owner id=176 memberId=UNKNOWN274A162BDC7
INFO  AUDIT - owner created id=177 memberId=UNKNOWN27201F45D72 registrationDate=2026-08-10 membershipLevel=1
INFO  AUDIT - {"seq":167,"ownerId":177,"customerCode":"UNKNOWN27201F45D72","membershipLevel":1,"event":"OWNER_CREATED"}
INFO  NOTIFY - welcome owner id=177 memberId=UNKNOWN27201F45D72
INFO  AUDIT - owner created id=178 memberId=UNKNOWN2717E873ED0 registrationDate=2026-08-10 membershipLevel=1
INFO  AUDIT - {"seq":168,"ownerId":178,"customerCode":"UNKNOWN2717E873ED0","membershipLevel":1,"event":"OWNER_CREATED"}
INFO  NOTIFY - welcome owner id=178 memberId=UNKNOWN2717E873ED0
INFO  AUDIT - owner created id=179 memberId=UNKNOWN27F6B28FA05 registrationDate=2026-08-10 membershipLevel=1
INFO  AUDIT - {"seq":169,"ownerId":179,"customerCode":"UNKNOWN27F6B28FA05","membershipLevel":1,"event":"OWNER_CREATED"}
INFO  NOTIFY - welcome owner id=179 memberId=UNKNOWN27F6B28FA05
INFO  AUDIT - owner created id=180 memberId=UNKNOWN271CE54BC49 registrationDate=2026-08-10 membershipLevel=1
INFO  AUDIT - {"seq":170,"ownerId":180,"customerCode":"UNKNOWN271CE54BC49","membershipLevel":1,"event":"OWNER_CREATED"}
INFO  NOTIFY - welcome owner id=180 memberId=UNKNOWN271CE54BC49
INFO  AUDIT - owner created id=181 memberId=UNKNOWN2766A705095 registrationDate=2026-08-10 membershipLevel=1
INFO  AUDIT - {"seq":171,"ownerId":181,"customerCode":"UNKNOWN2766A705095","membershipLevel":1,"event":"OWNER_CREATED"}
INFO  NOTIFY - welcome owner id=181 memberId=UNKNOWN2766A705095
INFO  AUDIT - owner created id=182 memberId=UNKNOWN27ECCB20C13 registrationDate=2026-08-10 membershipLevel=1
INFO  AUDIT - {"seq":172,"ownerId":182,"customerCode":"UNKNOWN27ECCB20C13","membershipLevel":1,"event":"OWNER_CREATED"}
INFO  NOTIFY - welcome owner id=182 memberId=UNKNOWN27ECCB20C13
INFO  AUDIT - owner created id=183 memberId=UNKNOWN27B0B905E13 registrationDate=2026-08-10 membershipLevel=1
INFO  AUDIT - {"seq":173,"ownerId":183,"customerCode":"UNKNOWN27B0B905E13","membershipLevel":1,"event":"OWNER_CREATED"}
INFO  NOTIFY - welcome owner id=183 memberId=UNKNOWN27B0B905E13
INFO  AUDIT - owner created id=184 memberId=UNKNOWN27936006819 registrationDate=2026-08-10 membershipLevel=1
INFO  AUDIT - {"seq":174,"ownerId":184,"customerCode":"UNKNOWN27936006819","membershipLevel":1,"event":"OWNER_CREATED"}
INFO  NOTIFY - welcome owner id=184 memberId=UNKNOWN27936006819
INFO  AUDIT - owner created id=185 memberId=UNKNOWN271A91DA519 registrationDate=2026-08-10 membershipLevel=1
INFO  AUDIT - {"seq":175,"ownerId":185,"customerCode":"UNKNOWN271A91DA519","membershipLevel":1,"event":"OWNER_CREATED"}
INFO  NOTIFY - welcome owner id=185 memberId=UNKNOWN271A91DA519
INFO  AUDIT - owner created id=186 memberId=UNKNOWN2746001E7C0 registrationDate=2026-08-10 membershipLevel=1
INFO  AUDIT - {"seq":176,"ownerId":186,"customerCode":"UNKNOWN2746001E7C0","membershipLevel":1,"event":"OWNER_CREATED"}
INFO  NOTIFY - welcome owner id=186 memberId=UNKNOWN2746001E7C0
INFO  AUDIT - owner created id=187 memberId=UNKNOWN27618DC4A95 registrationDate=2026-08-10 membershipLevel=1
INFO  AUDIT - {"seq":177,"ownerId":187,"customerCode":"UNKNOWN27618DC4A95","membershipLevel":1,"event":"OWNER_CREATED"}
INFO  NOTIFY - welcome owner id=187 memberId=UNKNOWN27618DC4A95
INFO  AUDIT - owner created id=188 memberId=UNKNOWN279D9727B15 registrationDate=2026-08-10 membershipLevel=1
INFO  AUDIT - {"seq":178,"ownerId":188,"customerCode":"UNKNOWN279D9727B15","membershipLevel":1,"event":"OWNER_CREATED"}
INFO  NOTIFY - welcome owner id=188 memberId=UNKNOWN279D9727B15
INFO  AUDIT - owner created id=189 memberId=UNKNOWN2752BE68AF1 registrationDate=2026-08-10 membershipLevel=1
INFO  AUDIT - {"seq":179,"ownerId":189,"customerCode":"UNKNOWN2752BE68AF1","membershipLevel":1,"event":"OWNER_CREATED"}
INFO  NOTIFY - welcome owner id=189 memberId=UNKNOWN2752BE68AF1
INFO  AUDIT - owner created id=190 memberId=UNKNOWN27BEFC41817 registrationDate=2026-08-10 membershipLevel=1
INFO  AUDIT - {"seq":180,"ownerId":190,"customerCode":"UNKNOWN27BEFC41817","membershipLevel":1,"event":"OWNER_CREATED"}
INFO  NOTIFY - welcome owner id=190 memberId=UNKNOWN27BEFC41817
INFO  AUDIT - owner created id=191 memberId=UNKNOWN278D3331180 registrationDate=2026-08-10 membershipLevel=1
INFO  AUDIT - {"seq":181,"ownerId":191,"customerCode":"UNKNOWN278D3331180","membershipLevel":1,"event":"OWNER_CREATED"}
INFO  NOTIFY - welcome owner id=191 memberId=UNKNOWN278D3331180
INFO  AUDIT - owner created id=192 memberId=UNKNOWN27B432D7410 registrationDate=2026-08-10 membershipLevel=1
INFO  AUDIT - {"seq":182,"ownerId":192,"customerCode":"UNKNOWN27B432D7410","membershipLevel":1,"event":"OWNER_CREATED"}
INFO  NOTIFY - welcome owner id=192 memberId=UNKNOWN27B432D7410
INFO  AUDIT - owner created id=193 memberId=UNKNOWN27A5074FD74 registrationDate=2026-08-10 membershipLevel=1
INFO  AUDIT - {"seq":183,"ownerId":193,"customerCode":"UNKNOWN27A5074FD74","membershipLevel":1,"event":"OWNER_CREATED"}
INFO  NOTIFY - welcome owner id=193 memberId=UNKNOWN27A5074FD74
INFO  AUDIT - owner created id=194 memberId=UNKNOWN27502995F01 registrationDate=2026-08-10 membershipLevel=1
INFO  AUDIT - {"seq":184,"ownerId":194,"customerCode":"UNKNOWN27502995F01","membershipLevel":1,"event":"OWNER_CREATED"}
INFO  NOTIFY - welcome owner id=194 memberId=UNKNOWN27502995F01
INFO  AUDIT - owner created id=195 memberId=UNKNOWN2790357BE78 registrationDate=2026-08-10 membershipLevel=1
INFO  AUDIT - {"seq":185,"ownerId":195,"customerCode":"UNKNOWN2790357BE78","membershipLevel":1,"event":"OWNER_CREATED"}
INFO  NOTIFY - welcome owner id=195 memberId=UNKNOWN2790357BE78
INFO  AUDIT - owner created id=196 memberId=UNKNOWN27A55F87D33 registrationDate=2026-08-10 membershipLevel=1
INFO  AUDIT - {"seq":186,"ownerId":196,"customerCode":"UNKNOWN27A55F87D33","membershipLevel":1,"event":"OWNER_CREATED"}
INFO  NOTIFY - welcome owner id=196 memberId=UNKNOWN27A55F87D33
INFO  AUDIT - owner created id=197 memberId=UNKNOWN27F1721CB96 registrationDate=2026-08-10 membershipLevel=1
INFO  AUDIT - {"seq":187,"ownerId":197,"customerCode":"UNKNOWN27F1721CB96","membershipLevel":1,"event":"OWNER_CREATED"}
INFO  NOTIFY - welcome owner id=197 memberId=UNKNOWN27F1721CB96
INFO  AUDIT - owner created id=198 memberId=UNKNOWN275C742FA27 registrationDate=2026-08-10 membershipLevel=1
INFO  AUDIT - {"seq":188,"ownerId":198,"customerCode":"UNKNOWN275C742FA27","membershipLevel":1,"event":"OWNER_CREATED"}
INFO  NOTIFY - welcome owner id=198 memberId=UNKNOWN275C742FA27
INFO  AUDIT - owner created id=199 memberId=UNKNOWN2722E791460 registrationDate=2026-08-10 membershipLevel=1
INFO  AUDIT - {"seq":189,"ownerId":199,"customerCode":"UNKNOWN2722E791460","membershipLevel":1,"event":"OWNER_CREATED"}
INFO  NOTIFY - welcome owner id=199 memberId=UNKNOWN2722E791460
INFO  AUDIT - owner created id=200 memberId=UNKNOWN27DDD1FC1C0 registrationDate=2026-08-10 membershipLevel=1
INFO  AUDIT - {"seq":190,"ownerId":200,"customerCode":"UNKNOWN27DDD1FC1C0","membershipLevel":1,"event":"OWNER_CREATED"}
INFO  NOTIFY - welcome owner id=200 memberId=UNKNOWN27DDD1FC1C0
INFO  AUDIT - owner created id=201 memberId=UNKNOWN276089382B2 registrationDate=2026-08-10 membershipLevel=1
INFO  AUDIT - {"seq":191,"ownerId":201,"customerCode":"UNKNOWN276089382B2","membershipLevel":1,"event":"OWNER_CREATED"}
INFO  NOTIFY - welcome owner id=201 memberId=UNKNOWN276089382B2
INFO  AUDIT - owner created id=202 memberId=UNKNOWN27F1F4E07C9 registrationDate=2026-08-10 membershipLevel=1
INFO  AUDIT - {"seq":192,"ownerId":202,"customerCode":"UNKNOWN27F1F4E07C9","membershipLevel":1,"event":"OWNER_CREATED"}
INFO  NOTIFY - welcome owner id=202 memberId=UNKNOWN27F1F4E07C9
INFO  AUDIT - owner created id=203 memberId=UNKNOWN2725CBC67A9 registrationDate=2026-08-10 membershipLevel=1
INFO  AUDIT - {"seq":193,"ownerId":203,"customerCode":"UNKNOWN2725CBC67A9","membershipLevel":1,"event":"OWNER_CREATED"}
INFO  NOTIFY - welcome owner id=203 memberId=UNKNOWN2725CBC67A9
INFO  AUDIT - owner created id=204 memberId=UNKNOWN27BB30B3114 registrationDate=2026-08-10 membershipLevel=1
INFO  AUDIT - {"seq":194,"ownerId":204,"customerCode":"UNKNOWN27BB30B3114","membershipLevel":1,"event":"OWNER_CREATED"}
INFO  NOTIFY - welcome owner id=204 memberId=UNKNOWN27BB30B3114
INFO  AUDIT - owner created id=205 memberId=UNKNOWN2780BAF71C6 registrationDate=2026-08-10 membershipLevel=1
INFO  AUDIT - {"seq":195,"ownerId":205,"customerCode":"UNKNOWN2780BAF71C6","membershipLevel":1,"event":"OWNER_CREATED"}
INFO  NOTIFY - welcome owner id=205 memberId=UNKNOWN2780BAF71C6
INFO  AUDIT - owner created id=206 memberId=UNKNOWN273006BE338 registrationDate=2026-08-10 membershipLevel=1
INFO  AUDIT - {"seq":196,"ownerId":206,"customerCode":"UNKNOWN273006BE338","membershipLevel":1,"event":"OWNER_CREATED"}
INFO  NOTIFY - welcome owner id=206 memberId=UNKNOWN273006BE338
INFO  AUDIT - owner created id=207 memberId=UNKNOWN27BAA4DDA82 registrationDate=2026-08-10 membershipLevel=1
INFO  AUDIT - {"seq":197,"ownerId":207,"customerCode":"UNKNOWN27BAA4DDA82","membershipLevel":1,"event":"OWNER_CREATED"}
INFO  NOTIFY - welcome owner id=207 memberId=UNKNOWN27BAA4DDA82
INFO  AUDIT - owner created id=208 memberId=UNKNOWN278A8A2A125 registrationDate=2026-08-10 membershipLevel=1
INFO  AUDIT - {"seq":198,"ownerId":208,"customerCode":"UNKNOWN278A8A2A125","membershipLevel":1,"event":"OWNER_CREATED"}
INFO  NOTIFY - welcome owner id=208 memberId=UNKNOWN278A8A2A125
INFO  AUDIT - owner created id=209 memberId=UNKNOWN27B5E2FB962 registrationDate=2026-08-10 membershipLevel=1
INFO  AUDIT - {"seq":199,"ownerId":209,"customerCode":"UNKNOWN27B5E2FB962","membershipLevel":1,"event":"OWNER_CREATED"}
INFO  NOTIFY - welcome owner id=209 memberId=UNKNOWN27B5E2FB962
INFO  AUDIT - owner created id=210 memberId=UNKNOWN27178DE3045 registrationDate=2026-08-10 membershipLevel=1
INFO  AUDIT - {"seq":200,"ownerId":210,"customerCode":"UNKNOWN27178DE3045","membershipLevel":1,"event":"OWNER_CREATED"}
INFO  NOTIFY - welcome owner id=210 memberId=UNKNOWN27178DE3045
INFO  AUDIT - owner created id=211 memberId=UNKNOWN2730D7B41D2 registrationDate=2026-08-10 membershipLevel=1
INFO  AUDIT - {"seq":201,"ownerId":211,"customerCode":"UNKNOWN2730D7B41D2","membershipLevel":1,"event":"OWNER_CREATED"}
INFO  NOTIFY - welcome owner id=211 memberId=UNKNOWN2730D7B41D2
INFO  AUDIT - owner created id=212 memberId=UNKNOWN277FF6D8696 registrationDate=2026-08-10 membershipLevel=1
INFO  AUDIT - {"seq":202,"ownerId":212,"customerCode":"UNKNOWN277FF6D8696","membershipLevel":1,"event":"OWNER_CREATED"}
INFO  NOTIFY - welcome owner id=212 memberId=UNKNOWN277FF6D8696
INFO  AUDIT - owner created id=213 memberId=UNKNOWN276C64298D0 registrationDate=2026-08-10 membershipLevel=1
INFO  AUDIT - {"seq":203,"ownerId":213,"customerCode":"UNKNOWN276C64298D0","membershipLevel":1,"event":"OWNER_CREATED"}
INFO  NOTIFY - welcome owner id=213 memberId=UNKNOWN276C64298D0
INFO  AUDIT - owner created id=214 memberId=UNKNOWN27003607507 registrationDate=2026-08-10 membershipLevel=1
INFO  AUDIT - {"seq":204,"ownerId":214,"customerCode":"UNKNOWN27003607507","membershipLevel":1,"event":"OWNER_CREATED"}
INFO  NOTIFY - welcome owner id=214 memberId=UNKNOWN27003607507
INFO  AUDIT - owner created id=215 memberId=UNKNOWN273C1EC3A54 registrationDate=2026-08-10 membershipLevel=1
INFO  AUDIT - {"seq":205,"ownerId":215,"customerCode":"UNKNOWN273C1EC3A54","membershipLevel":1,"event":"OWNER_CREATED"}
INFO  NOTIFY - welcome owner id=215 memberId=UNKNOWN273C1EC3A54
INFO  AUDIT - owner created id=216 memberId=UNKNOWN274AA5BB5A5 registrationDate=2026-08-10 membershipLevel=1
INFO  AUDIT - {"seq":206,"ownerId":216,"customerCode":"UNKNOWN274AA5BB5A5","membershipLevel":1,"event":"OWNER_CREATED"}
INFO  NOTIFY - welcome owner id=216 memberId=UNKNOWN274AA5BB5A5
INFO  AUDIT - owner created id=217 memberId=UNKNOWN27737F6CC91 registrationDate=2026-08-10 membershipLevel=1
INFO  AUDIT - {"seq":207,"ownerId":217,"customerCode":"UNKNOWN27737F6CC91","membershipLevel":1,"event":"OWNER_CREATED"}
INFO  NOTIFY - welcome owner id=217 memberId=UNKNOWN27737F6CC91
INFO  AUDIT - owner created id=218 memberId=UNKNOWN27F8B91D373 registrationDate=2026-08-10 membershipLevel=1
INFO  AUDIT - {"seq":208,"ownerId":218,"customerCode":"UNKNOWN27F8B91D373","membershipLevel":1,"event":"OWNER_CREATED"}
INFO  NOTIFY - welcome owner id=218 memberId=UNKNOWN27F8B91D373
INFO  AUDIT - owner created id=219 memberId=UNKNOWN273BA81E7D7 registrationDate=2026-08-10 membershipLevel=1
INFO  AUDIT - {"seq":209,"ownerId":219,"customerCode":"UNKNOWN273BA81E7D7","membershipLevel":1,"event":"OWNER_CREATED"}
INFO  NOTIFY - welcome owner id=219 memberId=UNKNOWN273BA81E7D7
INFO  AUDIT - owner created id=220 memberId=UNKNOWN27BB6F65827 registrationDate=2026-08-10 membershipLevel=1
INFO  AUDIT - {"seq":210,"ownerId":220,"customerCode":"UNKNOWN27BB6F65827","membershipLevel":1,"event":"OWNER_CREATED"}
INFO  NOTIFY - welcome owner id=220 memberId=UNKNOWN27BB6F65827
INFO  AUDIT - owner created id=221 memberId=UNKNOWN273BEA249A3 registrationDate=2026-08-10 membershipLevel=1
INFO  AUDIT - {"seq":211,"ownerId":221,"customerCode":"UNKNOWN273BEA249A3","membershipLevel":1,"event":"OWNER_CREATED"}
INFO  NOTIFY - welcome owner id=221 memberId=UNKNOWN273BEA249A3
INFO  AUDIT - owner created id=222 memberId=UNKNOWN27CF4D93204 registrationDate=2026-08-10 membershipLevel=1
INFO  AUDIT - {"seq":212,"ownerId":222,"customerCode":"UNKNOWN27CF4D93204","membershipLevel":1,"event":"OWNER_CREATED"}
INFO  NOTIFY - welcome owner id=222 memberId=UNKNOWN27CF4D93204
INFO  AUDIT - owner created id=223 memberId=UNKNOWN273D7E63A42 registrationDate=2026-08-10 membershipLevel=1
INFO  AUDIT - {"seq":213,"ownerId":223,"customerCode":"UNKNOWN273D7E63A42","membershipLevel":1,"event":"OWNER_CREATED"}
INFO  NOTIFY - welcome owner id=223 memberId=UNKNOWN273D7E63A42
INFO  AUDIT - owner created id=224 memberId=UNKNOWN2731A025A66 registrationDate=2026-08-10 membershipLevel=1
INFO  AUDIT - {"seq":214,"ownerId":224,"customerCode":"UNKNOWN2731A025A66","membershipLevel":1,"event":"OWNER_CREATED"}
INFO  NOTIFY - welcome owner id=224 memberId=UNKNOWN2731A025A66
INFO  AUDIT - owner created id=225 memberId=UNKNOWN27FDE174010 registrationDate=2026-08-10 membershipLevel=1
INFO  AUDIT - {"seq":215,"ownerId":225,"customerCode":"UNKNOWN27FDE174010","membershipLevel":1,"event":"OWNER_CREATED"}
INFO  NOTIFY - welcome owner id=225 memberId=UNKNOWN27FDE174010
INFO  AUDIT - owner created id=226 memberId=UNKNOWN27DFC42F9F0 registrationDate=2026-08-10 membershipLevel=1
INFO  AUDIT - {"seq":216,"ownerId":226,"customerCode":"UNKNOWN27DFC42F9F0","membershipLevel":1,"event":"OWNER_CREATED"}
INFO  NOTIFY - welcome owner id=226 memberId=UNKNOWN27DFC42F9F0
INFO  AUDIT - owner created id=227 memberId=UNKNOWN27D6D4F8039 registrationDate=2026-08-10 membershipLevel=1
INFO  AUDIT - {"seq":217,"ownerId":227,"customerCode":"UNKNOWN27D6D4F8039","membershipLevel":1,"event":"OWNER_CREATED"}
INFO  NOTIFY - welcome owner id=227 memberId=UNKNOWN27D6D4F8039
INFO  AUDIT - owner created id=228 memberId=UNKNOWN27D5A509578 registrationDate=2026-08-10 membershipLevel=1
INFO  AUDIT - {"seq":218,"ownerId":228,"customerCode":"UNKNOWN27D5A509578","membershipLevel":1,"event":"OWNER_CREATED"}
INFO  NOTIFY - welcome owner id=228 memberId=UNKNOWN27D5A509578
INFO  AUDIT - owner created id=229 memberId=UNKNOWN27379122E83 registrationDate=2026-08-10 membershipLevel=1
INFO  AUDIT - {"seq":219,"ownerId":229,"customerCode":"UNKNOWN27379122E83","membershipLevel":1,"event":"OWNER_CREATED"}
INFO  NOTIFY - welcome owner id=229 memberId=UNKNOWN27379122E83
INFO  AUDIT - owner created id=230 memberId=UNKNOWN277D49606E3 registrationDate=2026-08-10 membershipLevel=1
INFO  AUDIT - {"seq":220,"ownerId":230,"customerCode":"UNKNOWN277D49606E3","membershipLevel":1,"event":"OWNER_CREATED"}
INFO  NOTIFY - welcome owner id=230 memberId=UNKNOWN277D49606E3
INFO  AUDIT - owner created id=231 memberId=UNKNOWN273313BF429 registrationDate=2026-08-10 membershipLevel=1
INFO  AUDIT - {"seq":221,"ownerId":231,"customerCode":"UNKNOWN273313BF429","membershipLevel":1,"event":"OWNER_CREATED"}
INFO  NOTIFY - welcome owner id=231 memberId=UNKNOWN273313BF429
INFO  AUDIT - owner created id=232 memberId=UNKNOWN277BC2E3394 registrationDate=2026-08-10 membershipLevel=1
INFO  AUDIT - {"seq":222,"ownerId":232,"customerCode":"UNKNOWN277BC2E3394","membershipLevel":1,"event":"OWNER_CREATED"}
INFO  NOTIFY - welcome owner id=232 memberId=UNKNOWN277BC2E3394
INFO  AUDIT - owner created id=233 memberId=UNKNOWN27DCA2B37D7 registrationDate=2026-08-10 membershipLevel=1
INFO  AUDIT - {"seq":223,"ownerId":233,"customerCode":"UNKNOWN27DCA2B37D7","membershipLevel":1,"event":"OWNER_CREATED"}
INFO  NOTIFY - welcome owner id=233 memberId=UNKNOWN27DCA2B37D7
INFO  AUDIT - owner created id=234 memberId=UNKNOWN27BF99FF054 registrationDate=2026-08-10 membershipLevel=1
INFO  AUDIT - {"seq":224,"ownerId":234,"customerCode":"UNKNOWN27BF99FF054","membershipLevel":1,"event":"OWNER_CREATED"}
INFO  NOTIFY - welcome owner id=234 memberId=UNKNOWN27BF99FF054
INFO  AUDIT - owner created id=235 memberId=UNKNOWN27C3FEC57D3 registrationDate=2026-08-10 membershipLevel=1
INFO  AUDIT - {"seq":225,"ownerId":235,"customerCode":"UNKNOWN27C3FEC57D3","membershipLevel":1,"event":"OWNER_CREATED"}
INFO  NOTIFY - welcome owner id=235 memberId=UNKNOWN27C3FEC57D3
INFO  AUDIT - owner created id=236 memberId=UNKNOWN271A53EFDA6 registrationDate=2026-08-10 membershipLevel=1
INFO  AUDIT - {"seq":226,"ownerId":236,"customerCode":"UNKNOWN271A53EFDA6","membershipLevel":1,"event":"OWNER_CREATED"}
INFO  NOTIFY - welcome owner id=236 memberId=UNKNOWN271A53EFDA6
INFO  AUDIT - owner created id=237 memberId=UNKNOWN2789C2A5458 registrationDate=2026-08-10 membershipLevel=1
INFO  AUDIT - {"seq":227,"ownerId":237,"customerCode":"UNKNOWN2789C2A5458","membershipLevel":1,"event":"OWNER_CREATED"}
INFO  NOTIFY - welcome owner id=237 memberId=UNKNOWN2789C2A5458
INFO  AUDIT - owner created id=238 memberId=UNKNOWN27939AAB206 registrationDate=2026-08-10 membershipLevel=1
INFO  AUDIT - {"seq":228,"ownerId":238,"customerCode":"UNKNOWN27939AAB206","membershipLevel":1,"event":"OWNER_CREATED"}
INFO  NOTIFY - welcome owner id=238 memberId=UNKNOWN27939AAB206
INFO  AUDIT - owner created id=239 memberId=UNKNOWN2727DEA2F12 registrationDate=2026-08-10 membershipLevel=1
INFO  AUDIT - {"seq":229,"ownerId":239,"customerCode":"UNKNOWN2727DEA2F12","membershipLevel":1,"event":"OWNER_CREATED"}
INFO  NOTIFY - welcome owner id=239 memberId=UNKNOWN2727DEA2F12
INFO  AUDIT - owner created id=240 memberId=UNKNOWN27D886D7AE7 registrationDate=2026-08-10 membershipLevel=1
INFO  AUDIT - {"seq":230,"ownerId":240,"customerCode":"UNKNOWN27D886D7AE7","membershipLevel":1,"event":"OWNER_CREATED"}
INFO  NOTIFY - welcome owner id=240 memberId=UNKNOWN27D886D7AE7
INFO  AUDIT - owner created id=241 memberId=UNKNOWN27E1CAD3DF6 registrationDate=2026-08-10 membershipLevel=1
INFO  AUDIT - {"seq":231,"ownerId":241,"customerCode":"UNKNOWN27E1CAD3DF6","membershipLevel":1,"event":"OWNER_CREATED"}
INFO  NOTIFY - welcome owner id=241 memberId=UNKNOWN27E1CAD3DF6
INFO  AUDIT - owner created id=242 memberId=UNKNOWN272AB441EC7 registrationDate=2026-08-10 membershipLevel=1
INFO  AUDIT - {"seq":232,"ownerId":242,"customerCode":"UNKNOWN272AB441EC7","membershipLevel":1,"event":"OWNER_CREATED"}
INFO  NOTIFY - welcome owner id=242 memberId=UNKNOWN272AB441EC7
INFO  AUDIT - owner created id=243 memberId=UNKNOWN277C1BF0946 registrationDate=2026-08-10 membershipLevel=1
INFO  AUDIT - {"seq":233,"ownerId":243,"customerCode":"UNKNOWN277C1BF0946","membershipLevel":1,"event":"OWNER_CREATED"}
INFO  NOTIFY - welcome owner id=243 memberId=UNKNOWN277C1BF0946
INFO  AUDIT - owner created id=244 memberId=UNKNOWN27F8B22DAF6 registrationDate=2026-08-10 membershipLevel=1
INFO  AUDIT - {"seq":234,"ownerId":244,"customerCode":"UNKNOWN27F8B22DAF6","membershipLevel":1,"event":"OWNER_CREATED"}
INFO  NOTIFY - welcome owner id=244 memberId=UNKNOWN27F8B22DAF6
INFO  AUDIT - owner created id=245 memberId=UNKNOWN27FD9DE5E39 registrationDate=2026-08-10 membershipLevel=1
INFO  AUDIT - {"seq":235,"ownerId":245,"customerCode":"UNKNOWN27FD9DE5E39","membershipLevel":1,"event":"OWNER_CREATED"}
INFO  NOTIFY - welcome owner id=245 memberId=UNKNOWN27FD9DE5E39
INFO  AUDIT - owner created id=246 memberId=UNKNOWN275DADE7EB3 registrationDate=2026-08-10 membershipLevel=1
INFO  AUDIT - {"seq":236,"ownerId":246,"customerCode":"UNKNOWN275DADE7EB3","membershipLevel":1,"event":"OWNER_CREATED"}
INFO  NOTIFY - welcome owner id=246 memberId=UNKNOWN275DADE7EB3
INFO  AUDIT - owner created id=247 memberId=UNKNOWN2702F78E203 registrationDate=2026-08-10 membershipLevel=1
INFO  AUDIT - {"seq":237,"ownerId":247,"customerCode":"UNKNOWN2702F78E203","membershipLevel":1,"event":"OWNER_CREATED"}
INFO  NOTIFY - welcome owner id=247 memberId=UNKNOWN2702F78E203
INFO  AUDIT - owner created id=248 memberId=UNKNOWN27592425097 registrationDate=2026-08-10 membershipLevel=1
INFO  AUDIT - {"seq":238,"ownerId":248,"customerCode":"UNKNOWN27592425097","membershipLevel":1,"event":"OWNER_CREATED"}
INFO  NOTIFY - welcome owner id=248 memberId=UNKNOWN27592425097
INFO  AUDIT - owner created id=249 memberId=UNKNOWN27B0E3413C1 registrationDate=2026-08-10 membershipLevel=1
INFO  AUDIT - {"seq":239,"ownerId":249,"customerCode":"UNKNOWN27B0E3413C1","membershipLevel":1,"event":"OWNER_CREATED"}
INFO  NOTIFY - welcome owner id=249 memberId=UNKNOWN27B0E3413C1
INFO  AUDIT - owner created id=250 memberId=UNKNOWN27A7EF51874 registrationDate=2026-08-10 membershipLevel=1
INFO  AUDIT - {"seq":240,"ownerId":250,"customerCode":"UNKNOWN27A7EF51874","membershipLevel":1,"event":"OWNER_CREATED"}
INFO  NOTIFY - welcome owner id=250 memberId=UNKNOWN27A7EF51874
INFO  AUDIT - owner created id=251 memberId=UNKNOWN27EA9FA81C0 registrationDate=2026-08-10 membershipLevel=1
INFO  AUDIT - {"seq":241,"ownerId":251,"customerCode":"UNKNOWN27EA9FA81C0","membershipLevel":1,"event":"OWNER_CREATED"}
INFO  NOTIFY - welcome owner id=251 memberId=UNKNOWN27EA9FA81C0
INFO  AUDIT - owner created id=252 memberId=UNKNOWN27791DA46B6 registrationDate=2026-08-10 membershipLevel=1
INFO  AUDIT - {"seq":242,"ownerId":252,"customerCode":"UNKNOWN27791DA46B6","membershipLevel":1,"event":"OWNER_CREATED"}
INFO  NOTIFY - welcome owner id=252 memberId=UNKNOWN27791DA46B6
INFO  AnnotationConfigContextLoaderUtils - Could not detect default configuration classes for test class [org.springframework.samples.petclinic.acceptance.Cp22Tests]: Cp22Tests does not declare any static, non-private, non-final, nested classes annotated with @Configuration.
INFO  SpringBootTestContextBootstrapper - Found @SpringBootConfiguration org.springframework.samples.petclinic.PetClinicApplication for test class org.springframework.samples.petclinic.acceptance.Cp22Tests
INFO  AnnotationConfigContextLoaderUtils - Could not detect default configuration classes for test class [org.springframework.samples.petclinic.acceptance.Cp22Tests]: Cp22Tests does not declare any static, non-private, non-final, nested classes annotated with @Configuration.
INFO  AnnotationConfigContextLoaderUtils - Could not detect default configuration classes for test class [org.springframework.samples.petclinic.acceptance.AcceptanceBase]: AcceptanceBase does not declare any static, non-private, non-final, nested classes annotated with @Configuration.
INFO  SpringBootTestContextBootstrapper - Found @SpringBootConfiguration org.springframework.samples.petclinic.PetClinicApplication for test class org.springframework.samples.petclinic.acceptance.Cp22Tests
INFO  AUDIT - owner created id=253 memberId=UNKNOWN2739D4B68F3 registrationDate=2026-08-10 membershipLevel=1
INFO  AUDIT - {"seq":243,"ownerId":253,"customerCode":"UNKNOWN2739D4B68F3","membershipLevel":1,"event":"OWNER_CREATED"}
INFO  NOTIFY - welcome owner id=253 memberId=UNKNOWN2739D4B68F3
INFO  AnnotationConfigContextLoaderUtils - Could not detect default configuration classes for test class [org.springframework.samples.petclinic.acceptance.Cp13Tests]: Cp13Tests does not declare any static, non-private, non-final, nested classes annotated with @Configuration.
INFO  SpringBootTestContextBootstrapper - Found @SpringBootConfiguration org.springframework.samples.petclinic.PetClinicApplication for test class org.springframework.samples.petclinic.acceptance.Cp13Tests
INFO  AnnotationConfigContextLoaderUtils - Could not detect default configuration classes for test class [org.springframework.samples.petclinic.acceptance.Cp13Tests]: Cp13Tests does not declare any static, non-private, non-final, nested classes annotated with @Configuration.
INFO  AnnotationConfigContextLoaderUtils - Could not detect default configuration classes for test class [org.springframework.samples.petclinic.acceptance.AcceptanceBase]: AcceptanceBase does not declare any static, non-private, non-final, nested classes annotated with @Configuration.
INFO  SpringBootTestContextBootstrapper - Found @SpringBootConfiguration org.springframework.samples.petclinic.PetClinicApplication for test class org.springframework.samples.petclinic.acceptance.Cp13Tests
INFO  AUDIT - owner created id=254 memberId=NSW274E30CABA8 registrationDate=2026-08-10 membershipLevel=1
INFO  AUDIT - {"seq":244,"ownerId":254,"customerCode":"NSW274E30CABA8","membershipLevel":1,"event":"OWNER_CREATED"}
INFO  NOTIFY - welcome owner id=254 memberId=NSW274E30CABA8
INFO  AUDIT - owner created id=255 memberId=NSW27C3E37AF56 registrationDate=2026-08-10 membershipLevel=1
INFO  AUDIT - {"seq":245,"ownerId":255,"customerCode":"NSW27C3E37AF56","membershipLevel":1,"event":"OWNER_CREATED"}
INFO  NOTIFY - welcome owner id=255 memberId=NSW27C3E37AF56
INFO  AnnotationConfigContextLoaderUtils - Could not detect default configuration classes for test class [org.springframework.samples.petclinic.acceptance.Cp01Tests]: Cp01Tests does not declare any static, non-private, non-final, nested classes annotated with @Configuration.
INFO  SpringBootTestContextBootstrapper - Found @SpringBootConfiguration org.springframework.samples.petclinic.PetClinicApplication for test class org.springframework.samples.petclinic.acceptance.Cp01Tests
INFO  AnnotationConfigContextLoaderUtils - Could not detect default configuration classes for test class [org.springframework.samples.petclinic.acceptance.Cp01Tests]: Cp01Tests does not declare any static, non-private, non-final, nested classes annotated with @Configuration.
INFO  AnnotationConfigContextLoaderUtils - Could not detect default configuration classes for test class [org.springframework.samples.petclinic.acceptance.AcceptanceBase]: AcceptanceBase does not declare any static, non-private, non-final, nested classes annotated with @Configuration.
INFO  SpringBootTestContextBootstrapper - Found @SpringBootConfiguration org.springframework.samples.petclinic.PetClinicApplication for test class org.springframework.samples.petclinic.acceptance.Cp01Tests
INFO  AnnotationConfigContextLoaderUtils - Could not detect default configuration classes for test class [org.springframework.samples.petclinic.acceptance.Cp34Tests]: Cp34Tests does not declare any static, non-private, non-final, nested classes annotated with @Configuration.
INFO  SpringBootTestContextBootstrapper - Found @SpringBootConfiguration org.springframework.samples.petclinic.PetClinicApplication for test class org.springframework.samples.petclinic.acceptance.Cp34Tests
INFO  AnnotationConfigContextLoaderUtils - Could not detect default configuration classes for test class [org.springframework.samples.petclinic.acceptance.Cp34Tests]: Cp34Tests does not declare any static, non-private, non-final, nested classes annotated with @Configuration.
INFO  AnnotationConfigContextLoaderUtils - Could not detect default configuration classes for test class [org.springframework.samples.petclinic.acceptance.AcceptanceBase]: AcceptanceBase does not declare any static, non-private, non-final, nested classes annotated with @Configuration.
INFO  SpringBootTestContextBootstrapper - Found @SpringBootConfiguration org.springframework.samples.petclinic.PetClinicApplication for test class org.springframework.samples.petclinic.acceptance.Cp34Tests
INFO  AUDIT - owner created id=256 memberId=UNKNOWN2761B926D71 registrationDate=2026-08-10 membershipLevel=1
INFO  AUDIT - {"seq":246,"ownerId":256,"customerCode":"UNKNOWN2761B926D71","membershipLevel":1,"event":"OWNER_CREATED"}
INFO  NOTIFY - welcome owner id=256 memberId=UNKNOWN2761B926D71
INFO  AnnotationConfigContextLoaderUtils - Could not detect default configuration classes for test class [org.springframework.samples.petclinic.acceptance.Cp35Tests]: Cp35Tests does not declare any static, non-private, non-final, nested classes annotated with @Configuration.
INFO  SpringBootTestContextBootstrapper - Found @SpringBootConfiguration org.springframework.samples.petclinic.PetClinicApplication for test class org.springframework.samples.petclinic.acceptance.Cp35Tests
INFO  AnnotationConfigContextLoaderUtils - Could not detect default configuration classes for test class [org.springframework.samples.petclinic.acceptance.Cp35Tests]: Cp35Tests does not declare any static, non-private, non-final, nested classes annotated with @Configuration.
INFO  AnnotationConfigContextLoaderUtils - Could not detect default configuration classes for test class [org.springframework.samples.petclinic.acceptance.AcceptanceBase]: AcceptanceBase does not declare any static, non-private, non-final, nested classes annotated with @Configuration.
INFO  SpringBootTestContextBootstrapper - Found @SpringBootConfiguration org.springframework.samples.petclinic.PetClinicApplication for test class org.springframework.samples.petclinic.acceptance.Cp35Tests
INFO  AUDIT - owner created id=257 memberId=NSW2725D35EA17 registrationDate=2026-08-10 membershipLevel=1
INFO  AUDIT - {"seq":247,"ownerId":257,"customerCode":"NSW2725D35EA17","membershipLevel":1,"event":"OWNER_CREATED"}
INFO  NOTIFY - welcome owner id=257 memberId=NSW2725D35EA17
INFO  AUDIT - owner created id=258 memberId=NSW277E3BD9242 registrationDate=2026-08-10 membershipLevel=1
INFO  AUDIT - {"seq":248,"ownerId":258,"customerCode":"NSW277E3BD9242","membershipLevel":1,"event":"OWNER_CREATED"}
INFO  NOTIFY - welcome owner id=258 memberId=NSW277E3BD9242
INFO  AnnotationConfigContextLoaderUtils - Could not detect default configuration classes for test class [org.springframework.samples.petclinic.acceptance.Cp02Tests]: Cp02Tests does not declare any static, non-private, non-final, nested classes annotated with @Configuration.
INFO  SpringBootTestContextBootstrapper - Found @SpringBootConfiguration org.springframework.samples.petclinic.PetClinicApplication for test class org.springframework.samples.petclinic.acceptance.Cp02Tests
INFO  AnnotationConfigContextLoaderUtils - Could not detect default configuration classes for test class [org.springframework.samples.petclinic.acceptance.Cp02Tests]: Cp02Tests does not declare any static, non-private, non-final, nested classes annotated with @Configuration.
INFO  AnnotationConfigContextLoaderUtils - Could not detect default configuration classes for test class [org.springframework.samples.petclinic.acceptance.AcceptanceBase]: AcceptanceBase does not declare any static, non-private, non-final, nested classes annotated with @Configuration.
INFO  SpringBootTestContextBootstrapper - Found @SpringBootConfiguration org.springframework.samples.petclinic.PetClinicApplication for test class org.springframework.samples.petclinic.acceptance.Cp02Tests
INFO  AUDIT - owner created id=259 memberId=UNKNOWN27C5CE93011 registrationDate=2026-08-10 membershipLevel=1
INFO  AUDIT - {"seq":249,"ownerId":259,"customerCode":"UNKNOWN27C5CE93011","membershipLevel":1,"event":"OWNER_CREATED"}
INFO  NOTIFY - welcome owner id=259 memberId=UNKNOWN27C5CE93011
INFO  AnnotationConfigContextLoaderUtils - Could not detect default configuration classes for test class [org.springframework.samples.petclinic.acceptance.Cp55Tests]: Cp55Tests does not declare any static, non-private, non-final, nested classes annotated with @Configuration.
INFO  SpringBootTestContextBootstrapper - Found @SpringBootConfiguration org.springframework.samples.petclinic.PetClinicApplication for test class org.springframework.samples.petclinic.acceptance.Cp55Tests
INFO  AnnotationConfigContextLoaderUtils - Could not detect default configuration classes for test class [org.springframework.samples.petclinic.acceptance.Cp55Tests]: Cp55Tests does not declare any static, non-private, non-final, nested classes annotated with @Configuration.
INFO  AnnotationConfigContextLoaderUtils - Could not detect default configuration classes for test class [org.springframework.samples.petclinic.acceptance.AcceptanceBase]: AcceptanceBase does not declare any static, non-private, non-final, nested classes annotated with @Configuration.
INFO  SpringBootTestContextBootstrapper - Found @SpringBootConfiguration org.springframework.samples.petclinic.PetClinicApplication for test class org.springframework.samples.petclinic.acceptance.Cp55Tests
INFO  AUDIT - owner created id=260 memberId=NSW27B773B4182 registrationDate=2026-08-10 membershipLevel=2
INFO  AUDIT - {"seq":250,"ownerId":260,"customerCode":"NSW27B773B4182","membershipLevel":2,"event":"OWNER_CREATED"}
INFO  NOTIFY - welcome owner id=260 memberId=NSW27B773B4182
INFO  AnnotationConfigContextLoaderUtils - Could not detect default configuration classes for test class [org.springframework.samples.petclinic.acceptance.Cp15Tests]: Cp15Tests does not declare any static, non-private, non-final, nested classes annotated with @Configuration.
INFO  SpringBootTestContextBootstrapper - Found @SpringBootConfiguration org.springframework.samples.petclinic.PetClinicApplication for test class org.springframework.samples.petclinic.acceptance.Cp15Tests
INFO  AnnotationConfigContextLoaderUtils - Could not detect default configuration classes for test class [org.springframework.samples.petclinic.acceptance.Cp15Tests]: Cp15Tests does not declare any static, non-private, non-final, nested classes annotated with @Configuration.
INFO  AnnotationConfigContextLoaderUtils - Could not detect default configuration classes for test class [org.springframework.samples.petclinic.acceptance.AcceptanceBase]: AcceptanceBase does not declare any static, non-private, non-final, nested classes annotated with @Configuration.
INFO  SpringBootTestContextBootstrapper - Found @SpringBootConfiguration org.springframework.samples.petclinic.PetClinicApplication for test class org.springframework.samples.petclinic.acceptance.Cp15Tests
INFO  AUDIT - owner created id=261 memberId=UNKNOWN2718E4446C6 registrationDate=2026-08-10 membershipLevel=2
INFO  AUDIT - {"seq":251,"ownerId":261,"customerCode":"UNKNOWN2718E4446C6","membershipLevel":2,"event":"OWNER_CREATED"}
INFO  NOTIFY - welcome owner id=261 memberId=UNKNOWN2718E4446C6
INFO  AnnotationConfigContextLoaderUtils - Could not detect default configuration classes for test class [org.springframework.samples.petclinic.acceptance.Cp10Tests]: Cp10Tests does not declare any static, non-private, non-final, nested classes annotated with @Configuration.
INFO  SpringBootTestContextBootstrapper - Found @SpringBootConfiguration org.springframework.samples.petclinic.PetClinicApplication for test class org.springframework.samples.petclinic.acceptance.Cp10Tests
INFO  AnnotationConfigContextLoaderUtils - Could not detect default configuration classes for test class [org.springframework.samples.petclinic.acceptance.Cp10Tests]: Cp10Tests does not declare any static, non-private, non-final, nested classes annotated with @Configuration.
INFO  AnnotationConfigContextLoaderUtils - Could not detect default configuration classes for test class [org.springframework.samples.petclinic.acceptance.AcceptanceBase]: AcceptanceBase does not declare any static, non-private, non-final, nested classes annotated with @Configuration.
INFO  SpringBootTestContextBootstrapper - Found @SpringBootConfiguration org.springframework.samples.petclinic.PetClinicApplication for test class org.springframework.samples.petclinic.acceptance.Cp10Tests
INFO  AUDIT - owner created id=262 memberId=NSW27E0E98B474 registrationDate=2026-08-10 membershipLevel=1
INFO  AUDIT - {"seq":252,"ownerId":262,"customerCode":"NSW27E0E98B474","membershipLevel":1,"event":"OWNER_CREATED"}
INFO  NOTIFY - welcome owner id=262 memberId=NSW27E0E98B474
INFO  AUDIT - owner created id=263 memberId=NSW2716387FE77 registrationDate=2026-08-10 membershipLevel=1
INFO  AUDIT - {"seq":253,"ownerId":263,"customerCode":"NSW2716387FE77","membershipLevel":1,"event":"OWNER_CREATED"}
INFO  NOTIFY - welcome owner id=263 memberId=NSW2716387FE77
INFO  AnnotationConfigContextLoaderUtils - Could not detect default configuration classes for test class [org.springframework.samples.petclinic.acceptance.Cp50Tests]: Cp50Tests does not declare any static, non-private, non-final, nested classes annotated with @Configuration.
INFO  SpringBootTestContextBootstrapper - Found @SpringBootConfiguration org.springframework.samples.petclinic.PetClinicApplication for test class org.springframework.samples.petclinic.acceptance.Cp50Tests
INFO  AnnotationConfigContextLoaderUtils - Could not detect default configuration classes for test class [org.springframework.samples.petclinic.acceptance.Cp50Tests]: Cp50Tests does not declare any static, non-private, non-final, nested classes annotated with @Configuration.
INFO  AnnotationConfigContextLoaderUtils - Could not detect default configuration classes for test class [org.springframework.samples.petclinic.acceptance.AcceptanceBase]: AcceptanceBase does not declare any static, non-private, non-final, nested classes annotated with @Configuration.
INFO  SpringBootTestContextBootstrapper - Found @SpringBootConfiguration org.springframework.samples.petclinic.PetClinicApplication for test class org.springframework.samples.petclinic.acceptance.Cp50Tests
INFO  AUDIT - owner created id=264 memberId=NSW279600046B7 registrationDate=2026-08-10 membershipLevel=1
INFO  AUDIT - {"seq":254,"ownerId":264,"customerCode":"NSW279600046B7","membershipLevel":1,"event":"OWNER_CREATED"}
INFO  NOTIFY - welcome owner id=264 memberId=NSW279600046B7
INFO  AnnotationConfigContextLoaderUtils - Could not detect default configuration classes for test class [org.springframework.samples.petclinic.acceptance.Cp26Tests]: Cp26Tests does not declare any static, non-private, non-final, nested classes annotated with @Configuration.
INFO  SpringBootTestContextBootstrapper - Found @SpringBootConfiguration org.springframework.samples.petclinic.PetClinicApplication for test class org.springframework.samples.petclinic.acceptance.Cp26Tests
INFO  AnnotationConfigContextLoaderUtils - Could not detect default configuration classes for test class [org.springframework.samples.petclinic.acceptance.Cp26Tests]: Cp26Tests does not declare any static, non-private, non-final, nested classes annotated with @Configuration.
INFO  AnnotationConfigContextLoaderUtils - Could not detect default configuration classes for test class [org.springframework.samples.petclinic.acceptance.AcceptanceBase]: AcceptanceBase does not declare any static, non-private, non-final, nested classes annotated with @Configuration.
INFO  SpringBootTestContextBootstrapper - Found @SpringBootConfiguration org.springframework.samples.petclinic.PetClinicApplication for test class org.springframework.samples.petclinic.acceptance.Cp26Tests
INFO  AnnotationConfigContextLoaderUtils - Could not detect default configuration classes for test class [org.springframework.samples.petclinic.acceptance.Cp06Tests]: Cp06Tests does not declare any static, non-private, non-final, nested classes annotated with @Configuration.
INFO  SpringBootTestContextBootstrapper - Found @SpringBootConfiguration org.springframework.samples.petclinic.PetClinicApplication for test class org.springframework.samples.petclinic.acceptance.Cp06Tests
INFO  AnnotationConfigContextLoaderUtils - Could not detect default configuration classes for test class [org.springframework.samples.petclinic.acceptance.Cp06Tests]: Cp06Tests does not declare any static, non-private, non-final, nested classes annotated with @Configuration.
INFO  AnnotationConfigContextLoaderUtils - Could not detect default configuration classes for test class [org.springframework.samples.petclinic.acceptance.AcceptanceBase]: AcceptanceBase does not declare any static, non-private, non-final, nested classes annotated with @Configuration.
INFO  SpringBootTestContextBootstrapper - Found @SpringBootConfiguration org.springframework.samples.petclinic.PetClinicApplication for test class org.springframework.samples.petclinic.acceptance.Cp06Tests
INFO  AUDIT - owner created id=265 memberId=UNKNOWN273524DD6F7 registrationDate=2026-08-10 membershipLevel=1
INFO  AUDIT - {"seq":255,"ownerId":265,"customerCode":"UNKNOWN273524DD6F7","membershipLevel":1,"event":"OWNER_CREATED"}
INFO  NOTIFY - welcome owner id=265 memberId=UNKNOWN273524DD6F7
INFO  AnnotationConfigContextLoaderUtils - Could not detect default configuration classes for test class [org.springframework.samples.petclinic.acceptance.Cp45Tests]: Cp45Tests does not declare any static, non-private, non-final, nested classes annotated with @Configuration.
INFO  SpringBootTestContextBootstrapper - Found @SpringBootConfiguration org.springframework.samples.petclinic.PetClinicApplication for test class org.springframework.samples.petclinic.acceptance.Cp45Tests
INFO  AnnotationConfigContextLoaderUtils - Could not detect default configuration classes for test class [org.springframework.samples.petclinic.acceptance.Cp45Tests]: Cp45Tests does not declare any static, non-private, non-final, nested classes annotated with @Configuration.
INFO  AnnotationConfigContextLoaderUtils - Could not detect default configuration classes for test class [org.springframework.samples.petclinic.acceptance.AcceptanceBase]: AcceptanceBase does not declare any static, non-private, non-final, nested classes annotated with @Configuration.
INFO  SpringBootTestContextBootstrapper - Found @SpringBootConfiguration org.springframework.samples.petclinic.PetClinicApplication for test class org.springframework.samples.petclinic.acceptance.Cp45Tests
INFO  AUDIT - owner created id=266 memberId=NSW277111EB217 registrationDate=2026-08-10 membershipLevel=1
INFO  AUDIT - {"seq":256,"ownerId":266,"customerCode":"NSW277111EB217","membershipLevel":1,"event":"OWNER_CREATED"}
INFO  NOTIFY - welcome owner id=266 memberId=NSW277111EB217
INFO  AnnotationConfigContextLoaderUtils - Could not detect default configuration classes for test class [org.springframework.samples.petclinic.acceptance.Cp16Tests]: Cp16Tests does not declare any static, non-private, non-final, nested classes annotated with @Configuration.
INFO  SpringBootTestContextBootstrapper - Found @SpringBootConfiguration org.springframework.samples.petclinic.PetClinicApplication for test class org.springframework.samples.petclinic.acceptance.Cp16Tests
INFO  AnnotationConfigContextLoaderUtils - Could not detect default configuration classes for test class [org.springframework.samples.petclinic.acceptance.Cp16Tests]: Cp16Tests does not declare any static, non-private, non-final, nested classes annotated with @Configuration.
INFO  AnnotationConfigContextLoaderUtils - Could not detect default configuration classes for test class [org.springframework.samples.petclinic.acceptance.AcceptanceBase]: AcceptanceBase does not declare any static, non-private, non-final, nested classes annotated with @Configuration.
INFO  SpringBootTestContextBootstrapper - Found @SpringBootConfiguration org.springframework.samples.petclinic.PetClinicApplication for test class org.springframework.samples.petclinic.acceptance.Cp16Tests
INFO  AUDIT - owner created id=267 memberId=NSW278F3CF3565 registrationDate=2026-08-10 membershipLevel=1
INFO  AUDIT - {"seq":257,"ownerId":267,"customerCode":"NSW278F3CF3565","membershipLevel":1,"event":"OWNER_CREATED"}
INFO  NOTIFY - welcome owner id=267 memberId=NSW278F3CF3565
INFO  AnnotationConfigContextLoaderUtils - Could not detect default configuration classes for test class [org.springframework.samples.petclinic.acceptance.Cp49Tests]: Cp49Tests does not declare any static, non-private, non-final, nested classes annotated with @Configuration.
INFO  SpringBootTestContextBootstrapper - Found @SpringBootConfiguration org.springframework.samples.petclinic.PetClinicApplication for test class org.springframework.samples.petclinic.acceptance.Cp49Tests
INFO  AnnotationConfigContextLoaderUtils - Could not detect default configuration classes for test class [org.springframework.samples.petclinic.acceptance.Cp49Tests]: Cp49Tests does not declare any static, non-private, non-final, nested classes annotated with @Configuration.
INFO  AnnotationConfigContextLoaderUtils - Could not detect default configuration classes for test class [org.springframework.samples.petclinic.acceptance.AcceptanceBase]: AcceptanceBase does not declare any static, non-private, non-final, nested classes annotated with @Configuration.
INFO  SpringBootTestContextBootstrapper - Found @SpringBootConfiguration org.springframework.samples.petclinic.PetClinicApplication for test class org.springframework.samples.petclinic.acceptance.Cp49Tests
INFO  AUDIT - owner created id=268 memberId=NSW27E1FBB8A66 registrationDate=2026-08-10 membershipLevel=1
INFO  AUDIT - {"seq":258,"ownerId":268,"customerCode":"NSW27E1FBB8A66","membershipLevel":1,"event":"OWNER_CREATED"}
INFO  NOTIFY - welcome owner id=268 memberId=NSW27E1FBB8A66
INFO  AnnotationConfigContextLoaderUtils - Could not detect default configuration classes for test class [org.springframework.samples.petclinic.acceptance.Cp20Tests]: Cp20Tests does not declare any static, non-private, non-final, nested classes annotated with @Configuration.
INFO  SpringBootTestContextBootstrapper - Found @SpringBootConfiguration org.springframework.samples.petclinic.PetClinicApplication for test class org.springframework.samples.petclinic.acceptance.Cp20Tests
INFO  AnnotationConfigContextLoaderUtils - Could not detect default configuration classes for test class [org.springframework.samples.petclinic.acceptance.Cp20Tests]: Cp20Tests does not declare any static, non-private, non-final, nested classes annotated with @Configuration.
INFO  AnnotationConfigContextLoaderUtils - Could not detect default configuration classes for test class [org.springframework.samples.petclinic.acceptance.AcceptanceBase]: AcceptanceBase does not declare any static, non-private, non-final, nested classes annotated with @Configuration.
INFO  SpringBootTestContextBootstrapper - Found @SpringBootConfiguration org.springframework.samples.petclinic.PetClinicApplication for test class org.springframework.samples.petclinic.acceptance.Cp20Tests
INFO  AUDIT - owner created id=269 memberId=UNKNOWN27030158DB3 registrationDate=2026-08-10 membershipLevel=1
INFO  AUDIT - {"seq":259,"ownerId":269,"customerCode":"UNKNOWN27030158DB3","membershipLevel":1,"event":"OWNER_CREATED"}
INFO  NOTIFY - welcome owner id=269 memberId=UNKNOWN27030158DB3
INFO  AnnotationConfigContextLoaderUtils - Could not detect default configuration classes for test class [org.springframework.samples.petclinic.acceptance.Cp17Tests]: Cp17Tests does not declare any static, non-private, non-final, nested classes annotated with @Configuration.
INFO  SpringBootTestContextBootstrapper - Found @SpringBootConfiguration org.springframework.samples.petclinic.PetClinicApplication for test class org.springframework.samples.petclinic.acceptance.Cp17Tests
INFO  AnnotationConfigContextLoaderUtils - Could not detect default configuration classes for test class [org.springframework.samples.petclinic.acceptance.Cp17Tests]: Cp17Tests does not declare any static, non-private, non-final, nested classes annotated with @Configuration.
INFO  AnnotationConfigContextLoaderUtils - Could not detect default configuration classes for test class [org.springframework.samples.petclinic.acceptance.AcceptanceBase]: AcceptanceBase does not declare any static, non-private, non-final, nested classes annotated with @Configuration.
INFO  SpringBootTestContextBootstrapper - Found @SpringBootConfiguration org.springframework.samples.petclinic.PetClinicApplication for test class org.springframework.samples.petclinic.acceptance.Cp17Tests
INFO  AUDIT - owner created id=270 memberId=NSW27C864B0C57 registrationDate=2026-08-10 membershipLevel=1
INFO  AUDIT - {"seq":260,"ownerId":270,"customerCode":"NSW27C864B0C57","membershipLevel":1,"event":"OWNER_CREATED"}
INFO  NOTIFY - welcome owner id=270 memberId=NSW27C864B0C57
[ERROR] Failures: 
[ERROR]   Cp23Tests.coreHouseholdAddsPoints:29 JSON path "$.membershipLevel" expected:<3> but was:<2>
[ERROR]   Cp39Tests.coreNewOwnerCappedBelowFour:28 JSON path "$.membershipLevel" expected:<3> but was:<2>
[ERROR] Tests run: 69, Failures: 2, Errors: 0, Skipped: 0
[ERROR] Failed to execute goal org.apache.maven.plugins:maven-surefire-plugin:3.5.6:test (default-test) on project spring-petclinic-rest: There are test failures.
[ERROR] 
[ERROR] See /home/daniel/sandbox/target/surefire-reports for the individual test results.
[ERROR] See dump files (if any exist) [date].dump, [date]-jvmRun[N].dump and [date].dumpstream.
[ERROR] -> [Help 1]
[ERROR] 
[ERROR] To see the full stack trace of the errors, re-run Maven with the -e switch.
[ERROR] Re-run Maven using the -X switch to enable full debug logging.
[ERROR] 
[ERROR] For more information about the errors and possible solutions, please read the following articles:
[ERROR] [Help 1] http://cwiki.apache.org/confluence/display/MAVEN/MojoFailureException
OpenJDK 64-Bit Server VM warning: Sharing is only supported for boot loader classes because bootstrap classpath has been appended
