$ ./mvnw -q -B -DskipTests test-compile
############################################################################################
# Thanks for using OpenAPI Generator.                                                      #
# We appreciate your support! Please consider donation to help us maintain this project.   #
# https://opencollective.com/openapi_generator/donate                                      #
############################################################################################

$ ./mvnw -q -B -Dgroups=cp01,cp02,cp03,cp04,cp05,cp06,cp07,cp08,cp09,cp10,cp11,cp12,cp13,cp14,cp15,cp16,cp17,cp18,cp19,cp20,cp21,cp22,cp23,cp24,cp25,cp26,cp27,cp28,cp29,cp30,cp31,cp32,cp33,cp34,cp35,cp36,cp37,cp38,cp39,cp40,cp41,cp42,cp43,cp44,cp45,cp46,cp47,cp48,cp49,cp50,cp51,cp52,cp53,cp54,cp55,cp56,cp57,cp58 test
############################################################################################
# Thanks for using OpenAPI Generator.                                                      #
# We appreciate your support! Please consider donation to help us maintain this project.   #
# https://opencollective.com/openapi_generator/donate                                      #
############################################################################################
INFO  AnnotationConfigContextLoaderUtils - Could not detect default configuration classes for test class [org.springframework.samples.petclinic.acceptance.Cp53Tests]: Cp53Tests does not declare any static, non-private, non-final, nested classes annotated with @Configuration.
INFO  SpringBootTestContextBootstrapper - Found @SpringBootConfiguration org.springframework.samples.petclinic.PetClinicApplication for test class org.springframework.samples.petclinic.acceptance.Cp53Tests
INFO  AnnotationConfigContextLoaderUtils - Could not detect default configuration classes for test class [org.springframework.samples.petclinic.acceptance.Cp53Tests]: Cp53Tests does not declare any static, non-private, non-final, nested classes annotated with @Configuration.
INFO  AnnotationConfigContextLoaderUtils - Could not detect default configuration classes for test class [org.springframework.samples.petclinic.acceptance.AcceptanceBase]: AcceptanceBase does not declare any static, non-private, non-final, nested classes annotated with @Configuration.
INFO  SpringBootTestContextBootstrapper - Found @SpringBootConfiguration org.springframework.samples.petclinic.PetClinicApplication for test class org.springframework.samples.petclinic.acceptance.Cp53Tests

  .   ____          _            __ _ _
 /\\ / ___'_ __ _ _(_)_ __  __ _ \ \ \ \
( ( )\___ | '_ | '_| | '_ \/ _` | \ \ \ \
 \\/  ___)| |_)| | | | | || (_| |  ) ) ) )
  '  |____| .__|_| |_|_| |_\__, | / / / /
 =========|_|==============|___/=/_/_/_/

 :: Spring Boot ::                (v4.1.0)

INFO  Cp53Tests - Starting Cp53Tests using Java 17.0.20 with PID 2410820 (started by daniel in /home/daniel/sandbox)
DEBUG Cp53Tests - Running with Spring Boot v4.1.0, Spring v7.0.8
INFO  Cp53Tests - The following 2 profiles are active: "hsqldb", "spring-data-jpa"
INFO  Version - HV000001: Hibernate Validator 9.1.0.Final
INFO  RepositoryConfigurationDelegate - Bootstrapping Spring Data JPA repositories in DEFAULT mode.
INFO  RepositoryConfigurationDelegate - Finished Spring Data repository scanning in 73 ms. Found 7 JPA repository interfaces.
INFO  HikariDataSource - HikariPool-1 - Starting...
INFO  PoolBase - HikariPool-1 - Driver does not support get/set network timeout for connections. (feature not supported)
INFO  HikariPool - HikariPool-1 - Added connection org.hsqldb.jdbc.JDBCConnection@29d409e5
INFO  HikariDataSource - HikariPool-1 - Start completed.
INFO  jpa - HHH008540: Processing PersistenceUnitInfo [name: default]
INFO  core - HHH000001: Hibernate ORM core version 7.4.1.Final
INFO  SpringPersistenceUnitInfo - No LoadTimeWeaver setup: ignoring JPA class transformer
INFO  pooling - HHH10001005: Database info:
	Database JDBC URL [jdbc:hsqldb:mem:petclinic]
	Database driver: HSQL Database Engine Driver
	Database dialect: HSQLDialect
	Database version: 2.7.3
	Default catalog/schema: PUBLIC/PUBLIC
	Autocommit mode: undefined/unknown
	Isolation level: READ_COMMITTED [default READ_COMMITTED]
	JDBC fetch size: none
	Pool: DataSourceConnectionProvider
	Minimum pool size: undefined/unknown
	Maximum pool size: undefined/unknown
INFO  core - HHH000489: No JTA platform available (set 'hibernate.transaction.jta.platform' to enable JTA platform integration)
INFO  LocalContainerEntityManagerFactoryBean - Initialized JPA EntityManagerFactory for persistence unit 'default'
WARN  InitializeUserDetailsBeanManagerConfigurer$InitializeUserDetailsManagerConfigurer - Global AuthenticationManager configured with an AuthenticationProvider bean. UserDetailsService beans will not be used by Spring Security for automatically configuring username/password login. Consider removing the AuthenticationProvider bean. Alternatively, consider using the UserDetailsService in a manually instantiated DaoAuthenticationProvider. If the current configuration is intentional, to turn off this warning, increase the logging level of 'org.springframework.security.config.annotation.authentication.configuration.InitializeUserDetailsBeanManagerConfigurer' to ERROR
INFO  QueryEnhancerFactories - Hibernate is in classpath; If applicable, HQL parser will be used.
INFO  OFFICE - Loading REST endpoints:
INFO  OFFICE -   GET /
INFO  OFFICE -   GET /api/pets
INFO  OFFICE -   GET /api/vets
INFO  OFFICE -   POST /api/vets
INFO  OFFICE -   POST /api/users
INFO  OFFICE -   GET /api/owners
INFO  OFFICE -   POST /api/owners
INFO  OFFICE -   GET /api/visits
INFO  OFFICE -   POST /api/visits
INFO  OFFICE -   GET /api/v2/pets
INFO  OFFICE -   GET /api/pettypes
INFO  OFFICE -   POST /api/pettypes
INFO  OFFICE -   GET /api/v2/owners
INFO  OFFICE -   GET /api/specialties
INFO  OFFICE -   POST /api/specialties
INFO  OFFICE -   DELETE /api/pets/{petId}
INFO  OFFICE -   GET /api/pets/{petId}
INFO  OFFICE -   PUT /api/pets/{petId}
INFO  OFFICE -   DELETE /api/vets/{vetId}
INFO  OFFICE -   GET /api/vets/{vetId}
INFO  OFFICE -   PUT /api/vets/{vetId}
INFO  OFFICE -   DELETE /api/owners/{ownerId}
INFO  OFFICE -   GET /api/owners/{ownerId}
INFO  OFFICE -   PUT /api/owners/{ownerId}
INFO  OFFICE -   DELETE /api/visits/{visitId}
INFO  OFFICE -   GET /api/visits/{visitId}
INFO  OFFICE -   PUT /api/visits/{visitId}
INFO  OFFICE -   DELETE /api/pettypes/{petTypeId}
INFO  OFFICE -   GET /api/pettypes/{petTypeId}
INFO  OFFICE -   PUT /api/pettypes/{petTypeId}
INFO  OFFICE -   POST /api/owners/{ownerId}/pets
INFO  OFFICE -   DELETE /api/specialties/{specialtyId}
INFO  OFFICE -   GET /api/specialties/{specialtyId}
INFO  OFFICE -   PUT /api/specialties/{specialtyId}
INFO  OFFICE -   GET /api/owners/{ownerId}/pets/{petId}
INFO  OFFICE -   PUT /api/owners/{ownerId}/pets/{petId}
INFO  OFFICE -   POST /api/owners/{ownerId}/pets/{petId}/visits
INFO  OFFICE - OfficeFloor bridging Spring Security
WARN  UserDetailsServiceAutoConfiguration - 

Using generated security password: 8a845e2f-2cbc-4a87-be92-21cdb2912f4d

This generated password is for development use only. Your security configuration must be updated before running your application in production.

INFO  SpringBootMockServletContext - Initializing Spring TestDispatcherServlet ''
INFO  TestDispatcherServlet - Initializing Servlet ''
INFO  EndpointLinksResolver - Exposing 1 endpoint beneath base path '/actuator'
INFO  TestDispatcherServlet - Completed initialization in 19 ms
INFO  Cp53Tests - Started Cp53Tests in 13.572 seconds (process running for 15.538)
WARN  SpringDocAppInitializer - SpringDoc /v3/api-docs endpoint is enabled by default. To disable it in production, set the property 'springdoc.api-docs.enabled=false'
WARN  SpringDocAppInitializer - SpringDoc /swagger-ui.html endpoint is enabled by default. To disable it in production, set the property 'springdoc.swagger-ui.enabled=false'
INFO  AUDIT - Created owner id=11 memberId=NSW2716E6609E1 registrationDate=2026-09-07 membershipLevel=1
INFO  AUDIT - {"seq":1,"ownerId":11,"memberId":"NSW2716E6609E1","membershipLevel":1,"event":"OWNER_CREATED"}
INFO  NOTIFY - Welcome owner id=11 memberId=NSW2716E6609E1
INFO  AnnotationConfigContextLoaderUtils - Could not detect default configuration classes for test class [org.springframework.samples.petclinic.acceptance.Cp17Tests]: Cp17Tests does not declare any static, non-private, non-final, nested classes annotated with @Configuration.
INFO  SpringBootTestContextBootstrapper - Found @SpringBootConfiguration org.springframework.samples.petclinic.PetClinicApplication for test class org.springframework.samples.petclinic.acceptance.Cp17Tests
INFO  AnnotationConfigContextLoaderUtils - Could not detect default configuration classes for test class [org.springframework.samples.petclinic.acceptance.Cp17Tests]: Cp17Tests does not declare any static, non-private, non-final, nested classes annotated with @Configuration.
INFO  AnnotationConfigContextLoaderUtils - Could not detect default configuration classes for test class [org.springframework.samples.petclinic.acceptance.AcceptanceBase]: AcceptanceBase does not declare any static, non-private, non-final, nested classes annotated with @Configuration.
INFO  SpringBootTestContextBootstrapper - Found @SpringBootConfiguration org.springframework.samples.petclinic.PetClinicApplication for test class org.springframework.samples.petclinic.acceptance.Cp17Tests
INFO  AUDIT - Created owner id=12 memberId=NSW27F4F6FF626 registrationDate=2026-09-07 membershipLevel=1
INFO  AUDIT - {"seq":2,"ownerId":12,"memberId":"NSW27F4F6FF626","membershipLevel":1,"event":"OWNER_CREATED"}
INFO  NOTIFY - Welcome owner id=12 memberId=NSW27F4F6FF626
INFO  AnnotationConfigContextLoaderUtils - Could not detect default configuration classes for test class [org.springframework.samples.petclinic.acceptance.Cp10Tests]: Cp10Tests does not declare any static, non-private, non-final, nested classes annotated with @Configuration.
INFO  SpringBootTestContextBootstrapper - Found @SpringBootConfiguration org.springframework.samples.petclinic.PetClinicApplication for test class org.springframework.samples.petclinic.acceptance.Cp10Tests
INFO  AnnotationConfigContextLoaderUtils - Could not detect default configuration classes for test class [org.springframework.samples.petclinic.acceptance.Cp10Tests]: Cp10Tests does not declare any static, non-private, non-final, nested classes annotated with @Configuration.
INFO  AnnotationConfigContextLoaderUtils - Could not detect default configuration classes for test class [org.springframework.samples.petclinic.acceptance.AcceptanceBase]: AcceptanceBase does not declare any static, non-private, non-final, nested classes annotated with @Configuration.
INFO  SpringBootTestContextBootstrapper - Found @SpringBootConfiguration org.springframework.samples.petclinic.PetClinicApplication for test class org.springframework.samples.petclinic.acceptance.Cp10Tests
INFO  AUDIT - Created owner id=13 memberId=NSW27A67F74809 registrationDate=2026-09-07 membershipLevel=1
INFO  AUDIT - {"seq":3,"ownerId":13,"memberId":"NSW27A67F74809","membershipLevel":1,"event":"OWNER_CREATED"}
INFO  NOTIFY - Welcome owner id=13 memberId=NSW27A67F74809
INFO  AUDIT - Created owner id=14 memberId=NSW278F040A647 registrationDate=2026-09-07 membershipLevel=1
INFO  AUDIT - {"seq":4,"ownerId":14,"memberId":"NSW278F040A647","membershipLevel":1,"event":"OWNER_CREATED"}
INFO  NOTIFY - Welcome owner id=14 memberId=NSW278F040A647
INFO  AnnotationConfigContextLoaderUtils - Could not detect default configuration classes for test class [org.springframework.samples.petclinic.acceptance.Cp29Tests]: Cp29Tests does not declare any static, non-private, non-final, nested classes annotated with @Configuration.
INFO  SpringBootTestContextBootstrapper - Found @SpringBootConfiguration org.springframework.samples.petclinic.PetClinicApplication for test class org.springframework.samples.petclinic.acceptance.Cp29Tests
INFO  AnnotationConfigContextLoaderUtils - Could not detect default configuration classes for test class [org.springframework.samples.petclinic.acceptance.Cp29Tests]: Cp29Tests does not declare any static, non-private, non-final, nested classes annotated with @Configuration.
INFO  AnnotationConfigContextLoaderUtils - Could not detect default configuration classes for test class [org.springframework.samples.petclinic.acceptance.AcceptanceBase]: AcceptanceBase does not declare any static, non-private, non-final, nested classes annotated with @Configuration.
INFO  SpringBootTestContextBootstrapper - Found @SpringBootConfiguration org.springframework.samples.petclinic.PetClinicApplication for test class org.springframework.samples.petclinic.acceptance.Cp29Tests
INFO  AUDIT - Created owner id=15 memberId=NSW27E64BA08C2 registrationDate=2026-09-07 membershipLevel=1
INFO  AUDIT - {"seq":5,"ownerId":15,"memberId":"NSW27E64BA08C2","membershipLevel":1,"event":"OWNER_CREATED"}
INFO  NOTIFY - Welcome owner id=15 memberId=NSW27E64BA08C2
INFO  AnnotationConfigContextLoaderUtils - Could not detect default configuration classes for test class [org.springframework.samples.petclinic.acceptance.Cp11Tests]: Cp11Tests does not declare any static, non-private, non-final, nested classes annotated with @Configuration.
INFO  SpringBootTestContextBootstrapper - Found @SpringBootConfiguration org.springframework.samples.petclinic.PetClinicApplication for test class org.springframework.samples.petclinic.acceptance.Cp11Tests
INFO  AnnotationConfigContextLoaderUtils - Could not detect default configuration classes for test class [org.springframework.samples.petclinic.acceptance.Cp11Tests]: Cp11Tests does not declare any static, non-private, non-final, nested classes annotated with @Configuration.
INFO  AnnotationConfigContextLoaderUtils - Could not detect default configuration classes for test class [org.springframework.samples.petclinic.acceptance.AcceptanceBase]: AcceptanceBase does not declare any static, non-private, non-final, nested classes annotated with @Configuration.
INFO  SpringBootTestContextBootstrapper - Found @SpringBootConfiguration org.springframework.samples.petclinic.PetClinicApplication for test class org.springframework.samples.petclinic.acceptance.Cp11Tests
INFO  AUDIT - Created owner id=16 memberId=NSW27295193D85 registrationDate=2026-09-07 membershipLevel=1
INFO  AUDIT - {"seq":6,"ownerId":16,"memberId":"NSW27295193D85","membershipLevel":1,"event":"OWNER_CREATED"}
INFO  NOTIFY - Welcome owner id=16 memberId=NSW27295193D85
INFO  AUDIT - Created owner id=17 memberId=NSW279CCBFAD95 registrationDate=2026-09-07 membershipLevel=1
INFO  AUDIT - {"seq":7,"ownerId":17,"memberId":"NSW279CCBFAD95","membershipLevel":1,"event":"OWNER_CREATED"}
INFO  NOTIFY - Welcome owner id=17 memberId=NSW279CCBFAD95
INFO  AnnotationConfigContextLoaderUtils - Could not detect default configuration classes for test class [org.springframework.samples.petclinic.acceptance.Cp21Tests]: Cp21Tests does not declare any static, non-private, non-final, nested classes annotated with @Configuration.
INFO  SpringBootTestContextBootstrapper - Found @SpringBootConfiguration org.springframework.samples.petclinic.PetClinicApplication for test class org.springframework.samples.petclinic.acceptance.Cp21Tests
INFO  AnnotationConfigContextLoaderUtils - Could not detect default configuration classes for test class [org.springframework.samples.petclinic.acceptance.Cp21Tests]: Cp21Tests does not declare any static, non-private, non-final, nested classes annotated with @Configuration.
INFO  AnnotationConfigContextLoaderUtils - Could not detect default configuration classes for test class [org.springframework.samples.petclinic.acceptance.AcceptanceBase]: AcceptanceBase does not declare any static, non-private, non-final, nested classes annotated with @Configuration.
INFO  SpringBootTestContextBootstrapper - Found @SpringBootConfiguration org.springframework.samples.petclinic.PetClinicApplication for test class org.springframework.samples.petclinic.acceptance.Cp21Tests
INFO  AUDIT - Created owner id=18 memberId=NSW272CC0274C6 registrationDate=2026-09-07 membershipLevel=1
INFO  AUDIT - {"seq":8,"ownerId":18,"memberId":"NSW272CC0274C6","membershipLevel":1,"event":"OWNER_CREATED"}
INFO  NOTIFY - Welcome owner id=18 memberId=NSW272CC0274C6
INFO  AnnotationConfigContextLoaderUtils - Could not detect default configuration classes for test class [org.springframework.samples.petclinic.acceptance.Cp06Tests]: Cp06Tests does not declare any static, non-private, non-final, nested classes annotated with @Configuration.
INFO  SpringBootTestContextBootstrapper - Found @SpringBootConfiguration org.springframework.samples.petclinic.PetClinicApplication for test class org.springframework.samples.petclinic.acceptance.Cp06Tests
INFO  AnnotationConfigContextLoaderUtils - Could not detect default configuration classes for test class [org.springframework.samples.petclinic.acceptance.Cp06Tests]: Cp06Tests does not declare any static, non-private, non-final, nested classes annotated with @Configuration.
INFO  AnnotationConfigContextLoaderUtils - Could not detect default configuration classes for test class [org.springframework.samples.petclinic.acceptance.AcceptanceBase]: AcceptanceBase does not declare any static, non-private, non-final, nested classes annotated with @Configuration.
INFO  SpringBootTestContextBootstrapper - Found @SpringBootConfiguration org.springframework.samples.petclinic.PetClinicApplication for test class org.springframework.samples.petclinic.acceptance.Cp06Tests
INFO  AUDIT - Created owner id=19 memberId=UNKNOWN27B4F68CE57 registrationDate=2026-09-07 membershipLevel=1
INFO  AUDIT - {"seq":9,"ownerId":19,"memberId":"UNKNOWN27B4F68CE57","membershipLevel":1,"event":"OWNER_CREATED"}
INFO  NOTIFY - Welcome owner id=19 memberId=UNKNOWN27B4F68CE57
INFO  AnnotationConfigContextLoaderUtils - Could not detect default configuration classes for test class [org.springframework.samples.petclinic.acceptance.Cp03Tests]: Cp03Tests does not declare any static, non-private, non-final, nested classes annotated with @Configuration.
INFO  SpringBootTestContextBootstrapper - Found @SpringBootConfiguration org.springframework.samples.petclinic.PetClinicApplication for test class org.springframework.samples.petclinic.acceptance.Cp03Tests
INFO  AnnotationConfigContextLoaderUtils - Could not detect default configuration classes for test class [org.springframework.samples.petclinic.acceptance.Cp03Tests]: Cp03Tests does not declare any static, non-private, non-final, nested classes annotated with @Configuration.
INFO  AnnotationConfigContextLoaderUtils - Could not detect default configuration classes for test class [org.springframework.samples.petclinic.acceptance.AcceptanceBase]: AcceptanceBase does not declare any static, non-private, non-final, nested classes annotated with @Configuration.
INFO  SpringBootTestContextBootstrapper - Found @SpringBootConfiguration org.springframework.samples.petclinic.PetClinicApplication for test class org.springframework.samples.petclinic.acceptance.Cp03Tests
INFO  AUDIT - Created owner id=20 memberId=UNKNOWN27D008F0781 registrationDate=2026-09-07 membershipLevel=1
INFO  AUDIT - {"seq":10,"ownerId":20,"memberId":"UNKNOWN27D008F0781","membershipLevel":1,"event":"OWNER_CREATED"}
INFO  NOTIFY - Welcome owner id=20 memberId=UNKNOWN27D008F0781
INFO  AnnotationConfigContextLoaderUtils - Could not detect default configuration classes for test class [org.springframework.samples.petclinic.acceptance.Cp13Tests]: Cp13Tests does not declare any static, non-private, non-final, nested classes annotated with @Configuration.
INFO  SpringBootTestContextBootstrapper - Found @SpringBootConfiguration org.springframework.samples.petclinic.PetClinicApplication for test class org.springframework.samples.petclinic.acceptance.Cp13Tests
INFO  AnnotationConfigContextLoaderUtils - Could not detect default configuration classes for test class [org.springframework.samples.petclinic.acceptance.Cp13Tests]: Cp13Tests does not declare any static, non-private, non-final, nested classes annotated with @Configuration.
INFO  AnnotationConfigContextLoaderUtils - Could not detect default configuration classes for test class [org.springframework.samples.petclinic.acceptance.AcceptanceBase]: AcceptanceBase does not declare any static, non-private, non-final, nested classes annotated with @Configuration.
INFO  SpringBootTestContextBootstrapper - Found @SpringBootConfiguration org.springframework.samples.petclinic.PetClinicApplication for test class org.springframework.samples.petclinic.acceptance.Cp13Tests
INFO  AUDIT - Created owner id=21 memberId=NSW27B5CC522E1 registrationDate=2026-09-07 membershipLevel=1
INFO  AUDIT - {"seq":11,"ownerId":21,"memberId":"NSW27B5CC522E1","membershipLevel":1,"event":"OWNER_CREATED"}
INFO  NOTIFY - Welcome owner id=21 memberId=NSW27B5CC522E1
INFO  AUDIT - Created owner id=22 memberId=NSW278E12ED122 registrationDate=2026-09-07 membershipLevel=1
INFO  AUDIT - {"seq":12,"ownerId":22,"memberId":"NSW278E12ED122","membershipLevel":1,"event":"OWNER_CREATED"}
INFO  NOTIFY - Welcome owner id=22 memberId=NSW278E12ED122

MockHttpServletRequest:
      HTTP Method = POST
      Request URI = /api/owners
       Parameters = {}
          Headers = [Content-Type:"application/json;charset=UTF-8", Content-Length:"124"]
             Body = {"firstName":"Ann","lastName":"Suraw","address":"51 Test Street","city":"Town52","telephone":"0400000053","postcode":"2000"}
    Session Attrs = {SPRING_SECURITY_CONTEXT=SecurityContextImpl [Authentication=UsernamePasswordAuthenticationToken [Principal=org.springframework.security.core.userdetails.User [Username=acceptance-admin, Password=[PROTECTED], Enabled=true, AccountNonExpired=true, CredentialsNonExpired=true, AccountNonLocked=true, Granted Authorities=[ROLE_ADMIN, ROLE_OWNER_ADMIN, ROLE_VET_ADMIN]], Credentials=[PROTECTED], Authenticated=true, Details=null, Granted Authorities=[ROLE_ADMIN, ROLE_OWNER_ADMIN, ROLE_VET_ADMIN]]]}

Handler:
             Type = org.springframework.web.servlet.resource.ResourceHttpRequestHandler

Async:
    Async started = false
     Async result = null

Resolved Exception:
             Type = null

ModelAndView:
        View name = null
             View = null
            Model = null

FlashMap:
       Attributes = null

MockHttpServletResponse:
           Status = 201
    Error message = null
          Headers = [Location:"/api/owners/21", Content-Type:"application/json", X-Content-Type-Options:"nosniff", X-XSS-Protection:"0", Cache-Control:"no-cache, no-store, max-age=0, must-revalidate", Pragma:"no-cache", Expires:"0", X-Frame-Options:"DENY"]
     Content type = application/json
             Body = {"firstName":"Ann","lastName":"Suraw","city":"Town52","telephone":"+61400000053","pets":[],"address":"51 TEST STREET","addressLine1":null,"addressLine2":null,"ageBand":null,"birthDate":null,"bulkSignupWarning":false,"capacityWarning":false,"contactPreference":"PHONE","deleted":false,"displayName":"Suraw, Ann","email":null,"fiscalYear":"FY27","householdId":"b0677686c937","id":21,"identityKey":"f987b195edbc0c8291d1bd4a27d1ad8947d31995ff6783b13eefd42a56b5a40a","initials":"A.S.","locality":"NSW","memberId":"NSW27B5CC522E1","membershipLevel":1,"membershipPoints":1,"namesakeCount":0,"ownerSegment":"STANDARD_METRO","possibleDuplicate":false,"possibleDuplicateOf":null,"postcode":"2000","registrationDate":"2026-09-07","riskFlag":null,"salutation":"Suraw","selfLink":null,"sharesHousehold":null,"telephoneDisplay":"+61 400 000 053","timezone":"Australia/Sydney","title":null}
    Forwarded URL = null
   Redirected URL = /api/owners/21
          Cookies = []

MockHttpServletRequest:
      HTTP Method = POST
      Request URI = /api/owners
       Parameters = {}
          Headers = [Content-Type:"application/json;charset=UTF-8", Content-Length:"124"]
             Body = {"firstName":"Ann","lastName":"Suraw","address":"55 Test Street","city":"Town56","telephone":"0400000057","postcode":"2001"}
    Session Attrs = {SPRING_SECURITY_CONTEXT=SecurityContextImpl [Authentication=UsernamePasswordAuthenticationToken [Principal=org.springframework.security.core.userdetails.User [Username=acceptance-admin, Password=[PROTECTED], Enabled=true, AccountNonExpired=true, CredentialsNonExpired=true, AccountNonLocked=true, Granted Authorities=[ROLE_ADMIN, ROLE_OWNER_ADMIN, ROLE_VET_ADMIN]], Credentials=[PROTECTED], Authenticated=true, Details=null, Granted Authorities=[ROLE_ADMIN, ROLE_OWNER_ADMIN, ROLE_VET_ADMIN]]]}

Handler:
             Type = org.springframework.web.servlet.resource.ResourceHttpRequestHandler

Async:
    Async started = false
     Async result = null

Resolved Exception:
             Type = null

ModelAndView:
        View name = null
             View = null
            Model = null

FlashMap:
       Attributes = null

MockHttpServletResponse:
           Status = 201
    Error message = null
          Headers = [Location:"/api/owners/22", Content-Type:"application/json", X-Content-Type-Options:"nosniff", X-XSS-Protection:"0", Cache-Control:"no-cache, no-store, max-age=0, must-revalidate", Pragma:"no-cache", Expires:"0", X-Frame-Options:"DENY"]
     Content type = application/json
             Body = {"firstName":"Ann","lastName":"Suraw","city":"Town56","telephone":"+61400000057","pets":[],"address":"55 TEST STREET","addressLine1":null,"addressLine2":null,"ageBand":null,"birthDate":null,"bulkSignupWarning":false,"capacityWarning":false,"contactPreference":"PHONE","deleted":false,"displayName":"Suraw, Ann","email":null,"fiscalYear":"FY27","householdId":"f151dc80d3ed","id":22,"identityKey":"3d5ac94d0b9a05c41f08c016ad1422d2738016d59646fc158acfdfa44c805a1a","initials":"A.S.","locality":"NSW","memberId":"NSW278E12ED122","membershipLevel":1,"membershipPoints":1,"namesakeCount":0,"ownerSegment":"STANDARD_METRO","possibleDuplicate":false,"possibleDuplicateOf":null,"postcode":"2001","registrationDate":"2026-09-07","riskFlag":null,"salutation":"Suraw","selfLink":null,"sharesHousehold":null,"telephoneDisplay":"+61 400 000 057","timezone":"Australia/Sydney","title":null}
    Forwarded URL = null
   Redirected URL = /api/owners/22
          Cookies = []

MockHttpServletRequest:
      HTTP Method = GET
      Request URI = /api/owners/22
       Parameters = {}
          Headers = []
             Body = null
    Session Attrs = {SPRING_SECURITY_CONTEXT=SecurityContextImpl [Authentication=UsernamePasswordAuthenticationToken [Principal=org.springframework.security.core.userdetails.User [Username=acceptance-admin, Password=[PROTECTED], Enabled=true, AccountNonExpired=true, CredentialsNonExpired=true, AccountNonLocked=true, Granted Authorities=[ROLE_ADMIN, ROLE_OWNER_ADMIN, ROLE_VET_ADMIN]], Credentials=[PROTECTED], Authenticated=true, Details=null, Granted Authorities=[ROLE_ADMIN, ROLE_OWNER_ADMIN, ROLE_VET_ADMIN]]]}

Handler:
             Type = org.springframework.web.servlet.resource.ResourceHttpRequestHandler

Async:
    Async started = false
     Async result = null

Resolved Exception:
             Type = null

ModelAndView:
        View name = null
             View = null
            Model = null

FlashMap:
       Attributes = null

MockHttpServletResponse:
           Status = 200
    Error message = null
          Headers = [Content-Type:"application/json", X-Content-Type-Options:"nosniff", X-XSS-Protection:"0", Cache-Control:"no-cache, no-store, max-age=0, must-revalidate", Pragma:"no-cache", Expires:"0", X-Frame-Options:"DENY"]
     Content type = application/json
             Body = {"firstName":"Ann","lastName":"Suraw","city":"Town56","telephone":"+61400000057","pets":[],"address":"55 TEST STREET","addressLine1":null,"addressLine2":null,"ageBand":null,"birthDate":null,"bulkSignupWarning":false,"capacityWarning":false,"contactPreference":"PHONE","deleted":false,"displayName":"Suraw, Ann","email":null,"fiscalYear":"FY27","householdId":"f151dc80d3ed","id":22,"identityKey":"3d5ac94d0b9a05c41f08c016ad1422d2738016d59646fc158acfdfa44c805a1a","initials":"A.S.","locality":"NSW","memberId":"NSW278E12ED122","membershipLevel":1,"membershipPoints":1,"namesakeCount":0,"ownerSegment":"STANDARD_METRO","possibleDuplicate":false,"possibleDuplicateOf":null,"postcode":"2001","registrationDate":"2026-09-07","riskFlag":false,"salutation":"Suraw","selfLink":"/api/owners/22","sharesHousehold":null,"telephoneDisplay":"+61 400 000 057","timezone":"Australia/Sydney","title":null}
    Forwarded URL = null
   Redirected URL = null
          Cookies = []
[ERROR] Tests run: 1, Failures: 1, Errors: 0, Skipped: 0, Time elapsed: 0.108 s <<< FAILURE! -- in org.springframework.samples.petclinic.acceptance.Cp13Tests
[ERROR] org.springframework.samples.petclinic.acceptance.Cp13Tests.coreCountsNamesakes -- Time elapsed: 0.098 s <<< FAILURE!
java.lang.AssertionError: JSON path "$.namesakeCount" expected:<1> but was:<0>
	at org.springframework.test.util.AssertionErrors.fail(AssertionErrors.java:62)
	at org.springframework.test.util.AssertionErrors.assertEquals(AssertionErrors.java:129)
	at org.springframework.test.util.JsonPathExpectationsHelper.assertValue(JsonPathExpectationsHelper.java:172)
	at org.springframework.test.web.servlet.result.JsonPathResultMatchers.lambda$value$2(JsonPathResultMatchers.java:111)
	at org.springframework.test.web.servlet.MockMvc$1.andExpect(MockMvc.java:212)
	at org.springframework.samples.petclinic.acceptance.Cp13Tests.coreCountsNamesakes(Cp13Tests.java:24)

INFO  AnnotationConfigContextLoaderUtils - Could not detect default configuration classes for test class [org.springframework.samples.petclinic.acceptance.Cp19Tests]: Cp19Tests does not declare any static, non-private, non-final, nested classes annotated with @Configuration.
INFO  SpringBootTestContextBootstrapper - Found @SpringBootConfiguration org.springframework.samples.petclinic.PetClinicApplication for test class org.springframework.samples.petclinic.acceptance.Cp19Tests
INFO  AnnotationConfigContextLoaderUtils - Could not detect default configuration classes for test class [org.springframework.samples.petclinic.acceptance.Cp19Tests]: Cp19Tests does not declare any static, non-private, non-final, nested classes annotated with @Configuration.
INFO  AnnotationConfigContextLoaderUtils - Could not detect default configuration classes for test class [org.springframework.samples.petclinic.acceptance.AcceptanceBase]: AcceptanceBase does not declare any static, non-private, non-final, nested classes annotated with @Configuration.
INFO  SpringBootTestContextBootstrapper - Found @SpringBootConfiguration org.springframework.samples.petclinic.PetClinicApplication for test class org.springframework.samples.petclinic.acceptance.Cp19Tests
INFO  AUDIT - Created owner id=23 memberId=UNKNOWN27AAC762D50 registrationDate=2026-09-07 membershipLevel=1
INFO  AUDIT - {"seq":13,"ownerId":23,"memberId":"UNKNOWN27AAC762D50","membershipLevel":1,"event":"OWNER_CREATED"}
INFO  NOTIFY - Welcome owner id=23 memberId=UNKNOWN27AAC762D50
INFO  AUDIT - Created owner id=24 memberId=UNKNOWN273586509B5 registrationDate=2026-09-07 membershipLevel=1
INFO  AUDIT - {"seq":14,"ownerId":24,"memberId":"UNKNOWN273586509B5","membershipLevel":1,"event":"OWNER_CREATED"}
INFO  NOTIFY - Welcome owner id=24 memberId=UNKNOWN273586509B5
INFO  AUDIT - Created owner id=25 memberId=UNKNOWN2746C5727F9 registrationDate=2026-09-07 membershipLevel=1
INFO  AUDIT - {"seq":15,"ownerId":25,"memberId":"UNKNOWN2746C5727F9","membershipLevel":1,"event":"OWNER_CREATED"}
INFO  NOTIFY - Welcome owner id=25 memberId=UNKNOWN2746C5727F9
INFO  AUDIT - Created owner id=26 memberId=UNKNOWN273123707F5 registrationDate=2026-09-07 membershipLevel=1
INFO  AUDIT - {"seq":16,"ownerId":26,"memberId":"UNKNOWN273123707F5","membershipLevel":1,"event":"OWNER_CREATED"}
INFO  NOTIFY - Welcome owner id=26 memberId=UNKNOWN273123707F5
INFO  AUDIT - Created owner id=27 memberId=UNKNOWN270EEBE2CE9 registrationDate=2026-09-07 membershipLevel=1
INFO  AUDIT - {"seq":17,"ownerId":27,"memberId":"UNKNOWN270EEBE2CE9","membershipLevel":1,"event":"OWNER_CREATED"}
INFO  NOTIFY - Welcome owner id=27 memberId=UNKNOWN270EEBE2CE9
INFO  AUDIT - Created owner id=28 memberId=UNKNOWN2766CB7B286 registrationDate=2026-09-07 membershipLevel=1
INFO  AUDIT - {"seq":18,"ownerId":28,"memberId":"UNKNOWN2766CB7B286","membershipLevel":1,"event":"OWNER_CREATED"}
INFO  NOTIFY - Welcome owner id=28 memberId=UNKNOWN2766CB7B286
INFO  AUDIT - Created owner id=29 memberId=UNKNOWN273FE304F89 registrationDate=2026-09-07 membershipLevel=1
INFO  AUDIT - {"seq":19,"ownerId":29,"memberId":"UNKNOWN273FE304F89","membershipLevel":1,"event":"OWNER_CREATED"}
INFO  NOTIFY - Welcome owner id=29 memberId=UNKNOWN273FE304F89
INFO  AUDIT - Created owner id=30 memberId=UNKNOWN27310F679D9 registrationDate=2026-09-07 membershipLevel=1
INFO  AUDIT - {"seq":20,"ownerId":30,"memberId":"UNKNOWN27310F679D9","membershipLevel":1,"event":"OWNER_CREATED"}
INFO  NOTIFY - Welcome owner id=30 memberId=UNKNOWN27310F679D9
INFO  AUDIT - Created owner id=31 memberId=UNKNOWN27CD4B43FB1 registrationDate=2026-09-07 membershipLevel=1
INFO  AUDIT - {"seq":21,"ownerId":31,"memberId":"UNKNOWN27CD4B43FB1","membershipLevel":1,"event":"OWNER_CREATED"}
INFO  NOTIFY - Welcome owner id=31 memberId=UNKNOWN27CD4B43FB1
INFO  AUDIT - Created owner id=32 memberId=UNKNOWN277F6E07BD8 registrationDate=2026-09-07 membershipLevel=1
INFO  AUDIT - {"seq":22,"ownerId":32,"memberId":"UNKNOWN277F6E07BD8","membershipLevel":1,"event":"OWNER_CREATED"}
INFO  NOTIFY - Welcome owner id=32 memberId=UNKNOWN277F6E07BD8
INFO  AUDIT - Created owner id=33 memberId=UNKNOWN278AC386040 registrationDate=2026-09-07 membershipLevel=1
INFO  AUDIT - {"seq":23,"ownerId":33,"memberId":"UNKNOWN278AC386040","membershipLevel":1,"event":"OWNER_CREATED"}
INFO  NOTIFY - Welcome owner id=33 memberId=UNKNOWN278AC386040
INFO  AUDIT - Created owner id=34 memberId=UNKNOWN27BBCDCE4F1 registrationDate=2026-09-07 membershipLevel=1
INFO  AUDIT - {"seq":24,"ownerId":34,"memberId":"UNKNOWN27BBCDCE4F1","membershipLevel":1,"event":"OWNER_CREATED"}
INFO  NOTIFY - Welcome owner id=34 memberId=UNKNOWN27BBCDCE4F1
INFO  AUDIT - Created owner id=35 memberId=UNKNOWN27A584662B4 registrationDate=2026-09-07 membershipLevel=1
INFO  AUDIT - {"seq":25,"ownerId":35,"memberId":"UNKNOWN27A584662B4","membershipLevel":1,"event":"OWNER_CREATED"}
INFO  NOTIFY - Welcome owner id=35 memberId=UNKNOWN27A584662B4
INFO  AUDIT - Created owner id=36 memberId=UNKNOWN274251A05D7 registrationDate=2026-09-07 membershipLevel=1
INFO  AUDIT - {"seq":26,"ownerId":36,"memberId":"UNKNOWN274251A05D7","membershipLevel":1,"event":"OWNER_CREATED"}
INFO  NOTIFY - Welcome owner id=36 memberId=UNKNOWN274251A05D7
INFO  AUDIT - Created owner id=37 memberId=UNKNOWN27DB6D45E53 registrationDate=2026-09-07 membershipLevel=1
INFO  AUDIT - {"seq":27,"ownerId":37,"memberId":"UNKNOWN27DB6D45E53","membershipLevel":1,"event":"OWNER_CREATED"}
INFO  NOTIFY - Welcome owner id=37 memberId=UNKNOWN27DB6D45E53
INFO  AUDIT - Created owner id=38 memberId=UNKNOWN27E059CE153 registrationDate=2026-09-07 membershipLevel=1
INFO  AUDIT - {"seq":28,"ownerId":38,"memberId":"UNKNOWN27E059CE153","membershipLevel":1,"event":"OWNER_CREATED"}
INFO  NOTIFY - Welcome owner id=38 memberId=UNKNOWN27E059CE153
INFO  AUDIT - Created owner id=39 memberId=UNKNOWN274298387B3 registrationDate=2026-09-07 membershipLevel=1
INFO  AUDIT - {"seq":29,"ownerId":39,"memberId":"UNKNOWN274298387B3","membershipLevel":1,"event":"OWNER_CREATED"}
INFO  NOTIFY - Welcome owner id=39 memberId=UNKNOWN274298387B3
INFO  AUDIT - Created owner id=40 memberId=UNKNOWN27BB3695F78 registrationDate=2026-09-07 membershipLevel=1
INFO  AUDIT - {"seq":30,"ownerId":40,"memberId":"UNKNOWN27BB3695F78","membershipLevel":1,"event":"OWNER_CREATED"}
INFO  NOTIFY - Welcome owner id=40 memberId=UNKNOWN27BB3695F78
INFO  AUDIT - Created owner id=41 memberId=UNKNOWN277692DCDA0 registrationDate=2026-09-07 membershipLevel=1
INFO  AUDIT - {"seq":31,"ownerId":41,"memberId":"UNKNOWN277692DCDA0","membershipLevel":1,"event":"OWNER_CREATED"}
INFO  NOTIFY - Welcome owner id=41 memberId=UNKNOWN277692DCDA0
INFO  AUDIT - Created owner id=42 memberId=UNKNOWN27F33D7F3E1 registrationDate=2026-09-07 membershipLevel=1
INFO  AUDIT - {"seq":32,"ownerId":42,"memberId":"UNKNOWN27F33D7F3E1","membershipLevel":1,"event":"OWNER_CREATED"}
INFO  NOTIFY - Welcome owner id=42 memberId=UNKNOWN27F33D7F3E1
INFO  AUDIT - Created owner id=43 memberId=UNKNOWN27425DE87E5 registrationDate=2026-09-07 membershipLevel=1
INFO  AUDIT - {"seq":33,"ownerId":43,"memberId":"UNKNOWN27425DE87E5","membershipLevel":1,"event":"OWNER_CREATED"}
INFO  NOTIFY - Welcome owner id=43 memberId=UNKNOWN27425DE87E5
INFO  AUDIT - Created owner id=44 memberId=UNKNOWN2791B1606E5 registrationDate=2026-09-07 membershipLevel=1
INFO  AUDIT - {"seq":34,"ownerId":44,"memberId":"UNKNOWN2791B1606E5","membershipLevel":1,"event":"OWNER_CREATED"}
INFO  NOTIFY - Welcome owner id=44 memberId=UNKNOWN2791B1606E5
INFO  AUDIT - Created owner id=45 memberId=UNKNOWN27E3EDDA011 registrationDate=2026-09-07 membershipLevel=1
INFO  AUDIT - {"seq":35,"ownerId":45,"memberId":"UNKNOWN27E3EDDA011","membershipLevel":1,"event":"OWNER_CREATED"}
INFO  NOTIFY - Welcome owner id=45 memberId=UNKNOWN27E3EDDA011
INFO  AUDIT - Created owner id=46 memberId=UNKNOWN27740558C71 registrationDate=2026-09-07 membershipLevel=1
INFO  AUDIT - {"seq":36,"ownerId":46,"memberId":"UNKNOWN27740558C71","membershipLevel":1,"event":"OWNER_CREATED"}
INFO  NOTIFY - Welcome owner id=46 memberId=UNKNOWN27740558C71
INFO  AUDIT - Created owner id=47 memberId=UNKNOWN27A5588F093 registrationDate=2026-09-07 membershipLevel=1
INFO  AUDIT - {"seq":37,"ownerId":47,"memberId":"UNKNOWN27A5588F093","membershipLevel":1,"event":"OWNER_CREATED"}
INFO  NOTIFY - Welcome owner id=47 memberId=UNKNOWN27A5588F093
INFO  AUDIT - Created owner id=48 memberId=UNKNOWN27A41189571 registrationDate=2026-09-07 membershipLevel=1
INFO  AUDIT - {"seq":38,"ownerId":48,"memberId":"UNKNOWN27A41189571","membershipLevel":1,"event":"OWNER_CREATED"}
INFO  NOTIFY - Welcome owner id=48 memberId=UNKNOWN27A41189571
INFO  AUDIT - Created owner id=49 memberId=UNKNOWN2729EBF6698 registrationDate=2026-09-07 membershipLevel=1
INFO  AUDIT - {"seq":39,"ownerId":49,"memberId":"UNKNOWN2729EBF6698","membershipLevel":1,"event":"OWNER_CREATED"}
INFO  NOTIFY - Welcome owner id=49 memberId=UNKNOWN2729EBF6698
INFO  AUDIT - Created owner id=50 memberId=UNKNOWN27B51CAA964 registrationDate=2026-09-07 membershipLevel=1
INFO  AUDIT - {"seq":40,"ownerId":50,"memberId":"UNKNOWN27B51CAA964","membershipLevel":1,"event":"OWNER_CREATED"}
INFO  NOTIFY - Welcome owner id=50 memberId=UNKNOWN27B51CAA964
INFO  AUDIT - Created owner id=51 memberId=UNKNOWN27EC5BD7B50 registrationDate=2026-09-07 membershipLevel=1
INFO  AUDIT - {"seq":41,"ownerId":51,"memberId":"UNKNOWN27EC5BD7B50","membershipLevel":1,"event":"OWNER_CREATED"}
INFO  NOTIFY - Welcome owner id=51 memberId=UNKNOWN27EC5BD7B50
INFO  AUDIT - Created owner id=52 memberId=UNKNOWN27BE3788CE0 registrationDate=2026-09-07 membershipLevel=1
INFO  AUDIT - {"seq":42,"ownerId":52,"memberId":"UNKNOWN27BE3788CE0","membershipLevel":1,"event":"OWNER_CREATED"}
INFO  NOTIFY - Welcome owner id=52 memberId=UNKNOWN27BE3788CE0
INFO  AUDIT - Created owner id=53 memberId=UNKNOWN2754BB7CB37 registrationDate=2026-09-07 membershipLevel=1
INFO  AUDIT - {"seq":43,"ownerId":53,"memberId":"UNKNOWN2754BB7CB37","membershipLevel":1,"event":"OWNER_CREATED"}
INFO  NOTIFY - Welcome owner id=53 memberId=UNKNOWN2754BB7CB37
INFO  AUDIT - Created owner id=54 memberId=UNKNOWN27B1CC34FD6 registrationDate=2026-09-07 membershipLevel=1
INFO  AUDIT - {"seq":44,"ownerId":54,"memberId":"UNKNOWN27B1CC34FD6","membershipLevel":1,"event":"OWNER_CREATED"}
INFO  NOTIFY - Welcome owner id=54 memberId=UNKNOWN27B1CC34FD6
INFO  AUDIT - Created owner id=55 memberId=UNKNOWN27FAED15076 registrationDate=2026-09-07 membershipLevel=1
INFO  AUDIT - {"seq":45,"ownerId":55,"memberId":"UNKNOWN27FAED15076","membershipLevel":1,"event":"OWNER_CREATED"}
INFO  NOTIFY - Welcome owner id=55 memberId=UNKNOWN27FAED15076
INFO  AUDIT - Created owner id=56 memberId=UNKNOWN27EAD71F418 registrationDate=2026-09-07 membershipLevel=1
INFO  AUDIT - {"seq":46,"ownerId":56,"memberId":"UNKNOWN27EAD71F418","membershipLevel":1,"event":"OWNER_CREATED"}
INFO  NOTIFY - Welcome owner id=56 memberId=UNKNOWN27EAD71F418
INFO  AUDIT - Created owner id=57 memberId=UNKNOWN276E1BF4288 registrationDate=2026-09-07 membershipLevel=1
INFO  AUDIT - {"seq":47,"ownerId":57,"memberId":"UNKNOWN276E1BF4288","membershipLevel":1,"event":"OWNER_CREATED"}
INFO  NOTIFY - Welcome owner id=57 memberId=UNKNOWN276E1BF4288
INFO  AUDIT - Created owner id=58 memberId=UNKNOWN27933DE6B39 registrationDate=2026-09-07 membershipLevel=1
INFO  AUDIT - {"seq":48,"ownerId":58,"memberId":"UNKNOWN27933DE6B39","membershipLevel":1,"event":"OWNER_CREATED"}
INFO  NOTIFY - Welcome owner id=58 memberId=UNKNOWN27933DE6B39
INFO  AUDIT - Created owner id=59 memberId=UNKNOWN2728E8311D7 registrationDate=2026-09-07 membershipLevel=1
INFO  AUDIT - {"seq":49,"ownerId":59,"memberId":"UNKNOWN2728E8311D7","membershipLevel":1,"event":"OWNER_CREATED"}
INFO  NOTIFY - Welcome owner id=59 memberId=UNKNOWN2728E8311D7
INFO  AUDIT - Created owner id=60 memberId=UNKNOWN2748E11A017 registrationDate=2026-09-07 membershipLevel=1
INFO  AUDIT - {"seq":50,"ownerId":60,"memberId":"UNKNOWN2748E11A017","membershipLevel":1,"event":"OWNER_CREATED"}
INFO  NOTIFY - Welcome owner id=60 memberId=UNKNOWN2748E11A017
INFO  AUDIT - Created owner id=61 memberId=UNKNOWN27AC59B6E29 registrationDate=2026-09-07 membershipLevel=1
INFO  AUDIT - {"seq":51,"ownerId":61,"memberId":"UNKNOWN27AC59B6E29","membershipLevel":1,"event":"OWNER_CREATED"}
INFO  NOTIFY - Welcome owner id=61 memberId=UNKNOWN27AC59B6E29
INFO  AUDIT - Created owner id=62 memberId=UNKNOWN277E7FDE6F4 registrationDate=2026-09-07 membershipLevel=1
INFO  AUDIT - {"seq":52,"ownerId":62,"memberId":"UNKNOWN277E7FDE6F4","membershipLevel":1,"event":"OWNER_CREATED"}
INFO  NOTIFY - Welcome owner id=62 memberId=UNKNOWN277E7FDE6F4
INFO  AUDIT - Created owner id=63 memberId=UNKNOWN27597A86227 registrationDate=2026-09-07 membershipLevel=1
INFO  AUDIT - {"seq":53,"ownerId":63,"memberId":"UNKNOWN27597A86227","membershipLevel":1,"event":"OWNER_CREATED"}
INFO  NOTIFY - Welcome owner id=63 memberId=UNKNOWN27597A86227
INFO  AUDIT - Created owner id=64 memberId=UNKNOWN27F85265DF6 registrationDate=2026-09-07 membershipLevel=1
INFO  AUDIT - {"seq":54,"ownerId":64,"memberId":"UNKNOWN27F85265DF6","membershipLevel":1,"event":"OWNER_CREATED"}
INFO  NOTIFY - Welcome owner id=64 memberId=UNKNOWN27F85265DF6
INFO  AUDIT - Created owner id=65 memberId=UNKNOWN276642F4CE2 registrationDate=2026-09-07 membershipLevel=1
INFO  AUDIT - {"seq":55,"ownerId":65,"memberId":"UNKNOWN276642F4CE2","membershipLevel":1,"event":"OWNER_CREATED"}
INFO  NOTIFY - Welcome owner id=65 memberId=UNKNOWN276642F4CE2
INFO  AUDIT - Created owner id=66 memberId=UNKNOWN27F2DE47048 registrationDate=2026-09-07 membershipLevel=1
INFO  AUDIT - {"seq":56,"ownerId":66,"memberId":"UNKNOWN27F2DE47048","membershipLevel":1,"event":"OWNER_CREATED"}
INFO  NOTIFY - Welcome owner id=66 memberId=UNKNOWN27F2DE47048
INFO  AUDIT - Created owner id=67 memberId=UNKNOWN2782FD995A1 registrationDate=2026-09-07 membershipLevel=1
INFO  AUDIT - {"seq":57,"ownerId":67,"memberId":"UNKNOWN2782FD995A1","membershipLevel":1,"event":"OWNER_CREATED"}
INFO  NOTIFY - Welcome owner id=67 memberId=UNKNOWN2782FD995A1
INFO  AUDIT - Created owner id=68 memberId=UNKNOWN27848BA44D9 registrationDate=2026-09-07 membershipLevel=1
INFO  AUDIT - {"seq":58,"ownerId":68,"memberId":"UNKNOWN27848BA44D9","membershipLevel":1,"event":"OWNER_CREATED"}
INFO  NOTIFY - Welcome owner id=68 memberId=UNKNOWN27848BA44D9
INFO  AUDIT - Created owner id=69 memberId=UNKNOWN27C60CDFC48 registrationDate=2026-09-07 membershipLevel=1
INFO  AUDIT - {"seq":59,"ownerId":69,"memberId":"UNKNOWN27C60CDFC48","membershipLevel":1,"event":"OWNER_CREATED"}
INFO  NOTIFY - Welcome owner id=69 memberId=UNKNOWN27C60CDFC48
INFO  AUDIT - Created owner id=70 memberId=UNKNOWN2798D05CFA6 registrationDate=2026-09-07 membershipLevel=1
INFO  AUDIT - {"seq":60,"ownerId":70,"memberId":"UNKNOWN2798D05CFA6","membershipLevel":1,"event":"OWNER_CREATED"}
INFO  NOTIFY - Welcome owner id=70 memberId=UNKNOWN2798D05CFA6
INFO  AUDIT - Created owner id=71 memberId=UNKNOWN272BC3574B6 registrationDate=2026-09-07 membershipLevel=1
INFO  AUDIT - {"seq":61,"ownerId":71,"memberId":"UNKNOWN272BC3574B6","membershipLevel":1,"event":"OWNER_CREATED"}
INFO  NOTIFY - Welcome owner id=71 memberId=UNKNOWN272BC3574B6
INFO  AUDIT - Created owner id=72 memberId=UNKNOWN27FC76B5E57 registrationDate=2026-09-07 membershipLevel=1
INFO  AUDIT - {"seq":62,"ownerId":72,"memberId":"UNKNOWN27FC76B5E57","membershipLevel":1,"event":"OWNER_CREATED"}
INFO  NOTIFY - Welcome owner id=72 memberId=UNKNOWN27FC76B5E57
INFO  AUDIT - Created owner id=73 memberId=UNKNOWN27F2905EB50 registrationDate=2026-09-07 membershipLevel=1
INFO  AUDIT - {"seq":63,"ownerId":73,"memberId":"UNKNOWN27F2905EB50","membershipLevel":1,"event":"OWNER_CREATED"}
INFO  NOTIFY - Welcome owner id=73 memberId=UNKNOWN27F2905EB50
INFO  AUDIT - Created owner id=74 memberId=UNKNOWN273BD72B853 registrationDate=2026-09-07 membershipLevel=1
INFO  AUDIT - {"seq":64,"ownerId":74,"memberId":"UNKNOWN273BD72B853","membershipLevel":1,"event":"OWNER_CREATED"}
INFO  NOTIFY - Welcome owner id=74 memberId=UNKNOWN273BD72B853
INFO  AUDIT - Created owner id=75 memberId=UNKNOWN2701081DA60 registrationDate=2026-09-07 membershipLevel=1
INFO  AUDIT - {"seq":65,"ownerId":75,"memberId":"UNKNOWN2701081DA60","membershipLevel":1,"event":"OWNER_CREATED"}
INFO  NOTIFY - Welcome owner id=75 memberId=UNKNOWN2701081DA60
INFO  AUDIT - Created owner id=76 memberId=UNKNOWN278378BC138 registrationDate=2026-09-07 membershipLevel=1
INFO  AUDIT - {"seq":66,"ownerId":76,"memberId":"UNKNOWN278378BC138","membershipLevel":1,"event":"OWNER_CREATED"}
INFO  NOTIFY - Welcome owner id=76 memberId=UNKNOWN278378BC138
INFO  AUDIT - Created owner id=77 memberId=UNKNOWN27AC91E5602 registrationDate=2026-09-07 membershipLevel=1
INFO  AUDIT - {"seq":67,"ownerId":77,"memberId":"UNKNOWN27AC91E5602","membershipLevel":1,"event":"OWNER_CREATED"}
INFO  NOTIFY - Welcome owner id=77 memberId=UNKNOWN27AC91E5602
INFO  AUDIT - Created owner id=78 memberId=UNKNOWN27A2D12C2B3 registrationDate=2026-09-07 membershipLevel=1
INFO  AUDIT - {"seq":68,"ownerId":78,"memberId":"UNKNOWN27A2D12C2B3","membershipLevel":1,"event":"OWNER_CREATED"}
INFO  NOTIFY - Welcome owner id=78 memberId=UNKNOWN27A2D12C2B3
INFO  AUDIT - Created owner id=79 memberId=UNKNOWN27D78B4F883 registrationDate=2026-09-07 membershipLevel=1
INFO  AUDIT - {"seq":69,"ownerId":79,"memberId":"UNKNOWN27D78B4F883","membershipLevel":1,"event":"OWNER_CREATED"}
INFO  NOTIFY - Welcome owner id=79 memberId=UNKNOWN27D78B4F883
INFO  AUDIT - Created owner id=80 memberId=UNKNOWN27ED38F8420 registrationDate=2026-09-07 membershipLevel=1
INFO  AUDIT - {"seq":70,"ownerId":80,"memberId":"UNKNOWN27ED38F8420","membershipLevel":1,"event":"OWNER_CREATED"}
INFO  NOTIFY - Welcome owner id=80 memberId=UNKNOWN27ED38F8420
INFO  AUDIT - Created owner id=81 memberId=UNKNOWN27B5B1D4827 registrationDate=2026-09-07 membershipLevel=1
INFO  AUDIT - {"seq":71,"ownerId":81,"memberId":"UNKNOWN27B5B1D4827","membershipLevel":1,"event":"OWNER_CREATED"}
INFO  NOTIFY - Welcome owner id=81 memberId=UNKNOWN27B5B1D4827
INFO  AUDIT - Created owner id=82 memberId=UNKNOWN27BC5785AE4 registrationDate=2026-09-07 membershipLevel=1
INFO  AUDIT - {"seq":72,"ownerId":82,"memberId":"UNKNOWN27BC5785AE4","membershipLevel":1,"event":"OWNER_CREATED"}
INFO  NOTIFY - Welcome owner id=82 memberId=UNKNOWN27BC5785AE4
INFO  AUDIT - Created owner id=83 memberId=UNKNOWN27A572CBB76 registrationDate=2026-09-07 membershipLevel=1
INFO  AUDIT - {"seq":73,"ownerId":83,"memberId":"UNKNOWN27A572CBB76","membershipLevel":1,"event":"OWNER_CREATED"}
INFO  NOTIFY - Welcome owner id=83 memberId=UNKNOWN27A572CBB76
INFO  AUDIT - Created owner id=84 memberId=UNKNOWN27DA2DEFCE5 registrationDate=2026-09-07 membershipLevel=1
INFO  AUDIT - {"seq":74,"ownerId":84,"memberId":"UNKNOWN27DA2DEFCE5","membershipLevel":1,"event":"OWNER_CREATED"}
INFO  NOTIFY - Welcome owner id=84 memberId=UNKNOWN27DA2DEFCE5
INFO  AUDIT - Created owner id=85 memberId=UNKNOWN270B086A465 registrationDate=2026-09-07 membershipLevel=1
INFO  AUDIT - {"seq":75,"ownerId":85,"memberId":"UNKNOWN270B086A465","membershipLevel":1,"event":"OWNER_CREATED"}
INFO  NOTIFY - Welcome owner id=85 memberId=UNKNOWN270B086A465
INFO  AUDIT - Created owner id=86 memberId=UNKNOWN270BBA6A059 registrationDate=2026-09-07 membershipLevel=1
INFO  AUDIT - {"seq":76,"ownerId":86,"memberId":"UNKNOWN270BBA6A059","membershipLevel":1,"event":"OWNER_CREATED"}
INFO  NOTIFY - Welcome owner id=86 memberId=UNKNOWN270BBA6A059
INFO  AUDIT - Created owner id=87 memberId=UNKNOWN2767D3F5966 registrationDate=2026-09-07 membershipLevel=1
INFO  AUDIT - {"seq":77,"ownerId":87,"memberId":"UNKNOWN2767D3F5966","membershipLevel":1,"event":"OWNER_CREATED"}
INFO  NOTIFY - Welcome owner id=87 memberId=UNKNOWN2767D3F5966
INFO  AUDIT - Created owner id=88 memberId=UNKNOWN27A40331F09 registrationDate=2026-09-07 membershipLevel=1
INFO  AUDIT - {"seq":78,"ownerId":88,"memberId":"UNKNOWN27A40331F09","membershipLevel":1,"event":"OWNER_CREATED"}
INFO  NOTIFY - Welcome owner id=88 memberId=UNKNOWN27A40331F09
INFO  AUDIT - Created owner id=89 memberId=UNKNOWN274842D4B59 registrationDate=2026-09-07 membershipLevel=1
INFO  AUDIT - {"seq":79,"ownerId":89,"memberId":"UNKNOWN274842D4B59","membershipLevel":1,"event":"OWNER_CREATED"}
INFO  NOTIFY - Welcome owner id=89 memberId=UNKNOWN274842D4B59
INFO  AUDIT - Created owner id=90 memberId=UNKNOWN27FF828AB86 registrationDate=2026-09-07 membershipLevel=1
INFO  AUDIT - {"seq":80,"ownerId":90,"memberId":"UNKNOWN27FF828AB86","membershipLevel":1,"event":"OWNER_CREATED"}
INFO  NOTIFY - Welcome owner id=90 memberId=UNKNOWN27FF828AB86
INFO  AUDIT - Created owner id=91 memberId=UNKNOWN27D2225BBF4 registrationDate=2026-09-07 membershipLevel=1
INFO  AUDIT - {"seq":81,"ownerId":91,"memberId":"UNKNOWN27D2225BBF4","membershipLevel":1,"event":"OWNER_CREATED"}
INFO  NOTIFY - Welcome owner id=91 memberId=UNKNOWN27D2225BBF4
INFO  AUDIT - Created owner id=92 memberId=UNKNOWN275D6F4E871 registrationDate=2026-09-07 membershipLevel=1
INFO  AUDIT - {"seq":82,"ownerId":92,"memberId":"UNKNOWN275D6F4E871","membershipLevel":1,"event":"OWNER_CREATED"}
INFO  NOTIFY - Welcome owner id=92 memberId=UNKNOWN275D6F4E871
INFO  AUDIT - Created owner id=93 memberId=UNKNOWN27DD3FCED59 registrationDate=2026-09-07 membershipLevel=1
INFO  AUDIT - {"seq":83,"ownerId":93,"memberId":"UNKNOWN27DD3FCED59","membershipLevel":1,"event":"OWNER_CREATED"}
INFO  NOTIFY - Welcome owner id=93 memberId=UNKNOWN27DD3FCED59
INFO  AUDIT - Created owner id=94 memberId=UNKNOWN27E25B8BA85 registrationDate=2026-09-07 membershipLevel=1
INFO  AUDIT - {"seq":84,"ownerId":94,"memberId":"UNKNOWN27E25B8BA85","membershipLevel":1,"event":"OWNER_CREATED"}
INFO  NOTIFY - Welcome owner id=94 memberId=UNKNOWN27E25B8BA85
INFO  AUDIT - Created owner id=95 memberId=UNKNOWN275BAB02814 registrationDate=2026-09-07 membershipLevel=1
INFO  AUDIT - {"seq":85,"ownerId":95,"memberId":"UNKNOWN275BAB02814","membershipLevel":1,"event":"OWNER_CREATED"}
INFO  NOTIFY - Welcome owner id=95 memberId=UNKNOWN275BAB02814
INFO  AUDIT - Created owner id=96 memberId=UNKNOWN2700706CAE1 registrationDate=2026-09-07 membershipLevel=1
INFO  AUDIT - {"seq":86,"ownerId":96,"memberId":"UNKNOWN2700706CAE1","membershipLevel":1,"event":"OWNER_CREATED"}
INFO  NOTIFY - Welcome owner id=96 memberId=UNKNOWN2700706CAE1
INFO  AUDIT - Created owner id=97 memberId=UNKNOWN273D710DA53 registrationDate=2026-09-07 membershipLevel=1
INFO  AUDIT - {"seq":87,"ownerId":97,"memberId":"UNKNOWN273D710DA53","membershipLevel":1,"event":"OWNER_CREATED"}
INFO  NOTIFY - Welcome owner id=97 memberId=UNKNOWN273D710DA53
INFO  AUDIT - Created owner id=98 memberId=UNKNOWN279717C0CF4 registrationDate=2026-09-07 membershipLevel=1
INFO  AUDIT - {"seq":88,"ownerId":98,"memberId":"UNKNOWN279717C0CF4","membershipLevel":1,"event":"OWNER_CREATED"}
INFO  NOTIFY - Welcome owner id=98 memberId=UNKNOWN279717C0CF4
INFO  AUDIT - Created owner id=99 memberId=UNKNOWN2771FF14526 registrationDate=2026-09-07 membershipLevel=1
INFO  AUDIT - {"seq":89,"ownerId":99,"memberId":"UNKNOWN2771FF14526","membershipLevel":1,"event":"OWNER_CREATED"}
INFO  NOTIFY - Welcome owner id=99 memberId=UNKNOWN2771FF14526
INFO  AUDIT - Created owner id=100 memberId=UNKNOWN27364A07EF4 registrationDate=2026-09-07 membershipLevel=1
INFO  AUDIT - {"seq":90,"ownerId":100,"memberId":"UNKNOWN27364A07EF4","membershipLevel":1,"event":"OWNER_CREATED"}
INFO  NOTIFY - Welcome owner id=100 memberId=UNKNOWN27364A07EF4
INFO  AUDIT - Created owner id=101 memberId=UNKNOWN2732679F929 registrationDate=2026-09-07 membershipLevel=1
INFO  AUDIT - {"seq":91,"ownerId":101,"memberId":"UNKNOWN2732679F929","membershipLevel":1,"event":"OWNER_CREATED"}
INFO  NOTIFY - Welcome owner id=101 memberId=UNKNOWN2732679F929
INFO  AUDIT - Created owner id=102 memberId=UNKNOWN27471A75AA4 registrationDate=2026-09-07 membershipLevel=1
INFO  AUDIT - {"seq":92,"ownerId":102,"memberId":"UNKNOWN27471A75AA4","membershipLevel":1,"event":"OWNER_CREATED"}
INFO  NOTIFY - Welcome owner id=102 memberId=UNKNOWN27471A75AA4
INFO  AUDIT - Created owner id=103 memberId=UNKNOWN27824665734 registrationDate=2026-09-07 membershipLevel=1
INFO  AUDIT - {"seq":93,"ownerId":103,"memberId":"UNKNOWN27824665734","membershipLevel":1,"event":"OWNER_CREATED"}
INFO  NOTIFY - Welcome owner id=103 memberId=UNKNOWN27824665734
INFO  AUDIT - Created owner id=104 memberId=UNKNOWN278C5114378 registrationDate=2026-09-07 membershipLevel=1
INFO  AUDIT - {"seq":94,"ownerId":104,"memberId":"UNKNOWN278C5114378","membershipLevel":1,"event":"OWNER_CREATED"}
INFO  NOTIFY - Welcome owner id=104 memberId=UNKNOWN278C5114378
INFO  AUDIT - Created owner id=105 memberId=UNKNOWN27BD9639744 registrationDate=2026-09-07 membershipLevel=1
INFO  AUDIT - {"seq":95,"ownerId":105,"memberId":"UNKNOWN27BD9639744","membershipLevel":1,"event":"OWNER_CREATED"}
INFO  NOTIFY - Welcome owner id=105 memberId=UNKNOWN27BD9639744
INFO  AUDIT - Created owner id=106 memberId=UNKNOWN27C2405D0F6 registrationDate=2026-09-07 membershipLevel=1
INFO  AUDIT - {"seq":96,"ownerId":106,"memberId":"UNKNOWN27C2405D0F6","membershipLevel":1,"event":"OWNER_CREATED"}
INFO  NOTIFY - Welcome owner id=106 memberId=UNKNOWN27C2405D0F6
INFO  AUDIT - Created owner id=107 memberId=UNKNOWN279D1421908 registrationDate=2026-09-07 membershipLevel=1
INFO  AUDIT - {"seq":97,"ownerId":107,"memberId":"UNKNOWN279D1421908","membershipLevel":1,"event":"OWNER_CREATED"}
INFO  NOTIFY - Welcome owner id=107 memberId=UNKNOWN279D1421908
INFO  AUDIT - Created owner id=108 memberId=UNKNOWN27225C391E5 registrationDate=2026-09-07 membershipLevel=1
INFO  AUDIT - {"seq":98,"ownerId":108,"memberId":"UNKNOWN27225C391E5","membershipLevel":1,"event":"OWNER_CREATED"}
INFO  NOTIFY - Welcome owner id=108 memberId=UNKNOWN27225C391E5
INFO  AUDIT - Created owner id=109 memberId=UNKNOWN27F27965E25 registrationDate=2026-09-07 membershipLevel=1
INFO  AUDIT - {"seq":99,"ownerId":109,"memberId":"UNKNOWN27F27965E25","membershipLevel":1,"event":"OWNER_CREATED"}
INFO  NOTIFY - Welcome owner id=109 memberId=UNKNOWN27F27965E25
INFO  AUDIT - Created owner id=110 memberId=UNKNOWN278C6A894C2 registrationDate=2026-09-07 membershipLevel=1
INFO  AUDIT - {"seq":100,"ownerId":110,"memberId":"UNKNOWN278C6A894C2","membershipLevel":1,"event":"OWNER_CREATED"}
INFO  NOTIFY - Welcome owner id=110 memberId=UNKNOWN278C6A894C2
INFO  AUDIT - Created owner id=111 memberId=UNKNOWN27415DC0895 registrationDate=2026-09-07 membershipLevel=1
INFO  AUDIT - {"seq":101,"ownerId":111,"memberId":"UNKNOWN27415DC0895","membershipLevel":1,"event":"OWNER_CREATED"}
INFO  NOTIFY - Welcome owner id=111 memberId=UNKNOWN27415DC0895
INFO  AUDIT - Created owner id=112 memberId=UNKNOWN2728B105E99 registrationDate=2026-09-07 membershipLevel=1
INFO  AUDIT - {"seq":102,"ownerId":112,"memberId":"UNKNOWN2728B105E99","membershipLevel":1,"event":"OWNER_CREATED"}
INFO  NOTIFY - Welcome owner id=112 memberId=UNKNOWN2728B105E99
INFO  AUDIT - Created owner id=113 memberId=UNKNOWN2730170AE38 registrationDate=2026-09-07 membershipLevel=1
INFO  AUDIT - {"seq":103,"ownerId":113,"memberId":"UNKNOWN2730170AE38","membershipLevel":1,"event":"OWNER_CREATED"}
INFO  NOTIFY - Welcome owner id=113 memberId=UNKNOWN2730170AE38
INFO  AUDIT - Created owner id=114 memberId=UNKNOWN279AF0292A3 registrationDate=2026-09-07 membershipLevel=1
INFO  AUDIT - {"seq":104,"ownerId":114,"memberId":"UNKNOWN279AF0292A3","membershipLevel":1,"event":"OWNER_CREATED"}
INFO  NOTIFY - Welcome owner id=114 memberId=UNKNOWN279AF0292A3
INFO  AUDIT - Created owner id=115 memberId=UNKNOWN27CC4DA9C93 registrationDate=2026-09-07 membershipLevel=1
INFO  AUDIT - {"seq":105,"ownerId":115,"memberId":"UNKNOWN27CC4DA9C93","membershipLevel":1,"event":"OWNER_CREATED"}
INFO  NOTIFY - Welcome owner id=115 memberId=UNKNOWN27CC4DA9C93
INFO  AUDIT - Created owner id=116 memberId=UNKNOWN2742854F355 registrationDate=2026-09-07 membershipLevel=1
INFO  AUDIT - {"seq":106,"ownerId":116,"memberId":"UNKNOWN2742854F355","membershipLevel":1,"event":"OWNER_CREATED"}
INFO  NOTIFY - Welcome owner id=116 memberId=UNKNOWN2742854F355
INFO  AUDIT - Created owner id=117 memberId=UNKNOWN2779B436B35 registrationDate=2026-09-07 membershipLevel=1
INFO  AUDIT - {"seq":107,"ownerId":117,"memberId":"UNKNOWN2779B436B35","membershipLevel":1,"event":"OWNER_CREATED"}
INFO  NOTIFY - Welcome owner id=117 memberId=UNKNOWN2779B436B35
INFO  AUDIT - Created owner id=118 memberId=UNKNOWN279EE04ABE2 registrationDate=2026-09-07 membershipLevel=1
INFO  AUDIT - {"seq":108,"ownerId":118,"memberId":"UNKNOWN279EE04ABE2","membershipLevel":1,"event":"OWNER_CREATED"}
INFO  NOTIFY - Welcome owner id=118 memberId=UNKNOWN279EE04ABE2
INFO  AUDIT - Created owner id=119 memberId=UNKNOWN273AFD652A8 registrationDate=2026-09-07 membershipLevel=1
INFO  AUDIT - {"seq":109,"ownerId":119,"memberId":"UNKNOWN273AFD652A8","membershipLevel":1,"event":"OWNER_CREATED"}
INFO  NOTIFY - Welcome owner id=119 memberId=UNKNOWN273AFD652A8
INFO  AUDIT - Created owner id=120 memberId=UNKNOWN274A4669363 registrationDate=2026-09-07 membershipLevel=1
INFO  AUDIT - {"seq":110,"ownerId":120,"memberId":"UNKNOWN274A4669363","membershipLevel":1,"event":"OWNER_CREATED"}
INFO  NOTIFY - Welcome owner id=120 memberId=UNKNOWN274A4669363
INFO  AUDIT - Created owner id=121 memberId=UNKNOWN27B91E002F5 registrationDate=2026-09-07 membershipLevel=1
INFO  AUDIT - {"seq":111,"ownerId":121,"memberId":"UNKNOWN27B91E002F5","membershipLevel":1,"event":"OWNER_CREATED"}
INFO  NOTIFY - Welcome owner id=121 memberId=UNKNOWN27B91E002F5
INFO  AUDIT - Created owner id=122 memberId=UNKNOWN278D4AEFB81 registrationDate=2026-09-07 membershipLevel=1
INFO  AUDIT - {"seq":112,"ownerId":122,"memberId":"UNKNOWN278D4AEFB81","membershipLevel":1,"event":"OWNER_CREATED"}
INFO  NOTIFY - Welcome owner id=122 memberId=UNKNOWN278D4AEFB81
INFO  AnnotationConfigContextLoaderUtils - Could not detect default configuration classes for test class [org.springframework.samples.petclinic.acceptance.Cp28Tests]: Cp28Tests does not declare any static, non-private, non-final, nested classes annotated with @Configuration.
INFO  SpringBootTestContextBootstrapper - Found @SpringBootConfiguration org.springframework.samples.petclinic.PetClinicApplication for test class org.springframework.samples.petclinic.acceptance.Cp28Tests
INFO  AnnotationConfigContextLoaderUtils - Could not detect default configuration classes for test class [org.springframework.samples.petclinic.acceptance.Cp28Tests]: Cp28Tests does not declare any static, non-private, non-final, nested classes annotated with @Configuration.
INFO  AnnotationConfigContextLoaderUtils - Could not detect default configuration classes for test class [org.springframework.samples.petclinic.acceptance.AcceptanceBase]: AcceptanceBase does not declare any static, non-private, non-final, nested classes annotated with @Configuration.
INFO  SpringBootTestContextBootstrapper - Found @SpringBootConfiguration org.springframework.samples.petclinic.PetClinicApplication for test class org.springframework.samples.petclinic.acceptance.Cp28Tests
INFO  AUDIT - Created owner id=123 memberId=NSW2765B0B2F09 registrationDate=2026-09-07 membershipLevel=1
INFO  AUDIT - {"seq":113,"ownerId":123,"memberId":"NSW2765B0B2F09","membershipLevel":1,"event":"OWNER_CREATED"}
INFO  NOTIFY - Welcome owner id=123 memberId=NSW2765B0B2F09
INFO  AUDIT - Created owner id=124 memberId=NSW27F27F2B8F7 registrationDate=2026-09-07 membershipLevel=2
INFO  AUDIT - {"seq":114,"ownerId":124,"memberId":"NSW27F27F2B8F7","membershipLevel":2,"event":"OWNER_CREATED"}
INFO  NOTIFY - Welcome owner id=124 memberId=NSW27F27F2B8F7
INFO  AnnotationConfigContextLoaderUtils - Could not detect default configuration classes for test class [org.springframework.samples.petclinic.acceptance.Cp18Tests]: Cp18Tests does not declare any static, non-private, non-final, nested classes annotated with @Configuration.
INFO  SpringBootTestContextBootstrapper - Found @SpringBootConfiguration org.springframework.samples.petclinic.PetClinicApplication for test class org.springframework.samples.petclinic.acceptance.Cp18Tests
INFO  AnnotationConfigContextLoaderUtils - Could not detect default configuration classes for test class [org.springframework.samples.petclinic.acceptance.Cp18Tests]: Cp18Tests does not declare any static, non-private, non-final, nested classes annotated with @Configuration.
INFO  AnnotationConfigContextLoaderUtils - Could not detect default configuration classes for test class [org.springframework.samples.petclinic.acceptance.AcceptanceBase]: AcceptanceBase does not declare any static, non-private, non-final, nested classes annotated with @Configuration.
INFO  SpringBootTestContextBootstrapper - Found @SpringBootConfiguration org.springframework.samples.petclinic.PetClinicApplication for test class org.springframework.samples.petclinic.acceptance.Cp18Tests
INFO  AUDIT - Created owner id=125 memberId=UNKNOWN278D6D57200 registrationDate=2026-09-07 membershipLevel=1
INFO  AUDIT - {"seq":115,"ownerId":125,"memberId":"UNKNOWN278D6D57200","membershipLevel":1,"event":"OWNER_CREATED"}
INFO  NOTIFY - Welcome owner id=125 memberId=UNKNOWN278D6D57200
INFO  AUDIT - Created owner id=126 memberId=UNKNOWN27F08741471 registrationDate=2026-09-07 membershipLevel=1
INFO  AUDIT - {"seq":116,"ownerId":126,"memberId":"UNKNOWN27F08741471","membershipLevel":1,"event":"OWNER_CREATED"}
INFO  NOTIFY - Welcome owner id=126 memberId=UNKNOWN27F08741471
INFO  AUDIT - Created owner id=127 memberId=UNKNOWN275F2F80147 registrationDate=2026-09-07 membershipLevel=1
INFO  AUDIT - {"seq":117,"ownerId":127,"memberId":"UNKNOWN275F2F80147","membershipLevel":1,"event":"OWNER_CREATED"}
INFO  NOTIFY - Welcome owner id=127 memberId=UNKNOWN275F2F80147
INFO  AUDIT - Created owner id=128 memberId=UNKNOWN27711657851 registrationDate=2026-09-07 membershipLevel=1
INFO  AUDIT - {"seq":118,"ownerId":128,"memberId":"UNKNOWN27711657851","membershipLevel":1,"event":"OWNER_CREATED"}
INFO  NOTIFY - Welcome owner id=128 memberId=UNKNOWN27711657851
INFO  AUDIT - Created owner id=129 memberId=UNKNOWN27F4F36ABF5 registrationDate=2026-09-07 membershipLevel=1
INFO  AUDIT - {"seq":119,"ownerId":129,"memberId":"UNKNOWN27F4F36ABF5","membershipLevel":1,"event":"OWNER_CREATED"}
INFO  NOTIFY - Welcome owner id=129 memberId=UNKNOWN27F4F36ABF5
INFO  AUDIT - Created owner id=130 memberId=UNKNOWN27C02C61050 registrationDate=2026-09-07 membershipLevel=1
INFO  AUDIT - {"seq":120,"ownerId":130,"memberId":"UNKNOWN27C02C61050","membershipLevel":1,"event":"OWNER_CREATED"}
INFO  NOTIFY - Welcome owner id=130 memberId=UNKNOWN27C02C61050
INFO  AUDIT - Created owner id=131 memberId=UNKNOWN27410811551 registrationDate=2026-09-07 membershipLevel=1
INFO  AUDIT - {"seq":121,"ownerId":131,"memberId":"UNKNOWN27410811551","membershipLevel":1,"event":"OWNER_CREATED"}
INFO  NOTIFY - Welcome owner id=131 memberId=UNKNOWN27410811551
INFO  AUDIT - Created owner id=132 memberId=UNKNOWN271E13E3A07 registrationDate=2026-09-07 membershipLevel=1
INFO  AUDIT - {"seq":122,"ownerId":132,"memberId":"UNKNOWN271E13E3A07","membershipLevel":1,"event":"OWNER_CREATED"}
INFO  NOTIFY - Welcome owner id=132 memberId=UNKNOWN271E13E3A07
INFO  AUDIT - Created owner id=133 memberId=UNKNOWN27521C669A5 registrationDate=2026-09-07 membershipLevel=1
INFO  AUDIT - {"seq":123,"ownerId":133,"memberId":"UNKNOWN27521C669A5","membershipLevel":1,"event":"OWNER_CREATED"}
INFO  NOTIFY - Welcome owner id=133 memberId=UNKNOWN27521C669A5
INFO  AUDIT - Created owner id=134 memberId=UNKNOWN276BEF25A40 registrationDate=2026-09-07 membershipLevel=1
INFO  AUDIT - {"seq":124,"ownerId":134,"memberId":"UNKNOWN276BEF25A40","membershipLevel":1,"event":"OWNER_CREATED"}
INFO  NOTIFY - Welcome owner id=134 memberId=UNKNOWN276BEF25A40
INFO  AUDIT - Created owner id=135 memberId=UNKNOWN2720D713B90 registrationDate=2026-09-07 membershipLevel=1
INFO  AUDIT - {"seq":125,"ownerId":135,"memberId":"UNKNOWN2720D713B90","membershipLevel":1,"event":"OWNER_CREATED"}
INFO  NOTIFY - Welcome owner id=135 memberId=UNKNOWN2720D713B90
INFO  AUDIT - Created owner id=136 memberId=UNKNOWN2736CAC12F2 registrationDate=2026-09-07 membershipLevel=1
INFO  AUDIT - {"seq":126,"ownerId":136,"memberId":"UNKNOWN2736CAC12F2","membershipLevel":1,"event":"OWNER_CREATED"}
INFO  NOTIFY - Welcome owner id=136 memberId=UNKNOWN2736CAC12F2
INFO  AUDIT - Created owner id=137 memberId=UNKNOWN2772263E7B9 registrationDate=2026-09-07 membershipLevel=1
INFO  AUDIT - {"seq":127,"ownerId":137,"memberId":"UNKNOWN2772263E7B9","membershipLevel":1,"event":"OWNER_CREATED"}
INFO  NOTIFY - Welcome owner id=137 memberId=UNKNOWN2772263E7B9
INFO  AUDIT - Created owner id=138 memberId=UNKNOWN271DEE84993 registrationDate=2026-09-07 membershipLevel=1
INFO  AUDIT - {"seq":128,"ownerId":138,"memberId":"UNKNOWN271DEE84993","membershipLevel":1,"event":"OWNER_CREATED"}
INFO  NOTIFY - Welcome owner id=138 memberId=UNKNOWN271DEE84993
INFO  AUDIT - Created owner id=139 memberId=UNKNOWN277AD146AF7 registrationDate=2026-09-07 membershipLevel=1
INFO  AUDIT - {"seq":129,"ownerId":139,"memberId":"UNKNOWN277AD146AF7","membershipLevel":1,"event":"OWNER_CREATED"}
INFO  NOTIFY - Welcome owner id=139 memberId=UNKNOWN277AD146AF7
INFO  AUDIT - Created owner id=140 memberId=UNKNOWN27E888A8B90 registrationDate=2026-09-07 membershipLevel=1
INFO  AUDIT - {"seq":130,"ownerId":140,"memberId":"UNKNOWN27E888A8B90","membershipLevel":1,"event":"OWNER_CREATED"}
INFO  NOTIFY - Welcome owner id=140 memberId=UNKNOWN27E888A8B90
INFO  AUDIT - Created owner id=141 memberId=UNKNOWN27E9D6C50D6 registrationDate=2026-09-07 membershipLevel=1
INFO  AUDIT - {"seq":131,"ownerId":141,"memberId":"UNKNOWN27E9D6C50D6","membershipLevel":1,"event":"OWNER_CREATED"}
INFO  NOTIFY - Welcome owner id=141 memberId=UNKNOWN27E9D6C50D6
INFO  AUDIT - Created owner id=142 memberId=UNKNOWN27CDB31B446 registrationDate=2026-09-07 membershipLevel=1
INFO  AUDIT - {"seq":132,"ownerId":142,"memberId":"UNKNOWN27CDB31B446","membershipLevel":1,"event":"OWNER_CREATED"}
INFO  NOTIFY - Welcome owner id=142 memberId=UNKNOWN27CDB31B446
INFO  AUDIT - Created owner id=143 memberId=UNKNOWN270CF5738C9 registrationDate=2026-09-07 membershipLevel=1
INFO  AUDIT - {"seq":133,"ownerId":143,"memberId":"UNKNOWN270CF5738C9","membershipLevel":1,"event":"OWNER_CREATED"}
INFO  NOTIFY - Welcome owner id=143 memberId=UNKNOWN270CF5738C9
INFO  AUDIT - Created owner id=144 memberId=UNKNOWN27ED164D8E8 registrationDate=2026-09-07 membershipLevel=1
INFO  AUDIT - {"seq":134,"ownerId":144,"memberId":"UNKNOWN27ED164D8E8","membershipLevel":1,"event":"OWNER_CREATED"}
INFO  NOTIFY - Welcome owner id=144 memberId=UNKNOWN27ED164D8E8
INFO  AUDIT - Created owner id=145 memberId=UNKNOWN27763B67F67 registrationDate=2026-09-07 membershipLevel=1
INFO  AUDIT - {"seq":135,"ownerId":145,"memberId":"UNKNOWN27763B67F67","membershipLevel":1,"event":"OWNER_CREATED"}
INFO  NOTIFY - Welcome owner id=145 memberId=UNKNOWN27763B67F67
INFO  AUDIT - Created owner id=146 memberId=UNKNOWN2794628A6D5 registrationDate=2026-09-07 membershipLevel=1
INFO  AUDIT - {"seq":136,"ownerId":146,"memberId":"UNKNOWN2794628A6D5","membershipLevel":1,"event":"OWNER_CREATED"}
INFO  NOTIFY - Welcome owner id=146 memberId=UNKNOWN2794628A6D5
INFO  AUDIT - Created owner id=147 memberId=UNKNOWN27E0D1322F6 registrationDate=2026-09-07 membershipLevel=1
INFO  AUDIT - {"seq":137,"ownerId":147,"memberId":"UNKNOWN27E0D1322F6","membershipLevel":1,"event":"OWNER_CREATED"}
INFO  NOTIFY - Welcome owner id=147 memberId=UNKNOWN27E0D1322F6
INFO  AUDIT - Created owner id=148 memberId=UNKNOWN27161E4C448 registrationDate=2026-09-07 membershipLevel=1
INFO  AUDIT - {"seq":138,"ownerId":148,"memberId":"UNKNOWN27161E4C448","membershipLevel":1,"event":"OWNER_CREATED"}
INFO  NOTIFY - Welcome owner id=148 memberId=UNKNOWN27161E4C448
INFO  AUDIT - Created owner id=149 memberId=UNKNOWN27966BA0229 registrationDate=2026-09-07 membershipLevel=1
INFO  AUDIT - {"seq":139,"ownerId":149,"memberId":"UNKNOWN27966BA0229","membershipLevel":1,"event":"OWNER_CREATED"}
INFO  NOTIFY - Welcome owner id=149 memberId=UNKNOWN27966BA0229
INFO  AUDIT - Created owner id=150 memberId=UNKNOWN27B86D0A691 registrationDate=2026-09-07 membershipLevel=1
INFO  AUDIT - {"seq":140,"ownerId":150,"memberId":"UNKNOWN27B86D0A691","membershipLevel":1,"event":"OWNER_CREATED"}
INFO  NOTIFY - Welcome owner id=150 memberId=UNKNOWN27B86D0A691
INFO  AUDIT - Created owner id=151 memberId=UNKNOWN27BD81023C3 registrationDate=2026-09-07 membershipLevel=1
INFO  AUDIT - {"seq":141,"ownerId":151,"memberId":"UNKNOWN27BD81023C3","membershipLevel":1,"event":"OWNER_CREATED"}
INFO  NOTIFY - Welcome owner id=151 memberId=UNKNOWN27BD81023C3
INFO  AUDIT - Created owner id=152 memberId=UNKNOWN2748A6A4BC8 registrationDate=2026-09-07 membershipLevel=1
INFO  AUDIT - {"seq":142,"ownerId":152,"memberId":"UNKNOWN2748A6A4BC8","membershipLevel":1,"event":"OWNER_CREATED"}
INFO  NOTIFY - Welcome owner id=152 memberId=UNKNOWN2748A6A4BC8
INFO  AUDIT - Created owner id=153 memberId=UNKNOWN27D225D8A38 registrationDate=2026-09-07 membershipLevel=1
INFO  AUDIT - {"seq":143,"ownerId":153,"memberId":"UNKNOWN27D225D8A38","membershipLevel":1,"event":"OWNER_CREATED"}
INFO  NOTIFY - Welcome owner id=153 memberId=UNKNOWN27D225D8A38
INFO  AUDIT - Created owner id=154 memberId=UNKNOWN279AD220E12 registrationDate=2026-09-07 membershipLevel=1
INFO  AUDIT - {"seq":144,"ownerId":154,"memberId":"UNKNOWN279AD220E12","membershipLevel":1,"event":"OWNER_CREATED"}
INFO  NOTIFY - Welcome owner id=154 memberId=UNKNOWN279AD220E12
INFO  AUDIT - Created owner id=155 memberId=UNKNOWN27850726D00 registrationDate=2026-09-07 membershipLevel=1
INFO  AUDIT - {"seq":145,"ownerId":155,"memberId":"UNKNOWN27850726D00","membershipLevel":1,"event":"OWNER_CREATED"}
INFO  NOTIFY - Welcome owner id=155 memberId=UNKNOWN27850726D00
INFO  AUDIT - Created owner id=156 memberId=UNKNOWN27185F5A173 registrationDate=2026-09-07 membershipLevel=1
INFO  AUDIT - {"seq":146,"ownerId":156,"memberId":"UNKNOWN27185F5A173","membershipLevel":1,"event":"OWNER_CREATED"}
INFO  NOTIFY - Welcome owner id=156 memberId=UNKNOWN27185F5A173
INFO  AUDIT - Created owner id=157 memberId=UNKNOWN27C72106F54 registrationDate=2026-09-07 membershipLevel=1
INFO  AUDIT - {"seq":147,"ownerId":157,"memberId":"UNKNOWN27C72106F54","membershipLevel":1,"event":"OWNER_CREATED"}
INFO  NOTIFY - Welcome owner id=157 memberId=UNKNOWN27C72106F54
INFO  AUDIT - Created owner id=158 memberId=UNKNOWN27201C78D80 registrationDate=2026-09-07 membershipLevel=1
INFO  AUDIT - {"seq":148,"ownerId":158,"memberId":"UNKNOWN27201C78D80","membershipLevel":1,"event":"OWNER_CREATED"}
INFO  NOTIFY - Welcome owner id=158 memberId=UNKNOWN27201C78D80
INFO  AUDIT - Created owner id=159 memberId=UNKNOWN27A5FF30B28 registrationDate=2026-09-07 membershipLevel=1
INFO  AUDIT - {"seq":149,"ownerId":159,"memberId":"UNKNOWN27A5FF30B28","membershipLevel":1,"event":"OWNER_CREATED"}
INFO  NOTIFY - Welcome owner id=159 memberId=UNKNOWN27A5FF30B28
INFO  AUDIT - Created owner id=160 memberId=UNKNOWN27868A37A50 registrationDate=2026-09-07 membershipLevel=1
INFO  AUDIT - {"seq":150,"ownerId":160,"memberId":"UNKNOWN27868A37A50","membershipLevel":1,"event":"OWNER_CREATED"}
INFO  NOTIFY - Welcome owner id=160 memberId=UNKNOWN27868A37A50
INFO  AUDIT - Created owner id=161 memberId=UNKNOWN2758BCFCB18 registrationDate=2026-09-07 membershipLevel=1
INFO  AUDIT - {"seq":151,"ownerId":161,"memberId":"UNKNOWN2758BCFCB18","membershipLevel":1,"event":"OWNER_CREATED"}
INFO  NOTIFY - Welcome owner id=161 memberId=UNKNOWN2758BCFCB18
INFO  AUDIT - Created owner id=162 memberId=UNKNOWN2734BA7CF70 registrationDate=2026-09-07 membershipLevel=1
INFO  AUDIT - {"seq":152,"ownerId":162,"memberId":"UNKNOWN2734BA7CF70","membershipLevel":1,"event":"OWNER_CREATED"}
INFO  NOTIFY - Welcome owner id=162 memberId=UNKNOWN2734BA7CF70
INFO  AUDIT - Created owner id=163 memberId=UNKNOWN2704F126669 registrationDate=2026-09-07 membershipLevel=1
INFO  AUDIT - {"seq":153,"ownerId":163,"memberId":"UNKNOWN2704F126669","membershipLevel":1,"event":"OWNER_CREATED"}
INFO  NOTIFY - Welcome owner id=163 memberId=UNKNOWN2704F126669
INFO  AUDIT - Created owner id=164 memberId=UNKNOWN276B39FC7F7 registrationDate=2026-09-07 membershipLevel=1
INFO  AUDIT - {"seq":154,"ownerId":164,"memberId":"UNKNOWN276B39FC7F7","membershipLevel":1,"event":"OWNER_CREATED"}
INFO  NOTIFY - Welcome owner id=164 memberId=UNKNOWN276B39FC7F7
INFO  AUDIT - Created owner id=165 memberId=UNKNOWN27C093C08B7 registrationDate=2026-09-07 membershipLevel=1
INFO  AUDIT - {"seq":155,"ownerId":165,"memberId":"UNKNOWN27C093C08B7","membershipLevel":1,"event":"OWNER_CREATED"}
INFO  NOTIFY - Welcome owner id=165 memberId=UNKNOWN27C093C08B7
INFO  AUDIT - Created owner id=166 memberId=UNKNOWN272B56DBBC7 registrationDate=2026-09-07 membershipLevel=1
INFO  AUDIT - {"seq":156,"ownerId":166,"memberId":"UNKNOWN272B56DBBC7","membershipLevel":1,"event":"OWNER_CREATED"}
INFO  NOTIFY - Welcome owner id=166 memberId=UNKNOWN272B56DBBC7
INFO  AUDIT - Created owner id=167 memberId=UNKNOWN270D3B23D74 registrationDate=2026-09-07 membershipLevel=1
INFO  AUDIT - {"seq":157,"ownerId":167,"memberId":"UNKNOWN270D3B23D74","membershipLevel":1,"event":"OWNER_CREATED"}
INFO  NOTIFY - Welcome owner id=167 memberId=UNKNOWN270D3B23D74
INFO  AUDIT - Created owner id=168 memberId=UNKNOWN275697E6A13 registrationDate=2026-09-07 membershipLevel=1
INFO  AUDIT - {"seq":158,"ownerId":168,"memberId":"UNKNOWN275697E6A13","membershipLevel":1,"event":"OWNER_CREATED"}
INFO  NOTIFY - Welcome owner id=168 memberId=UNKNOWN275697E6A13
INFO  AUDIT - Created owner id=169 memberId=UNKNOWN27F3D46FFF6 registrationDate=2026-09-07 membershipLevel=1
INFO  AUDIT - {"seq":159,"ownerId":169,"memberId":"UNKNOWN27F3D46FFF6","membershipLevel":1,"event":"OWNER_CREATED"}
INFO  NOTIFY - Welcome owner id=169 memberId=UNKNOWN27F3D46FFF6
INFO  AUDIT - Created owner id=170 memberId=UNKNOWN274DC793CA9 registrationDate=2026-09-07 membershipLevel=1
INFO  AUDIT - {"seq":160,"ownerId":170,"memberId":"UNKNOWN274DC793CA9","membershipLevel":1,"event":"OWNER_CREATED"}
INFO  NOTIFY - Welcome owner id=170 memberId=UNKNOWN274DC793CA9
INFO  AUDIT - Created owner id=171 memberId=UNKNOWN279852482D9 registrationDate=2026-09-07 membershipLevel=1
INFO  AUDIT - {"seq":161,"ownerId":171,"memberId":"UNKNOWN279852482D9","membershipLevel":1,"event":"OWNER_CREATED"}
INFO  NOTIFY - Welcome owner id=171 memberId=UNKNOWN279852482D9
INFO  AUDIT - Created owner id=172 memberId=UNKNOWN27F4B02ADC7 registrationDate=2026-09-07 membershipLevel=1
INFO  AUDIT - {"seq":162,"ownerId":172,"memberId":"UNKNOWN27F4B02ADC7","membershipLevel":1,"event":"OWNER_CREATED"}
INFO  NOTIFY - Welcome owner id=172 memberId=UNKNOWN27F4B02ADC7
INFO  AUDIT - Created owner id=173 memberId=UNKNOWN27FBA375724 registrationDate=2026-09-07 membershipLevel=1
INFO  AUDIT - {"seq":163,"ownerId":173,"memberId":"UNKNOWN27FBA375724","membershipLevel":1,"event":"OWNER_CREATED"}
INFO  NOTIFY - Welcome owner id=173 memberId=UNKNOWN27FBA375724
INFO  AUDIT - Created owner id=174 memberId=UNKNOWN27B01E9F561 registrationDate=2026-09-07 membershipLevel=1
INFO  AUDIT - {"seq":164,"ownerId":174,"memberId":"UNKNOWN27B01E9F561","membershipLevel":1,"event":"OWNER_CREATED"}
INFO  NOTIFY - Welcome owner id=174 memberId=UNKNOWN27B01E9F561
INFO  AnnotationConfigContextLoaderUtils - Could not detect default configuration classes for test class [org.springframework.samples.petclinic.acceptance.Cp58Tests]: Cp58Tests does not declare any static, non-private, non-final, nested classes annotated with @Configuration.
INFO  SpringBootTestContextBootstrapper - Found @SpringBootConfiguration org.springframework.samples.petclinic.PetClinicApplication for test class org.springframework.samples.petclinic.acceptance.Cp58Tests
INFO  AnnotationConfigContextLoaderUtils - Could not detect default configuration classes for test class [org.springframework.samples.petclinic.acceptance.Cp58Tests]: Cp58Tests does not declare any static, non-private, non-final, nested classes annotated with @Configuration.
INFO  AnnotationConfigContextLoaderUtils - Could not detect default configuration classes for test class [org.springframework.samples.petclinic.acceptance.AcceptanceBase]: AcceptanceBase does not declare any static, non-private, non-final, nested classes annotated with @Configuration.
INFO  SpringBootTestContextBootstrapper - Found @SpringBootConfiguration org.springframework.samples.petclinic.PetClinicApplication for test class org.springframework.samples.petclinic.acceptance.Cp58Tests
INFO  AUDIT - Created owner id=175 memberId=NSW27E63A94A83 registrationDate=2026-09-07 membershipLevel=1
INFO  AUDIT - {"seq":165,"ownerId":175,"memberId":"NSW27E63A94A83","membershipLevel":1,"event":"OWNER_CREATED"}
INFO  NOTIFY - Welcome owner id=175 memberId=NSW27E63A94A83
INFO  AnnotationConfigContextLoaderUtils - Could not detect default configuration classes for test class [org.springframework.samples.petclinic.acceptance.Cp08Tests]: Cp08Tests does not declare any static, non-private, non-final, nested classes annotated with @Configuration.
INFO  SpringBootTestContextBootstrapper - Found @SpringBootConfiguration org.springframework.samples.petclinic.PetClinicApplication for test class org.springframework.samples.petclinic.acceptance.Cp08Tests
INFO  AnnotationConfigContextLoaderUtils - Could not detect default configuration classes for test class [org.springframework.samples.petclinic.acceptance.Cp08Tests]: Cp08Tests does not declare any static, non-private, non-final, nested classes annotated with @Configuration.
INFO  AnnotationConfigContextLoaderUtils - Could not detect default configuration classes for test class [org.springframework.samples.petclinic.acceptance.AcceptanceBase]: AcceptanceBase does not declare any static, non-private, non-final, nested classes annotated with @Configuration.
INFO  SpringBootTestContextBootstrapper - Found @SpringBootConfiguration org.springframework.samples.petclinic.PetClinicApplication for test class org.springframework.samples.petclinic.acceptance.Cp08Tests
INFO  AUDIT - Created owner id=176 memberId=UNKNOWN27B408D91F3 registrationDate=2026-09-07 membershipLevel=1
INFO  AUDIT - {"seq":166,"ownerId":176,"memberId":"UNKNOWN27B408D91F3","membershipLevel":1,"event":"OWNER_CREATED"}
INFO  NOTIFY - Welcome owner id=176 memberId=UNKNOWN27B408D91F3
INFO  AUDIT - Created owner id=177 memberId=UNKNOWN2707DF39B80 registrationDate=2026-09-07 membershipLevel=1
INFO  AUDIT - {"seq":167,"ownerId":177,"memberId":"UNKNOWN2707DF39B80","membershipLevel":1,"event":"OWNER_CREATED"}
INFO  NOTIFY - Welcome owner id=177 memberId=UNKNOWN2707DF39B80
INFO  AnnotationConfigContextLoaderUtils - Could not detect default configuration classes for test class [org.springframework.samples.petclinic.acceptance.Cp07Tests]: Cp07Tests does not declare any static, non-private, non-final, nested classes annotated with @Configuration.
INFO  SpringBootTestContextBootstrapper - Found @SpringBootConfiguration org.springframework.samples.petclinic.PetClinicApplication for test class org.springframework.samples.petclinic.acceptance.Cp07Tests
INFO  AnnotationConfigContextLoaderUtils - Could not detect default configuration classes for test class [org.springframework.samples.petclinic.acceptance.Cp07Tests]: Cp07Tests does not declare any static, non-private, non-final, nested classes annotated with @Configuration.
INFO  AnnotationConfigContextLoaderUtils - Could not detect default configuration classes for test class [org.springframework.samples.petclinic.acceptance.AcceptanceBase]: AcceptanceBase does not declare any static, non-private, non-final, nested classes annotated with @Configuration.
INFO  SpringBootTestContextBootstrapper - Found @SpringBootConfiguration org.springframework.samples.petclinic.PetClinicApplication for test class org.springframework.samples.petclinic.acceptance.Cp07Tests
INFO  AUDIT - Created owner id=178 memberId=UNKNOWN26977A7DBC9 registrationDate=2026-01-06 membershipLevel=3
INFO  AUDIT - {"seq":168,"ownerId":178,"memberId":"UNKNOWN26977A7DBC9","membershipLevel":3,"event":"OWNER_CREATED"}
INFO  NOTIFY - Welcome owner id=178 memberId=UNKNOWN26977A7DBC9
INFO  AUDIT - Created owner id=179 memberId=UNKNOWN26570F199C5 registrationDate=2026-01-05 membershipLevel=3
INFO  AUDIT - {"seq":169,"ownerId":179,"memberId":"UNKNOWN26570F199C5","membershipLevel":3,"event":"OWNER_CREATED"}
INFO  NOTIFY - Welcome owner id=179 memberId=UNKNOWN26570F199C5
INFO  AnnotationConfigContextLoaderUtils - Could not detect default configuration classes for test class [org.springframework.samples.petclinic.acceptance.Cp36Tests]: Cp36Tests does not declare any static, non-private, non-final, nested classes annotated with @Configuration.
INFO  SpringBootTestContextBootstrapper - Found @SpringBootConfiguration org.springframework.samples.petclinic.PetClinicApplication for test class org.springframework.samples.petclinic.acceptance.Cp36Tests
INFO  AnnotationConfigContextLoaderUtils - Could not detect default configuration classes for test class [org.springframework.samples.petclinic.acceptance.Cp36Tests]: Cp36Tests does not declare any static, non-private, non-final, nested classes annotated with @Configuration.
INFO  AnnotationConfigContextLoaderUtils - Could not detect default configuration classes for test class [org.springframework.samples.petclinic.acceptance.AcceptanceBase]: AcceptanceBase does not declare any static, non-private, non-final, nested classes annotated with @Configuration.
INFO  SpringBootTestContextBootstrapper - Found @SpringBootConfiguration org.springframework.samples.petclinic.PetClinicApplication for test class org.springframework.samples.petclinic.acceptance.Cp36Tests
INFO  AUDIT - Created owner id=180 memberId=NSW27D89C1A696 registrationDate=2026-09-07 membershipLevel=1
INFO  AUDIT - {"seq":170,"ownerId":180,"memberId":"NSW27D89C1A696","membershipLevel":1,"event":"OWNER_CREATED"}
INFO  NOTIFY - Welcome owner id=180 memberId=NSW27D89C1A696
INFO  AUDIT - Created owner id=181 memberId=NSW27891B92EE8 registrationDate=2026-09-07 membershipLevel=1
INFO  AUDIT - {"seq":171,"ownerId":181,"memberId":"NSW27891B92EE8","membershipLevel":1,"event":"OWNER_CREATED"}
INFO  NOTIFY - Welcome owner id=181 memberId=NSW27891B92EE8
INFO  AnnotationConfigContextLoaderUtils - Could not detect default configuration classes for test class [org.springframework.samples.petclinic.acceptance.Cp37Tests]: Cp37Tests does not declare any static, non-private, non-final, nested classes annotated with @Configuration.
INFO  SpringBootTestContextBootstrapper - Found @SpringBootConfiguration org.springframework.samples.petclinic.PetClinicApplication for test class org.springframework.samples.petclinic.acceptance.Cp37Tests
INFO  AnnotationConfigContextLoaderUtils - Could not detect default configuration classes for test class [org.springframework.samples.petclinic.acceptance.Cp37Tests]: Cp37Tests does not declare any static, non-private, non-final, nested classes annotated with @Configuration.
INFO  AnnotationConfigContextLoaderUtils - Could not detect default configuration classes for test class [org.springframework.samples.petclinic.acceptance.AcceptanceBase]: AcceptanceBase does not declare any static, non-private, non-final, nested classes annotated with @Configuration.
INFO  SpringBootTestContextBootstrapper - Found @SpringBootConfiguration org.springframework.samples.petclinic.PetClinicApplication for test class org.springframework.samples.petclinic.acceptance.Cp37Tests
INFO  AUDIT - Created owner id=182 memberId=UNKNOWN271277E0813 registrationDate=2026-09-07 membershipLevel=1
INFO  AUDIT - {"seq":172,"ownerId":182,"memberId":"UNKNOWN271277E0813","membershipLevel":1,"event":"OWNER_CREATED"}
INFO  NOTIFY - Welcome owner id=182 memberId=UNKNOWN271277E0813
INFO  AnnotationConfigContextLoaderUtils - Could not detect default configuration classes for test class [org.springframework.samples.petclinic.acceptance.Cp40Tests]: Cp40Tests does not declare any static, non-private, non-final, nested classes annotated with @Configuration.
INFO  SpringBootTestContextBootstrapper - Found @SpringBootConfiguration org.springframework.samples.petclinic.PetClinicApplication for test class org.springframework.samples.petclinic.acceptance.Cp40Tests
INFO  AnnotationConfigContextLoaderUtils - Could not detect default configuration classes for test class [org.springframework.samples.petclinic.acceptance.Cp40Tests]: Cp40Tests does not declare any static, non-private, non-final, nested classes annotated with @Configuration.
INFO  AnnotationConfigContextLoaderUtils - Could not detect default configuration classes for test class [org.springframework.samples.petclinic.acceptance.AcceptanceBase]: AcceptanceBase does not declare any static, non-private, non-final, nested classes annotated with @Configuration.
INFO  SpringBootTestContextBootstrapper - Found @SpringBootConfiguration org.springframework.samples.petclinic.PetClinicApplication for test class org.springframework.samples.petclinic.acceptance.Cp40Tests
INFO  AUDIT - Created owner id=183 memberId=NSW27E2B08E5C2 registrationDate=2026-09-07 membershipLevel=2
INFO  AUDIT - {"seq":173,"ownerId":183,"memberId":"NSW27E2B08E5C2","membershipLevel":2,"event":"OWNER_CREATED"}
INFO  NOTIFY - Welcome owner id=183 memberId=NSW27E2B08E5C2
INFO  AnnotationConfigContextLoaderUtils - Could not detect default configuration classes for test class [org.springframework.samples.petclinic.acceptance.Cp55Tests]: Cp55Tests does not declare any static, non-private, non-final, nested classes annotated with @Configuration.
INFO  SpringBootTestContextBootstrapper - Found @SpringBootConfiguration org.springframework.samples.petclinic.PetClinicApplication for test class org.springframework.samples.petclinic.acceptance.Cp55Tests
INFO  AnnotationConfigContextLoaderUtils - Could not detect default configuration classes for test class [org.springframework.samples.petclinic.acceptance.Cp55Tests]: Cp55Tests does not declare any static, non-private, non-final, nested classes annotated with @Configuration.
INFO  AnnotationConfigContextLoaderUtils - Could not detect default configuration classes for test class [org.springframework.samples.petclinic.acceptance.AcceptanceBase]: AcceptanceBase does not declare any static, non-private, non-final, nested classes annotated with @Configuration.
INFO  SpringBootTestContextBootstrapper - Found @SpringBootConfiguration org.springframework.samples.petclinic.PetClinicApplication for test class org.springframework.samples.petclinic.acceptance.Cp55Tests
INFO  AUDIT - Created owner id=184 memberId=NSW2739D910186 registrationDate=2026-09-07 membershipLevel=2
INFO  AUDIT - {"seq":174,"ownerId":184,"memberId":"NSW2739D910186","membershipLevel":2,"event":"OWNER_CREATED"}
INFO  NOTIFY - Welcome owner id=184 memberId=NSW2739D910186
INFO  AnnotationConfigContextLoaderUtils - Could not detect default configuration classes for test class [org.springframework.samples.petclinic.acceptance.Cp25Tests]: Cp25Tests does not declare any static, non-private, non-final, nested classes annotated with @Configuration.
INFO  SpringBootTestContextBootstrapper - Found @SpringBootConfiguration org.springframework.samples.petclinic.PetClinicApplication for test class org.springframework.samples.petclinic.acceptance.Cp25Tests
INFO  AnnotationConfigContextLoaderUtils - Could not detect default configuration classes for test class [org.springframework.samples.petclinic.acceptance.Cp25Tests]: Cp25Tests does not declare any static, non-private, non-final, nested classes annotated with @Configuration.
INFO  AnnotationConfigContextLoaderUtils - Could not detect default configuration classes for test class [org.springframework.samples.petclinic.acceptance.AcceptanceBase]: AcceptanceBase does not declare any static, non-private, non-final, nested classes annotated with @Configuration.
INFO  SpringBootTestContextBootstrapper - Found @SpringBootConfiguration org.springframework.samples.petclinic.PetClinicApplication for test class org.springframework.samples.petclinic.acceptance.Cp25Tests
INFO  AUDIT - Created owner id=185 memberId=UNKNOWN27FA0227192 registrationDate=2026-09-07 membershipLevel=2
INFO  AUDIT - {"seq":175,"ownerId":185,"memberId":"UNKNOWN27FA0227192","membershipLevel":2,"event":"OWNER_CREATED"}
INFO  NOTIFY - Welcome owner id=185 memberId=UNKNOWN27FA0227192
INFO  AnnotationConfigContextLoaderUtils - Could not detect default configuration classes for test class [org.springframework.samples.petclinic.acceptance.Cp35Tests]: Cp35Tests does not declare any static, non-private, non-final, nested classes annotated with @Configuration.
INFO  SpringBootTestContextBootstrapper - Found @SpringBootConfiguration org.springframework.samples.petclinic.PetClinicApplication for test class org.springframework.samples.petclinic.acceptance.Cp35Tests
INFO  AnnotationConfigContextLoaderUtils - Could not detect default configuration classes for test class [org.springframework.samples.petclinic.acceptance.Cp35Tests]: Cp35Tests does not declare any static, non-private, non-final, nested classes annotated with @Configuration.
INFO  AnnotationConfigContextLoaderUtils - Could not detect default configuration classes for test class [org.springframework.samples.petclinic.acceptance.AcceptanceBase]: AcceptanceBase does not declare any static, non-private, non-final, nested classes annotated with @Configuration.
INFO  SpringBootTestContextBootstrapper - Found @SpringBootConfiguration org.springframework.samples.petclinic.PetClinicApplication for test class org.springframework.samples.petclinic.acceptance.Cp35Tests
INFO  AUDIT - Created owner id=186 memberId=NSW27D963D3911 registrationDate=2026-09-07 membershipLevel=1
INFO  AUDIT - {"seq":176,"ownerId":186,"memberId":"NSW27D963D3911","membershipLevel":1,"event":"OWNER_CREATED"}
INFO  NOTIFY - Welcome owner id=186 memberId=NSW27D963D3911
INFO  AUDIT - Created owner id=187 memberId=NSW274C7314132 registrationDate=2026-09-07 membershipLevel=1
INFO  AUDIT - {"seq":177,"ownerId":187,"memberId":"NSW274C7314132","membershipLevel":1,"event":"OWNER_CREATED"}
INFO  NOTIFY - Welcome owner id=187 memberId=NSW274C7314132
INFO  AnnotationConfigContextLoaderUtils - Could not detect default configuration classes for test class [org.springframework.samples.petclinic.acceptance.Cp05Tests]: Cp05Tests does not declare any static, non-private, non-final, nested classes annotated with @Configuration.
INFO  SpringBootTestContextBootstrapper - Found @SpringBootConfiguration org.springframework.samples.petclinic.PetClinicApplication for test class org.springframework.samples.petclinic.acceptance.Cp05Tests
INFO  AnnotationConfigContextLoaderUtils - Could not detect default configuration classes for test class [org.springframework.samples.petclinic.acceptance.Cp05Tests]: Cp05Tests does not declare any static, non-private, non-final, nested classes annotated with @Configuration.
INFO  AnnotationConfigContextLoaderUtils - Could not detect default configuration classes for test class [org.springframework.samples.petclinic.acceptance.AcceptanceBase]: AcceptanceBase does not declare any static, non-private, non-final, nested classes annotated with @Configuration.
INFO  SpringBootTestContextBootstrapper - Found @SpringBootConfiguration org.springframework.samples.petclinic.PetClinicApplication for test class org.springframework.samples.petclinic.acceptance.Cp05Tests
INFO  AUDIT - Created owner id=188 memberId=UNKNOWN2766A705095 registrationDate=2026-09-07 membershipLevel=1
INFO  AUDIT - {"seq":178,"ownerId":188,"memberId":"UNKNOWN2766A705095","membershipLevel":1,"event":"OWNER_CREATED"}
INFO  NOTIFY - Welcome owner id=188 memberId=UNKNOWN2766A705095
INFO  AnnotationConfigContextLoaderUtils - Could not detect default configuration classes for test class [org.springframework.samples.petclinic.acceptance.Cp51Tests]: Cp51Tests does not declare any static, non-private, non-final, nested classes annotated with @Configuration.
INFO  SpringBootTestContextBootstrapper - Found @SpringBootConfiguration org.springframework.samples.petclinic.PetClinicApplication for test class org.springframework.samples.petclinic.acceptance.Cp51Tests
INFO  AnnotationConfigContextLoaderUtils - Could not detect default configuration classes for test class [org.springframework.samples.petclinic.acceptance.Cp51Tests]: Cp51Tests does not declare any static, non-private, non-final, nested classes annotated with @Configuration.
INFO  AnnotationConfigContextLoaderUtils - Could not detect default configuration classes for test class [org.springframework.samples.petclinic.acceptance.AcceptanceBase]: AcceptanceBase does not declare any static, non-private, non-final, nested classes annotated with @Configuration.
INFO  SpringBootTestContextBootstrapper - Found @SpringBootConfiguration org.springframework.samples.petclinic.PetClinicApplication for test class org.springframework.samples.petclinic.acceptance.Cp51Tests
INFO  AUDIT - Created owner id=189 memberId=NSW2735C401552 registrationDate=2026-09-07 membershipLevel=1
INFO  AUDIT - {"seq":179,"ownerId":189,"memberId":"NSW2735C401552","membershipLevel":1,"event":"OWNER_CREATED"}
INFO  NOTIFY - Welcome owner id=189 memberId=NSW2735C401552
INFO  AUDIT - Created owner id=190 memberId=NSW277272818E0 registrationDate=2026-09-07 membershipLevel=2
INFO  AUDIT - {"seq":180,"ownerId":190,"memberId":"NSW277272818E0","membershipLevel":2,"event":"OWNER_CREATED"}
INFO  NOTIFY - Welcome owner id=190 memberId=NSW277272818E0
INFO  AnnotationConfigContextLoaderUtils - Could not detect default configuration classes for test class [org.springframework.samples.petclinic.acceptance.Cp47Tests]: Cp47Tests does not declare any static, non-private, non-final, nested classes annotated with @Configuration.
INFO  SpringBootTestContextBootstrapper - Found @SpringBootConfiguration org.springframework.samples.petclinic.PetClinicApplication for test class org.springframework.samples.petclinic.acceptance.Cp47Tests
INFO  AnnotationConfigContextLoaderUtils - Could not detect default configuration classes for test class [org.springframework.samples.petclinic.acceptance.Cp47Tests]: Cp47Tests does not declare any static, non-private, non-final, nested classes annotated with @Configuration.
INFO  AnnotationConfigContextLoaderUtils - Could not detect default configuration classes for test class [org.springframework.samples.petclinic.acceptance.AcceptanceBase]: AcceptanceBase does not declare any static, non-private, non-final, nested classes annotated with @Configuration.
INFO  SpringBootTestContextBootstrapper - Found @SpringBootConfiguration org.springframework.samples.petclinic.PetClinicApplication for test class org.springframework.samples.petclinic.acceptance.Cp47Tests
INFO  AUDIT - Created owner id=191 memberId=NSW271A91DA519 registrationDate=2026-09-07 membershipLevel=1
INFO  AUDIT - {"seq":181,"ownerId":191,"memberId":"NSW271A91DA519","membershipLevel":1,"event":"OWNER_CREATED"}
INFO  NOTIFY - Welcome owner id=191 memberId=NSW271A91DA519
INFO  AnnotationConfigContextLoaderUtils - Could not detect default configuration classes for test class [org.springframework.samples.petclinic.acceptance.Cp09Tests]: Cp09Tests does not declare any static, non-private, non-final, nested classes annotated with @Configuration.
INFO  SpringBootTestContextBootstrapper - Found @SpringBootConfiguration org.springframework.samples.petclinic.PetClinicApplication for test class org.springframework.samples.petclinic.acceptance.Cp09Tests
INFO  AnnotationConfigContextLoaderUtils - Could not detect default configuration classes for test class [org.springframework.samples.petclinic.acceptance.Cp09Tests]: Cp09Tests does not declare any static, non-private, non-final, nested classes annotated with @Configuration.
INFO  AnnotationConfigContextLoaderUtils - Could not detect default configuration classes for test class [org.springframework.samples.petclinic.acceptance.AcceptanceBase]: AcceptanceBase does not declare any static, non-private, non-final, nested classes annotated with @Configuration.
INFO  SpringBootTestContextBootstrapper - Found @SpringBootConfiguration org.springframework.samples.petclinic.PetClinicApplication for test class org.springframework.samples.petclinic.acceptance.Cp09Tests
INFO  AUDIT - Created owner id=192 memberId=NSW27F4788DCD9 registrationDate=2026-09-07 membershipLevel=1
INFO  AUDIT - {"seq":182,"ownerId":192,"memberId":"NSW27F4788DCD9","membershipLevel":1,"event":"OWNER_CREATED"}
INFO  NOTIFY - Welcome owner id=192 memberId=NSW27F4788DCD9
INFO  AnnotationConfigContextLoaderUtils - Could not detect default configuration classes for test class [org.springframework.samples.petclinic.acceptance.Cp52Tests]: Cp52Tests does not declare any static, non-private, non-final, nested classes annotated with @Configuration.
INFO  SpringBootTestContextBootstrapper - Found @SpringBootConfiguration org.springframework.samples.petclinic.PetClinicApplication for test class org.springframework.samples.petclinic.acceptance.Cp52Tests
INFO  AnnotationConfigContextLoaderUtils - Could not detect default configuration classes for test class [org.springframework.samples.petclinic.acceptance.Cp52Tests]: Cp52Tests does not declare any static, non-private, non-final, nested classes annotated with @Configuration.
INFO  AnnotationConfigContextLoaderUtils - Could not detect default configuration classes for test class [org.springframework.samples.petclinic.acceptance.AcceptanceBase]: AcceptanceBase does not declare any static, non-private, non-final, nested classes annotated with @Configuration.
INFO  SpringBootTestContextBootstrapper - Found @SpringBootConfiguration org.springframework.samples.petclinic.PetClinicApplication for test class org.springframework.samples.petclinic.acceptance.Cp52Tests
INFO  AUDIT - Created owner id=193 memberId=NSW279EFA74690 registrationDate=2026-09-07 membershipLevel=1
INFO  AUDIT - {"seq":183,"ownerId":193,"memberId":"NSW279EFA74690","membershipLevel":1,"event":"OWNER_CREATED"}
INFO  NOTIFY - Welcome owner id=193 memberId=NSW279EFA74690
INFO  AUDIT - Created owner id=194 memberId=NSW27779D69B59 registrationDate=2026-09-07 membershipLevel=2
INFO  AUDIT - {"seq":184,"ownerId":194,"memberId":"NSW27779D69B59","membershipLevel":2,"event":"OWNER_CREATED"}
INFO  NOTIFY - Welcome owner id=194 memberId=NSW27779D69B59
INFO  AnnotationConfigContextLoaderUtils - Could not detect default configuration classes for test class [org.springframework.samples.petclinic.acceptance.Cp23Tests]: Cp23Tests does not declare any static, non-private, non-final, nested classes annotated with @Configuration.
INFO  SpringBootTestContextBootstrapper - Found @SpringBootConfiguration org.springframework.samples.petclinic.PetClinicApplication for test class org.springframework.samples.petclinic.acceptance.Cp23Tests
INFO  AnnotationConfigContextLoaderUtils - Could not detect default configuration classes for test class [org.springframework.samples.petclinic.acceptance.Cp23Tests]: Cp23Tests does not declare any static, non-private, non-final, nested classes annotated with @Configuration.
INFO  AnnotationConfigContextLoaderUtils - Could not detect default configuration classes for test class [org.springframework.samples.petclinic.acceptance.AcceptanceBase]: AcceptanceBase does not declare any static, non-private, non-final, nested classes annotated with @Configuration.
INFO  SpringBootTestContextBootstrapper - Found @SpringBootConfiguration org.springframework.samples.petclinic.PetClinicApplication for test class org.springframework.samples.petclinic.acceptance.Cp23Tests
INFO  AUDIT - Created owner id=195 memberId=NSW2730AF4D252 registrationDate=2026-09-07 membershipLevel=1
INFO  AUDIT - {"seq":185,"ownerId":195,"memberId":"NSW2730AF4D252","membershipLevel":1,"event":"OWNER_CREATED"}
INFO  NOTIFY - Welcome owner id=195 memberId=NSW2730AF4D252
INFO  AUDIT - Created owner id=196 memberId=NSW279C0077EE8 registrationDate=2026-09-07 membershipLevel=1
INFO  AUDIT - {"seq":186,"ownerId":196,"memberId":"NSW279C0077EE8","membershipLevel":1,"event":"OWNER_CREATED"}
INFO  NOTIFY - Welcome owner id=196 memberId=NSW279C0077EE8
INFO  AUDIT - Created owner id=197 memberId=NSW27F4BBBEEE1 registrationDate=2026-09-07 membershipLevel=3
INFO  AUDIT - {"seq":187,"ownerId":197,"memberId":"NSW27F4BBBEEE1","membershipLevel":3,"event":"OWNER_CREATED"}
INFO  NOTIFY - Welcome owner id=197 memberId=NSW27F4BBBEEE1

MockHttpServletRequest:
      HTTP Method = POST
      Request URI = /api/owners
       Parameters = {}
          Headers = [Content-Type:"application/json;charset=UTF-8", Content-Length:"152"]
             Body = {"firstName":"Fnadc","lastName":"Suracx","address":"780 Test Street","city":"Town781","telephone":"0400000782","postcode":"2000","sharesHousehold":true}
    Session Attrs = {SPRING_SECURITY_CONTEXT=SecurityContextImpl [Authentication=UsernamePasswordAuthenticationToken [Principal=org.springframework.security.core.userdetails.User [Username=acceptance-admin, Password=[PROTECTED], Enabled=true, AccountNonExpired=true, CredentialsNonExpired=true, AccountNonLocked=true, Granted Authorities=[ROLE_ADMIN, ROLE_OWNER_ADMIN, ROLE_VET_ADMIN]], Credentials=[PROTECTED], Authenticated=true, Details=null, Granted Authorities=[ROLE_ADMIN, ROLE_OWNER_ADMIN, ROLE_VET_ADMIN]]]}

Handler:
             Type = org.springframework.web.servlet.resource.ResourceHttpRequestHandler

Async:
    Async started = false
     Async result = null

Resolved Exception:
             Type = null

ModelAndView:
        View name = null
             View = null
            Model = null

FlashMap:
       Attributes = null

MockHttpServletResponse:
           Status = 201
    Error message = null
          Headers = [Location:"/api/owners/195", Content-Type:"application/json", X-Content-Type-Options:"nosniff", X-XSS-Protection:"0", Cache-Control:"no-cache, no-store, max-age=0, must-revalidate", Pragma:"no-cache", Expires:"0", X-Frame-Options:"DENY"]
     Content type = application/json
             Body = {"firstName":"Fnadc","lastName":"Suracx","city":"Town781","telephone":"+61400000782","pets":[],"address":"780 TEST STREET","addressLine1":null,"addressLine2":null,"ageBand":null,"birthDate":null,"bulkSignupWarning":false,"capacityWarning":false,"contactPreference":"PHONE","deleted":false,"displayName":"Suracx, Fnadc","email":null,"fiscalYear":"FY27","householdId":"21c2c0e5b7dd","id":195,"identityKey":"1bfb3a7ae81e3aff1cac6f464b148285d9fae675af2c42638ff89caf08458611","initials":"F.S.","locality":"NSW","memberId":"NSW2730AF4D252","membershipLevel":1,"membershipPoints":1,"namesakeCount":0,"ownerSegment":"STANDARD_METRO","possibleDuplicate":false,"possibleDuplicateOf":null,"postcode":"2000","registrationDate":"2026-09-07","riskFlag":null,"salutation":"Suracx","selfLink":null,"sharesHousehold":null,"telephoneDisplay":"+61 400 000 782","timezone":"Australia/Sydney","title":null}
    Forwarded URL = null
   Redirected URL = /api/owners/195
          Cookies = []

MockHttpServletRequest:
      HTTP Method = POST
      Request URI = /api/owners
       Parameters = {}
          Headers = [Content-Type:"application/json;charset=UTF-8", Content-Length:"152"]
             Body = {"firstName":"Fnadh","lastName":"Suracx","address":"785 Test Street","city":"Town786","telephone":"0400000787","postcode":"2000","sharesHousehold":true}
    Session Attrs = {SPRING_SECURITY_CONTEXT=SecurityContextImpl [Authentication=UsernamePasswordAuthenticationToken [Principal=org.springframework.security.core.userdetails.User [Username=acceptance-admin, Password=[PROTECTED], Enabled=true, AccountNonExpired=true, CredentialsNonExpired=true, AccountNonLocked=true, Granted Authorities=[ROLE_ADMIN, ROLE_OWNER_ADMIN, ROLE_VET_ADMIN]], Credentials=[PROTECTED], Authenticated=true, Details=null, Granted Authorities=[ROLE_ADMIN, ROLE_OWNER_ADMIN, ROLE_VET_ADMIN]]]}

Handler:
             Type = org.springframework.web.servlet.resource.ResourceHttpRequestHandler

Async:
    Async started = false
     Async result = null

Resolved Exception:
             Type = null

ModelAndView:
        View name = null
             View = null
            Model = null

FlashMap:
       Attributes = null

MockHttpServletResponse:
           Status = 201
    Error message = null
          Headers = [Location:"/api/owners/196", Content-Type:"application/json", X-Content-Type-Options:"nosniff", X-XSS-Protection:"0", Cache-Control:"no-cache, no-store, max-age=0, must-revalidate", Pragma:"no-cache", Expires:"0", X-Frame-Options:"DENY"]
     Content type = application/json
             Body = {"firstName":"Fnadh","lastName":"Suracx","city":"Town786","telephone":"+61400000787","pets":[],"address":"785 TEST STREET","addressLine1":null,"addressLine2":null,"ageBand":null,"birthDate":null,"bulkSignupWarning":false,"capacityWarning":false,"contactPreference":"PHONE","deleted":false,"displayName":"Suracx, Fnadh","email":null,"fiscalYear":"FY27","householdId":"21c2c0e5b7dd","id":196,"identityKey":"d747ff0284a088d1a0038bfdcb82e85537da78cc3f821ff14044ba5029916163","initials":"F.S.","locality":"NSW","memberId":"NSW279C0077EE8","membershipLevel":1,"membershipPoints":0,"namesakeCount":1,"ownerSegment":"STANDARD_METRO","possibleDuplicate":false,"possibleDuplicateOf":null,"postcode":"2000","registrationDate":"2026-09-07","riskFlag":null,"salutation":"Suracx","selfLink":null,"sharesHousehold":null,"telephoneDisplay":"+61 400 000 787","timezone":"Australia/Sydney","title":null}
    Forwarded URL = null
   Redirected URL = /api/owners/196
          Cookies = []

MockHttpServletRequest:
      HTTP Method = POST
      Request URI = /api/owners
       Parameters = {}
          Headers = [Content-Type:"application/json;charset=UTF-8", Content-Length:"184"]
             Body = {"firstName":"Fnadm","lastName":"Suracx","address":"790 Test Street","city":"Town791","telephone":"0400000792","postcode":"2000","sharesHousehold":true,"email":"owner794@example.test"}
    Session Attrs = {SPRING_SECURITY_CONTEXT=SecurityContextImpl [Authentication=UsernamePasswordAuthenticationToken [Principal=org.springframework.security.core.userdetails.User [Username=acceptance-admin, Password=[PROTECTED], Enabled=true, AccountNonExpired=true, CredentialsNonExpired=true, AccountNonLocked=true, Granted Authorities=[ROLE_ADMIN, ROLE_OWNER_ADMIN, ROLE_VET_ADMIN]], Credentials=[PROTECTED], Authenticated=true, Details=null, Granted Authorities=[ROLE_ADMIN, ROLE_OWNER_ADMIN, ROLE_VET_ADMIN]]]}

Handler:
             Type = org.springframework.web.servlet.resource.ResourceHttpRequestHandler

Async:
    Async started = false
     Async result = null

Resolved Exception:
             Type = null

ModelAndView:
        View name = null
             View = null
            Model = null

FlashMap:
       Attributes = null

MockHttpServletResponse:
           Status = 201
    Error message = null
          Headers = [Location:"/api/owners/197", Content-Type:"application/json", X-Content-Type-Options:"nosniff", X-XSS-Protection:"0", Cache-Control:"no-cache, no-store, max-age=0, must-revalidate", Pragma:"no-cache", Expires:"0", X-Frame-Options:"DENY"]
     Content type = application/json
             Body = {"firstName":"Fnadm","lastName":"Suracx","city":"Town791","telephone":"+61400000792","pets":[],"address":"790 TEST STREET","addressLine1":null,"addressLine2":null,"ageBand":null,"birthDate":null,"bulkSignupWarning":false,"capacityWarning":false,"contactPreference":"EMAIL","deleted":false,"displayName":"Suracx, Fnadm","email":"owner794@example.test","fiscalYear":"FY27","householdId":"21c2c0e5b7dd","id":197,"identityKey":"aae25835526c4b798b9d4bef9b8c52cd36a87b5265ffc8ed4c26464d693bdf04","initials":"F.S.","locality":"NSW","memberId":"NSW27F4BBBEEE1","membershipLevel":2,"membershipPoints":4,"namesakeCount":2,"ownerSegment":"PREMIUM_METRO","possibleDuplicate":false,"possibleDuplicateOf":null,"postcode":"2000","registrationDate":"2026-09-07","riskFlag":null,"salutation":"Suracx","selfLink":null,"sharesHousehold":null,"telephoneDisplay":"+61 400 000 792","timezone":"Australia/Sydney","title":null}
    Forwarded URL = null
   Redirected URL = /api/owners/197
          Cookies = []

MockHttpServletRequest:
      HTTP Method = GET
      Request URI = /api/owners/197
       Parameters = {}
          Headers = []
             Body = null
    Session Attrs = {SPRING_SECURITY_CONTEXT=SecurityContextImpl [Authentication=UsernamePasswordAuthenticationToken [Principal=org.springframework.security.core.userdetails.User [Username=acceptance-admin, Password=[PROTECTED], Enabled=true, AccountNonExpired=true, CredentialsNonExpired=true, AccountNonLocked=true, Granted Authorities=[ROLE_ADMIN, ROLE_OWNER_ADMIN, ROLE_VET_ADMIN]], Credentials=[PROTECTED], Authenticated=true, Details=null, Granted Authorities=[ROLE_ADMIN, ROLE_OWNER_ADMIN, ROLE_VET_ADMIN]]]}

Handler:
             Type = org.springframework.web.servlet.resource.ResourceHttpRequestHandler

Async:
    Async started = false
     Async result = null

Resolved Exception:
             Type = null

ModelAndView:
        View name = null
             View = null
            Model = null

FlashMap:
       Attributes = null

MockHttpServletResponse:
           Status = 200
    Error message = null
          Headers = [Content-Type:"application/json", X-Content-Type-Options:"nosniff", X-XSS-Protection:"0", Cache-Control:"no-cache, no-store, max-age=0, must-revalidate", Pragma:"no-cache", Expires:"0", X-Frame-Options:"DENY"]
     Content type = application/json
             Body = {"firstName":"Fnadm","lastName":"Suracx","city":"Town791","telephone":"+61400000792","pets":[],"address":"790 TEST STREET","addressLine1":null,"addressLine2":null,"ageBand":null,"birthDate":null,"bulkSignupWarning":false,"capacityWarning":false,"contactPreference":"EMAIL","deleted":false,"displayName":"Suracx, Fnadm","email":"owner794@example.test","fiscalYear":"FY27","householdId":"21c2c0e5b7dd","id":197,"identityKey":"aae25835526c4b798b9d4bef9b8c52cd36a87b5265ffc8ed4c26464d693bdf04","initials":"F.S.","locality":"NSW","memberId":"NSW27F4BBBEEE1","membershipLevel":2,"membershipPoints":4,"namesakeCount":2,"ownerSegment":"PREMIUM_METRO","possibleDuplicate":false,"possibleDuplicateOf":null,"postcode":"2000","registrationDate":"2026-09-07","riskFlag":false,"salutation":"Suracx","selfLink":"/api/owners/197","sharesHousehold":null,"telephoneDisplay":"+61 400 000 792","timezone":"Australia/Sydney","title":null}
    Forwarded URL = null
   Redirected URL = null
          Cookies = []
[ERROR] Tests run: 1, Failures: 1, Errors: 0, Skipped: 0, Time elapsed: 0.047 s <<< FAILURE! -- in org.springframework.samples.petclinic.acceptance.Cp23Tests
[ERROR] org.springframework.samples.petclinic.acceptance.Cp23Tests.coreHouseholdAddsPoints -- Time elapsed: 0.040 s <<< FAILURE!
java.lang.AssertionError: JSON path "$.membershipPoints" expected:<5> but was:<4>
	at org.springframework.test.util.AssertionErrors.fail(AssertionErrors.java:62)
	at org.springframework.test.util.AssertionErrors.assertEquals(AssertionErrors.java:129)
	at org.springframework.test.util.JsonPathExpectationsHelper.assertValue(JsonPathExpectationsHelper.java:172)
	at org.springframework.test.web.servlet.result.JsonPathResultMatchers.lambda$value$2(JsonPathResultMatchers.java:111)
	at org.springframework.test.web.servlet.MockMvc$1.andExpect(MockMvc.java:212)
	at org.springframework.samples.petclinic.acceptance.Cp23Tests.coreHouseholdAddsPoints(Cp23Tests.java:28)

INFO  AnnotationConfigContextLoaderUtils - Could not detect default configuration classes for test class [org.springframework.samples.petclinic.acceptance.Cp33Tests]: Cp33Tests does not declare any static, non-private, non-final, nested classes annotated with @Configuration.
INFO  SpringBootTestContextBootstrapper - Found @SpringBootConfiguration org.springframework.samples.petclinic.PetClinicApplication for test class org.springframework.samples.petclinic.acceptance.Cp33Tests
INFO  AnnotationConfigContextLoaderUtils - Could not detect default configuration classes for test class [org.springframework.samples.petclinic.acceptance.Cp33Tests]: Cp33Tests does not declare any static, non-private, non-final, nested classes annotated with @Configuration.
INFO  AnnotationConfigContextLoaderUtils - Could not detect default configuration classes for test class [org.springframework.samples.petclinic.acceptance.AcceptanceBase]: AcceptanceBase does not declare any static, non-private, non-final, nested classes annotated with @Configuration.
INFO  SpringBootTestContextBootstrapper - Found @SpringBootConfiguration org.springframework.samples.petclinic.PetClinicApplication for test class org.springframework.samples.petclinic.acceptance.Cp33Tests
INFO  AnnotationConfigContextLoaderUtils - Could not detect default configuration classes for test class [org.springframework.samples.petclinic.acceptance.Cp57Tests]: Cp57Tests does not declare any static, non-private, non-final, nested classes annotated with @Configuration.
INFO  SpringBootTestContextBootstrapper - Found @SpringBootConfiguration org.springframework.samples.petclinic.PetClinicApplication for test class org.springframework.samples.petclinic.acceptance.Cp57Tests
INFO  AnnotationConfigContextLoaderUtils - Could not detect default configuration classes for test class [org.springframework.samples.petclinic.acceptance.Cp57Tests]: Cp57Tests does not declare any static, non-private, non-final, nested classes annotated with @Configuration.
INFO  AnnotationConfigContextLoaderUtils - Could not detect default configuration classes for test class [org.springframework.samples.petclinic.acceptance.AcceptanceBase]: AcceptanceBase does not declare any static, non-private, non-final, nested classes annotated with @Configuration.
INFO  SpringBootTestContextBootstrapper - Found @SpringBootConfiguration org.springframework.samples.petclinic.PetClinicApplication for test class org.springframework.samples.petclinic.acceptance.Cp57Tests
INFO  AUDIT - Created owner id=198 memberId=NSW272816CEB74 registrationDate=2026-09-07 membershipLevel=1
INFO  AUDIT - {"seq":188,"ownerId":198,"memberId":"NSW272816CEB74","membershipLevel":1,"event":"OWNER_CREATED"}
INFO  NOTIFY - Welcome owner id=198 memberId=NSW272816CEB74
INFO  AnnotationConfigContextLoaderUtils - Could not detect default configuration classes for test class [org.springframework.samples.petclinic.acceptance.Cp20Tests]: Cp20Tests does not declare any static, non-private, non-final, nested classes annotated with @Configuration.
INFO  SpringBootTestContextBootstrapper - Found @SpringBootConfiguration org.springframework.samples.petclinic.PetClinicApplication for test class org.springframework.samples.petclinic.acceptance.Cp20Tests
INFO  AnnotationConfigContextLoaderUtils - Could not detect default configuration classes for test class [org.springframework.samples.petclinic.acceptance.Cp20Tests]: Cp20Tests does not declare any static, non-private, non-final, nested classes annotated with @Configuration.
INFO  AnnotationConfigContextLoaderUtils - Could not detect default configuration classes for test class [org.springframework.samples.petclinic.acceptance.AcceptanceBase]: AcceptanceBase does not declare any static, non-private, non-final, nested classes annotated with @Configuration.
INFO  SpringBootTestContextBootstrapper - Found @SpringBootConfiguration org.springframework.samples.petclinic.PetClinicApplication for test class org.springframework.samples.petclinic.acceptance.Cp20Tests
INFO  AUDIT - Created owner id=199 memberId=UNKNOWN2729C06FA34 registrationDate=2026-09-07 membershipLevel=1
INFO  AUDIT - {"seq":189,"ownerId":199,"memberId":"UNKNOWN2729C06FA34","membershipLevel":1,"event":"OWNER_CREATED"}
INFO  NOTIFY - Welcome owner id=199 memberId=UNKNOWN2729C06FA34
INFO  AnnotationConfigContextLoaderUtils - Could not detect default configuration classes for test class [org.springframework.samples.petclinic.acceptance.Cp15Tests]: Cp15Tests does not declare any static, non-private, non-final, nested classes annotated with @Configuration.
INFO  SpringBootTestContextBootstrapper - Found @SpringBootConfiguration org.springframework.samples.petclinic.PetClinicApplication for test class org.springframework.samples.petclinic.acceptance.Cp15Tests
INFO  AnnotationConfigContextLoaderUtils - Could not detect default configuration classes for test class [org.springframework.samples.petclinic.acceptance.Cp15Tests]: Cp15Tests does not declare any static, non-private, non-final, nested classes annotated with @Configuration.
INFO  AnnotationConfigContextLoaderUtils - Could not detect default configuration classes for test class [org.springframework.samples.petclinic.acceptance.AcceptanceBase]: AcceptanceBase does not declare any static, non-private, non-final, nested classes annotated with @Configuration.
INFO  SpringBootTestContextBootstrapper - Found @SpringBootConfiguration org.springframework.samples.petclinic.PetClinicApplication for test class org.springframework.samples.petclinic.acceptance.Cp15Tests
INFO  AUDIT - Created owner id=200 memberId=UNKNOWN2738CBF94D6 registrationDate=2026-09-07 membershipLevel=2
INFO  AUDIT - {"seq":190,"ownerId":200,"memberId":"UNKNOWN2738CBF94D6","membershipLevel":2,"event":"OWNER_CREATED"}
INFO  NOTIFY - Welcome owner id=200 memberId=UNKNOWN2738CBF94D6
INFO  AnnotationConfigContextLoaderUtils - Could not detect default configuration classes for test class [org.springframework.samples.petclinic.acceptance.Cp31Tests]: Cp31Tests does not declare any static, non-private, non-final, nested classes annotated with @Configuration.
INFO  SpringBootTestContextBootstrapper - Found @SpringBootConfiguration org.springframework.samples.petclinic.PetClinicApplication for test class org.springframework.samples.petclinic.acceptance.Cp31Tests
INFO  AnnotationConfigContextLoaderUtils - Could not detect default configuration classes for test class [org.springframework.samples.petclinic.acceptance.Cp31Tests]: Cp31Tests does not declare any static, non-private, non-final, nested classes annotated with @Configuration.
INFO  AnnotationConfigContextLoaderUtils - Could not detect default configuration classes for test class [org.springframework.samples.petclinic.acceptance.AcceptanceBase]: AcceptanceBase does not declare any static, non-private, non-final, nested classes annotated with @Configuration.
INFO  SpringBootTestContextBootstrapper - Found @SpringBootConfiguration org.springframework.samples.petclinic.PetClinicApplication for test class org.springframework.samples.petclinic.acceptance.Cp31Tests
INFO  AUDIT - Created owner id=201 memberId=NSW271C2670BE5 registrationDate=2026-09-07 membershipLevel=1
INFO  AUDIT - {"seq":191,"ownerId":201,"memberId":"NSW271C2670BE5","membershipLevel":1,"event":"OWNER_CREATED"}
INFO  NOTIFY - Welcome owner id=201 memberId=NSW271C2670BE5
INFO  AnnotationConfigContextLoaderUtils - Could not detect default configuration classes for test class [org.springframework.samples.petclinic.acceptance.Cp01Tests]: Cp01Tests does not declare any static, non-private, non-final, nested classes annotated with @Configuration.
INFO  SpringBootTestContextBootstrapper - Found @SpringBootConfiguration org.springframework.samples.petclinic.PetClinicApplication for test class org.springframework.samples.petclinic.acceptance.Cp01Tests
INFO  AnnotationConfigContextLoaderUtils - Could not detect default configuration classes for test class [org.springframework.samples.petclinic.acceptance.Cp01Tests]: Cp01Tests does not declare any static, non-private, non-final, nested classes annotated with @Configuration.
INFO  AnnotationConfigContextLoaderUtils - Could not detect default configuration classes for test class [org.springframework.samples.petclinic.acceptance.AcceptanceBase]: AcceptanceBase does not declare any static, non-private, non-final, nested classes annotated with @Configuration.
INFO  SpringBootTestContextBootstrapper - Found @SpringBootConfiguration org.springframework.samples.petclinic.PetClinicApplication for test class org.springframework.samples.petclinic.acceptance.Cp01Tests
INFO  AnnotationConfigContextLoaderUtils - Could not detect default configuration classes for test class [org.springframework.samples.petclinic.acceptance.Cp26Tests]: Cp26Tests does not declare any static, non-private, non-final, nested classes annotated with @Configuration.
INFO  SpringBootTestContextBootstrapper - Found @SpringBootConfiguration org.springframework.samples.petclinic.PetClinicApplication for test class org.springframework.samples.petclinic.acceptance.Cp26Tests
INFO  AnnotationConfigContextLoaderUtils - Could not detect default configuration classes for test class [org.springframework.samples.petclinic.acceptance.Cp26Tests]: Cp26Tests does not declare any static, non-private, non-final, nested classes annotated with @Configuration.
INFO  AnnotationConfigContextLoaderUtils - Could not detect default configuration classes for test class [org.springframework.samples.petclinic.acceptance.AcceptanceBase]: AcceptanceBase does not declare any static, non-private, non-final, nested classes annotated with @Configuration.
INFO  SpringBootTestContextBootstrapper - Found @SpringBootConfiguration org.springframework.samples.petclinic.PetClinicApplication for test class org.springframework.samples.petclinic.acceptance.Cp26Tests
INFO  AnnotationConfigContextLoaderUtils - Could not detect default configuration classes for test class [org.springframework.samples.petclinic.acceptance.Cp56Tests]: Cp56Tests does not declare any static, non-private, non-final, nested classes annotated with @Configuration.
INFO  SpringBootTestContextBootstrapper - Found @SpringBootConfiguration org.springframework.samples.petclinic.PetClinicApplication for test class org.springframework.samples.petclinic.acceptance.Cp56Tests
INFO  AnnotationConfigContextLoaderUtils - Could not detect default configuration classes for test class [org.springframework.samples.petclinic.acceptance.Cp56Tests]: Cp56Tests does not declare any static, non-private, non-final, nested classes annotated with @Configuration.
INFO  AnnotationConfigContextLoaderUtils - Could not detect default configuration classes for test class [org.springframework.samples.petclinic.acceptance.AcceptanceBase]: AcceptanceBase does not declare any static, non-private, non-final, nested classes annotated with @Configuration.
INFO  SpringBootTestContextBootstrapper - Found @SpringBootConfiguration org.springframework.samples.petclinic.PetClinicApplication for test class org.springframework.samples.petclinic.acceptance.Cp56Tests
INFO  AUDIT - Created owner id=202 memberId=NSW2726199C462 registrationDate=2026-09-07 membershipLevel=1
INFO  AUDIT - {"seq":192,"ownerId":202,"memberId":"NSW2726199C462","membershipLevel":1,"event":"OWNER_CREATED"}
INFO  NOTIFY - Welcome owner id=202 memberId=NSW2726199C462
INFO  AnnotationConfigContextLoaderUtils - Could not detect default configuration classes for test class [org.springframework.samples.petclinic.acceptance.Cp46Tests]: Cp46Tests does not declare any static, non-private, non-final, nested classes annotated with @Configuration.
INFO  SpringBootTestContextBootstrapper - Found @SpringBootConfiguration org.springframework.samples.petclinic.PetClinicApplication for test class org.springframework.samples.petclinic.acceptance.Cp46Tests
INFO  AnnotationConfigContextLoaderUtils - Could not detect default configuration classes for test class [org.springframework.samples.petclinic.acceptance.Cp46Tests]: Cp46Tests does not declare any static, non-private, non-final, nested classes annotated with @Configuration.
INFO  AnnotationConfigContextLoaderUtils - Could not detect default configuration classes for test class [org.springframework.samples.petclinic.acceptance.AcceptanceBase]: AcceptanceBase does not declare any static, non-private, non-final, nested classes annotated with @Configuration.
INFO  SpringBootTestContextBootstrapper - Found @SpringBootConfiguration org.springframework.samples.petclinic.PetClinicApplication for test class org.springframework.samples.petclinic.acceptance.Cp46Tests
INFO  AUDIT - Created owner id=203 memberId=NSW27404274691 registrationDate=2026-09-07 membershipLevel=2
INFO  AUDIT - {"seq":193,"ownerId":203,"memberId":"NSW27404274691","membershipLevel":2,"event":"OWNER_CREATED"}
INFO  NOTIFY - Welcome owner id=203 memberId=NSW27404274691
INFO  AUDIT - Created owner id=204 memberId=NSW27404274691-2 registrationDate=2026-09-07 membershipLevel=2
INFO  AUDIT - {"seq":194,"ownerId":204,"memberId":"NSW27404274691-2","membershipLevel":2,"event":"OWNER_CREATED"}
INFO  NOTIFY - Welcome owner id=204 memberId=NSW27404274691-2
INFO  AnnotationConfigContextLoaderUtils - Could not detect default configuration classes for test class [org.springframework.samples.petclinic.acceptance.Cp27Tests]: Cp27Tests does not declare any static, non-private, non-final, nested classes annotated with @Configuration.
INFO  SpringBootTestContextBootstrapper - Found @SpringBootConfiguration org.springframework.samples.petclinic.PetClinicApplication for test class org.springframework.samples.petclinic.acceptance.Cp27Tests
INFO  AnnotationConfigContextLoaderUtils - Could not detect default configuration classes for test class [org.springframework.samples.petclinic.acceptance.Cp27Tests]: Cp27Tests does not declare any static, non-private, non-final, nested classes annotated with @Configuration.
INFO  AnnotationConfigContextLoaderUtils - Could not detect default configuration classes for test class [org.springframework.samples.petclinic.acceptance.AcceptanceBase]: AcceptanceBase does not declare any static, non-private, non-final, nested classes annotated with @Configuration.
INFO  SpringBootTestContextBootstrapper - Found @SpringBootConfiguration org.springframework.samples.petclinic.PetClinicApplication for test class org.springframework.samples.petclinic.acceptance.Cp27Tests
INFO  AUDIT - Created owner id=205 memberId=UNKNOWN27BACA248F4 registrationDate=2026-09-07 membershipLevel=2
INFO  AUDIT - {"seq":195,"ownerId":205,"memberId":"UNKNOWN27BACA248F4","membershipLevel":2,"event":"OWNER_CREATED"}
INFO  NOTIFY - Welcome owner id=205 memberId=UNKNOWN27BACA248F4
INFO  AUDIT - Created owner id=206 memberId=UNKNOWN27BAA4DDA82 registrationDate=2026-09-07 membershipLevel=1
INFO  AUDIT - {"seq":196,"ownerId":206,"memberId":"UNKNOWN27BAA4DDA82","membershipLevel":1,"event":"OWNER_CREATED"}
INFO  NOTIFY - Welcome owner id=206 memberId=UNKNOWN27BAA4DDA82
INFO  AnnotationConfigContextLoaderUtils - Could not detect default configuration classes for test class [org.springframework.samples.petclinic.acceptance.Cp22Tests]: Cp22Tests does not declare any static, non-private, non-final, nested classes annotated with @Configuration.
INFO  SpringBootTestContextBootstrapper - Found @SpringBootConfiguration org.springframework.samples.petclinic.PetClinicApplication for test class org.springframework.samples.petclinic.acceptance.Cp22Tests
INFO  AnnotationConfigContextLoaderUtils - Could not detect default configuration classes for test class [org.springframework.samples.petclinic.acceptance.Cp22Tests]: Cp22Tests does not declare any static, non-private, non-final, nested classes annotated with @Configuration.
INFO  AnnotationConfigContextLoaderUtils - Could not detect default configuration classes for test class [org.springframework.samples.petclinic.acceptance.AcceptanceBase]: AcceptanceBase does not declare any static, non-private, non-final, nested classes annotated with @Configuration.
INFO  SpringBootTestContextBootstrapper - Found @SpringBootConfiguration org.springframework.samples.petclinic.PetClinicApplication for test class org.springframework.samples.petclinic.acceptance.Cp22Tests
INFO  AUDIT - Created owner id=207 memberId=UNKNOWN278A8A2A125 registrationDate=2026-09-07 membershipLevel=1
INFO  AUDIT - {"seq":197,"ownerId":207,"memberId":"UNKNOWN278A8A2A125","membershipLevel":1,"event":"OWNER_CREATED"}
INFO  NOTIFY - Welcome owner id=207 memberId=UNKNOWN278A8A2A125
INFO  AnnotationConfigContextLoaderUtils - Could not detect default configuration classes for test class [org.springframework.samples.petclinic.acceptance.Cp30Tests]: Cp30Tests does not declare any static, non-private, non-final, nested classes annotated with @Configuration.
INFO  SpringBootTestContextBootstrapper - Found @SpringBootConfiguration org.springframework.samples.petclinic.PetClinicApplication for test class org.springframework.samples.petclinic.acceptance.Cp30Tests
INFO  AnnotationConfigContextLoaderUtils - Could not detect default configuration classes for test class [org.springframework.samples.petclinic.acceptance.Cp30Tests]: Cp30Tests does not declare any static, non-private, non-final, nested classes annotated with @Configuration.
INFO  AnnotationConfigContextLoaderUtils - Could not detect default configuration classes for test class [org.springframework.samples.petclinic.acceptance.AcceptanceBase]: AcceptanceBase does not declare any static, non-private, non-final, nested classes annotated with @Configuration.
INFO  SpringBootTestContextBootstrapper - Found @SpringBootConfiguration org.springframework.samples.petclinic.PetClinicApplication for test class org.springframework.samples.petclinic.acceptance.Cp30Tests
INFO  AUDIT - Created owner id=208 memberId=NSW27B5E2FB962 registrationDate=2026-09-07 membershipLevel=1
INFO  AUDIT - {"seq":198,"ownerId":208,"memberId":"NSW27B5E2FB962","membershipLevel":1,"event":"OWNER_CREATED"}
INFO  NOTIFY - Welcome owner id=208 memberId=NSW27B5E2FB962
INFO  AnnotationConfigContextLoaderUtils - Could not detect default configuration classes for test class [org.springframework.samples.petclinic.acceptance.Cp50Tests]: Cp50Tests does not declare any static, non-private, non-final, nested classes annotated with @Configuration.
INFO  SpringBootTestContextBootstrapper - Found @SpringBootConfiguration org.springframework.samples.petclinic.PetClinicApplication for test class org.springframework.samples.petclinic.acceptance.Cp50Tests
INFO  AnnotationConfigContextLoaderUtils - Could not detect default configuration classes for test class [org.springframework.samples.petclinic.acceptance.Cp50Tests]: Cp50Tests does not declare any static, non-private, non-final, nested classes annotated with @Configuration.
INFO  AnnotationConfigContextLoaderUtils - Could not detect default configuration classes for test class [org.springframework.samples.petclinic.acceptance.AcceptanceBase]: AcceptanceBase does not declare any static, non-private, non-final, nested classes annotated with @Configuration.
INFO  SpringBootTestContextBootstrapper - Found @SpringBootConfiguration org.springframework.samples.petclinic.PetClinicApplication for test class org.springframework.samples.petclinic.acceptance.Cp50Tests
INFO  AUDIT - Created owner id=209 memberId=NSW27B66B98FB8 registrationDate=2026-09-07 membershipLevel=1
INFO  AUDIT - {"seq":199,"ownerId":209,"memberId":"NSW27B66B98FB8","membershipLevel":1,"event":"OWNER_CREATED"}
INFO  NOTIFY - Welcome owner id=209 memberId=NSW27B66B98FB8
INFO  AnnotationConfigContextLoaderUtils - Could not detect default configuration classes for test class [org.springframework.samples.petclinic.acceptance.Cp24Tests]: Cp24Tests does not declare any static, non-private, non-final, nested classes annotated with @Configuration.
INFO  SpringBootTestContextBootstrapper - Found @SpringBootConfiguration org.springframework.samples.petclinic.PetClinicApplication for test class org.springframework.samples.petclinic.acceptance.Cp24Tests
INFO  AnnotationConfigContextLoaderUtils - Could not detect default configuration classes for test class [org.springframework.samples.petclinic.acceptance.Cp24Tests]: Cp24Tests does not declare any static, non-private, non-final, nested classes annotated with @Configuration.
INFO  AnnotationConfigContextLoaderUtils - Could not detect default configuration classes for test class [org.springframework.samples.petclinic.acceptance.AcceptanceBase]: AcceptanceBase does not declare any static, non-private, non-final, nested classes annotated with @Configuration.
INFO  SpringBootTestContextBootstrapper - Found @SpringBootConfiguration org.springframework.samples.petclinic.PetClinicApplication for test class org.springframework.samples.petclinic.acceptance.Cp24Tests
INFO  AUDIT - Created owner id=210 memberId=NSW2798F3460B0 registrationDate=2026-09-07 membershipLevel=2
INFO  AUDIT - {"seq":200,"ownerId":210,"memberId":"NSW2798F3460B0","membershipLevel":2,"event":"OWNER_CREATED"}
INFO  NOTIFY - Welcome owner id=210 memberId=NSW2798F3460B0
INFO  AnnotationConfigContextLoaderUtils - Could not detect default configuration classes for test class [org.springframework.samples.petclinic.acceptance.Cp42Tests]: Cp42Tests does not declare any static, non-private, non-final, nested classes annotated with @Configuration.
INFO  SpringBootTestContextBootstrapper - Found @SpringBootConfiguration org.springframework.samples.petclinic.PetClinicApplication for test class org.springframework.samples.petclinic.acceptance.Cp42Tests
INFO  AnnotationConfigContextLoaderUtils - Could not detect default configuration classes for test class [org.springframework.samples.petclinic.acceptance.Cp42Tests]: Cp42Tests does not declare any static, non-private, non-final, nested classes annotated with @Configuration.
INFO  AnnotationConfigContextLoaderUtils - Could not detect default configuration classes for test class [org.springframework.samples.petclinic.acceptance.AcceptanceBase]: AcceptanceBase does not declare any static, non-private, non-final, nested classes annotated with @Configuration.
INFO  SpringBootTestContextBootstrapper - Found @SpringBootConfiguration org.springframework.samples.petclinic.PetClinicApplication for test class org.springframework.samples.petclinic.acceptance.Cp42Tests
INFO  AUDIT - Created owner id=211 memberId=NSW276C64298D0 registrationDate=2026-09-07 membershipLevel=1
INFO  AUDIT - {"seq":201,"ownerId":211,"memberId":"NSW276C64298D0","membershipLevel":1,"event":"OWNER_CREATED"}
INFO  NOTIFY - Welcome owner id=211 memberId=NSW276C64298D0
INFO  AnnotationConfigContextLoaderUtils - Could not detect default configuration classes for test class [org.springframework.samples.petclinic.acceptance.Cp41Tests]: Cp41Tests does not declare any static, non-private, non-final, nested classes annotated with @Configuration.
INFO  SpringBootTestContextBootstrapper - Found @SpringBootConfiguration org.springframework.samples.petclinic.PetClinicApplication for test class org.springframework.samples.petclinic.acceptance.Cp41Tests
INFO  AnnotationConfigContextLoaderUtils - Could not detect default configuration classes for test class [org.springframework.samples.petclinic.acceptance.Cp41Tests]: Cp41Tests does not declare any static, non-private, non-final, nested classes annotated with @Configuration.
INFO  AnnotationConfigContextLoaderUtils - Could not detect default configuration classes for test class [org.springframework.samples.petclinic.acceptance.AcceptanceBase]: AcceptanceBase does not declare any static, non-private, non-final, nested classes annotated with @Configuration.
INFO  SpringBootTestContextBootstrapper - Found @SpringBootConfiguration org.springframework.samples.petclinic.PetClinicApplication for test class org.springframework.samples.petclinic.acceptance.Cp41Tests
INFO  AUDIT - Created owner id=212 memberId=NSW27003607507 registrationDate=2026-09-07 membershipLevel=1
INFO  AUDIT - {"seq":202,"ownerId":212,"memberId":"NSW27003607507","membershipLevel":1,"event":"OWNER_CREATED"}
INFO  NOTIFY - Welcome owner id=212 memberId=NSW27003607507
INFO  AUDIT - Created owner id=213 memberId=NSW273C1EC3A54 registrationDate=2026-09-07 membershipLevel=1
INFO  AUDIT - {"seq":203,"ownerId":213,"memberId":"NSW273C1EC3A54","membershipLevel":1,"event":"OWNER_CREATED"}
INFO  NOTIFY - Welcome owner id=213 memberId=NSW273C1EC3A54
INFO  AnnotationConfigContextLoaderUtils - Could not detect default configuration classes for test class [org.springframework.samples.petclinic.acceptance.Cp32Tests]: Cp32Tests does not declare any static, non-private, non-final, nested classes annotated with @Configuration.
INFO  SpringBootTestContextBootstrapper - Found @SpringBootConfiguration org.springframework.samples.petclinic.PetClinicApplication for test class org.springframework.samples.petclinic.acceptance.Cp32Tests
INFO  AnnotationConfigContextLoaderUtils - Could not detect default configuration classes for test class [org.springframework.samples.petclinic.acceptance.Cp32Tests]: Cp32Tests does not declare any static, non-private, non-final, nested classes annotated with @Configuration.
INFO  AnnotationConfigContextLoaderUtils - Could not detect default configuration classes for test class [org.springframework.samples.petclinic.acceptance.AcceptanceBase]: AcceptanceBase does not declare any static, non-private, non-final, nested classes annotated with @Configuration.
INFO  SpringBootTestContextBootstrapper - Found @SpringBootConfiguration org.springframework.samples.petclinic.PetClinicApplication for test class org.springframework.samples.petclinic.acceptance.Cp32Tests
INFO  AUDIT - Created owner id=214 memberId=NSW274AA5BB5A5 registrationDate=2026-09-07 membershipLevel=1
INFO  AUDIT - {"seq":204,"ownerId":214,"memberId":"NSW274AA5BB5A5","membershipLevel":1,"event":"OWNER_CREATED"}
INFO  NOTIFY - Welcome owner id=214 memberId=NSW274AA5BB5A5
INFO  AnnotationConfigContextLoaderUtils - Could not detect default configuration classes for test class [org.springframework.samples.petclinic.acceptance.Cp38Tests]: Cp38Tests does not declare any static, non-private, non-final, nested classes annotated with @Configuration.
INFO  SpringBootTestContextBootstrapper - Found @SpringBootConfiguration org.springframework.samples.petclinic.PetClinicApplication for test class org.springframework.samples.petclinic.acceptance.Cp38Tests
INFO  AnnotationConfigContextLoaderUtils - Could not detect default configuration classes for test class [org.springframework.samples.petclinic.acceptance.Cp38Tests]: Cp38Tests does not declare any static, non-private, non-final, nested classes annotated with @Configuration.
INFO  AnnotationConfigContextLoaderUtils - Could not detect default configuration classes for test class [org.springframework.samples.petclinic.acceptance.AcceptanceBase]: AcceptanceBase does not declare any static, non-private, non-final, nested classes annotated with @Configuration.
INFO  SpringBootTestContextBootstrapper - Found @SpringBootConfiguration org.springframework.samples.petclinic.PetClinicApplication for test class org.springframework.samples.petclinic.acceptance.Cp38Tests
INFO  AnnotationConfigContextLoaderUtils - Could not detect default configuration classes for test class [org.springframework.samples.petclinic.acceptance.Cp02Tests]: Cp02Tests does not declare any static, non-private, non-final, nested classes annotated with @Configuration.
INFO  SpringBootTestContextBootstrapper - Found @SpringBootConfiguration org.springframework.samples.petclinic.PetClinicApplication for test class org.springframework.samples.petclinic.acceptance.Cp02Tests
INFO  AnnotationConfigContextLoaderUtils - Could not detect default configuration classes for test class [org.springframework.samples.petclinic.acceptance.Cp02Tests]: Cp02Tests does not declare any static, non-private, non-final, nested classes annotated with @Configuration.
INFO  AnnotationConfigContextLoaderUtils - Could not detect default configuration classes for test class [org.springframework.samples.petclinic.acceptance.AcceptanceBase]: AcceptanceBase does not declare any static, non-private, non-final, nested classes annotated with @Configuration.
INFO  SpringBootTestContextBootstrapper - Found @SpringBootConfiguration org.springframework.samples.petclinic.PetClinicApplication for test class org.springframework.samples.petclinic.acceptance.Cp02Tests
INFO  AUDIT - Created owner id=215 memberId=UNKNOWN272AB240F21 registrationDate=2026-09-07 membershipLevel=1
INFO  AUDIT - {"seq":205,"ownerId":215,"memberId":"UNKNOWN272AB240F21","membershipLevel":1,"event":"OWNER_CREATED"}
INFO  NOTIFY - Welcome owner id=215 memberId=UNKNOWN272AB240F21
INFO  AnnotationConfigContextLoaderUtils - Could not detect default configuration classes for test class [org.springframework.samples.petclinic.acceptance.Cp49Tests]: Cp49Tests does not declare any static, non-private, non-final, nested classes annotated with @Configuration.
INFO  SpringBootTestContextBootstrapper - Found @SpringBootConfiguration org.springframework.samples.petclinic.PetClinicApplication for test class org.springframework.samples.petclinic.acceptance.Cp49Tests
INFO  AnnotationConfigContextLoaderUtils - Could not detect default configuration classes for test class [org.springframework.samples.petclinic.acceptance.Cp49Tests]: Cp49Tests does not declare any static, non-private, non-final, nested classes annotated with @Configuration.
INFO  AnnotationConfigContextLoaderUtils - Could not detect default configuration classes for test class [org.springframework.samples.petclinic.acceptance.AcceptanceBase]: AcceptanceBase does not declare any static, non-private, non-final, nested classes annotated with @Configuration.
INFO  SpringBootTestContextBootstrapper - Found @SpringBootConfiguration org.springframework.samples.petclinic.PetClinicApplication for test class org.springframework.samples.petclinic.acceptance.Cp49Tests
INFO  AUDIT - Created owner id=216 memberId=NSW27C92BCB000 registrationDate=2026-09-07 membershipLevel=1
INFO  AUDIT - {"seq":206,"ownerId":216,"memberId":"NSW27C92BCB000","membershipLevel":1,"event":"OWNER_CREATED"}
INFO  NOTIFY - Welcome owner id=216 memberId=NSW27C92BCB000
INFO  AnnotationConfigContextLoaderUtils - Could not detect default configuration classes for test class [org.springframework.samples.petclinic.acceptance.Cp45Tests]: Cp45Tests does not declare any static, non-private, non-final, nested classes annotated with @Configuration.
INFO  SpringBootTestContextBootstrapper - Found @SpringBootConfiguration org.springframework.samples.petclinic.PetClinicApplication for test class org.springframework.samples.petclinic.acceptance.Cp45Tests
INFO  AnnotationConfigContextLoaderUtils - Could not detect default configuration classes for test class [org.springframework.samples.petclinic.acceptance.Cp45Tests]: Cp45Tests does not declare any static, non-private, non-final, nested classes annotated with @Configuration.
INFO  AnnotationConfigContextLoaderUtils - Could not detect default configuration classes for test class [org.springframework.samples.petclinic.acceptance.AcceptanceBase]: AcceptanceBase does not declare any static, non-private, non-final, nested classes annotated with @Configuration.
INFO  SpringBootTestContextBootstrapper - Found @SpringBootConfiguration org.springframework.samples.petclinic.PetClinicApplication for test class org.springframework.samples.petclinic.acceptance.Cp45Tests
INFO  AUDIT - Created owner id=217 memberId=NSW27E0AB51945 registrationDate=2026-09-07 membershipLevel=1
INFO  AUDIT - {"seq":207,"ownerId":217,"memberId":"NSW27E0AB51945","membershipLevel":1,"event":"OWNER_CREATED"}
INFO  NOTIFY - Welcome owner id=217 memberId=NSW27E0AB51945
INFO  AnnotationConfigContextLoaderUtils - Could not detect default configuration classes for test class [org.springframework.samples.petclinic.acceptance.Cp14Tests]: Cp14Tests does not declare any static, non-private, non-final, nested classes annotated with @Configuration.
INFO  SpringBootTestContextBootstrapper - Found @SpringBootConfiguration org.springframework.samples.petclinic.PetClinicApplication for test class org.springframework.samples.petclinic.acceptance.Cp14Tests
INFO  AnnotationConfigContextLoaderUtils - Could not detect default configuration classes for test class [org.springframework.samples.petclinic.acceptance.Cp14Tests]: Cp14Tests does not declare any static, non-private, non-final, nested classes annotated with @Configuration.
INFO  AnnotationConfigContextLoaderUtils - Could not detect default configuration classes for test class [org.springframework.samples.petclinic.acceptance.AcceptanceBase]: AcceptanceBase does not declare any static, non-private, non-final, nested classes annotated with @Configuration.
INFO  SpringBootTestContextBootstrapper - Found @SpringBootConfiguration org.springframework.samples.petclinic.PetClinicApplication for test class org.springframework.samples.petclinic.acceptance.Cp14Tests
INFO  AUDIT - Created owner id=218 memberId=NSW27E3225D3E6 registrationDate=2026-09-07 membershipLevel=1
INFO  AUDIT - {"seq":208,"ownerId":218,"memberId":"NSW27E3225D3E6","membershipLevel":1,"event":"OWNER_CREATED"}
INFO  NOTIFY - Welcome owner id=218 memberId=NSW27E3225D3E6
INFO  AnnotationConfigContextLoaderUtils - Could not detect default configuration classes for test class [org.springframework.samples.petclinic.acceptance.Cp48Tests]: Cp48Tests does not declare any static, non-private, non-final, nested classes annotated with @Configuration.
INFO  SpringBootTestContextBootstrapper - Found @SpringBootConfiguration org.springframework.samples.petclinic.PetClinicApplication for test class org.springframework.samples.petclinic.acceptance.Cp48Tests
INFO  AnnotationConfigContextLoaderUtils - Could not detect default configuration classes for test class [org.springframework.samples.petclinic.acceptance.Cp48Tests]: Cp48Tests does not declare any static, non-private, non-final, nested classes annotated with @Configuration.
INFO  AnnotationConfigContextLoaderUtils - Could not detect default configuration classes for test class [org.springframework.samples.petclinic.acceptance.AcceptanceBase]: AcceptanceBase does not declare any static, non-private, non-final, nested classes annotated with @Configuration.
INFO  SpringBootTestContextBootstrapper - Found @SpringBootConfiguration org.springframework.samples.petclinic.PetClinicApplication for test class org.springframework.samples.petclinic.acceptance.Cp48Tests
INFO  AUDIT - Created owner id=219 memberId=NSW27E9604FA67 registrationDate=2026-09-07 membershipLevel=1
INFO  AUDIT - {"seq":209,"ownerId":219,"memberId":"NSW27E9604FA67","membershipLevel":1,"event":"OWNER_CREATED"}
INFO  NOTIFY - Welcome owner id=219 memberId=NSW27E9604FA67
INFO  AnnotationConfigContextLoaderUtils - Could not detect default configuration classes for test class [org.springframework.samples.petclinic.acceptance.Cp44Tests]: Cp44Tests does not declare any static, non-private, non-final, nested classes annotated with @Configuration.
INFO  SpringBootTestContextBootstrapper - Found @SpringBootConfiguration org.springframework.samples.petclinic.PetClinicApplication for test class org.springframework.samples.petclinic.acceptance.Cp44Tests
INFO  AnnotationConfigContextLoaderUtils - Could not detect default configuration classes for test class [org.springframework.samples.petclinic.acceptance.Cp44Tests]: Cp44Tests does not declare any static, non-private, non-final, nested classes annotated with @Configuration.
INFO  AnnotationConfigContextLoaderUtils - Could not detect default configuration classes for test class [org.springframework.samples.petclinic.acceptance.AcceptanceBase]: AcceptanceBase does not declare any static, non-private, non-final, nested classes annotated with @Configuration.
INFO  SpringBootTestContextBootstrapper - Found @SpringBootConfiguration org.springframework.samples.petclinic.PetClinicApplication for test class org.springframework.samples.petclinic.acceptance.Cp44Tests
INFO  AUDIT - Created owner id=220 memberId=NSW2740A597EA6 registrationDate=2026-09-07 membershipLevel=1
INFO  AUDIT - {"seq":210,"ownerId":220,"memberId":"NSW2740A597EA6","membershipLevel":1,"event":"OWNER_CREATED"}
INFO  NOTIFY - Welcome owner id=220 memberId=NSW2740A597EA6
INFO  AUDIT - Created owner id=221 memberId=UNKNOWN27DFC42F9F0 registrationDate=2026-09-07 membershipLevel=1
INFO  AUDIT - {"seq":211,"ownerId":221,"memberId":"UNKNOWN27DFC42F9F0","membershipLevel":1,"event":"OWNER_CREATED"}
INFO  NOTIFY - Welcome owner id=221 memberId=UNKNOWN27DFC42F9F0
INFO  AnnotationConfigContextLoaderUtils - Could not detect default configuration classes for test class [org.springframework.samples.petclinic.acceptance.Cp12Tests]: Cp12Tests does not declare any static, non-private, non-final, nested classes annotated with @Configuration.
INFO  SpringBootTestContextBootstrapper - Found @SpringBootConfiguration org.springframework.samples.petclinic.PetClinicApplication for test class org.springframework.samples.petclinic.acceptance.Cp12Tests
INFO  AnnotationConfigContextLoaderUtils - Could not detect default configuration classes for test class [org.springframework.samples.petclinic.acceptance.Cp12Tests]: Cp12Tests does not declare any static, non-private, non-final, nested classes annotated with @Configuration.
INFO  AnnotationConfigContextLoaderUtils - Could not detect default configuration classes for test class [org.springframework.samples.petclinic.acceptance.AcceptanceBase]: AcceptanceBase does not declare any static, non-private, non-final, nested classes annotated with @Configuration.
INFO  SpringBootTestContextBootstrapper - Found @SpringBootConfiguration org.springframework.samples.petclinic.PetClinicApplication for test class org.springframework.samples.petclinic.acceptance.Cp12Tests
INFO  AUDIT - Created owner id=222 memberId=NSW27D6D4F8039 registrationDate=2026-09-07 membershipLevel=1
INFO  AUDIT - {"seq":212,"ownerId":222,"memberId":"NSW27D6D4F8039","membershipLevel":1,"event":"OWNER_CREATED"}
INFO  NOTIFY - Welcome owner id=222 memberId=NSW27D6D4F8039
INFO  AnnotationConfigContextLoaderUtils - Could not detect default configuration classes for test class [org.springframework.samples.petclinic.acceptance.Cp54Tests]: Cp54Tests does not declare any static, non-private, non-final, nested classes annotated with @Configuration.
INFO  SpringBootTestContextBootstrapper - Found @SpringBootConfiguration org.springframework.samples.petclinic.PetClinicApplication for test class org.springframework.samples.petclinic.acceptance.Cp54Tests
INFO  AnnotationConfigContextLoaderUtils - Could not detect default configuration classes for test class [org.springframework.samples.petclinic.acceptance.Cp54Tests]: Cp54Tests does not declare any static, non-private, non-final, nested classes annotated with @Configuration.
INFO  AnnotationConfigContextLoaderUtils - Could not detect default configuration classes for test class [org.springframework.samples.petclinic.acceptance.AcceptanceBase]: AcceptanceBase does not declare any static, non-private, non-final, nested classes annotated with @Configuration.
INFO  SpringBootTestContextBootstrapper - Found @SpringBootConfiguration org.springframework.samples.petclinic.PetClinicApplication for test class org.springframework.samples.petclinic.acceptance.Cp54Tests
INFO  AUDIT - Created owner id=223 memberId=UNKNOWN27DBB0D8A92 registrationDate=2026-09-07 membershipLevel=1
INFO  AUDIT - {"seq":213,"ownerId":223,"memberId":"UNKNOWN27DBB0D8A92","membershipLevel":1,"event":"OWNER_CREATED"}
INFO  NOTIFY - Welcome owner id=223 memberId=UNKNOWN27DBB0D8A92
INFO  AUDIT - Created owner id=224 memberId=UNKNOWN27FCAB65006 registrationDate=2026-09-07 membershipLevel=1
INFO  AUDIT - {"seq":214,"ownerId":224,"memberId":"UNKNOWN27FCAB65006","membershipLevel":1,"event":"OWNER_CREATED"}
INFO  NOTIFY - Welcome owner id=224 memberId=UNKNOWN27FCAB65006
INFO  AUDIT - Created owner id=225 memberId=UNKNOWN2787612CBC7 registrationDate=2026-09-07 membershipLevel=1
INFO  AUDIT - {"seq":215,"ownerId":225,"memberId":"UNKNOWN2787612CBC7","membershipLevel":1,"event":"OWNER_CREATED"}
INFO  NOTIFY - Welcome owner id=225 memberId=UNKNOWN2787612CBC7
INFO  AUDIT - Created owner id=226 memberId=UNKNOWN2724FC48B88 registrationDate=2026-09-07 membershipLevel=1
INFO  AUDIT - {"seq":216,"ownerId":226,"memberId":"UNKNOWN2724FC48B88","membershipLevel":1,"event":"OWNER_CREATED"}
INFO  NOTIFY - Welcome owner id=226 memberId=UNKNOWN2724FC48B88
INFO  AUDIT - Created owner id=227 memberId=UNKNOWN278B1492E73 registrationDate=2026-09-07 membershipLevel=1
INFO  AUDIT - {"seq":217,"ownerId":227,"memberId":"UNKNOWN278B1492E73","membershipLevel":1,"event":"OWNER_CREATED"}
INFO  NOTIFY - Welcome owner id=227 memberId=UNKNOWN278B1492E73
INFO  AUDIT - Created owner id=228 memberId=UNKNOWN27980FAAF07 registrationDate=2026-09-07 membershipLevel=1
INFO  AUDIT - {"seq":218,"ownerId":228,"memberId":"UNKNOWN27980FAAF07","membershipLevel":1,"event":"OWNER_CREATED"}
INFO  NOTIFY - Welcome owner id=228 memberId=UNKNOWN27980FAAF07
INFO  AUDIT - Created owner id=229 memberId=UNKNOWN27AC2BB8582 registrationDate=2026-09-07 membershipLevel=1
INFO  AUDIT - {"seq":219,"ownerId":229,"memberId":"UNKNOWN27AC2BB8582","membershipLevel":1,"event":"OWNER_CREATED"}
INFO  NOTIFY - Welcome owner id=229 memberId=UNKNOWN27AC2BB8582
INFO  AUDIT - Created owner id=230 memberId=UNKNOWN27CA994E5E0 registrationDate=2026-09-07 membershipLevel=1
INFO  AUDIT - {"seq":220,"ownerId":230,"memberId":"UNKNOWN27CA994E5E0","membershipLevel":1,"event":"OWNER_CREATED"}
INFO  NOTIFY - Welcome owner id=230 memberId=UNKNOWN27CA994E5E0
INFO  AUDIT - Created owner id=231 memberId=UNKNOWN2792865BA61 registrationDate=2026-09-07 membershipLevel=1
INFO  AUDIT - {"seq":221,"ownerId":231,"memberId":"UNKNOWN2792865BA61","membershipLevel":1,"event":"OWNER_CREATED"}
INFO  NOTIFY - Welcome owner id=231 memberId=UNKNOWN2792865BA61
INFO  AUDIT - Created owner id=232 memberId=UNKNOWN27CB6C85197 registrationDate=2026-09-07 membershipLevel=1
INFO  AUDIT - {"seq":222,"ownerId":232,"memberId":"UNKNOWN27CB6C85197","membershipLevel":1,"event":"OWNER_CREATED"}
INFO  NOTIFY - Welcome owner id=232 memberId=UNKNOWN27CB6C85197
INFO  AUDIT - Created owner id=233 memberId=UNKNOWN27C47311161 registrationDate=2026-09-07 membershipLevel=1
INFO  AUDIT - {"seq":223,"ownerId":233,"memberId":"UNKNOWN27C47311161","membershipLevel":1,"event":"OWNER_CREATED"}
INFO  NOTIFY - Welcome owner id=233 memberId=UNKNOWN27C47311161
INFO  AUDIT - Created owner id=234 memberId=UNKNOWN27053CDB0A9 registrationDate=2026-09-07 membershipLevel=1
INFO  AUDIT - {"seq":224,"ownerId":234,"memberId":"UNKNOWN27053CDB0A9","membershipLevel":1,"event":"OWNER_CREATED"}
INFO  NOTIFY - Welcome owner id=234 memberId=UNKNOWN27053CDB0A9
INFO  AUDIT - Created owner id=235 memberId=UNKNOWN271B3B30C32 registrationDate=2026-09-07 membershipLevel=1
INFO  AUDIT - {"seq":225,"ownerId":235,"memberId":"UNKNOWN271B3B30C32","membershipLevel":1,"event":"OWNER_CREATED"}
INFO  NOTIFY - Welcome owner id=235 memberId=UNKNOWN271B3B30C32
INFO  AUDIT - Created owner id=236 memberId=UNKNOWN2756F3E7B90 registrationDate=2026-09-07 membershipLevel=1
INFO  AUDIT - {"seq":226,"ownerId":236,"memberId":"UNKNOWN2756F3E7B90","membershipLevel":1,"event":"OWNER_CREATED"}
INFO  NOTIFY - Welcome owner id=236 memberId=UNKNOWN2756F3E7B90
INFO  AUDIT - Created owner id=237 memberId=UNKNOWN27C8318E142 registrationDate=2026-09-07 membershipLevel=1
INFO  AUDIT - {"seq":227,"ownerId":237,"memberId":"UNKNOWN27C8318E142","membershipLevel":1,"event":"OWNER_CREATED"}
INFO  NOTIFY - Welcome owner id=237 memberId=UNKNOWN27C8318E142
INFO  AUDIT - Created owner id=238 memberId=UNKNOWN27659D99E90 registrationDate=2026-09-07 membershipLevel=1
INFO  AUDIT - {"seq":228,"ownerId":238,"memberId":"UNKNOWN27659D99E90","membershipLevel":1,"event":"OWNER_CREATED"}
INFO  NOTIFY - Welcome owner id=238 memberId=UNKNOWN27659D99E90
INFO  AUDIT - Created owner id=239 memberId=UNKNOWN275B27E7CE2 registrationDate=2026-09-07 membershipLevel=1
INFO  AUDIT - {"seq":229,"ownerId":239,"memberId":"UNKNOWN275B27E7CE2","membershipLevel":1,"event":"OWNER_CREATED"}
INFO  NOTIFY - Welcome owner id=239 memberId=UNKNOWN275B27E7CE2
INFO  AUDIT - Created owner id=240 memberId=UNKNOWN2788396A121 registrationDate=2026-09-07 membershipLevel=1
INFO  AUDIT - {"seq":230,"ownerId":240,"memberId":"UNKNOWN2788396A121","membershipLevel":1,"event":"OWNER_CREATED"}
INFO  NOTIFY - Welcome owner id=240 memberId=UNKNOWN2788396A121
INFO  AUDIT - Created owner id=241 memberId=UNKNOWN2796FB5D821 registrationDate=2026-09-07 membershipLevel=1
INFO  AUDIT - {"seq":231,"ownerId":241,"memberId":"UNKNOWN2796FB5D821","membershipLevel":1,"event":"OWNER_CREATED"}
INFO  NOTIFY - Welcome owner id=241 memberId=UNKNOWN2796FB5D821
INFO  AUDIT - Created owner id=242 memberId=UNKNOWN27297F34CA0 registrationDate=2026-09-07 membershipLevel=1
INFO  AUDIT - {"seq":232,"ownerId":242,"memberId":"UNKNOWN27297F34CA0","membershipLevel":1,"event":"OWNER_CREATED"}
INFO  NOTIFY - Welcome owner id=242 memberId=UNKNOWN27297F34CA0
INFO  AUDIT - Created owner id=243 memberId=UNKNOWN27FF0F20387 registrationDate=2026-09-07 membershipLevel=1
INFO  AUDIT - {"seq":233,"ownerId":243,"memberId":"UNKNOWN27FF0F20387","membershipLevel":1,"event":"OWNER_CREATED"}
INFO  NOTIFY - Welcome owner id=243 memberId=UNKNOWN27FF0F20387
INFO  AUDIT - Created owner id=244 memberId=UNKNOWN277ABC048D5 registrationDate=2026-09-07 membershipLevel=1
INFO  AUDIT - {"seq":234,"ownerId":244,"memberId":"UNKNOWN277ABC048D5","membershipLevel":1,"event":"OWNER_CREATED"}
INFO  NOTIFY - Welcome owner id=244 memberId=UNKNOWN277ABC048D5
INFO  AUDIT - Created owner id=245 memberId=UNKNOWN270CE843B42 registrationDate=2026-09-07 membershipLevel=1
INFO  AUDIT - {"seq":235,"ownerId":245,"memberId":"UNKNOWN270CE843B42","membershipLevel":1,"event":"OWNER_CREATED"}
INFO  NOTIFY - Welcome owner id=245 memberId=UNKNOWN270CE843B42
INFO  AUDIT - Created owner id=246 memberId=UNKNOWN27430E83426 registrationDate=2026-09-07 membershipLevel=1
INFO  AUDIT - {"seq":236,"ownerId":246,"memberId":"UNKNOWN27430E83426","membershipLevel":1,"event":"OWNER_CREATED"}
INFO  NOTIFY - Welcome owner id=246 memberId=UNKNOWN27430E83426
INFO  AUDIT - Created owner id=247 memberId=UNKNOWN271DDE0BA64 registrationDate=2026-09-07 membershipLevel=1
INFO  AUDIT - {"seq":237,"ownerId":247,"memberId":"UNKNOWN271DDE0BA64","membershipLevel":1,"event":"OWNER_CREATED"}
INFO  NOTIFY - Welcome owner id=247 memberId=UNKNOWN271DDE0BA64
INFO  AUDIT - Created owner id=248 memberId=UNKNOWN27A7F0856C9 registrationDate=2026-09-07 membershipLevel=1
INFO  AUDIT - {"seq":238,"ownerId":248,"memberId":"UNKNOWN27A7F0856C9","membershipLevel":1,"event":"OWNER_CREATED"}
INFO  NOTIFY - Welcome owner id=248 memberId=UNKNOWN27A7F0856C9
INFO  AUDIT - Created owner id=249 memberId=UNKNOWN276BDB9CC72 registrationDate=2026-09-07 membershipLevel=1
INFO  AUDIT - {"seq":239,"ownerId":249,"memberId":"UNKNOWN276BDB9CC72","membershipLevel":1,"event":"OWNER_CREATED"}
INFO  NOTIFY - Welcome owner id=249 memberId=UNKNOWN276BDB9CC72
INFO  AUDIT - Created owner id=250 memberId=UNKNOWN271A76B5DC0 registrationDate=2026-09-07 membershipLevel=1
INFO  AUDIT - {"seq":240,"ownerId":250,"memberId":"UNKNOWN271A76B5DC0","membershipLevel":1,"event":"OWNER_CREATED"}
INFO  NOTIFY - Welcome owner id=250 memberId=UNKNOWN271A76B5DC0
INFO  AUDIT - Created owner id=251 memberId=UNKNOWN27C852F8625 registrationDate=2026-09-07 membershipLevel=1
INFO  AUDIT - {"seq":241,"ownerId":251,"memberId":"UNKNOWN27C852F8625","membershipLevel":1,"event":"OWNER_CREATED"}
INFO  NOTIFY - Welcome owner id=251 memberId=UNKNOWN27C852F8625
INFO  AUDIT - Created owner id=252 memberId=UNKNOWN274296A5193 registrationDate=2026-09-07 membershipLevel=1
INFO  AUDIT - {"seq":242,"ownerId":252,"memberId":"UNKNOWN274296A5193","membershipLevel":1,"event":"OWNER_CREATED"}
INFO  NOTIFY - Welcome owner id=252 memberId=UNKNOWN274296A5193
INFO  AUDIT - Created owner id=253 memberId=UNKNOWN27718D576E5 registrationDate=2026-09-07 membershipLevel=1
INFO  AUDIT - {"seq":243,"ownerId":253,"memberId":"UNKNOWN27718D576E5","membershipLevel":1,"event":"OWNER_CREATED"}
INFO  NOTIFY - Welcome owner id=253 memberId=UNKNOWN27718D576E5
INFO  AUDIT - Created owner id=254 memberId=UNKNOWN27F5DA44188 registrationDate=2026-09-07 membershipLevel=1
INFO  AUDIT - {"seq":244,"ownerId":254,"memberId":"UNKNOWN27F5DA44188","membershipLevel":1,"event":"OWNER_CREATED"}
INFO  NOTIFY - Welcome owner id=254 memberId=UNKNOWN27F5DA44188
INFO  AUDIT - Created owner id=255 memberId=UNKNOWN2700537CAA0 registrationDate=2026-09-07 membershipLevel=1
INFO  AUDIT - {"seq":245,"ownerId":255,"memberId":"UNKNOWN2700537CAA0","membershipLevel":1,"event":"OWNER_CREATED"}
INFO  NOTIFY - Welcome owner id=255 memberId=UNKNOWN2700537CAA0
INFO  AUDIT - Created owner id=256 memberId=UNKNOWN2769D5FEF94 registrationDate=2026-09-07 membershipLevel=1
INFO  AUDIT - {"seq":246,"ownerId":256,"memberId":"UNKNOWN2769D5FEF94","membershipLevel":1,"event":"OWNER_CREATED"}
INFO  NOTIFY - Welcome owner id=256 memberId=UNKNOWN2769D5FEF94
INFO  AUDIT - Created owner id=257 memberId=UNKNOWN27503EB9AA6 registrationDate=2026-09-07 membershipLevel=1
INFO  AUDIT - {"seq":247,"ownerId":257,"memberId":"UNKNOWN27503EB9AA6","membershipLevel":1,"event":"OWNER_CREATED"}
INFO  NOTIFY - Welcome owner id=257 memberId=UNKNOWN27503EB9AA6
INFO  AUDIT - Created owner id=258 memberId=UNKNOWN275DAD4A240 registrationDate=2026-09-07 membershipLevel=1
INFO  AUDIT - {"seq":248,"ownerId":258,"memberId":"UNKNOWN275DAD4A240","membershipLevel":1,"event":"OWNER_CREATED"}
INFO  NOTIFY - Welcome owner id=258 memberId=UNKNOWN275DAD4A240
INFO  AUDIT - Created owner id=259 memberId=UNKNOWN27A92A10017 registrationDate=2026-09-07 membershipLevel=1
INFO  AUDIT - {"seq":249,"ownerId":259,"memberId":"UNKNOWN27A92A10017","membershipLevel":1,"event":"OWNER_CREATED"}
INFO  NOTIFY - Welcome owner id=259 memberId=UNKNOWN27A92A10017
INFO  AUDIT - Created owner id=260 memberId=UNKNOWN27F97D89010 registrationDate=2026-09-07 membershipLevel=1
INFO  AUDIT - {"seq":250,"ownerId":260,"memberId":"UNKNOWN27F97D89010","membershipLevel":1,"event":"OWNER_CREATED"}
INFO  NOTIFY - Welcome owner id=260 memberId=UNKNOWN27F97D89010
INFO  AUDIT - Created owner id=261 memberId=UNKNOWN2734CA00DF2 registrationDate=2026-09-07 membershipLevel=1
INFO  AUDIT - {"seq":251,"ownerId":261,"memberId":"UNKNOWN2734CA00DF2","membershipLevel":1,"event":"OWNER_CREATED"}
INFO  NOTIFY - Welcome owner id=261 memberId=UNKNOWN2734CA00DF2
INFO  AUDIT - Created owner id=262 memberId=UNKNOWN2706A68D7F7 registrationDate=2026-09-07 membershipLevel=1
INFO  AUDIT - {"seq":252,"ownerId":262,"memberId":"UNKNOWN2706A68D7F7","membershipLevel":1,"event":"OWNER_CREATED"}
INFO  NOTIFY - Welcome owner id=262 memberId=UNKNOWN2706A68D7F7
INFO  AUDIT - Created owner id=263 memberId=UNKNOWN2727B9B4C62 registrationDate=2026-09-07 membershipLevel=1
INFO  AUDIT - {"seq":253,"ownerId":263,"memberId":"UNKNOWN2727B9B4C62","membershipLevel":1,"event":"OWNER_CREATED"}
INFO  NOTIFY - Welcome owner id=263 memberId=UNKNOWN2727B9B4C62
INFO  AnnotationConfigContextLoaderUtils - Could not detect default configuration classes for test class [org.springframework.samples.petclinic.acceptance.Cp39Tests]: Cp39Tests does not declare any static, non-private, non-final, nested classes annotated with @Configuration.
INFO  SpringBootTestContextBootstrapper - Found @SpringBootConfiguration org.springframework.samples.petclinic.PetClinicApplication for test class org.springframework.samples.petclinic.acceptance.Cp39Tests
INFO  AnnotationConfigContextLoaderUtils - Could not detect default configuration classes for test class [org.springframework.samples.petclinic.acceptance.Cp39Tests]: Cp39Tests does not declare any static, non-private, non-final, nested classes annotated with @Configuration.
INFO  AnnotationConfigContextLoaderUtils - Could not detect default configuration classes for test class [org.springframework.samples.petclinic.acceptance.AcceptanceBase]: AcceptanceBase does not declare any static, non-private, non-final, nested classes annotated with @Configuration.
INFO  SpringBootTestContextBootstrapper - Found @SpringBootConfiguration org.springframework.samples.petclinic.PetClinicApplication for test class org.springframework.samples.petclinic.acceptance.Cp39Tests
INFO  AUDIT - Created owner id=264 memberId=NSW27BDCE5D172 registrationDate=2026-09-07 membershipLevel=1
INFO  AUDIT - {"seq":254,"ownerId":264,"memberId":"NSW27BDCE5D172","membershipLevel":1,"event":"OWNER_CREATED"}
INFO  NOTIFY - Welcome owner id=264 memberId=NSW27BDCE5D172
INFO  AUDIT - Created owner id=265 memberId=NSW27D83FEE793 registrationDate=2026-09-07 membershipLevel=1
INFO  AUDIT - {"seq":255,"ownerId":265,"memberId":"NSW27D83FEE793","membershipLevel":1,"event":"OWNER_CREATED"}
INFO  NOTIFY - Welcome owner id=265 memberId=NSW27D83FEE793
INFO  AUDIT - Created owner id=266 memberId=NSW277A9F1A7E1 registrationDate=2026-09-07 membershipLevel=3
INFO  AUDIT - {"seq":256,"ownerId":266,"memberId":"NSW277A9F1A7E1","membershipLevel":3,"event":"OWNER_CREATED"}
INFO  NOTIFY - Welcome owner id=266 memberId=NSW277A9F1A7E1

MockHttpServletRequest:
      HTTP Method = POST
      Request URI = /api/owners
       Parameters = {}
          Headers = [Content-Type:"application/json;charset=UTF-8", Content-Length:"154"]
             Body = {"firstName":"Fnapi","lastName":"Surapd","address":"1098 Test Street","city":"Town1099","telephone":"0400001100","postcode":"2000","sharesHousehold":true}
    Session Attrs = {SPRING_SECURITY_CONTEXT=SecurityContextImpl [Authentication=UsernamePasswordAuthenticationToken [Principal=org.springframework.security.core.userdetails.User [Username=acceptance-admin, Password=[PROTECTED], Enabled=true, AccountNonExpired=true, CredentialsNonExpired=true, AccountNonLocked=true, Granted Authorities=[ROLE_ADMIN, ROLE_OWNER_ADMIN, ROLE_VET_ADMIN]], Credentials=[PROTECTED], Authenticated=true, Details=null, Granted Authorities=[ROLE_ADMIN, ROLE_OWNER_ADMIN, ROLE_VET_ADMIN]]]}

Handler:
             Type = org.springframework.web.servlet.resource.ResourceHttpRequestHandler

Async:
    Async started = false
     Async result = null

Resolved Exception:
             Type = null

ModelAndView:
        View name = null
             View = null
            Model = null

FlashMap:
       Attributes = null

MockHttpServletResponse:
           Status = 201
    Error message = null
          Headers = [Location:"/api/owners/264", Content-Type:"application/json", X-Content-Type-Options:"nosniff", X-XSS-Protection:"0", Cache-Control:"no-cache, no-store, max-age=0, must-revalidate", Pragma:"no-cache", Expires:"0", X-Frame-Options:"DENY"]
     Content type = application/json
             Body = {"firstName":"Fnapi","lastName":"Surapd","city":"Town1099","telephone":"+61400001100","pets":[],"address":"1098 TEST STREET","addressLine1":null,"addressLine2":null,"ageBand":null,"birthDate":null,"bulkSignupWarning":false,"capacityWarning":false,"contactPreference":"PHONE","deleted":false,"displayName":"Surapd, Fnapi","email":null,"fiscalYear":"FY27","householdId":"be09b082a02a","id":264,"identityKey":"07b1f27b2147e6af50c1fd2f9066b330e641482d68749f1c26445e562be6f11a","initials":"F.S.","locality":"NSW","memberId":"NSW27BDCE5D172","membershipLevel":1,"membershipPoints":1,"namesakeCount":0,"ownerSegment":"STANDARD_METRO","possibleDuplicate":false,"possibleDuplicateOf":null,"postcode":"2000","registrationDate":"2026-09-07","riskFlag":null,"salutation":"Surapd","selfLink":null,"sharesHousehold":null,"telephoneDisplay":"+61 400 001 100","timezone":"Australia/Sydney","title":null}
    Forwarded URL = null
   Redirected URL = /api/owners/264
          Cookies = []

MockHttpServletRequest:
      HTTP Method = POST
      Request URI = /api/owners
       Parameters = {}
          Headers = [Content-Type:"application/json;charset=UTF-8", Content-Length:"154"]
             Body = {"firstName":"Fnapn","lastName":"Surapd","address":"1103 Test Street","city":"Town1104","telephone":"0400001105","postcode":"2000","sharesHousehold":true}
    Session Attrs = {SPRING_SECURITY_CONTEXT=SecurityContextImpl [Authentication=UsernamePasswordAuthenticationToken [Principal=org.springframework.security.core.userdetails.User [Username=acceptance-admin, Password=[PROTECTED], Enabled=true, AccountNonExpired=true, CredentialsNonExpired=true, AccountNonLocked=true, Granted Authorities=[ROLE_ADMIN, ROLE_OWNER_ADMIN, ROLE_VET_ADMIN]], Credentials=[PROTECTED], Authenticated=true, Details=null, Granted Authorities=[ROLE_ADMIN, ROLE_OWNER_ADMIN, ROLE_VET_ADMIN]]]}

Handler:
             Type = org.springframework.web.servlet.resource.ResourceHttpRequestHandler

Async:
    Async started = false
     Async result = null

Resolved Exception:
             Type = null

ModelAndView:
        View name = null
             View = null
            Model = null

FlashMap:
       Attributes = null

MockHttpServletResponse:
           Status = 201
    Error message = null
          Headers = [Location:"/api/owners/265", Content-Type:"application/json", X-Content-Type-Options:"nosniff", X-XSS-Protection:"0", Cache-Control:"no-cache, no-store, max-age=0, must-revalidate", Pragma:"no-cache", Expires:"0", X-Frame-Options:"DENY"]
     Content type = application/json
             Body = {"firstName":"Fnapn","lastName":"Surapd","city":"Town1104","telephone":"+61400001105","pets":[],"address":"1103 TEST STREET","addressLine1":null,"addressLine2":null,"ageBand":null,"birthDate":null,"bulkSignupWarning":false,"capacityWarning":false,"contactPreference":"PHONE","deleted":false,"displayName":"Surapd, Fnapn","email":null,"fiscalYear":"FY27","householdId":"be09b082a02a","id":265,"identityKey":"d5979ad9c440a7e15b14a1ab5bca2c4892d89368dfb9dc9919f1c896f3474902","initials":"F.S.","locality":"NSW","memberId":"NSW27D83FEE793","membershipLevel":1,"membershipPoints":0,"namesakeCount":1,"ownerSegment":"STANDARD_METRO","possibleDuplicate":false,"possibleDuplicateOf":null,"postcode":"2000","registrationDate":"2026-09-07","riskFlag":null,"salutation":"Surapd","selfLink":null,"sharesHousehold":null,"telephoneDisplay":"+61 400 001 105","timezone":"Australia/Sydney","title":null}
    Forwarded URL = null
   Redirected URL = /api/owners/265
          Cookies = []

MockHttpServletRequest:
      HTTP Method = POST
      Request URI = /api/owners
       Parameters = {}
          Headers = [Content-Type:"application/json;charset=UTF-8", Content-Length:"187"]
             Body = {"firstName":"Fnaps","lastName":"Surapd","address":"1108 Test Street","city":"Town1109","telephone":"0400001110","postcode":"2000","sharesHousehold":true,"email":"owner1112@example.test"}
    Session Attrs = {SPRING_SECURITY_CONTEXT=SecurityContextImpl [Authentication=UsernamePasswordAuthenticationToken [Principal=org.springframework.security.core.userdetails.User [Username=acceptance-admin, Password=[PROTECTED], Enabled=true, AccountNonExpired=true, CredentialsNonExpired=true, AccountNonLocked=true, Granted Authorities=[ROLE_ADMIN, ROLE_OWNER_ADMIN, ROLE_VET_ADMIN]], Credentials=[PROTECTED], Authenticated=true, Details=null, Granted Authorities=[ROLE_ADMIN, ROLE_OWNER_ADMIN, ROLE_VET_ADMIN]]]}

Handler:
             Type = org.springframework.web.servlet.resource.ResourceHttpRequestHandler

Async:
    Async started = false
     Async result = null

Resolved Exception:
             Type = null

ModelAndView:
        View name = null
             View = null
            Model = null

FlashMap:
       Attributes = null

MockHttpServletResponse:
           Status = 201
    Error message = null
          Headers = [Location:"/api/owners/266", Content-Type:"application/json", X-Content-Type-Options:"nosniff", X-XSS-Protection:"0", Cache-Control:"no-cache, no-store, max-age=0, must-revalidate", Pragma:"no-cache", Expires:"0", X-Frame-Options:"DENY"]
     Content type = application/json
             Body = {"firstName":"Fnaps","lastName":"Surapd","city":"Town1109","telephone":"+61400001110","pets":[],"address":"1108 TEST STREET","addressLine1":null,"addressLine2":null,"ageBand":null,"birthDate":null,"bulkSignupWarning":false,"capacityWarning":false,"contactPreference":"EMAIL","deleted":false,"displayName":"Surapd, Fnaps","email":"owner1112@example.test","fiscalYear":"FY27","householdId":"be09b082a02a","id":266,"identityKey":"55ea6b5258304efcaaaf7f0ea11c48a2562f8fa43088f82064971f9cf3b6e691","initials":"F.S.","locality":"NSW","memberId":"NSW277A9F1A7E1","membershipLevel":2,"membershipPoints":4,"namesakeCount":2,"ownerSegment":"PREMIUM_METRO","possibleDuplicate":false,"possibleDuplicateOf":null,"postcode":"2000","registrationDate":"2026-09-07","riskFlag":null,"salutation":"Surapd","selfLink":null,"sharesHousehold":null,"telephoneDisplay":"+61 400 001 110","timezone":"Australia/Sydney","title":null}
    Forwarded URL = null
   Redirected URL = /api/owners/266
          Cookies = []

MockHttpServletRequest:
      HTTP Method = GET
      Request URI = /api/owners/266
       Parameters = {}
          Headers = []
             Body = null
    Session Attrs = {SPRING_SECURITY_CONTEXT=SecurityContextImpl [Authentication=UsernamePasswordAuthenticationToken [Principal=org.springframework.security.core.userdetails.User [Username=acceptance-admin, Password=[PROTECTED], Enabled=true, AccountNonExpired=true, CredentialsNonExpired=true, AccountNonLocked=true, Granted Authorities=[ROLE_ADMIN, ROLE_OWNER_ADMIN, ROLE_VET_ADMIN]], Credentials=[PROTECTED], Authenticated=true, Details=null, Granted Authorities=[ROLE_ADMIN, ROLE_OWNER_ADMIN, ROLE_VET_ADMIN]]]}

Handler:
             Type = org.springframework.web.servlet.resource.ResourceHttpRequestHandler

Async:
    Async started = false
     Async result = null

Resolved Exception:
             Type = null

ModelAndView:
        View name = null
             View = null
            Model = null

FlashMap:
       Attributes = null

MockHttpServletResponse:
           Status = 200
    Error message = null
          Headers = [Content-Type:"application/json", X-Content-Type-Options:"nosniff", X-XSS-Protection:"0", Cache-Control:"no-cache, no-store, max-age=0, must-revalidate", Pragma:"no-cache", Expires:"0", X-Frame-Options:"DENY"]
     Content type = application/json
             Body = {"firstName":"Fnaps","lastName":"Surapd","city":"Town1109","telephone":"+61400001110","pets":[],"address":"1108 TEST STREET","addressLine1":null,"addressLine2":null,"ageBand":null,"birthDate":null,"bulkSignupWarning":false,"capacityWarning":false,"contactPreference":"EMAIL","deleted":false,"displayName":"Surapd, Fnaps","email":"owner1112@example.test","fiscalYear":"FY27","householdId":"be09b082a02a","id":266,"identityKey":"55ea6b5258304efcaaaf7f0ea11c48a2562f8fa43088f82064971f9cf3b6e691","initials":"F.S.","locality":"NSW","memberId":"NSW277A9F1A7E1","membershipLevel":2,"membershipPoints":4,"namesakeCount":2,"ownerSegment":"PREMIUM_METRO","possibleDuplicate":false,"possibleDuplicateOf":null,"postcode":"2000","registrationDate":"2026-09-07","riskFlag":false,"salutation":"Surapd","selfLink":"/api/owners/266","sharesHousehold":null,"telephoneDisplay":"+61 400 001 110","timezone":"Australia/Sydney","title":null}
    Forwarded URL = null
   Redirected URL = null
          Cookies = []
[ERROR] Tests run: 1, Failures: 1, Errors: 0, Skipped: 0, Time elapsed: 0.046 s <<< FAILURE! -- in org.springframework.samples.petclinic.acceptance.Cp39Tests
[ERROR] org.springframework.samples.petclinic.acceptance.Cp39Tests.coreNewOwnerCappedBelowFour -- Time elapsed: 0.041 s <<< FAILURE!
java.lang.AssertionError: JSON path "$.membershipLevel" expected:<3> but was:<2>
	at org.springframework.test.util.AssertionErrors.fail(AssertionErrors.java:62)
	at org.springframework.test.util.AssertionErrors.assertEquals(AssertionErrors.java:129)
	at org.springframework.test.util.JsonPathExpectationsHelper.assertValue(JsonPathExpectationsHelper.java:172)
	at org.springframework.test.web.servlet.result.JsonPathResultMatchers.lambda$value$2(JsonPathResultMatchers.java:111)
	at org.springframework.test.web.servlet.MockMvc$1.andExpect(MockMvc.java:212)
	at org.springframework.samples.petclinic.acceptance.Cp39Tests.coreNewOwnerCappedBelowFour(Cp39Tests.java:28)

INFO  AnnotationConfigContextLoaderUtils - Could not detect default configuration classes for test class [org.springframework.samples.petclinic.acceptance.Cp34Tests]: Cp34Tests does not declare any static, non-private, non-final, nested classes annotated with @Configuration.
INFO  SpringBootTestContextBootstrapper - Found @SpringBootConfiguration org.springframework.samples.petclinic.PetClinicApplication for test class org.springframework.samples.petclinic.acceptance.Cp34Tests
INFO  AnnotationConfigContextLoaderUtils - Could not detect default configuration classes for test class [org.springframework.samples.petclinic.acceptance.Cp34Tests]: Cp34Tests does not declare any static, non-private, non-final, nested classes annotated with @Configuration.
INFO  AnnotationConfigContextLoaderUtils - Could not detect default configuration classes for test class [org.springframework.samples.petclinic.acceptance.AcceptanceBase]: AcceptanceBase does not declare any static, non-private, non-final, nested classes annotated with @Configuration.
INFO  SpringBootTestContextBootstrapper - Found @SpringBootConfiguration org.springframework.samples.petclinic.PetClinicApplication for test class org.springframework.samples.petclinic.acceptance.Cp34Tests
INFO  AUDIT - Created owner id=267 memberId=UNKNOWN27C08D3F930 registrationDate=2026-09-07 membershipLevel=1
INFO  AUDIT - {"seq":257,"ownerId":267,"memberId":"UNKNOWN27C08D3F930","membershipLevel":1,"event":"OWNER_CREATED"}
INFO  NOTIFY - Welcome owner id=267 memberId=UNKNOWN27C08D3F930
INFO  AnnotationConfigContextLoaderUtils - Could not detect default configuration classes for test class [org.springframework.samples.petclinic.acceptance.Cp04Tests]: Cp04Tests does not declare any static, non-private, non-final, nested classes annotated with @Configuration.
INFO  SpringBootTestContextBootstrapper - Found @SpringBootConfiguration org.springframework.samples.petclinic.PetClinicApplication for test class org.springframework.samples.petclinic.acceptance.Cp04Tests
INFO  AnnotationConfigContextLoaderUtils - Could not detect default configuration classes for test class [org.springframework.samples.petclinic.acceptance.Cp04Tests]: Cp04Tests does not declare any static, non-private, non-final, nested classes annotated with @Configuration.
INFO  AnnotationConfigContextLoaderUtils - Could not detect default configuration classes for test class [org.springframework.samples.petclinic.acceptance.AcceptanceBase]: AcceptanceBase does not declare any static, non-private, non-final, nested classes annotated with @Configuration.
INFO  SpringBootTestContextBootstrapper - Found @SpringBootConfiguration org.springframework.samples.petclinic.PetClinicApplication for test class org.springframework.samples.petclinic.acceptance.Cp04Tests
INFO  AUDIT - Created owner id=268 memberId=UNKNOWN27D9AD0B1D8 registrationDate=2026-09-07 membershipLevel=1
INFO  AUDIT - {"seq":258,"ownerId":268,"memberId":"UNKNOWN27D9AD0B1D8","membershipLevel":1,"event":"OWNER_CREATED"}
INFO  NOTIFY - Welcome owner id=268 memberId=UNKNOWN27D9AD0B1D8
INFO  AUDIT - Created owner id=269 memberId=UNKNOWN27030158DB3 registrationDate=2026-09-07 membershipLevel=2
INFO  AUDIT - {"seq":259,"ownerId":269,"memberId":"UNKNOWN27030158DB3","membershipLevel":2,"event":"OWNER_CREATED"}
INFO  NOTIFY - Welcome owner id=269 memberId=UNKNOWN27030158DB3
INFO  AnnotationConfigContextLoaderUtils - Could not detect default configuration classes for test class [org.springframework.samples.petclinic.acceptance.Cp16Tests]: Cp16Tests does not declare any static, non-private, non-final, nested classes annotated with @Configuration.
INFO  SpringBootTestContextBootstrapper - Found @SpringBootConfiguration org.springframework.samples.petclinic.PetClinicApplication for test class org.springframework.samples.petclinic.acceptance.Cp16Tests
INFO  AnnotationConfigContextLoaderUtils - Could not detect default configuration classes for test class [org.springframework.samples.petclinic.acceptance.Cp16Tests]: Cp16Tests does not declare any static, non-private, non-final, nested classes annotated with @Configuration.
INFO  AnnotationConfigContextLoaderUtils - Could not detect default configuration classes for test class [org.springframework.samples.petclinic.acceptance.AcceptanceBase]: AcceptanceBase does not declare any static, non-private, non-final, nested classes annotated with @Configuration.
INFO  SpringBootTestContextBootstrapper - Found @SpringBootConfiguration org.springframework.samples.petclinic.PetClinicApplication for test class org.springframework.samples.petclinic.acceptance.Cp16Tests
INFO  AUDIT - Created owner id=270 memberId=NSW27C864B0C57 registrationDate=2026-09-07 membershipLevel=1
INFO  AUDIT - {"seq":260,"ownerId":270,"memberId":"NSW27C864B0C57","membershipLevel":1,"event":"OWNER_CREATED"}
INFO  NOTIFY - Welcome owner id=270 memberId=NSW27C864B0C57
INFO  AnnotationConfigContextLoaderUtils - Could not detect default configuration classes for test class [org.springframework.samples.petclinic.acceptance.Cp43Tests]: Cp43Tests does not declare any static, non-private, non-final, nested classes annotated with @Configuration.
INFO  SpringBootTestContextBootstrapper - Found @SpringBootConfiguration org.springframework.samples.petclinic.PetClinicApplication for test class org.springframework.samples.petclinic.acceptance.Cp43Tests
INFO  AnnotationConfigContextLoaderUtils - Could not detect default configuration classes for test class [org.springframework.samples.petclinic.acceptance.Cp43Tests]: Cp43Tests does not declare any static, non-private, non-final, nested classes annotated with @Configuration.
INFO  AnnotationConfigContextLoaderUtils - Could not detect default configuration classes for test class [org.springframework.samples.petclinic.acceptance.AcceptanceBase]: AcceptanceBase does not declare any static, non-private, non-final, nested classes annotated with @Configuration.
INFO  SpringBootTestContextBootstrapper - Found @SpringBootConfiguration org.springframework.samples.petclinic.PetClinicApplication for test class org.springframework.samples.petclinic.acceptance.Cp43Tests
INFO  AUDIT - Created owner id=271 memberId=NSW27CFDA313F6 registrationDate=2026-09-07 membershipLevel=2
INFO  AUDIT - {"seq":261,"ownerId":271,"memberId":"NSW27CFDA313F6","membershipLevel":2,"event":"OWNER_CREATED"}
INFO  NOTIFY - Welcome owner id=271 memberId=NSW27CFDA313F6
[ERROR] Failures: 
[ERROR]   Cp13Tests.coreCountsNamesakes:24 JSON path "$.namesakeCount" expected:<1> but was:<0>
[ERROR]   Cp23Tests.coreHouseholdAddsPoints:28 JSON path "$.membershipPoints" expected:<5> but was:<4>
[ERROR]   Cp39Tests.coreNewOwnerCappedBelowFour:28 JSON path "$.membershipLevel" expected:<3> but was:<2>
[ERROR] Tests run: 70, Failures: 3, Errors: 0, Skipped: 0
[ERROR] Failed to execute goal org.apache.maven.plugins:maven-surefire-plugin:3.5.6:test (default-test) on project spring-petclinic-rest: There are test failures.
[ERROR] 
[ERROR] See /home/daniel/sandbox/target/surefire-reports for the individual test results.
[ERROR] See dump files (if any exist) [date].dump, [date]-jvmRun[N].dump and [date].dumpstream.
[ERROR] -> [Help 1]
[ERROR] 
[ERROR] To see the full stack trace of the errors, re-run Maven with the -e switch.
[ERROR] Re-run Maven using the -X switch to enable full debug logging.
[ERROR] 
[ERROR] For more information about the errors and possible solutions, please read the following articles:
[ERROR] [Help 1] http://cwiki.apache.org/confluence/display/MAVEN/MojoFailureException
OpenJDK 64-Bit Server VM warning: Sharing is only supported for boot loader classes because bootstrap classpath has been appended
