$ ./mvnw -q -B -DskipTests test-compile
############################################################################################
# Thanks for using OpenAPI Generator.                                                      #
# We appreciate your support! Please consider donation to help us maintain this project.   #
# https://opencollective.com/openapi_generator/donate                                      #
############################################################################################

$ ./mvnw -q -B -Dgroups=cp01,cp02,cp03,cp04,cp05,cp06,cp07,cp08,cp09,cp10,cp11,cp12,cp13,cp14,cp15,cp16,cp17,cp18,cp19,cp20,cp21,cp22,cp23,cp24,cp25,cp26,cp27,cp28,cp29,cp30,cp31,cp32,cp33,cp34,cp35,cp36,cp37,cp38,cp39,cp40,cp41,cp42,cp43,cp44,cp45,cp46,cp47,cp48,cp49,cp50,cp51,cp52,cp53,cp54,cp55,cp56,cp57,cp58,cp59 test
############################################################################################
# Thanks for using OpenAPI Generator.                                                      #
# We appreciate your support! Please consider donation to help us maintain this project.   #
# https://opencollective.com/openapi_generator/donate                                      #
############################################################################################
INFO  AnnotationConfigContextLoaderUtils - Could not detect default configuration classes for test class [org.springframework.samples.petclinic.acceptance.Cp53Tests]: Cp53Tests does not declare any static, non-private, non-final, nested classes annotated with @Configuration.
INFO  SpringBootTestContextBootstrapper - Found @SpringBootConfiguration org.springframework.samples.petclinic.PetClinicApplication for test class org.springframework.samples.petclinic.acceptance.Cp53Tests
INFO  AnnotationConfigContextLoaderUtils - Could not detect default configuration classes for test class [org.springframework.samples.petclinic.acceptance.Cp53Tests]: Cp53Tests does not declare any static, non-private, non-final, nested classes annotated with @Configuration.
INFO  AnnotationConfigContextLoaderUtils - Could not detect default configuration classes for test class [org.springframework.samples.petclinic.acceptance.AcceptanceBase]: AcceptanceBase does not declare any static, non-private, non-final, nested classes annotated with @Configuration.
INFO  SpringBootTestContextBootstrapper - Found @SpringBootConfiguration org.springframework.samples.petclinic.PetClinicApplication for test class org.springframework.samples.petclinic.acceptance.Cp53Tests

  .   ____          _            __ _ _
 /\\ / ___'_ __ _ _(_)_ __  __ _ \ \ \ \
( ( )\___ | '_ | '_| | '_ \/ _` | \ \ \ \
 \\/  ___)| |_)| | | | | || (_| |  ) ) ) )
  '  |____| .__|_| |_|_| |_\__, | / / / /
 =========|_|==============|___/=/_/_/_/

 :: Spring Boot ::                (v4.1.0)

INFO  Cp53Tests - Starting Cp53Tests using Java 17.0.20 with PID 2035520 (started by daniel in /home/daniel/sandbox)
DEBUG Cp53Tests - Running with Spring Boot v4.1.0, Spring v7.0.8
INFO  Cp53Tests - The following 2 profiles are active: "hsqldb", "spring-data-jpa"
INFO  Version - HV000001: Hibernate Validator 9.1.0.Final
INFO  RepositoryConfigurationDelegate - Bootstrapping Spring Data JPA repositories in DEFAULT mode.
INFO  RepositoryConfigurationDelegate - Finished Spring Data repository scanning in 76 ms. Found 7 JPA repository interfaces.
INFO  HikariDataSource - HikariPool-1 - Starting...
INFO  PoolBase - HikariPool-1 - Driver does not support get/set network timeout for connections. (feature not supported)
INFO  HikariPool - HikariPool-1 - Added connection org.hsqldb.jdbc.JDBCConnection@693d797e
INFO  HikariDataSource - HikariPool-1 - Start completed.
INFO  jpa - HHH008540: Processing PersistenceUnitInfo [name: default]
INFO  core - HHH000001: Hibernate ORM core version 7.4.1.Final
INFO  SpringPersistenceUnitInfo - No LoadTimeWeaver setup: ignoring JPA class transformer
INFO  pooling - HHH10001005: Database info:
	Database JDBC URL [jdbc:hsqldb:mem:petclinic]
	Database driver: HSQL Database Engine Driver
	Database dialect: HSQLDialect
	Database version: 2.7.3
	Default catalog/schema: PUBLIC/PUBLIC
	Autocommit mode: undefined/unknown
	Isolation level: READ_COMMITTED [default READ_COMMITTED]
	JDBC fetch size: none
	Pool: DataSourceConnectionProvider
	Minimum pool size: undefined/unknown
	Maximum pool size: undefined/unknown
INFO  core - HHH000489: No JTA platform available (set 'hibernate.transaction.jta.platform' to enable JTA platform integration)
INFO  LocalContainerEntityManagerFactoryBean - Initialized JPA EntityManagerFactory for persistence unit 'default'
INFO  QueryEnhancerFactories - Hibernate is in classpath; If applicable, HQL parser will be used.
WARN  InitializeUserDetailsBeanManagerConfigurer$InitializeUserDetailsManagerConfigurer - Global AuthenticationManager configured with an AuthenticationProvider bean. UserDetailsService beans will not be used by Spring Security for automatically configuring username/password login. Consider removing the AuthenticationProvider bean. Alternatively, consider using the UserDetailsService in a manually instantiated DaoAuthenticationProvider. If the current configuration is intentional, to turn off this warning, increase the logging level of 'org.springframework.security.config.annotation.authentication.configuration.InitializeUserDetailsBeanManagerConfigurer' to ERROR
WARN  UserDetailsServiceAutoConfiguration - 

Using generated security password: 3341667a-8530-4c6c-9c5e-5869d689001b

This generated password is for development use only. Your security configuration must be updated before running your application in production.

DEBUG IdempotentOwnerCreateFilter - Filter 'idempotentOwnerCreateFilter' configured for use
DEBUG ProblemDetailErrorFilter - Filter 'problemDetailErrorFilter' configured for use
INFO  SpringBootMockServletContext - Initializing Spring TestDispatcherServlet ''
INFO  TestDispatcherServlet - Initializing Servlet ''
INFO  EndpointLinksResolver - Exposing 1 endpoint beneath base path '/actuator'
INFO  TestDispatcherServlet - Completed initialization in 21 ms
INFO  Cp53Tests - Started Cp53Tests in 7.545 seconds (process running for 9.545)
WARN  SpringDocAppInitializer - SpringDoc /v3/api-docs endpoint is enabled by default. To disable it in production, set the property 'springdoc.api-docs.enabled=false'
WARN  SpringDocAppInitializer - SpringDoc /swagger-ui.html endpoint is enabled by default. To disable it in production, set the property 'springdoc.swagger-ui.enabled=false'
INFO  AUDIT - owner id=11 memberId=NSW2616E6609E3 registrationDate=2026-09-07 membershipLevel=1
INFO  AUDIT - {"seq":1,"ownerId":11,"memberId":"NSW2616E6609E3","membershipLevel":"1","event":"OWNER_CREATED"}
INFO  NOTIFY - welcome owner id=11 memberId=NSW2616E6609E3
INFO  AnnotationConfigContextLoaderUtils - Could not detect default configuration classes for test class [org.springframework.samples.petclinic.acceptance.Cp17Tests]: Cp17Tests does not declare any static, non-private, non-final, nested classes annotated with @Configuration.
INFO  SpringBootTestContextBootstrapper - Found @SpringBootConfiguration org.springframework.samples.petclinic.PetClinicApplication for test class org.springframework.samples.petclinic.acceptance.Cp17Tests
INFO  AnnotationConfigContextLoaderUtils - Could not detect default configuration classes for test class [org.springframework.samples.petclinic.acceptance.Cp17Tests]: Cp17Tests does not declare any static, non-private, non-final, nested classes annotated with @Configuration.
INFO  AnnotationConfigContextLoaderUtils - Could not detect default configuration classes for test class [org.springframework.samples.petclinic.acceptance.AcceptanceBase]: AcceptanceBase does not declare any static, non-private, non-final, nested classes annotated with @Configuration.
INFO  SpringBootTestContextBootstrapper - Found @SpringBootConfiguration org.springframework.samples.petclinic.PetClinicApplication for test class org.springframework.samples.petclinic.acceptance.Cp17Tests
INFO  AUDIT - owner id=12 memberId=NSW26F4F6FF628 registrationDate=2026-09-07 membershipLevel=1
INFO  AUDIT - {"seq":2,"ownerId":12,"memberId":"NSW26F4F6FF628","membershipLevel":"1","event":"OWNER_CREATED"}
INFO  NOTIFY - welcome owner id=12 memberId=NSW26F4F6FF628
INFO  AnnotationConfigContextLoaderUtils - Could not detect default configuration classes for test class [org.springframework.samples.petclinic.acceptance.Cp10Tests]: Cp10Tests does not declare any static, non-private, non-final, nested classes annotated with @Configuration.
INFO  SpringBootTestContextBootstrapper - Found @SpringBootConfiguration org.springframework.samples.petclinic.PetClinicApplication for test class org.springframework.samples.petclinic.acceptance.Cp10Tests
INFO  AnnotationConfigContextLoaderUtils - Could not detect default configuration classes for test class [org.springframework.samples.petclinic.acceptance.Cp10Tests]: Cp10Tests does not declare any static, non-private, non-final, nested classes annotated with @Configuration.
INFO  AnnotationConfigContextLoaderUtils - Could not detect default configuration classes for test class [org.springframework.samples.petclinic.acceptance.AcceptanceBase]: AcceptanceBase does not declare any static, non-private, non-final, nested classes annotated with @Configuration.
INFO  SpringBootTestContextBootstrapper - Found @SpringBootConfiguration org.springframework.samples.petclinic.PetClinicApplication for test class org.springframework.samples.petclinic.acceptance.Cp10Tests
INFO  AUDIT - owner id=13 memberId=NSW26A67F74801 registrationDate=2026-09-07 membershipLevel=1
INFO  AUDIT - {"seq":3,"ownerId":13,"memberId":"NSW26A67F74801","membershipLevel":"1","event":"OWNER_CREATED"}
INFO  NOTIFY - welcome owner id=13 memberId=NSW26A67F74801
INFO  AUDIT - owner id=14 memberId=NSW268F040A649 registrationDate=2026-09-07 membershipLevel=1
INFO  AUDIT - {"seq":4,"ownerId":14,"memberId":"NSW268F040A649","membershipLevel":"1","event":"OWNER_CREATED"}
INFO  NOTIFY - welcome owner id=14 memberId=NSW268F040A649
INFO  AnnotationConfigContextLoaderUtils - Could not detect default configuration classes for test class [org.springframework.samples.petclinic.acceptance.Cp29Tests]: Cp29Tests does not declare any static, non-private, non-final, nested classes annotated with @Configuration.
INFO  SpringBootTestContextBootstrapper - Found @SpringBootConfiguration org.springframework.samples.petclinic.PetClinicApplication for test class org.springframework.samples.petclinic.acceptance.Cp29Tests
INFO  AnnotationConfigContextLoaderUtils - Could not detect default configuration classes for test class [org.springframework.samples.petclinic.acceptance.Cp29Tests]: Cp29Tests does not declare any static, non-private, non-final, nested classes annotated with @Configuration.
INFO  AnnotationConfigContextLoaderUtils - Could not detect default configuration classes for test class [org.springframework.samples.petclinic.acceptance.AcceptanceBase]: AcceptanceBase does not declare any static, non-private, non-final, nested classes annotated with @Configuration.
INFO  SpringBootTestContextBootstrapper - Found @SpringBootConfiguration org.springframework.samples.petclinic.PetClinicApplication for test class org.springframework.samples.petclinic.acceptance.Cp29Tests
INFO  AUDIT - owner id=15 memberId=NSW26E64BA08C4 registrationDate=2026-09-07 membershipLevel=1
INFO  AUDIT - {"seq":5,"ownerId":15,"memberId":"NSW26E64BA08C4","membershipLevel":"1","event":"OWNER_CREATED"}
INFO  NOTIFY - welcome owner id=15 memberId=NSW26E64BA08C4
INFO  AnnotationConfigContextLoaderUtils - Could not detect default configuration classes for test class [org.springframework.samples.petclinic.acceptance.Cp11Tests]: Cp11Tests does not declare any static, non-private, non-final, nested classes annotated with @Configuration.
INFO  SpringBootTestContextBootstrapper - Found @SpringBootConfiguration org.springframework.samples.petclinic.PetClinicApplication for test class org.springframework.samples.petclinic.acceptance.Cp11Tests
INFO  AnnotationConfigContextLoaderUtils - Could not detect default configuration classes for test class [org.springframework.samples.petclinic.acceptance.Cp11Tests]: Cp11Tests does not declare any static, non-private, non-final, nested classes annotated with @Configuration.
INFO  AnnotationConfigContextLoaderUtils - Could not detect default configuration classes for test class [org.springframework.samples.petclinic.acceptance.AcceptanceBase]: AcceptanceBase does not declare any static, non-private, non-final, nested classes annotated with @Configuration.
INFO  SpringBootTestContextBootstrapper - Found @SpringBootConfiguration org.springframework.samples.petclinic.PetClinicApplication for test class org.springframework.samples.petclinic.acceptance.Cp11Tests
INFO  AUDIT - owner id=16 memberId=NSW26295193D86 registrationDate=2026-09-07 membershipLevel=1
INFO  AUDIT - {"seq":6,"ownerId":16,"memberId":"NSW26295193D86","membershipLevel":"1","event":"OWNER_CREATED"}
INFO  NOTIFY - welcome owner id=16 memberId=NSW26295193D86
INFO  AUDIT - owner id=17 memberId=NSW269CCBFAD97 registrationDate=2026-09-07 membershipLevel=1
INFO  AUDIT - {"seq":7,"ownerId":17,"memberId":"NSW269CCBFAD97","membershipLevel":"1","event":"OWNER_CREATED"}
INFO  NOTIFY - welcome owner id=17 memberId=NSW269CCBFAD97
INFO  AnnotationConfigContextLoaderUtils - Could not detect default configuration classes for test class [org.springframework.samples.petclinic.acceptance.Cp21Tests]: Cp21Tests does not declare any static, non-private, non-final, nested classes annotated with @Configuration.
INFO  SpringBootTestContextBootstrapper - Found @SpringBootConfiguration org.springframework.samples.petclinic.PetClinicApplication for test class org.springframework.samples.petclinic.acceptance.Cp21Tests
INFO  AnnotationConfigContextLoaderUtils - Could not detect default configuration classes for test class [org.springframework.samples.petclinic.acceptance.Cp21Tests]: Cp21Tests does not declare any static, non-private, non-final, nested classes annotated with @Configuration.
INFO  AnnotationConfigContextLoaderUtils - Could not detect default configuration classes for test class [org.springframework.samples.petclinic.acceptance.AcceptanceBase]: AcceptanceBase does not declare any static, non-private, non-final, nested classes annotated with @Configuration.
INFO  SpringBootTestContextBootstrapper - Found @SpringBootConfiguration org.springframework.samples.petclinic.PetClinicApplication for test class org.springframework.samples.petclinic.acceptance.Cp21Tests
INFO  AUDIT - owner id=18 memberId=NSW262CC0274C7 registrationDate=2026-09-07 membershipLevel=1
INFO  AUDIT - {"seq":8,"ownerId":18,"memberId":"NSW262CC0274C7","membershipLevel":"1","event":"OWNER_CREATED"}
INFO  NOTIFY - welcome owner id=18 memberId=NSW262CC0274C7
INFO  AnnotationConfigContextLoaderUtils - Could not detect default configuration classes for test class [org.springframework.samples.petclinic.acceptance.Cp06Tests]: Cp06Tests does not declare any static, non-private, non-final, nested classes annotated with @Configuration.
INFO  SpringBootTestContextBootstrapper - Found @SpringBootConfiguration org.springframework.samples.petclinic.PetClinicApplication for test class org.springframework.samples.petclinic.acceptance.Cp06Tests
INFO  AnnotationConfigContextLoaderUtils - Could not detect default configuration classes for test class [org.springframework.samples.petclinic.acceptance.Cp06Tests]: Cp06Tests does not declare any static, non-private, non-final, nested classes annotated with @Configuration.
INFO  AnnotationConfigContextLoaderUtils - Could not detect default configuration classes for test class [org.springframework.samples.petclinic.acceptance.AcceptanceBase]: AcceptanceBase does not declare any static, non-private, non-final, nested classes annotated with @Configuration.
INFO  SpringBootTestContextBootstrapper - Found @SpringBootConfiguration org.springframework.samples.petclinic.PetClinicApplication for test class org.springframework.samples.petclinic.acceptance.Cp06Tests
INFO  AUDIT - owner id=19 memberId=UNKNOWN26B4F68CE59 registrationDate=2026-09-07 membershipLevel=1
INFO  AUDIT - {"seq":9,"ownerId":19,"memberId":"UNKNOWN26B4F68CE59","membershipLevel":"1","event":"OWNER_CREATED"}
INFO  NOTIFY - welcome owner id=19 memberId=UNKNOWN26B4F68CE59
INFO  AnnotationConfigContextLoaderUtils - Could not detect default configuration classes for test class [org.springframework.samples.petclinic.acceptance.Cp03Tests]: Cp03Tests does not declare any static, non-private, non-final, nested classes annotated with @Configuration.
INFO  SpringBootTestContextBootstrapper - Found @SpringBootConfiguration org.springframework.samples.petclinic.PetClinicApplication for test class org.springframework.samples.petclinic.acceptance.Cp03Tests
INFO  AnnotationConfigContextLoaderUtils - Could not detect default configuration classes for test class [org.springframework.samples.petclinic.acceptance.Cp03Tests]: Cp03Tests does not declare any static, non-private, non-final, nested classes annotated with @Configuration.
INFO  AnnotationConfigContextLoaderUtils - Could not detect default configuration classes for test class [org.springframework.samples.petclinic.acceptance.AcceptanceBase]: AcceptanceBase does not declare any static, non-private, non-final, nested classes annotated with @Configuration.
INFO  SpringBootTestContextBootstrapper - Found @SpringBootConfiguration org.springframework.samples.petclinic.PetClinicApplication for test class org.springframework.samples.petclinic.acceptance.Cp03Tests
INFO  AUDIT - owner id=20 memberId=UNKNOWN26D008F0783 registrationDate=2026-09-07 membershipLevel=1
INFO  AUDIT - {"seq":10,"ownerId":20,"memberId":"UNKNOWN26D008F0783","membershipLevel":"1","event":"OWNER_CREATED"}
INFO  NOTIFY - welcome owner id=20 memberId=UNKNOWN26D008F0783
INFO  AnnotationConfigContextLoaderUtils - Could not detect default configuration classes for test class [org.springframework.samples.petclinic.acceptance.Cp13Tests]: Cp13Tests does not declare any static, non-private, non-final, nested classes annotated with @Configuration.
INFO  SpringBootTestContextBootstrapper - Found @SpringBootConfiguration org.springframework.samples.petclinic.PetClinicApplication for test class org.springframework.samples.petclinic.acceptance.Cp13Tests
INFO  AnnotationConfigContextLoaderUtils - Could not detect default configuration classes for test class [org.springframework.samples.petclinic.acceptance.Cp13Tests]: Cp13Tests does not declare any static, non-private, non-final, nested classes annotated with @Configuration.
INFO  AnnotationConfigContextLoaderUtils - Could not detect default configuration classes for test class [org.springframework.samples.petclinic.acceptance.AcceptanceBase]: AcceptanceBase does not declare any static, non-private, non-final, nested classes annotated with @Configuration.
INFO  SpringBootTestContextBootstrapper - Found @SpringBootConfiguration org.springframework.samples.petclinic.PetClinicApplication for test class org.springframework.samples.petclinic.acceptance.Cp13Tests
INFO  AUDIT - owner id=21 memberId=NSW26B5CC522E3 registrationDate=2026-09-07 membershipLevel=1
INFO  AUDIT - {"seq":11,"ownerId":21,"memberId":"NSW26B5CC522E3","membershipLevel":"1","event":"OWNER_CREATED"}
INFO  NOTIFY - welcome owner id=21 memberId=NSW26B5CC522E3
INFO  AUDIT - owner id=22 memberId=NSW268E12ED123 registrationDate=2026-09-07 membershipLevel=1
INFO  AUDIT - {"seq":12,"ownerId":22,"memberId":"NSW268E12ED123","membershipLevel":"1","event":"OWNER_CREATED"}
INFO  NOTIFY - welcome owner id=22 memberId=NSW268E12ED123
INFO  AnnotationConfigContextLoaderUtils - Could not detect default configuration classes for test class [org.springframework.samples.petclinic.acceptance.Cp19Tests]: Cp19Tests does not declare any static, non-private, non-final, nested classes annotated with @Configuration.
INFO  SpringBootTestContextBootstrapper - Found @SpringBootConfiguration org.springframework.samples.petclinic.PetClinicApplication for test class org.springframework.samples.petclinic.acceptance.Cp19Tests
INFO  AnnotationConfigContextLoaderUtils - Could not detect default configuration classes for test class [org.springframework.samples.petclinic.acceptance.Cp19Tests]: Cp19Tests does not declare any static, non-private, non-final, nested classes annotated with @Configuration.
INFO  AnnotationConfigContextLoaderUtils - Could not detect default configuration classes for test class [org.springframework.samples.petclinic.acceptance.AcceptanceBase]: AcceptanceBase does not declare any static, non-private, non-final, nested classes annotated with @Configuration.
INFO  SpringBootTestContextBootstrapper - Found @SpringBootConfiguration org.springframework.samples.petclinic.PetClinicApplication for test class org.springframework.samples.petclinic.acceptance.Cp19Tests
INFO  AUDIT - owner id=23 memberId=UNKNOWN26AAC762D52 registrationDate=2026-09-07 membershipLevel=1
INFO  AUDIT - {"seq":13,"ownerId":23,"memberId":"UNKNOWN26AAC762D52","membershipLevel":"1","event":"OWNER_CREATED"}
INFO  NOTIFY - welcome owner id=23 memberId=UNKNOWN26AAC762D52
INFO  AUDIT - owner id=24 memberId=UNKNOWN263586509B6 registrationDate=2026-09-07 membershipLevel=1
INFO  AUDIT - {"seq":14,"ownerId":24,"memberId":"UNKNOWN263586509B6","membershipLevel":"1","event":"OWNER_CREATED"}
INFO  NOTIFY - welcome owner id=24 memberId=UNKNOWN263586509B6
INFO  AUDIT - owner id=25 memberId=UNKNOWN2646C5727F1 registrationDate=2026-09-07 membershipLevel=1
INFO  AUDIT - {"seq":15,"ownerId":25,"memberId":"UNKNOWN2646C5727F1","membershipLevel":"1","event":"OWNER_CREATED"}
INFO  NOTIFY - welcome owner id=25 memberId=UNKNOWN2646C5727F1
INFO  AUDIT - owner id=26 memberId=UNKNOWN263123707F6 registrationDate=2026-09-07 membershipLevel=1
INFO  AUDIT - {"seq":16,"ownerId":26,"memberId":"UNKNOWN263123707F6","membershipLevel":"1","event":"OWNER_CREATED"}
INFO  NOTIFY - welcome owner id=26 memberId=UNKNOWN263123707F6
INFO  AUDIT - owner id=27 memberId=UNKNOWN260EEBE2CE1 registrationDate=2026-09-07 membershipLevel=1
INFO  AUDIT - {"seq":17,"ownerId":27,"memberId":"UNKNOWN260EEBE2CE1","membershipLevel":"1","event":"OWNER_CREATED"}
INFO  NOTIFY - welcome owner id=27 memberId=UNKNOWN260EEBE2CE1
INFO  AUDIT - owner id=28 memberId=UNKNOWN2666CB7B287 registrationDate=2026-09-07 membershipLevel=1
INFO  AUDIT - {"seq":18,"ownerId":28,"memberId":"UNKNOWN2666CB7B287","membershipLevel":"1","event":"OWNER_CREATED"}
INFO  NOTIFY - welcome owner id=28 memberId=UNKNOWN2666CB7B287
INFO  AUDIT - owner id=29 memberId=UNKNOWN263FE304F80 registrationDate=2026-09-07 membershipLevel=1
INFO  AUDIT - {"seq":19,"ownerId":29,"memberId":"UNKNOWN263FE304F80","membershipLevel":"1","event":"OWNER_CREATED"}
INFO  NOTIFY - welcome owner id=29 memberId=UNKNOWN263FE304F80
INFO  AUDIT - owner id=30 memberId=UNKNOWN26310F679D1 registrationDate=2026-09-07 membershipLevel=1
INFO  AUDIT - {"seq":20,"ownerId":30,"memberId":"UNKNOWN26310F679D1","membershipLevel":"1","event":"OWNER_CREATED"}
INFO  NOTIFY - welcome owner id=30 memberId=UNKNOWN26310F679D1
INFO  AUDIT - owner id=31 memberId=UNKNOWN26CD4B43FB2 registrationDate=2026-09-07 membershipLevel=1
INFO  AUDIT - {"seq":21,"ownerId":31,"memberId":"UNKNOWN26CD4B43FB2","membershipLevel":"1","event":"OWNER_CREATED"}
INFO  NOTIFY - welcome owner id=31 memberId=UNKNOWN26CD4B43FB2
INFO  AUDIT - owner id=32 memberId=UNKNOWN267F6E07BD0 registrationDate=2026-09-07 membershipLevel=1
INFO  AUDIT - {"seq":22,"ownerId":32,"memberId":"UNKNOWN267F6E07BD0","membershipLevel":"1","event":"OWNER_CREATED"}
INFO  NOTIFY - welcome owner id=32 memberId=UNKNOWN267F6E07BD0
INFO  AUDIT - owner id=33 memberId=UNKNOWN268AC386042 registrationDate=2026-09-07 membershipLevel=1
INFO  AUDIT - {"seq":23,"ownerId":33,"memberId":"UNKNOWN268AC386042","membershipLevel":"1","event":"OWNER_CREATED"}
INFO  NOTIFY - welcome owner id=33 memberId=UNKNOWN268AC386042
INFO  AUDIT - owner id=34 memberId=UNKNOWN26BBCDCE4F2 registrationDate=2026-09-07 membershipLevel=1
INFO  AUDIT - {"seq":24,"ownerId":34,"memberId":"UNKNOWN26BBCDCE4F2","membershipLevel":"1","event":"OWNER_CREATED"}
INFO  NOTIFY - welcome owner id=34 memberId=UNKNOWN26BBCDCE4F2
INFO  AUDIT - owner id=35 memberId=UNKNOWN26A584662B6 registrationDate=2026-09-07 membershipLevel=1
INFO  AUDIT - {"seq":25,"ownerId":35,"memberId":"UNKNOWN26A584662B6","membershipLevel":"1","event":"OWNER_CREATED"}
INFO  NOTIFY - welcome owner id=35 memberId=UNKNOWN26A584662B6
INFO  AUDIT - owner id=36 memberId=UNKNOWN264251A05D9 registrationDate=2026-09-07 membershipLevel=1
INFO  AUDIT - {"seq":26,"ownerId":36,"memberId":"UNKNOWN264251A05D9","membershipLevel":"1","event":"OWNER_CREATED"}
INFO  NOTIFY - welcome owner id=36 memberId=UNKNOWN264251A05D9
INFO  AUDIT - owner id=37 memberId=UNKNOWN26DB6D45E55 registrationDate=2026-09-07 membershipLevel=1
INFO  AUDIT - {"seq":27,"ownerId":37,"memberId":"UNKNOWN26DB6D45E55","membershipLevel":"1","event":"OWNER_CREATED"}
INFO  NOTIFY - welcome owner id=37 memberId=UNKNOWN26DB6D45E55
INFO  AUDIT - owner id=38 memberId=UNKNOWN26E059CE154 registrationDate=2026-09-07 membershipLevel=1
INFO  AUDIT - {"seq":28,"ownerId":38,"memberId":"UNKNOWN26E059CE154","membershipLevel":"1","event":"OWNER_CREATED"}
INFO  NOTIFY - welcome owner id=38 memberId=UNKNOWN26E059CE154
INFO  AUDIT - owner id=39 memberId=UNKNOWN264298387B4 registrationDate=2026-09-07 membershipLevel=1
INFO  AUDIT - {"seq":29,"ownerId":39,"memberId":"UNKNOWN264298387B4","membershipLevel":"1","event":"OWNER_CREATED"}
INFO  NOTIFY - welcome owner id=39 memberId=UNKNOWN264298387B4
INFO  AUDIT - owner id=40 memberId=UNKNOWN26BB3695F79 registrationDate=2026-09-07 membershipLevel=1
INFO  AUDIT - {"seq":30,"ownerId":40,"memberId":"UNKNOWN26BB3695F79","membershipLevel":"1","event":"OWNER_CREATED"}
INFO  NOTIFY - welcome owner id=40 memberId=UNKNOWN26BB3695F79
INFO  AUDIT - owner id=41 memberId=UNKNOWN267692DCDA2 registrationDate=2026-09-07 membershipLevel=1
INFO  AUDIT - {"seq":31,"ownerId":41,"memberId":"UNKNOWN267692DCDA2","membershipLevel":"1","event":"OWNER_CREATED"}
INFO  NOTIFY - welcome owner id=41 memberId=UNKNOWN267692DCDA2
INFO  AUDIT - owner id=42 memberId=UNKNOWN26F33D7F3E3 registrationDate=2026-09-07 membershipLevel=1
INFO  AUDIT - {"seq":32,"ownerId":42,"memberId":"UNKNOWN26F33D7F3E3","membershipLevel":"1","event":"OWNER_CREATED"}
INFO  NOTIFY - welcome owner id=42 memberId=UNKNOWN26F33D7F3E3
INFO  AUDIT - owner id=43 memberId=UNKNOWN26425DE87E6 registrationDate=2026-09-07 membershipLevel=1
INFO  AUDIT - {"seq":33,"ownerId":43,"memberId":"UNKNOWN26425DE87E6","membershipLevel":"1","event":"OWNER_CREATED"}
INFO  NOTIFY - welcome owner id=43 memberId=UNKNOWN26425DE87E6
INFO  AUDIT - owner id=44 memberId=UNKNOWN2691B1606E7 registrationDate=2026-09-07 membershipLevel=1
INFO  AUDIT - {"seq":34,"ownerId":44,"memberId":"UNKNOWN2691B1606E7","membershipLevel":"1","event":"OWNER_CREATED"}
INFO  NOTIFY - welcome owner id=44 memberId=UNKNOWN2691B1606E7
INFO  AUDIT - owner id=45 memberId=UNKNOWN26E3EDDA012 registrationDate=2026-09-07 membershipLevel=1
INFO  AUDIT - {"seq":35,"ownerId":45,"memberId":"UNKNOWN26E3EDDA012","membershipLevel":"1","event":"OWNER_CREATED"}
INFO  NOTIFY - welcome owner id=45 memberId=UNKNOWN26E3EDDA012
INFO  AUDIT - owner id=46 memberId=UNKNOWN26740558C72 registrationDate=2026-09-07 membershipLevel=1
INFO  AUDIT - {"seq":36,"ownerId":46,"memberId":"UNKNOWN26740558C72","membershipLevel":"1","event":"OWNER_CREATED"}
INFO  NOTIFY - welcome owner id=46 memberId=UNKNOWN26740558C72
INFO  AUDIT - owner id=47 memberId=UNKNOWN26A5588F095 registrationDate=2026-09-07 membershipLevel=1
INFO  AUDIT - {"seq":37,"ownerId":47,"memberId":"UNKNOWN26A5588F095","membershipLevel":"1","event":"OWNER_CREATED"}
INFO  NOTIFY - welcome owner id=47 memberId=UNKNOWN26A5588F095
INFO  AUDIT - owner id=48 memberId=UNKNOWN26A41189572 registrationDate=2026-09-07 membershipLevel=1
INFO  AUDIT - {"seq":38,"ownerId":48,"memberId":"UNKNOWN26A41189572","membershipLevel":"1","event":"OWNER_CREATED"}
INFO  NOTIFY - welcome owner id=48 memberId=UNKNOWN26A41189572
INFO  AUDIT - owner id=49 memberId=UNKNOWN2629EBF6699 registrationDate=2026-09-07 membershipLevel=1
INFO  AUDIT - {"seq":39,"ownerId":49,"memberId":"UNKNOWN2629EBF6699","membershipLevel":"1","event":"OWNER_CREATED"}
INFO  NOTIFY - welcome owner id=49 memberId=UNKNOWN2629EBF6699
INFO  AUDIT - owner id=50 memberId=UNKNOWN26B51CAA966 registrationDate=2026-09-07 membershipLevel=1
INFO  AUDIT - {"seq":40,"ownerId":50,"memberId":"UNKNOWN26B51CAA966","membershipLevel":"1","event":"OWNER_CREATED"}
INFO  NOTIFY - welcome owner id=50 memberId=UNKNOWN26B51CAA966
INFO  AUDIT - owner id=51 memberId=UNKNOWN26EC5BD7B51 registrationDate=2026-09-07 membershipLevel=1
INFO  AUDIT - {"seq":41,"ownerId":51,"memberId":"UNKNOWN26EC5BD7B51","membershipLevel":"1","event":"OWNER_CREATED"}
INFO  NOTIFY - welcome owner id=51 memberId=UNKNOWN26EC5BD7B51
INFO  AUDIT - owner id=52 memberId=UNKNOWN26BE3788CE2 registrationDate=2026-09-07 membershipLevel=1
INFO  AUDIT - {"seq":42,"ownerId":52,"memberId":"UNKNOWN26BE3788CE2","membershipLevel":"1","event":"OWNER_CREATED"}
INFO  NOTIFY - welcome owner id=52 memberId=UNKNOWN26BE3788CE2
INFO  AUDIT - owner id=53 memberId=UNKNOWN2654BB7CB39 registrationDate=2026-09-07 membershipLevel=1
INFO  AUDIT - {"seq":43,"ownerId":53,"memberId":"UNKNOWN2654BB7CB39","membershipLevel":"1","event":"OWNER_CREATED"}
INFO  NOTIFY - welcome owner id=53 memberId=UNKNOWN2654BB7CB39
INFO  AUDIT - owner id=54 memberId=UNKNOWN26B1CC34FD7 registrationDate=2026-09-07 membershipLevel=1
INFO  AUDIT - {"seq":44,"ownerId":54,"memberId":"UNKNOWN26B1CC34FD7","membershipLevel":"1","event":"OWNER_CREATED"}
INFO  NOTIFY - welcome owner id=54 memberId=UNKNOWN26B1CC34FD7
INFO  AUDIT - owner id=55 memberId=UNKNOWN26FAED15078 registrationDate=2026-09-07 membershipLevel=1
INFO  AUDIT - {"seq":45,"ownerId":55,"memberId":"UNKNOWN26FAED15078","membershipLevel":"1","event":"OWNER_CREATED"}
INFO  NOTIFY - welcome owner id=55 memberId=UNKNOWN26FAED15078
INFO  AUDIT - owner id=56 memberId=UNKNOWN26EAD71F410 registrationDate=2026-09-07 membershipLevel=1
INFO  AUDIT - {"seq":46,"ownerId":56,"memberId":"UNKNOWN26EAD71F410","membershipLevel":"1","event":"OWNER_CREATED"}
INFO  NOTIFY - welcome owner id=56 memberId=UNKNOWN26EAD71F410
INFO  AUDIT - owner id=57 memberId=UNKNOWN266E1BF4289 registrationDate=2026-09-07 membershipLevel=1
INFO  AUDIT - {"seq":47,"ownerId":57,"memberId":"UNKNOWN266E1BF4289","membershipLevel":"1","event":"OWNER_CREATED"}
INFO  NOTIFY - welcome owner id=57 memberId=UNKNOWN266E1BF4289
INFO  AUDIT - owner id=58 memberId=UNKNOWN26933DE6B30 registrationDate=2026-09-07 membershipLevel=1
INFO  AUDIT - {"seq":48,"ownerId":58,"memberId":"UNKNOWN26933DE6B30","membershipLevel":"1","event":"OWNER_CREATED"}
INFO  NOTIFY - welcome owner id=58 memberId=UNKNOWN26933DE6B30
INFO  AUDIT - owner id=59 memberId=UNKNOWN2628E8311D9 registrationDate=2026-09-07 membershipLevel=1
INFO  AUDIT - {"seq":49,"ownerId":59,"memberId":"UNKNOWN2628E8311D9","membershipLevel":"1","event":"OWNER_CREATED"}
INFO  NOTIFY - welcome owner id=59 memberId=UNKNOWN2628E8311D9
INFO  AUDIT - owner id=60 memberId=UNKNOWN2648E11A019 registrationDate=2026-09-07 membershipLevel=1
INFO  AUDIT - {"seq":50,"ownerId":60,"memberId":"UNKNOWN2648E11A019","membershipLevel":"1","event":"OWNER_CREATED"}
INFO  NOTIFY - welcome owner id=60 memberId=UNKNOWN2648E11A019
INFO  AUDIT - owner id=61 memberId=UNKNOWN26AC59B6E21 registrationDate=2026-09-07 membershipLevel=1
INFO  AUDIT - {"seq":51,"ownerId":61,"memberId":"UNKNOWN26AC59B6E21","membershipLevel":"1","event":"OWNER_CREATED"}
INFO  NOTIFY - welcome owner id=61 memberId=UNKNOWN26AC59B6E21
INFO  AUDIT - owner id=62 memberId=UNKNOWN267E7FDE6F5 registrationDate=2026-09-07 membershipLevel=1
INFO  AUDIT - {"seq":52,"ownerId":62,"memberId":"UNKNOWN267E7FDE6F5","membershipLevel":"1","event":"OWNER_CREATED"}
INFO  NOTIFY - welcome owner id=62 memberId=UNKNOWN267E7FDE6F5
INFO  AUDIT - owner id=63 memberId=UNKNOWN26597A86228 registrationDate=2026-09-07 membershipLevel=1
INFO  AUDIT - {"seq":53,"ownerId":63,"memberId":"UNKNOWN26597A86228","membershipLevel":"1","event":"OWNER_CREATED"}
INFO  NOTIFY - welcome owner id=63 memberId=UNKNOWN26597A86228
INFO  AUDIT - owner id=64 memberId=UNKNOWN26F85265DF7 registrationDate=2026-09-07 membershipLevel=1
INFO  AUDIT - {"seq":54,"ownerId":64,"memberId":"UNKNOWN26F85265DF7","membershipLevel":"1","event":"OWNER_CREATED"}
INFO  NOTIFY - welcome owner id=64 memberId=UNKNOWN26F85265DF7
INFO  AUDIT - owner id=65 memberId=UNKNOWN266642F4CE3 registrationDate=2026-09-07 membershipLevel=1
INFO  AUDIT - {"seq":55,"ownerId":65,"memberId":"UNKNOWN266642F4CE3","membershipLevel":"1","event":"OWNER_CREATED"}
INFO  NOTIFY - welcome owner id=65 memberId=UNKNOWN266642F4CE3
INFO  AUDIT - owner id=66 memberId=UNKNOWN26F2DE47049 registrationDate=2026-09-07 membershipLevel=1
INFO  AUDIT - {"seq":56,"ownerId":66,"memberId":"UNKNOWN26F2DE47049","membershipLevel":"1","event":"OWNER_CREATED"}
INFO  NOTIFY - welcome owner id=66 memberId=UNKNOWN26F2DE47049
INFO  AUDIT - owner id=67 memberId=UNKNOWN2682FD995A2 registrationDate=2026-09-07 membershipLevel=1
INFO  AUDIT - {"seq":57,"ownerId":67,"memberId":"UNKNOWN2682FD995A2","membershipLevel":"1","event":"OWNER_CREATED"}
INFO  NOTIFY - welcome owner id=67 memberId=UNKNOWN2682FD995A2
INFO  AUDIT - owner id=68 memberId=UNKNOWN26848BA44D0 registrationDate=2026-09-07 membershipLevel=1
INFO  AUDIT - {"seq":58,"ownerId":68,"memberId":"UNKNOWN26848BA44D0","membershipLevel":"1","event":"OWNER_CREATED"}
INFO  NOTIFY - welcome owner id=68 memberId=UNKNOWN26848BA44D0
INFO  AUDIT - owner id=69 memberId=UNKNOWN26C60CDFC49 registrationDate=2026-09-07 membershipLevel=1
INFO  AUDIT - {"seq":59,"ownerId":69,"memberId":"UNKNOWN26C60CDFC49","membershipLevel":"1","event":"OWNER_CREATED"}
INFO  NOTIFY - welcome owner id=69 memberId=UNKNOWN26C60CDFC49
INFO  AUDIT - owner id=70 memberId=UNKNOWN2698D05CFA8 registrationDate=2026-09-07 membershipLevel=1
INFO  AUDIT - {"seq":60,"ownerId":70,"memberId":"UNKNOWN2698D05CFA8","membershipLevel":"1","event":"OWNER_CREATED"}
INFO  NOTIFY - welcome owner id=70 memberId=UNKNOWN2698D05CFA8
INFO  AUDIT - owner id=71 memberId=UNKNOWN262BC3574B7 registrationDate=2026-09-07 membershipLevel=1
INFO  AUDIT - {"seq":61,"ownerId":71,"memberId":"UNKNOWN262BC3574B7","membershipLevel":"1","event":"OWNER_CREATED"}
INFO  NOTIFY - welcome owner id=71 memberId=UNKNOWN262BC3574B7
INFO  AUDIT - owner id=72 memberId=UNKNOWN26FC76B5E59 registrationDate=2026-09-07 membershipLevel=1
INFO  AUDIT - {"seq":62,"ownerId":72,"memberId":"UNKNOWN26FC76B5E59","membershipLevel":"1","event":"OWNER_CREATED"}
INFO  NOTIFY - welcome owner id=72 memberId=UNKNOWN26FC76B5E59
INFO  AUDIT - owner id=73 memberId=UNKNOWN26F2905EB51 registrationDate=2026-09-07 membershipLevel=1
INFO  AUDIT - {"seq":63,"ownerId":73,"memberId":"UNKNOWN26F2905EB51","membershipLevel":"1","event":"OWNER_CREATED"}
INFO  NOTIFY - welcome owner id=73 memberId=UNKNOWN26F2905EB51
INFO  AUDIT - owner id=74 memberId=UNKNOWN263BD72B854 registrationDate=2026-09-07 membershipLevel=1
INFO  AUDIT - {"seq":64,"ownerId":74,"memberId":"UNKNOWN263BD72B854","membershipLevel":"1","event":"OWNER_CREATED"}
INFO  NOTIFY - welcome owner id=74 memberId=UNKNOWN263BD72B854
INFO  AUDIT - owner id=75 memberId=UNKNOWN2601081DA62 registrationDate=2026-09-07 membershipLevel=1
INFO  AUDIT - {"seq":65,"ownerId":75,"memberId":"UNKNOWN2601081DA62","membershipLevel":"1","event":"OWNER_CREATED"}
INFO  NOTIFY - welcome owner id=75 memberId=UNKNOWN2601081DA62
INFO  AUDIT - owner id=76 memberId=UNKNOWN268378BC130 registrationDate=2026-09-07 membershipLevel=1
INFO  AUDIT - {"seq":66,"ownerId":76,"memberId":"UNKNOWN268378BC130","membershipLevel":"1","event":"OWNER_CREATED"}
INFO  NOTIFY - welcome owner id=76 memberId=UNKNOWN268378BC130
INFO  AUDIT - owner id=77 memberId=UNKNOWN26AC91E5603 registrationDate=2026-09-07 membershipLevel=1
INFO  AUDIT - {"seq":67,"ownerId":77,"memberId":"UNKNOWN26AC91E5603","membershipLevel":"1","event":"OWNER_CREATED"}
INFO  NOTIFY - welcome owner id=77 memberId=UNKNOWN26AC91E5603
INFO  AUDIT - owner id=78 memberId=UNKNOWN26A2D12C2B5 registrationDate=2026-09-07 membershipLevel=1
INFO  AUDIT - {"seq":68,"ownerId":78,"memberId":"UNKNOWN26A2D12C2B5","membershipLevel":"1","event":"OWNER_CREATED"}
INFO  NOTIFY - welcome owner id=78 memberId=UNKNOWN26A2D12C2B5
INFO  AUDIT - owner id=79 memberId=UNKNOWN26D78B4F884 registrationDate=2026-09-07 membershipLevel=1
INFO  AUDIT - {"seq":69,"ownerId":79,"memberId":"UNKNOWN26D78B4F884","membershipLevel":"1","event":"OWNER_CREATED"}
INFO  NOTIFY - welcome owner id=79 memberId=UNKNOWN26D78B4F884
INFO  AUDIT - owner id=80 memberId=UNKNOWN26ED38F8421 registrationDate=2026-09-07 membershipLevel=1
INFO  AUDIT - {"seq":70,"ownerId":80,"memberId":"UNKNOWN26ED38F8421","membershipLevel":"1","event":"OWNER_CREATED"}
INFO  NOTIFY - welcome owner id=80 memberId=UNKNOWN26ED38F8421
INFO  AUDIT - owner id=81 memberId=UNKNOWN26B5B1D4828 registrationDate=2026-09-07 membershipLevel=1
INFO  AUDIT - {"seq":71,"ownerId":81,"memberId":"UNKNOWN26B5B1D4828","membershipLevel":"1","event":"OWNER_CREATED"}
INFO  NOTIFY - welcome owner id=81 memberId=UNKNOWN26B5B1D4828
INFO  AUDIT - owner id=82 memberId=UNKNOWN26BC5785AE6 registrationDate=2026-09-07 membershipLevel=1
INFO  AUDIT - {"seq":72,"ownerId":82,"memberId":"UNKNOWN26BC5785AE6","membershipLevel":"1","event":"OWNER_CREATED"}
INFO  NOTIFY - welcome owner id=82 memberId=UNKNOWN26BC5785AE6
INFO  AUDIT - owner id=83 memberId=UNKNOWN26A572CBB78 registrationDate=2026-09-07 membershipLevel=1
INFO  AUDIT - {"seq":73,"ownerId":83,"memberId":"UNKNOWN26A572CBB78","membershipLevel":"1","event":"OWNER_CREATED"}
INFO  NOTIFY - welcome owner id=83 memberId=UNKNOWN26A572CBB78
INFO  AUDIT - owner id=84 memberId=UNKNOWN26DA2DEFCE6 registrationDate=2026-09-07 membershipLevel=1
INFO  AUDIT - {"seq":74,"ownerId":84,"memberId":"UNKNOWN26DA2DEFCE6","membershipLevel":"1","event":"OWNER_CREATED"}
INFO  NOTIFY - welcome owner id=84 memberId=UNKNOWN26DA2DEFCE6
INFO  AUDIT - owner id=85 memberId=UNKNOWN260B086A467 registrationDate=2026-09-07 membershipLevel=1
INFO  AUDIT - {"seq":75,"ownerId":85,"memberId":"UNKNOWN260B086A467","membershipLevel":"1","event":"OWNER_CREATED"}
INFO  NOTIFY - welcome owner id=85 memberId=UNKNOWN260B086A467
INFO  AUDIT - owner id=86 memberId=UNKNOWN260BBA6A051 registrationDate=2026-09-07 membershipLevel=1
INFO  AUDIT - {"seq":76,"ownerId":86,"memberId":"UNKNOWN260BBA6A051","membershipLevel":"1","event":"OWNER_CREATED"}
INFO  NOTIFY - welcome owner id=86 memberId=UNKNOWN260BBA6A051
INFO  AUDIT - owner id=87 memberId=UNKNOWN2667D3F5968 registrationDate=2026-09-07 membershipLevel=1
INFO  AUDIT - {"seq":77,"ownerId":87,"memberId":"UNKNOWN2667D3F5968","membershipLevel":"1","event":"OWNER_CREATED"}
INFO  NOTIFY - welcome owner id=87 memberId=UNKNOWN2667D3F5968
INFO  AUDIT - owner id=88 memberId=UNKNOWN26A40331F01 registrationDate=2026-09-07 membershipLevel=1
INFO  AUDIT - {"seq":78,"ownerId":88,"memberId":"UNKNOWN26A40331F01","membershipLevel":"1","event":"OWNER_CREATED"}
INFO  NOTIFY - welcome owner id=88 memberId=UNKNOWN26A40331F01
INFO  AUDIT - owner id=89 memberId=UNKNOWN264842D4B51 registrationDate=2026-09-07 membershipLevel=1
INFO  AUDIT - {"seq":79,"ownerId":89,"memberId":"UNKNOWN264842D4B51","membershipLevel":"1","event":"OWNER_CREATED"}
INFO  NOTIFY - welcome owner id=89 memberId=UNKNOWN264842D4B51
INFO  AUDIT - owner id=90 memberId=UNKNOWN26FF828AB88 registrationDate=2026-09-07 membershipLevel=1
INFO  AUDIT - {"seq":80,"ownerId":90,"memberId":"UNKNOWN26FF828AB88","membershipLevel":"1","event":"OWNER_CREATED"}
INFO  NOTIFY - welcome owner id=90 memberId=UNKNOWN26FF828AB88
INFO  AUDIT - owner id=91 memberId=UNKNOWN26D2225BBF6 registrationDate=2026-09-07 membershipLevel=1
INFO  AUDIT - {"seq":81,"ownerId":91,"memberId":"UNKNOWN26D2225BBF6","membershipLevel":"1","event":"OWNER_CREATED"}
INFO  NOTIFY - welcome owner id=91 memberId=UNKNOWN26D2225BBF6
INFO  AUDIT - owner id=92 memberId=UNKNOWN265D6F4E872 registrationDate=2026-09-07 membershipLevel=1
INFO  AUDIT - {"seq":82,"ownerId":92,"memberId":"UNKNOWN265D6F4E872","membershipLevel":"1","event":"OWNER_CREATED"}
INFO  NOTIFY - welcome owner id=92 memberId=UNKNOWN265D6F4E872
INFO  AUDIT - owner id=93 memberId=UNKNOWN26DD3FCED51 registrationDate=2026-09-07 membershipLevel=1
INFO  AUDIT - {"seq":83,"ownerId":93,"memberId":"UNKNOWN26DD3FCED51","membershipLevel":"1","event":"OWNER_CREATED"}
INFO  NOTIFY - welcome owner id=93 memberId=UNKNOWN26DD3FCED51
INFO  AUDIT - owner id=94 memberId=UNKNOWN26E25B8BA87 registrationDate=2026-09-07 membershipLevel=1
INFO  AUDIT - {"seq":84,"ownerId":94,"memberId":"UNKNOWN26E25B8BA87","membershipLevel":"1","event":"OWNER_CREATED"}
INFO  NOTIFY - welcome owner id=94 memberId=UNKNOWN26E25B8BA87
INFO  AUDIT - owner id=95 memberId=UNKNOWN265BAB02815 registrationDate=2026-09-07 membershipLevel=1
INFO  AUDIT - {"seq":85,"ownerId":95,"memberId":"UNKNOWN265BAB02815","membershipLevel":"1","event":"OWNER_CREATED"}
INFO  NOTIFY - welcome owner id=95 memberId=UNKNOWN265BAB02815
INFO  AUDIT - owner id=96 memberId=UNKNOWN2600706CAE2 registrationDate=2026-09-07 membershipLevel=1
INFO  AUDIT - {"seq":86,"ownerId":96,"memberId":"UNKNOWN2600706CAE2","membershipLevel":"1","event":"OWNER_CREATED"}
INFO  NOTIFY - welcome owner id=96 memberId=UNKNOWN2600706CAE2
INFO  AUDIT - owner id=97 memberId=UNKNOWN263D710DA54 registrationDate=2026-09-07 membershipLevel=1
INFO  AUDIT - {"seq":87,"ownerId":97,"memberId":"UNKNOWN263D710DA54","membershipLevel":"1","event":"OWNER_CREATED"}
INFO  NOTIFY - welcome owner id=97 memberId=UNKNOWN263D710DA54
INFO  AUDIT - owner id=98 memberId=UNKNOWN269717C0CF5 registrationDate=2026-09-07 membershipLevel=1
INFO  AUDIT - {"seq":88,"ownerId":98,"memberId":"UNKNOWN269717C0CF5","membershipLevel":"1","event":"OWNER_CREATED"}
INFO  NOTIFY - welcome owner id=98 memberId=UNKNOWN269717C0CF5
INFO  AUDIT - owner id=99 memberId=UNKNOWN2671FF14528 registrationDate=2026-09-07 membershipLevel=1
INFO  AUDIT - {"seq":89,"ownerId":99,"memberId":"UNKNOWN2671FF14528","membershipLevel":"1","event":"OWNER_CREATED"}
INFO  NOTIFY - welcome owner id=99 memberId=UNKNOWN2671FF14528
INFO  AUDIT - owner id=100 memberId=UNKNOWN26364A07EF5 registrationDate=2026-09-07 membershipLevel=1
INFO  AUDIT - {"seq":90,"ownerId":100,"memberId":"UNKNOWN26364A07EF5","membershipLevel":"1","event":"OWNER_CREATED"}
INFO  NOTIFY - welcome owner id=100 memberId=UNKNOWN26364A07EF5
INFO  AUDIT - owner id=101 memberId=UNKNOWN2632679F920 registrationDate=2026-09-07 membershipLevel=1
INFO  AUDIT - {"seq":91,"ownerId":101,"memberId":"UNKNOWN2632679F920","membershipLevel":"1","event":"OWNER_CREATED"}
INFO  NOTIFY - welcome owner id=101 memberId=UNKNOWN2632679F920
INFO  AUDIT - owner id=102 memberId=UNKNOWN26471A75AA5 registrationDate=2026-09-07 membershipLevel=1
INFO  AUDIT - {"seq":92,"ownerId":102,"memberId":"UNKNOWN26471A75AA5","membershipLevel":"1","event":"OWNER_CREATED"}
INFO  NOTIFY - welcome owner id=102 memberId=UNKNOWN26471A75AA5
INFO  AUDIT - owner id=103 memberId=UNKNOWN26824665736 registrationDate=2026-09-07 membershipLevel=1
INFO  AUDIT - {"seq":93,"ownerId":103,"memberId":"UNKNOWN26824665736","membershipLevel":"1","event":"OWNER_CREATED"}
INFO  NOTIFY - welcome owner id=103 memberId=UNKNOWN26824665736
INFO  AUDIT - owner id=104 memberId=UNKNOWN268C5114379 registrationDate=2026-09-07 membershipLevel=1
INFO  AUDIT - {"seq":94,"ownerId":104,"memberId":"UNKNOWN268C5114379","membershipLevel":"1","event":"OWNER_CREATED"}
INFO  NOTIFY - welcome owner id=104 memberId=UNKNOWN268C5114379
INFO  AUDIT - owner id=105 memberId=UNKNOWN26BD9639746 registrationDate=2026-09-07 membershipLevel=1
INFO  AUDIT - {"seq":95,"ownerId":105,"memberId":"UNKNOWN26BD9639746","membershipLevel":"1","event":"OWNER_CREATED"}
INFO  NOTIFY - welcome owner id=105 memberId=UNKNOWN26BD9639746
INFO  AUDIT - owner id=106 memberId=UNKNOWN26C2405D0F7 registrationDate=2026-09-07 membershipLevel=1
INFO  AUDIT - {"seq":96,"ownerId":106,"memberId":"UNKNOWN26C2405D0F7","membershipLevel":"1","event":"OWNER_CREATED"}
INFO  NOTIFY - welcome owner id=106 memberId=UNKNOWN26C2405D0F7
INFO  AUDIT - owner id=107 memberId=UNKNOWN269D1421909 registrationDate=2026-09-07 membershipLevel=1
INFO  AUDIT - {"seq":97,"ownerId":107,"memberId":"UNKNOWN269D1421909","membershipLevel":"1","event":"OWNER_CREATED"}
INFO  NOTIFY - welcome owner id=107 memberId=UNKNOWN269D1421909
INFO  AUDIT - owner id=108 memberId=UNKNOWN26225C391E7 registrationDate=2026-09-07 membershipLevel=1
INFO  AUDIT - {"seq":98,"ownerId":108,"memberId":"UNKNOWN26225C391E7","membershipLevel":"1","event":"OWNER_CREATED"}
INFO  NOTIFY - welcome owner id=108 memberId=UNKNOWN26225C391E7
INFO  AUDIT - owner id=109 memberId=UNKNOWN26F27965E27 registrationDate=2026-09-07 membershipLevel=1
INFO  AUDIT - {"seq":99,"ownerId":109,"memberId":"UNKNOWN26F27965E27","membershipLevel":"1","event":"OWNER_CREATED"}
INFO  NOTIFY - welcome owner id=109 memberId=UNKNOWN26F27965E27
INFO  AUDIT - owner id=110 memberId=UNKNOWN268C6A894C3 registrationDate=2026-09-07 membershipLevel=1
INFO  AUDIT - {"seq":100,"ownerId":110,"memberId":"UNKNOWN268C6A894C3","membershipLevel":"1","event":"OWNER_CREATED"}
INFO  NOTIFY - welcome owner id=110 memberId=UNKNOWN268C6A894C3
INFO  AUDIT - owner id=111 memberId=UNKNOWN26415DC0897 registrationDate=2026-09-07 membershipLevel=1
INFO  AUDIT - {"seq":101,"ownerId":111,"memberId":"UNKNOWN26415DC0897","membershipLevel":"1","event":"OWNER_CREATED"}
INFO  NOTIFY - welcome owner id=111 memberId=UNKNOWN26415DC0897
INFO  AUDIT - owner id=112 memberId=UNKNOWN2628B105E91 registrationDate=2026-09-07 membershipLevel=1
INFO  AUDIT - {"seq":102,"ownerId":112,"memberId":"UNKNOWN2628B105E91","membershipLevel":"1","event":"OWNER_CREATED"}
INFO  NOTIFY - welcome owner id=112 memberId=UNKNOWN2628B105E91
INFO  AUDIT - owner id=113 memberId=UNKNOWN2630170AE30 registrationDate=2026-09-07 membershipLevel=1
INFO  AUDIT - {"seq":103,"ownerId":113,"memberId":"UNKNOWN2630170AE30","membershipLevel":"1","event":"OWNER_CREATED"}
INFO  NOTIFY - welcome owner id=113 memberId=UNKNOWN2630170AE30
INFO  AUDIT - owner id=114 memberId=UNKNOWN269AF0292A4 registrationDate=2026-09-07 membershipLevel=1
INFO  AUDIT - {"seq":104,"ownerId":114,"memberId":"UNKNOWN269AF0292A4","membershipLevel":"1","event":"OWNER_CREATED"}
INFO  NOTIFY - welcome owner id=114 memberId=UNKNOWN269AF0292A4
INFO  AUDIT - owner id=115 memberId=UNKNOWN26CC4DA9C94 registrationDate=2026-09-07 membershipLevel=1
INFO  AUDIT - {"seq":105,"ownerId":115,"memberId":"UNKNOWN26CC4DA9C94","membershipLevel":"1","event":"OWNER_CREATED"}
INFO  NOTIFY - welcome owner id=115 memberId=UNKNOWN26CC4DA9C94
INFO  AUDIT - owner id=116 memberId=UNKNOWN2642854F356 registrationDate=2026-09-07 membershipLevel=1
INFO  AUDIT - {"seq":106,"ownerId":116,"memberId":"UNKNOWN2642854F356","membershipLevel":"1","event":"OWNER_CREATED"}
INFO  NOTIFY - welcome owner id=116 memberId=UNKNOWN2642854F356
INFO  AUDIT - owner id=117 memberId=UNKNOWN2679B436B37 registrationDate=2026-09-07 membershipLevel=1
INFO  AUDIT - {"seq":107,"ownerId":117,"memberId":"UNKNOWN2679B436B37","membershipLevel":"1","event":"OWNER_CREATED"}
INFO  NOTIFY - welcome owner id=117 memberId=UNKNOWN2679B436B37
INFO  AUDIT - owner id=118 memberId=UNKNOWN269EE04ABE3 registrationDate=2026-09-07 membershipLevel=1
INFO  AUDIT - {"seq":108,"ownerId":118,"memberId":"UNKNOWN269EE04ABE3","membershipLevel":"1","event":"OWNER_CREATED"}
INFO  NOTIFY - welcome owner id=118 memberId=UNKNOWN269EE04ABE3
INFO  AUDIT - owner id=119 memberId=UNKNOWN263AFD652A0 registrationDate=2026-09-07 membershipLevel=1
INFO  AUDIT - {"seq":109,"ownerId":119,"memberId":"UNKNOWN263AFD652A0","membershipLevel":"1","event":"OWNER_CREATED"}
INFO  NOTIFY - welcome owner id=119 memberId=UNKNOWN263AFD652A0
INFO  AUDIT - owner id=120 memberId=UNKNOWN264A4669364 registrationDate=2026-09-07 membershipLevel=1
INFO  AUDIT - {"seq":110,"ownerId":120,"memberId":"UNKNOWN264A4669364","membershipLevel":"1","event":"OWNER_CREATED"}
INFO  NOTIFY - welcome owner id=120 memberId=UNKNOWN264A4669364
INFO  AUDIT - owner id=121 memberId=UNKNOWN26B91E002F6 registrationDate=2026-09-07 membershipLevel=1
INFO  AUDIT - {"seq":111,"ownerId":121,"memberId":"UNKNOWN26B91E002F6","membershipLevel":"1","event":"OWNER_CREATED"}
INFO  NOTIFY - welcome owner id=121 memberId=UNKNOWN26B91E002F6
INFO  AUDIT - owner id=122 memberId=UNKNOWN268D4AEFB82 registrationDate=2026-09-07 membershipLevel=1
INFO  AUDIT - {"seq":112,"ownerId":122,"memberId":"UNKNOWN268D4AEFB82","membershipLevel":"1","event":"OWNER_CREATED"}
INFO  NOTIFY - welcome owner id=122 memberId=UNKNOWN268D4AEFB82
INFO  AnnotationConfigContextLoaderUtils - Could not detect default configuration classes for test class [org.springframework.samples.petclinic.acceptance.Cp28Tests]: Cp28Tests does not declare any static, non-private, non-final, nested classes annotated with @Configuration.
INFO  SpringBootTestContextBootstrapper - Found @SpringBootConfiguration org.springframework.samples.petclinic.PetClinicApplication for test class org.springframework.samples.petclinic.acceptance.Cp28Tests
INFO  AnnotationConfigContextLoaderUtils - Could not detect default configuration classes for test class [org.springframework.samples.petclinic.acceptance.Cp28Tests]: Cp28Tests does not declare any static, non-private, non-final, nested classes annotated with @Configuration.
INFO  AnnotationConfigContextLoaderUtils - Could not detect default configuration classes for test class [org.springframework.samples.petclinic.acceptance.AcceptanceBase]: AcceptanceBase does not declare any static, non-private, non-final, nested classes annotated with @Configuration.
INFO  SpringBootTestContextBootstrapper - Found @SpringBootConfiguration org.springframework.samples.petclinic.PetClinicApplication for test class org.springframework.samples.petclinic.acceptance.Cp28Tests
INFO  AUDIT - owner id=123 memberId=NSW2665B0B2F00 registrationDate=2026-09-07 membershipLevel=1
INFO  AUDIT - {"seq":113,"ownerId":123,"memberId":"NSW2665B0B2F00","membershipLevel":"1","event":"OWNER_CREATED"}
INFO  NOTIFY - welcome owner id=123 memberId=NSW2665B0B2F00
INFO  AUDIT - owner id=124 memberId=NSW26F27F2B8F9 registrationDate=2026-09-07 membershipLevel=2
INFO  AUDIT - {"seq":114,"ownerId":124,"memberId":"NSW26F27F2B8F9","membershipLevel":"2","event":"OWNER_CREATED"}
INFO  NOTIFY - welcome owner id=124 memberId=NSW26F27F2B8F9
INFO  AnnotationConfigContextLoaderUtils - Could not detect default configuration classes for test class [org.springframework.samples.petclinic.acceptance.Cp18Tests]: Cp18Tests does not declare any static, non-private, non-final, nested classes annotated with @Configuration.
INFO  SpringBootTestContextBootstrapper - Found @SpringBootConfiguration org.springframework.samples.petclinic.PetClinicApplication for test class org.springframework.samples.petclinic.acceptance.Cp18Tests
INFO  AnnotationConfigContextLoaderUtils - Could not detect default configuration classes for test class [org.springframework.samples.petclinic.acceptance.Cp18Tests]: Cp18Tests does not declare any static, non-private, non-final, nested classes annotated with @Configuration.
INFO  AnnotationConfigContextLoaderUtils - Could not detect default configuration classes for test class [org.springframework.samples.petclinic.acceptance.AcceptanceBase]: AcceptanceBase does not declare any static, non-private, non-final, nested classes annotated with @Configuration.
INFO  SpringBootTestContextBootstrapper - Found @SpringBootConfiguration org.springframework.samples.petclinic.PetClinicApplication for test class org.springframework.samples.petclinic.acceptance.Cp18Tests
INFO  AUDIT - owner id=125 memberId=UNKNOWN268D6D57202 registrationDate=2026-09-07 membershipLevel=1
INFO  AUDIT - {"seq":115,"ownerId":125,"memberId":"UNKNOWN268D6D57202","membershipLevel":"1","event":"OWNER_CREATED"}
INFO  NOTIFY - welcome owner id=125 memberId=UNKNOWN268D6D57202
INFO  AUDIT - owner id=126 memberId=UNKNOWN26F08741472 registrationDate=2026-09-07 membershipLevel=1
INFO  AUDIT - {"seq":116,"ownerId":126,"memberId":"UNKNOWN26F08741472","membershipLevel":"1","event":"OWNER_CREATED"}
INFO  NOTIFY - welcome owner id=126 memberId=UNKNOWN26F08741472
INFO  AUDIT - owner id=127 memberId=UNKNOWN265F2F80149 registrationDate=2026-09-07 membershipLevel=1
INFO  AUDIT - {"seq":117,"ownerId":127,"memberId":"UNKNOWN265F2F80149","membershipLevel":"1","event":"OWNER_CREATED"}
INFO  NOTIFY - welcome owner id=127 memberId=UNKNOWN265F2F80149
INFO  AUDIT - owner id=128 memberId=UNKNOWN26711657853 registrationDate=2026-09-07 membershipLevel=1
INFO  AUDIT - {"seq":118,"ownerId":128,"memberId":"UNKNOWN26711657853","membershipLevel":"1","event":"OWNER_CREATED"}
INFO  NOTIFY - welcome owner id=128 memberId=UNKNOWN26711657853
INFO  AUDIT - owner id=129 memberId=UNKNOWN26F4F36ABF6 registrationDate=2026-09-07 membershipLevel=1
INFO  AUDIT - {"seq":119,"ownerId":129,"memberId":"UNKNOWN26F4F36ABF6","membershipLevel":"1","event":"OWNER_CREATED"}
INFO  NOTIFY - welcome owner id=129 memberId=UNKNOWN26F4F36ABF6
INFO  AUDIT - owner id=130 memberId=UNKNOWN26C02C61052 registrationDate=2026-09-07 membershipLevel=1
INFO  AUDIT - {"seq":120,"ownerId":130,"memberId":"UNKNOWN26C02C61052","membershipLevel":"1","event":"OWNER_CREATED"}
INFO  NOTIFY - welcome owner id=130 memberId=UNKNOWN26C02C61052
INFO  AUDIT - owner id=131 memberId=UNKNOWN26410811553 registrationDate=2026-09-07 membershipLevel=1
INFO  AUDIT - {"seq":121,"ownerId":131,"memberId":"UNKNOWN26410811553","membershipLevel":"1","event":"OWNER_CREATED"}
INFO  NOTIFY - welcome owner id=131 memberId=UNKNOWN26410811553
INFO  AUDIT - owner id=132 memberId=UNKNOWN261E13E3A08 registrationDate=2026-09-07 membershipLevel=1
INFO  AUDIT - {"seq":122,"ownerId":132,"memberId":"UNKNOWN261E13E3A08","membershipLevel":"1","event":"OWNER_CREATED"}
INFO  NOTIFY - welcome owner id=132 memberId=UNKNOWN261E13E3A08
INFO  AUDIT - owner id=133 memberId=UNKNOWN26521C669A7 registrationDate=2026-09-07 membershipLevel=1
INFO  AUDIT - {"seq":123,"ownerId":133,"memberId":"UNKNOWN26521C669A7","membershipLevel":"1","event":"OWNER_CREATED"}
INFO  NOTIFY - welcome owner id=133 memberId=UNKNOWN26521C669A7
INFO  AUDIT - owner id=134 memberId=UNKNOWN266BEF25A42 registrationDate=2026-09-07 membershipLevel=1
INFO  AUDIT - {"seq":124,"ownerId":134,"memberId":"UNKNOWN266BEF25A42","membershipLevel":"1","event":"OWNER_CREATED"}
INFO  NOTIFY - welcome owner id=134 memberId=UNKNOWN266BEF25A42
INFO  AUDIT - owner id=135 memberId=UNKNOWN2620D713B92 registrationDate=2026-09-07 membershipLevel=1
INFO  AUDIT - {"seq":125,"ownerId":135,"memberId":"UNKNOWN2620D713B92","membershipLevel":"1","event":"OWNER_CREATED"}
INFO  NOTIFY - welcome owner id=135 memberId=UNKNOWN2620D713B92
INFO  AUDIT - owner id=136 memberId=UNKNOWN2636CAC12F4 registrationDate=2026-09-07 membershipLevel=1
INFO  AUDIT - {"seq":126,"ownerId":136,"memberId":"UNKNOWN2636CAC12F4","membershipLevel":"1","event":"OWNER_CREATED"}
INFO  NOTIFY - welcome owner id=136 memberId=UNKNOWN2636CAC12F4
INFO  AUDIT - owner id=137 memberId=UNKNOWN2672263E7B1 registrationDate=2026-09-07 membershipLevel=1
INFO  AUDIT - {"seq":127,"ownerId":137,"memberId":"UNKNOWN2672263E7B1","membershipLevel":"1","event":"OWNER_CREATED"}
INFO  NOTIFY - welcome owner id=137 memberId=UNKNOWN2672263E7B1
INFO  AUDIT - owner id=138 memberId=UNKNOWN261DEE84994 registrationDate=2026-09-07 membershipLevel=1
INFO  AUDIT - {"seq":128,"ownerId":138,"memberId":"UNKNOWN261DEE84994","membershipLevel":"1","event":"OWNER_CREATED"}
INFO  NOTIFY - welcome owner id=138 memberId=UNKNOWN261DEE84994
INFO  AUDIT - owner id=139 memberId=UNKNOWN267AD146AF9 registrationDate=2026-09-07 membershipLevel=1
INFO  AUDIT - {"seq":129,"ownerId":139,"memberId":"UNKNOWN267AD146AF9","membershipLevel":"1","event":"OWNER_CREATED"}
INFO  NOTIFY - welcome owner id=139 memberId=UNKNOWN267AD146AF9
INFO  AUDIT - owner id=140 memberId=UNKNOWN26E888A8B91 registrationDate=2026-09-07 membershipLevel=1
INFO  AUDIT - {"seq":130,"ownerId":140,"memberId":"UNKNOWN26E888A8B91","membershipLevel":"1","event":"OWNER_CREATED"}
INFO  NOTIFY - welcome owner id=140 memberId=UNKNOWN26E888A8B91
INFO  AUDIT - owner id=141 memberId=UNKNOWN26E9D6C50D8 registrationDate=2026-09-07 membershipLevel=1
INFO  AUDIT - {"seq":131,"ownerId":141,"memberId":"UNKNOWN26E9D6C50D8","membershipLevel":"1","event":"OWNER_CREATED"}
INFO  NOTIFY - welcome owner id=141 memberId=UNKNOWN26E9D6C50D8
INFO  AUDIT - owner id=142 memberId=UNKNOWN26CDB31B448 registrationDate=2026-09-07 membershipLevel=1
INFO  AUDIT - {"seq":132,"ownerId":142,"memberId":"UNKNOWN26CDB31B448","membershipLevel":"1","event":"OWNER_CREATED"}
INFO  NOTIFY - welcome owner id=142 memberId=UNKNOWN26CDB31B448
INFO  AUDIT - owner id=143 memberId=UNKNOWN260CF5738C0 registrationDate=2026-09-07 membershipLevel=1
INFO  AUDIT - {"seq":133,"ownerId":143,"memberId":"UNKNOWN260CF5738C0","membershipLevel":"1","event":"OWNER_CREATED"}
INFO  NOTIFY - welcome owner id=143 memberId=UNKNOWN260CF5738C0
INFO  AUDIT - owner id=144 memberId=UNKNOWN26ED164D8E0 registrationDate=2026-09-07 membershipLevel=1
INFO  AUDIT - {"seq":134,"ownerId":144,"memberId":"UNKNOWN26ED164D8E0","membershipLevel":"1","event":"OWNER_CREATED"}
INFO  NOTIFY - welcome owner id=144 memberId=UNKNOWN26ED164D8E0
INFO  AUDIT - owner id=145 memberId=UNKNOWN26763B67F69 registrationDate=2026-09-07 membershipLevel=1
INFO  AUDIT - {"seq":135,"ownerId":145,"memberId":"UNKNOWN26763B67F69","membershipLevel":"1","event":"OWNER_CREATED"}
INFO  NOTIFY - welcome owner id=145 memberId=UNKNOWN26763B67F69
INFO  AUDIT - owner id=146 memberId=UNKNOWN2694628A6D7 registrationDate=2026-09-07 membershipLevel=1
INFO  AUDIT - {"seq":136,"ownerId":146,"memberId":"UNKNOWN2694628A6D7","membershipLevel":"1","event":"OWNER_CREATED"}
INFO  NOTIFY - welcome owner id=146 memberId=UNKNOWN2694628A6D7
INFO  AUDIT - owner id=147 memberId=UNKNOWN26E0D1322F7 registrationDate=2026-09-07 membershipLevel=1
INFO  AUDIT - {"seq":137,"ownerId":147,"memberId":"UNKNOWN26E0D1322F7","membershipLevel":"1","event":"OWNER_CREATED"}
INFO  NOTIFY - welcome owner id=147 memberId=UNKNOWN26E0D1322F7
INFO  AUDIT - owner id=148 memberId=UNKNOWN26161E4C440 registrationDate=2026-09-07 membershipLevel=1
INFO  AUDIT - {"seq":138,"ownerId":148,"memberId":"UNKNOWN26161E4C440","membershipLevel":"1","event":"OWNER_CREATED"}
INFO  NOTIFY - welcome owner id=148 memberId=UNKNOWN26161E4C440
INFO  AUDIT - owner id=149 memberId=UNKNOWN26966BA0221 registrationDate=2026-09-07 membershipLevel=1
INFO  AUDIT - {"seq":139,"ownerId":149,"memberId":"UNKNOWN26966BA0221","membershipLevel":"1","event":"OWNER_CREATED"}
INFO  NOTIFY - welcome owner id=149 memberId=UNKNOWN26966BA0221
INFO  AUDIT - owner id=150 memberId=UNKNOWN26B86D0A692 registrationDate=2026-09-07 membershipLevel=1
INFO  AUDIT - {"seq":140,"ownerId":150,"memberId":"UNKNOWN26B86D0A692","membershipLevel":"1","event":"OWNER_CREATED"}
INFO  NOTIFY - welcome owner id=150 memberId=UNKNOWN26B86D0A692
INFO  AUDIT - owner id=151 memberId=UNKNOWN26BD81023C4 registrationDate=2026-09-07 membershipLevel=1
INFO  AUDIT - {"seq":141,"ownerId":151,"memberId":"UNKNOWN26BD81023C4","membershipLevel":"1","event":"OWNER_CREATED"}
INFO  NOTIFY - welcome owner id=151 memberId=UNKNOWN26BD81023C4
INFO  AUDIT - owner id=152 memberId=UNKNOWN2648A6A4BC0 registrationDate=2026-09-07 membershipLevel=1
INFO  AUDIT - {"seq":142,"ownerId":152,"memberId":"UNKNOWN2648A6A4BC0","membershipLevel":"1","event":"OWNER_CREATED"}
INFO  NOTIFY - welcome owner id=152 memberId=UNKNOWN2648A6A4BC0
INFO  AUDIT - owner id=153 memberId=UNKNOWN26D225D8A39 registrationDate=2026-09-07 membershipLevel=1
INFO  AUDIT - {"seq":143,"ownerId":153,"memberId":"UNKNOWN26D225D8A39","membershipLevel":"1","event":"OWNER_CREATED"}
INFO  NOTIFY - welcome owner id=153 memberId=UNKNOWN26D225D8A39
INFO  AUDIT - owner id=154 memberId=UNKNOWN269AD220E13 registrationDate=2026-09-07 membershipLevel=1
INFO  AUDIT - {"seq":144,"ownerId":154,"memberId":"UNKNOWN269AD220E13","membershipLevel":"1","event":"OWNER_CREATED"}
INFO  NOTIFY - welcome owner id=154 memberId=UNKNOWN269AD220E13
INFO  AUDIT - owner id=155 memberId=UNKNOWN26850726D01 registrationDate=2026-09-07 membershipLevel=1
INFO  AUDIT - {"seq":145,"ownerId":155,"memberId":"UNKNOWN26850726D01","membershipLevel":"1","event":"OWNER_CREATED"}
INFO  NOTIFY - welcome owner id=155 memberId=UNKNOWN26850726D01
INFO  AUDIT - owner id=156 memberId=UNKNOWN26185F5A175 registrationDate=2026-09-07 membershipLevel=1
INFO  AUDIT - {"seq":146,"ownerId":156,"memberId":"UNKNOWN26185F5A175","membershipLevel":"1","event":"OWNER_CREATED"}
INFO  NOTIFY - welcome owner id=156 memberId=UNKNOWN26185F5A175
INFO  AUDIT - owner id=157 memberId=UNKNOWN26C72106F56 registrationDate=2026-09-07 membershipLevel=1
INFO  AUDIT - {"seq":147,"ownerId":157,"memberId":"UNKNOWN26C72106F56","membershipLevel":"1","event":"OWNER_CREATED"}
INFO  NOTIFY - welcome owner id=157 memberId=UNKNOWN26C72106F56
INFO  AUDIT - owner id=158 memberId=UNKNOWN26201C78D82 registrationDate=2026-09-07 membershipLevel=1
INFO  AUDIT - {"seq":148,"ownerId":158,"memberId":"UNKNOWN26201C78D82","membershipLevel":"1","event":"OWNER_CREATED"}
INFO  NOTIFY - welcome owner id=158 memberId=UNKNOWN26201C78D82
INFO  AUDIT - owner id=159 memberId=UNKNOWN26A5FF30B20 registrationDate=2026-09-07 membershipLevel=1
INFO  AUDIT - {"seq":149,"ownerId":159,"memberId":"UNKNOWN26A5FF30B20","membershipLevel":"1","event":"OWNER_CREATED"}
INFO  NOTIFY - welcome owner id=159 memberId=UNKNOWN26A5FF30B20
INFO  AUDIT - owner id=160 memberId=UNKNOWN26868A37A52 registrationDate=2026-09-07 membershipLevel=1
INFO  AUDIT - {"seq":150,"ownerId":160,"memberId":"UNKNOWN26868A37A52","membershipLevel":"1","event":"OWNER_CREATED"}
INFO  NOTIFY - welcome owner id=160 memberId=UNKNOWN26868A37A52
INFO  AUDIT - owner id=161 memberId=UNKNOWN2658BCFCB19 registrationDate=2026-09-07 membershipLevel=1
INFO  AUDIT - {"seq":151,"ownerId":161,"memberId":"UNKNOWN2658BCFCB19","membershipLevel":"1","event":"OWNER_CREATED"}
INFO  NOTIFY - welcome owner id=161 memberId=UNKNOWN2658BCFCB19
INFO  AUDIT - owner id=162 memberId=UNKNOWN2634BA7CF72 registrationDate=2026-09-07 membershipLevel=1
INFO  AUDIT - {"seq":152,"ownerId":162,"memberId":"UNKNOWN2634BA7CF72","membershipLevel":"1","event":"OWNER_CREATED"}
INFO  NOTIFY - welcome owner id=162 memberId=UNKNOWN2634BA7CF72
INFO  AUDIT - owner id=163 memberId=UNKNOWN2604F126660 registrationDate=2026-09-07 membershipLevel=1
INFO  AUDIT - {"seq":153,"ownerId":163,"memberId":"UNKNOWN2604F126660","membershipLevel":"1","event":"OWNER_CREATED"}
INFO  NOTIFY - welcome owner id=163 memberId=UNKNOWN2604F126660
INFO  AUDIT - owner id=164 memberId=UNKNOWN266B39FC7F9 registrationDate=2026-09-07 membershipLevel=1
INFO  AUDIT - {"seq":154,"ownerId":164,"memberId":"UNKNOWN266B39FC7F9","membershipLevel":"1","event":"OWNER_CREATED"}
INFO  NOTIFY - welcome owner id=164 memberId=UNKNOWN266B39FC7F9
INFO  AUDIT - owner id=165 memberId=UNKNOWN26C093C08B8 registrationDate=2026-09-07 membershipLevel=1
INFO  AUDIT - {"seq":155,"ownerId":165,"memberId":"UNKNOWN26C093C08B8","membershipLevel":"1","event":"OWNER_CREATED"}
INFO  NOTIFY - welcome owner id=165 memberId=UNKNOWN26C093C08B8
INFO  AUDIT - owner id=166 memberId=UNKNOWN262B56DBBC8 registrationDate=2026-09-07 membershipLevel=1
INFO  AUDIT - {"seq":156,"ownerId":166,"memberId":"UNKNOWN262B56DBBC8","membershipLevel":"1","event":"OWNER_CREATED"}
INFO  NOTIFY - welcome owner id=166 memberId=UNKNOWN262B56DBBC8
INFO  AUDIT - owner id=167 memberId=UNKNOWN260D3B23D75 registrationDate=2026-09-07 membershipLevel=1
INFO  AUDIT - {"seq":157,"ownerId":167,"memberId":"UNKNOWN260D3B23D75","membershipLevel":"1","event":"OWNER_CREATED"}
INFO  NOTIFY - welcome owner id=167 memberId=UNKNOWN260D3B23D75
INFO  AUDIT - owner id=168 memberId=UNKNOWN265697E6A15 registrationDate=2026-09-07 membershipLevel=1
INFO  AUDIT - {"seq":158,"ownerId":168,"memberId":"UNKNOWN265697E6A15","membershipLevel":"1","event":"OWNER_CREATED"}
INFO  NOTIFY - welcome owner id=168 memberId=UNKNOWN265697E6A15
INFO  AUDIT - owner id=169 memberId=UNKNOWN26F3D46FFF7 registrationDate=2026-09-07 membershipLevel=1
INFO  AUDIT - {"seq":159,"ownerId":169,"memberId":"UNKNOWN26F3D46FFF7","membershipLevel":"1","event":"OWNER_CREATED"}
INFO  NOTIFY - welcome owner id=169 memberId=UNKNOWN26F3D46FFF7
INFO  AUDIT - owner id=170 memberId=UNKNOWN264DC793CA1 registrationDate=2026-09-07 membershipLevel=1
INFO  AUDIT - {"seq":160,"ownerId":170,"memberId":"UNKNOWN264DC793CA1","membershipLevel":"1","event":"OWNER_CREATED"}
INFO  NOTIFY - welcome owner id=170 memberId=UNKNOWN264DC793CA1
INFO  AUDIT - owner id=171 memberId=UNKNOWN269852482D0 registrationDate=2026-09-07 membershipLevel=1
INFO  AUDIT - {"seq":161,"ownerId":171,"memberId":"UNKNOWN269852482D0","membershipLevel":"1","event":"OWNER_CREATED"}
INFO  NOTIFY - welcome owner id=171 memberId=UNKNOWN269852482D0
INFO  AUDIT - owner id=172 memberId=UNKNOWN26F4B02ADC8 registrationDate=2026-09-07 membershipLevel=1
INFO  AUDIT - {"seq":162,"ownerId":172,"memberId":"UNKNOWN26F4B02ADC8","membershipLevel":"1","event":"OWNER_CREATED"}
INFO  NOTIFY - welcome owner id=172 memberId=UNKNOWN26F4B02ADC8
INFO  AUDIT - owner id=173 memberId=UNKNOWN26FBA375725 registrationDate=2026-09-07 membershipLevel=1
INFO  AUDIT - {"seq":163,"ownerId":173,"memberId":"UNKNOWN26FBA375725","membershipLevel":"1","event":"OWNER_CREATED"}
INFO  NOTIFY - welcome owner id=173 memberId=UNKNOWN26FBA375725
INFO  AUDIT - owner id=174 memberId=UNKNOWN26B01E9F562 registrationDate=2026-09-07 membershipLevel=1
INFO  AUDIT - {"seq":164,"ownerId":174,"memberId":"UNKNOWN26B01E9F562","membershipLevel":"1","event":"OWNER_CREATED"}
INFO  NOTIFY - welcome owner id=174 memberId=UNKNOWN26B01E9F562
INFO  AnnotationConfigContextLoaderUtils - Could not detect default configuration classes for test class [org.springframework.samples.petclinic.acceptance.Cp59Tests]: Cp59Tests does not declare any static, non-private, non-final, nested classes annotated with @Configuration.
INFO  SpringBootTestContextBootstrapper - Found @SpringBootConfiguration org.springframework.samples.petclinic.PetClinicApplication for test class org.springframework.samples.petclinic.acceptance.Cp59Tests
INFO  AnnotationConfigContextLoaderUtils - Could not detect default configuration classes for test class [org.springframework.samples.petclinic.acceptance.Cp59Tests]: Cp59Tests does not declare any static, non-private, non-final, nested classes annotated with @Configuration.
INFO  AnnotationConfigContextLoaderUtils - Could not detect default configuration classes for test class [org.springframework.samples.petclinic.acceptance.AcceptanceBase]: AcceptanceBase does not declare any static, non-private, non-final, nested classes annotated with @Configuration.
INFO  SpringBootTestContextBootstrapper - Found @SpringBootConfiguration org.springframework.samples.petclinic.PetClinicApplication for test class org.springframework.samples.petclinic.acceptance.Cp59Tests
DEBUG ExceptionControllerAdvice - Validation error at POST /api/owners: [Field error in object 'ownerFieldsDto' on field 'city': rejected value [null]; codes [NotNull.ownerFieldsDto.city,NotNull.city,NotNull.java.lang.String,NotNull]; arguments [org.springframework.context.support.DefaultMessageSourceResolvable: codes [ownerFieldsDto.city,city]; arguments []; default message [city]]; default message [must not be null]]
INFO  AnnotationConfigContextLoaderUtils - Could not detect default configuration classes for test class [org.springframework.samples.petclinic.acceptance.Cp58Tests]: Cp58Tests does not declare any static, non-private, non-final, nested classes annotated with @Configuration.
INFO  SpringBootTestContextBootstrapper - Found @SpringBootConfiguration org.springframework.samples.petclinic.PetClinicApplication for test class org.springframework.samples.petclinic.acceptance.Cp58Tests
INFO  AnnotationConfigContextLoaderUtils - Could not detect default configuration classes for test class [org.springframework.samples.petclinic.acceptance.Cp58Tests]: Cp58Tests does not declare any static, non-private, non-final, nested classes annotated with @Configuration.
INFO  AnnotationConfigContextLoaderUtils - Could not detect default configuration classes for test class [org.springframework.samples.petclinic.acceptance.AcceptanceBase]: AcceptanceBase does not declare any static, non-private, non-final, nested classes annotated with @Configuration.
INFO  SpringBootTestContextBootstrapper - Found @SpringBootConfiguration org.springframework.samples.petclinic.PetClinicApplication for test class org.springframework.samples.petclinic.acceptance.Cp58Tests
INFO  AUDIT - owner id=175 memberId=NSW266BECC8739 registrationDate=2026-09-07 membershipLevel=1
INFO  AUDIT - {"seq":165,"ownerId":175,"memberId":"NSW266BECC8739","membershipLevel":"1","event":"OWNER_CREATED"}
INFO  NOTIFY - welcome owner id=175 memberId=NSW266BECC8739
INFO  AnnotationConfigContextLoaderUtils - Could not detect default configuration classes for test class [org.springframework.samples.petclinic.acceptance.Cp08Tests]: Cp08Tests does not declare any static, non-private, non-final, nested classes annotated with @Configuration.
INFO  SpringBootTestContextBootstrapper - Found @SpringBootConfiguration org.springframework.samples.petclinic.PetClinicApplication for test class org.springframework.samples.petclinic.acceptance.Cp08Tests
INFO  AnnotationConfigContextLoaderUtils - Could not detect default configuration classes for test class [org.springframework.samples.petclinic.acceptance.Cp08Tests]: Cp08Tests does not declare any static, non-private, non-final, nested classes annotated with @Configuration.
INFO  AnnotationConfigContextLoaderUtils - Could not detect default configuration classes for test class [org.springframework.samples.petclinic.acceptance.AcceptanceBase]: AcceptanceBase does not declare any static, non-private, non-final, nested classes annotated with @Configuration.
INFO  SpringBootTestContextBootstrapper - Found @SpringBootConfiguration org.springframework.samples.petclinic.PetClinicApplication for test class org.springframework.samples.petclinic.acceptance.Cp08Tests
INFO  AUDIT - owner id=176 memberId=UNKNOWN263DBD38962 registrationDate=2026-09-07 membershipLevel=1
INFO  AUDIT - {"seq":166,"ownerId":176,"memberId":"UNKNOWN263DBD38962","membershipLevel":"1","event":"OWNER_CREATED"}
INFO  NOTIFY - welcome owner id=176 memberId=UNKNOWN263DBD38962
INFO  AUDIT - owner id=177 memberId=UNKNOWN26DE699BF84 registrationDate=2026-09-07 membershipLevel=1
INFO  AUDIT - {"seq":167,"ownerId":177,"memberId":"UNKNOWN26DE699BF84","membershipLevel":"1","event":"OWNER_CREATED"}
INFO  NOTIFY - welcome owner id=177 memberId=UNKNOWN26DE699BF84
INFO  AnnotationConfigContextLoaderUtils - Could not detect default configuration classes for test class [org.springframework.samples.petclinic.acceptance.Cp07Tests]: Cp07Tests does not declare any static, non-private, non-final, nested classes annotated with @Configuration.
INFO  SpringBootTestContextBootstrapper - Found @SpringBootConfiguration org.springframework.samples.petclinic.PetClinicApplication for test class org.springframework.samples.petclinic.acceptance.Cp07Tests
INFO  AnnotationConfigContextLoaderUtils - Could not detect default configuration classes for test class [org.springframework.samples.petclinic.acceptance.Cp07Tests]: Cp07Tests does not declare any static, non-private, non-final, nested classes annotated with @Configuration.
INFO  AnnotationConfigContextLoaderUtils - Could not detect default configuration classes for test class [org.springframework.samples.petclinic.acceptance.AcceptanceBase]: AcceptanceBase does not declare any static, non-private, non-final, nested classes annotated with @Configuration.
INFO  SpringBootTestContextBootstrapper - Found @SpringBootConfiguration org.springframework.samples.petclinic.PetClinicApplication for test class org.springframework.samples.petclinic.acceptance.Cp07Tests
INFO  AUDIT - owner id=178 memberId=UNKNOWN259B60C4C69 registrationDate=2026-01-06 membershipLevel=1
INFO  AUDIT - {"seq":168,"ownerId":178,"memberId":"UNKNOWN259B60C4C69","membershipLevel":"1","event":"OWNER_CREATED"}
INFO  NOTIFY - welcome owner id=178 memberId=UNKNOWN259B60C4C69
INFO  AUDIT - owner id=179 memberId=UNKNOWN251F0750EF9 registrationDate=2026-01-05 membershipLevel=1
INFO  AUDIT - {"seq":169,"ownerId":179,"memberId":"UNKNOWN251F0750EF9","membershipLevel":"1","event":"OWNER_CREATED"}
INFO  NOTIFY - welcome owner id=179 memberId=UNKNOWN251F0750EF9
INFO  AnnotationConfigContextLoaderUtils - Could not detect default configuration classes for test class [org.springframework.samples.petclinic.acceptance.Cp36Tests]: Cp36Tests does not declare any static, non-private, non-final, nested classes annotated with @Configuration.
INFO  SpringBootTestContextBootstrapper - Found @SpringBootConfiguration org.springframework.samples.petclinic.PetClinicApplication for test class org.springframework.samples.petclinic.acceptance.Cp36Tests
INFO  AnnotationConfigContextLoaderUtils - Could not detect default configuration classes for test class [org.springframework.samples.petclinic.acceptance.Cp36Tests]: Cp36Tests does not declare any static, non-private, non-final, nested classes annotated with @Configuration.
INFO  AnnotationConfigContextLoaderUtils - Could not detect default configuration classes for test class [org.springframework.samples.petclinic.acceptance.AcceptanceBase]: AcceptanceBase does not declare any static, non-private, non-final, nested classes annotated with @Configuration.
INFO  SpringBootTestContextBootstrapper - Found @SpringBootConfiguration org.springframework.samples.petclinic.PetClinicApplication for test class org.springframework.samples.petclinic.acceptance.Cp36Tests
INFO  AUDIT - owner id=180 memberId=NSW26E09D1AEA9 registrationDate=2026-09-07 membershipLevel=1
INFO  AUDIT - {"seq":170,"ownerId":180,"memberId":"NSW26E09D1AEA9","membershipLevel":"1","event":"OWNER_CREATED"}
INFO  NOTIFY - welcome owner id=180 memberId=NSW26E09D1AEA9
INFO  AUDIT - owner id=181 memberId=NSW269F8E2F967 registrationDate=2026-09-07 membershipLevel=1
INFO  AUDIT - {"seq":171,"ownerId":181,"memberId":"NSW269F8E2F967","membershipLevel":"1","event":"OWNER_CREATED"}
INFO  NOTIFY - welcome owner id=181 memberId=NSW269F8E2F967
INFO  AnnotationConfigContextLoaderUtils - Could not detect default configuration classes for test class [org.springframework.samples.petclinic.acceptance.Cp37Tests]: Cp37Tests does not declare any static, non-private, non-final, nested classes annotated with @Configuration.
INFO  SpringBootTestContextBootstrapper - Found @SpringBootConfiguration org.springframework.samples.petclinic.PetClinicApplication for test class org.springframework.samples.petclinic.acceptance.Cp37Tests
INFO  AnnotationConfigContextLoaderUtils - Could not detect default configuration classes for test class [org.springframework.samples.petclinic.acceptance.Cp37Tests]: Cp37Tests does not declare any static, non-private, non-final, nested classes annotated with @Configuration.
INFO  AnnotationConfigContextLoaderUtils - Could not detect default configuration classes for test class [org.springframework.samples.petclinic.acceptance.AcceptanceBase]: AcceptanceBase does not declare any static, non-private, non-final, nested classes annotated with @Configuration.
INFO  SpringBootTestContextBootstrapper - Found @SpringBootConfiguration org.springframework.samples.petclinic.PetClinicApplication for test class org.springframework.samples.petclinic.acceptance.Cp37Tests
INFO  AUDIT - owner id=182 memberId=UNKNOWN269BB2AFCD2 registrationDate=2026-09-07 membershipLevel=1
INFO  AUDIT - {"seq":172,"ownerId":182,"memberId":"UNKNOWN269BB2AFCD2","membershipLevel":"1","event":"OWNER_CREATED"}
INFO  NOTIFY - welcome owner id=182 memberId=UNKNOWN269BB2AFCD2
INFO  AnnotationConfigContextLoaderUtils - Could not detect default configuration classes for test class [org.springframework.samples.petclinic.acceptance.Cp40Tests]: Cp40Tests does not declare any static, non-private, non-final, nested classes annotated with @Configuration.
INFO  SpringBootTestContextBootstrapper - Found @SpringBootConfiguration org.springframework.samples.petclinic.PetClinicApplication for test class org.springframework.samples.petclinic.acceptance.Cp40Tests
INFO  AnnotationConfigContextLoaderUtils - Could not detect default configuration classes for test class [org.springframework.samples.petclinic.acceptance.Cp40Tests]: Cp40Tests does not declare any static, non-private, non-final, nested classes annotated with @Configuration.
INFO  AnnotationConfigContextLoaderUtils - Could not detect default configuration classes for test class [org.springframework.samples.petclinic.acceptance.AcceptanceBase]: AcceptanceBase does not declare any static, non-private, non-final, nested classes annotated with @Configuration.
INFO  SpringBootTestContextBootstrapper - Found @SpringBootConfiguration org.springframework.samples.petclinic.PetClinicApplication for test class org.springframework.samples.petclinic.acceptance.Cp40Tests
INFO  AUDIT - owner id=183 memberId=NSW2639D910187 registrationDate=2026-09-07 membershipLevel=2
INFO  AUDIT - {"seq":173,"ownerId":183,"memberId":"NSW2639D910187","membershipLevel":"2","event":"OWNER_CREATED"}
INFO  NOTIFY - welcome owner id=183 memberId=NSW2639D910187
INFO  AnnotationConfigContextLoaderUtils - Could not detect default configuration classes for test class [org.springframework.samples.petclinic.acceptance.Cp55Tests]: Cp55Tests does not declare any static, non-private, non-final, nested classes annotated with @Configuration.
INFO  SpringBootTestContextBootstrapper - Found @SpringBootConfiguration org.springframework.samples.petclinic.PetClinicApplication for test class org.springframework.samples.petclinic.acceptance.Cp55Tests
INFO  AnnotationConfigContextLoaderUtils - Could not detect default configuration classes for test class [org.springframework.samples.petclinic.acceptance.Cp55Tests]: Cp55Tests does not declare any static, non-private, non-final, nested classes annotated with @Configuration.
INFO  AnnotationConfigContextLoaderUtils - Could not detect default configuration classes for test class [org.springframework.samples.petclinic.acceptance.AcceptanceBase]: AcceptanceBase does not declare any static, non-private, non-final, nested classes annotated with @Configuration.
INFO  SpringBootTestContextBootstrapper - Found @SpringBootConfiguration org.springframework.samples.petclinic.PetClinicApplication for test class org.springframework.samples.petclinic.acceptance.Cp55Tests
INFO  AUDIT - owner id=184 memberId=NSW26FA0227194 registrationDate=2026-09-07 membershipLevel=2
INFO  AUDIT - {"seq":174,"ownerId":184,"memberId":"NSW26FA0227194","membershipLevel":"2","event":"OWNER_CREATED"}
INFO  NOTIFY - welcome owner id=184 memberId=NSW26FA0227194
INFO  AnnotationConfigContextLoaderUtils - Could not detect default configuration classes for test class [org.springframework.samples.petclinic.acceptance.Cp25Tests]: Cp25Tests does not declare any static, non-private, non-final, nested classes annotated with @Configuration.
INFO  SpringBootTestContextBootstrapper - Found @SpringBootConfiguration org.springframework.samples.petclinic.PetClinicApplication for test class org.springframework.samples.petclinic.acceptance.Cp25Tests
INFO  AnnotationConfigContextLoaderUtils - Could not detect default configuration classes for test class [org.springframework.samples.petclinic.acceptance.Cp25Tests]: Cp25Tests does not declare any static, non-private, non-final, nested classes annotated with @Configuration.
INFO  AnnotationConfigContextLoaderUtils - Could not detect default configuration classes for test class [org.springframework.samples.petclinic.acceptance.AcceptanceBase]: AcceptanceBase does not declare any static, non-private, non-final, nested classes annotated with @Configuration.
INFO  SpringBootTestContextBootstrapper - Found @SpringBootConfiguration org.springframework.samples.petclinic.PetClinicApplication for test class org.springframework.samples.petclinic.acceptance.Cp25Tests
INFO  AUDIT - owner id=185 memberId=UNKNOWN26E19EA5E75 registrationDate=2026-09-07 membershipLevel=2
INFO  AUDIT - {"seq":175,"ownerId":185,"memberId":"UNKNOWN26E19EA5E75","membershipLevel":"2","event":"OWNER_CREATED"}
INFO  NOTIFY - welcome owner id=185 memberId=UNKNOWN26E19EA5E75
INFO  AnnotationConfigContextLoaderUtils - Could not detect default configuration classes for test class [org.springframework.samples.petclinic.acceptance.Cp35Tests]: Cp35Tests does not declare any static, non-private, non-final, nested classes annotated with @Configuration.
INFO  SpringBootTestContextBootstrapper - Found @SpringBootConfiguration org.springframework.samples.petclinic.PetClinicApplication for test class org.springframework.samples.petclinic.acceptance.Cp35Tests
INFO  AnnotationConfigContextLoaderUtils - Could not detect default configuration classes for test class [org.springframework.samples.petclinic.acceptance.Cp35Tests]: Cp35Tests does not declare any static, non-private, non-final, nested classes annotated with @Configuration.
INFO  AnnotationConfigContextLoaderUtils - Could not detect default configuration classes for test class [org.springframework.samples.petclinic.acceptance.AcceptanceBase]: AcceptanceBase does not declare any static, non-private, non-final, nested classes annotated with @Configuration.
INFO  SpringBootTestContextBootstrapper - Found @SpringBootConfiguration org.springframework.samples.petclinic.PetClinicApplication for test class org.springframework.samples.petclinic.acceptance.Cp35Tests
INFO  AUDIT - owner id=186 memberId=NSW266181F4E60 registrationDate=2026-09-07 membershipLevel=1
INFO  AUDIT - {"seq":176,"ownerId":186,"memberId":"NSW266181F4E60","membershipLevel":"1","event":"OWNER_CREATED"}
INFO  NOTIFY - welcome owner id=186 memberId=NSW266181F4E60
INFO  AUDIT - owner id=187 memberId=NSW26499D01556 registrationDate=2026-09-07 membershipLevel=1
INFO  AUDIT - {"seq":177,"ownerId":187,"memberId":"NSW26499D01556","membershipLevel":"1","event":"OWNER_CREATED"}
INFO  NOTIFY - welcome owner id=187 memberId=NSW26499D01556
INFO  AnnotationConfigContextLoaderUtils - Could not detect default configuration classes for test class [org.springframework.samples.petclinic.acceptance.Cp05Tests]: Cp05Tests does not declare any static, non-private, non-final, nested classes annotated with @Configuration.
INFO  SpringBootTestContextBootstrapper - Found @SpringBootConfiguration org.springframework.samples.petclinic.PetClinicApplication for test class org.springframework.samples.petclinic.acceptance.Cp05Tests
INFO  AnnotationConfigContextLoaderUtils - Could not detect default configuration classes for test class [org.springframework.samples.petclinic.acceptance.Cp05Tests]: Cp05Tests does not declare any static, non-private, non-final, nested classes annotated with @Configuration.
INFO  AnnotationConfigContextLoaderUtils - Could not detect default configuration classes for test class [org.springframework.samples.petclinic.acceptance.AcceptanceBase]: AcceptanceBase does not declare any static, non-private, non-final, nested classes annotated with @Configuration.
INFO  SpringBootTestContextBootstrapper - Found @SpringBootConfiguration org.springframework.samples.petclinic.PetClinicApplication for test class org.springframework.samples.petclinic.acceptance.Cp05Tests
INFO  AUDIT - owner id=188 memberId=UNKNOWN263BBAA09E5 registrationDate=2026-09-07 membershipLevel=1
INFO  AUDIT - {"seq":178,"ownerId":188,"memberId":"UNKNOWN263BBAA09E5","membershipLevel":"1","event":"OWNER_CREATED"}
INFO  NOTIFY - welcome owner id=188 memberId=UNKNOWN263BBAA09E5
INFO  AnnotationConfigContextLoaderUtils - Could not detect default configuration classes for test class [org.springframework.samples.petclinic.acceptance.Cp51Tests]: Cp51Tests does not declare any static, non-private, non-final, nested classes annotated with @Configuration.
INFO  SpringBootTestContextBootstrapper - Found @SpringBootConfiguration org.springframework.samples.petclinic.PetClinicApplication for test class org.springframework.samples.petclinic.acceptance.Cp51Tests
INFO  AnnotationConfigContextLoaderUtils - Could not detect default configuration classes for test class [org.springframework.samples.petclinic.acceptance.Cp51Tests]: Cp51Tests does not declare any static, non-private, non-final, nested classes annotated with @Configuration.
INFO  AnnotationConfigContextLoaderUtils - Could not detect default configuration classes for test class [org.springframework.samples.petclinic.acceptance.AcceptanceBase]: AcceptanceBase does not declare any static, non-private, non-final, nested classes annotated with @Configuration.
INFO  SpringBootTestContextBootstrapper - Found @SpringBootConfiguration org.springframework.samples.petclinic.PetClinicApplication for test class org.springframework.samples.petclinic.acceptance.Cp51Tests
INFO  AUDIT - owner id=189 memberId=NSW26D741DF421 registrationDate=2026-09-07 membershipLevel=1
INFO  AUDIT - {"seq":179,"ownerId":189,"memberId":"NSW26D741DF421","membershipLevel":"1","event":"OWNER_CREATED"}
INFO  NOTIFY - welcome owner id=189 memberId=NSW26D741DF421
INFO  AUDIT - owner id=190 memberId=NSW26A6C6E2CA7 registrationDate=2026-09-07 membershipLevel=2
INFO  AUDIT - {"seq":180,"ownerId":190,"memberId":"NSW26A6C6E2CA7","membershipLevel":"2","event":"OWNER_CREATED"}
INFO  NOTIFY - welcome owner id=190 memberId=NSW26A6C6E2CA7
INFO  AnnotationConfigContextLoaderUtils - Could not detect default configuration classes for test class [org.springframework.samples.petclinic.acceptance.Cp47Tests]: Cp47Tests does not declare any static, non-private, non-final, nested classes annotated with @Configuration.
INFO  SpringBootTestContextBootstrapper - Found @SpringBootConfiguration org.springframework.samples.petclinic.PetClinicApplication for test class org.springframework.samples.petclinic.acceptance.Cp47Tests
INFO  AnnotationConfigContextLoaderUtils - Could not detect default configuration classes for test class [org.springframework.samples.petclinic.acceptance.Cp47Tests]: Cp47Tests does not declare any static, non-private, non-final, nested classes annotated with @Configuration.
INFO  AnnotationConfigContextLoaderUtils - Could not detect default configuration classes for test class [org.springframework.samples.petclinic.acceptance.AcceptanceBase]: AcceptanceBase does not declare any static, non-private, non-final, nested classes annotated with @Configuration.
INFO  SpringBootTestContextBootstrapper - Found @SpringBootConfiguration org.springframework.samples.petclinic.PetClinicApplication for test class org.springframework.samples.petclinic.acceptance.Cp47Tests
INFO  AUDIT - owner id=191 memberId=NSW26F4788DCD1 registrationDate=2026-09-07 membershipLevel=1
INFO  AUDIT - {"seq":181,"ownerId":191,"memberId":"NSW26F4788DCD1","membershipLevel":"1","event":"OWNER_CREATED"}
INFO  NOTIFY - welcome owner id=191 memberId=NSW26F4788DCD1
INFO  AnnotationConfigContextLoaderUtils - Could not detect default configuration classes for test class [org.springframework.samples.petclinic.acceptance.Cp09Tests]: Cp09Tests does not declare any static, non-private, non-final, nested classes annotated with @Configuration.
INFO  SpringBootTestContextBootstrapper - Found @SpringBootConfiguration org.springframework.samples.petclinic.PetClinicApplication for test class org.springframework.samples.petclinic.acceptance.Cp09Tests
INFO  AnnotationConfigContextLoaderUtils - Could not detect default configuration classes for test class [org.springframework.samples.petclinic.acceptance.Cp09Tests]: Cp09Tests does not declare any static, non-private, non-final, nested classes annotated with @Configuration.
INFO  AnnotationConfigContextLoaderUtils - Could not detect default configuration classes for test class [org.springframework.samples.petclinic.acceptance.AcceptanceBase]: AcceptanceBase does not declare any static, non-private, non-final, nested classes annotated with @Configuration.
INFO  SpringBootTestContextBootstrapper - Found @SpringBootConfiguration org.springframework.samples.petclinic.PetClinicApplication for test class org.springframework.samples.petclinic.acceptance.Cp09Tests
INFO  AUDIT - owner id=192 memberId=NSW260F0DE0067 registrationDate=2026-09-07 membershipLevel=1
INFO  AUDIT - {"seq":182,"ownerId":192,"memberId":"NSW260F0DE0067","membershipLevel":"1","event":"OWNER_CREATED"}
INFO  NOTIFY - welcome owner id=192 memberId=NSW260F0DE0067
INFO  AnnotationConfigContextLoaderUtils - Could not detect default configuration classes for test class [org.springframework.samples.petclinic.acceptance.Cp52Tests]: Cp52Tests does not declare any static, non-private, non-final, nested classes annotated with @Configuration.
INFO  SpringBootTestContextBootstrapper - Found @SpringBootConfiguration org.springframework.samples.petclinic.PetClinicApplication for test class org.springframework.samples.petclinic.acceptance.Cp52Tests
INFO  AnnotationConfigContextLoaderUtils - Could not detect default configuration classes for test class [org.springframework.samples.petclinic.acceptance.Cp52Tests]: Cp52Tests does not declare any static, non-private, non-final, nested classes annotated with @Configuration.
INFO  AnnotationConfigContextLoaderUtils - Could not detect default configuration classes for test class [org.springframework.samples.petclinic.acceptance.AcceptanceBase]: AcceptanceBase does not declare any static, non-private, non-final, nested classes annotated with @Configuration.
INFO  SpringBootTestContextBootstrapper - Found @SpringBootConfiguration org.springframework.samples.petclinic.PetClinicApplication for test class org.springframework.samples.petclinic.acceptance.Cp52Tests
INFO  AUDIT - owner id=193 memberId=NSW26779D69B51 registrationDate=2026-09-07 membershipLevel=1
INFO  AUDIT - {"seq":183,"ownerId":193,"memberId":"NSW26779D69B51","membershipLevel":"1","event":"OWNER_CREATED"}
INFO  NOTIFY - welcome owner id=193 memberId=NSW26779D69B51
INFO  AUDIT - owner id=194 memberId=NSW2666AF52FE7 registrationDate=2026-09-07 membershipLevel=2
INFO  AUDIT - {"seq":184,"ownerId":194,"memberId":"NSW2666AF52FE7","membershipLevel":"2","event":"OWNER_CREATED"}
INFO  NOTIFY - welcome owner id=194 memberId=NSW2666AF52FE7
INFO  AnnotationConfigContextLoaderUtils - Could not detect default configuration classes for test class [org.springframework.samples.petclinic.acceptance.Cp23Tests]: Cp23Tests does not declare any static, non-private, non-final, nested classes annotated with @Configuration.
INFO  SpringBootTestContextBootstrapper - Found @SpringBootConfiguration org.springframework.samples.petclinic.PetClinicApplication for test class org.springframework.samples.petclinic.acceptance.Cp23Tests
INFO  AnnotationConfigContextLoaderUtils - Could not detect default configuration classes for test class [org.springframework.samples.petclinic.acceptance.Cp23Tests]: Cp23Tests does not declare any static, non-private, non-final, nested classes annotated with @Configuration.
INFO  AnnotationConfigContextLoaderUtils - Could not detect default configuration classes for test class [org.springframework.samples.petclinic.acceptance.AcceptanceBase]: AcceptanceBase does not declare any static, non-private, non-final, nested classes annotated with @Configuration.
INFO  SpringBootTestContextBootstrapper - Found @SpringBootConfiguration org.springframework.samples.petclinic.PetClinicApplication for test class org.springframework.samples.petclinic.acceptance.Cp23Tests
INFO  AUDIT - owner id=195 memberId=NSW263494F2B96 registrationDate=2026-09-07 membershipLevel=1
INFO  AUDIT - {"seq":185,"ownerId":195,"memberId":"NSW263494F2B96","membershipLevel":"1","event":"OWNER_CREATED"}
INFO  NOTIFY - welcome owner id=195 memberId=NSW263494F2B96
INFO  AUDIT - owner id=196 memberId=NSW2642F1C6938 registrationDate=2026-09-07 membershipLevel=1
INFO  AUDIT - {"seq":186,"ownerId":196,"memberId":"NSW2642F1C6938","membershipLevel":"1","event":"OWNER_CREATED"}
INFO  NOTIFY - welcome owner id=196 memberId=NSW2642F1C6938
INFO  AUDIT - owner id=197 memberId=NSW2606D2A3F15 registrationDate=2026-09-07 membershipLevel=2
INFO  AUDIT - {"seq":187,"ownerId":197,"memberId":"NSW2606D2A3F15","membershipLevel":"2","event":"OWNER_CREATED"}
INFO  NOTIFY - welcome owner id=197 memberId=NSW2606D2A3F15

MockHttpServletRequest:
      HTTP Method = POST
      Request URI = /api/owners
       Parameters = {}
          Headers = [Content-Type:"application/json;charset=UTF-8", Content-Length:"152"]
             Body = {"firstName":"Fnadh","lastName":"Suradc","address":"785 Test Street","city":"Town786","telephone":"0400000787","postcode":"2000","sharesHousehold":true}
    Session Attrs = {SPRING_SECURITY_CONTEXT=SecurityContextImpl [Authentication=UsernamePasswordAuthenticationToken [Principal=org.springframework.security.core.userdetails.User [Username=acceptance-admin, Password=[PROTECTED], Enabled=true, AccountNonExpired=true, CredentialsNonExpired=true, AccountNonLocked=true, Granted Authorities=[ROLE_ADMIN, ROLE_OWNER_ADMIN, ROLE_VET_ADMIN]], Credentials=[PROTECTED], Authenticated=true, Details=null, Granted Authorities=[ROLE_ADMIN, ROLE_OWNER_ADMIN, ROLE_VET_ADMIN]]]}

Handler:
             Type = org.springframework.samples.petclinic.rest.controller.v1.OwnerRestControllerV1
           Method = org.springframework.samples.petclinic.rest.controller.v1.OwnerRestControllerV1#addOwner(OwnerFieldsDto)

Async:
    Async started = false
     Async result = null

Resolved Exception:
             Type = null

ModelAndView:
        View name = null
             View = null
            Model = null

FlashMap:
       Attributes = null

MockHttpServletResponse:
           Status = 201
    Error message = null
          Headers = [Vary:"Origin", "Access-Control-Request-Method", "Access-Control-Request-Headers", Location:"/api/owners/195", Content-Type:"application/json", Content-Length:"899", X-Content-Type-Options:"nosniff", X-XSS-Protection:"0", Cache-Control:"no-cache, no-store, max-age=0, must-revalidate", Pragma:"no-cache", Expires:"0", X-Frame-Options:"DENY"]
     Content type = application/json
             Body = {"firstName":"Fnadh","lastName":"Suradc","city":"Town786","telephone":"+61400000787","pets":[],"address":"785 TEST STREET","addressLine1":null,"addressLine2":null,"ageBand":null,"birthDate":null,"bulkSignupWarning":false,"capacityWarning":false,"contactPreference":"PHONE","deleted":false,"displayName":"Suradc, Fnadh","email":null,"fiscalYear":"FY26","householdId":"661089A2EA62","id":195,"identityKey":"a95454080eb4dba9fd6bd6f23f2e54e5bec03361a3a2e890b9bfa876078255c1","initials":"F.S.","locality":"NSW","memberId":"NSW263494F2B96","membershipLevel":1,"membershipPoints":1,"namesakeCount":0,"ownerSegment":"STANDARD_METRO","possibleDuplicate":false,"possibleDuplicateOf":null,"postcode":"2000","registrationDate":"2026-09-07","riskFlag":false,"salutation":"Suradc","selfLink":"/api/owners/195","sharesHousehold":null,"telephoneDisplay":"+61 400 000 787","timezone":"Australia/Sydney","title":null}
    Forwarded URL = null
   Redirected URL = /api/owners/195
          Cookies = []

MockHttpServletRequest:
      HTTP Method = POST
      Request URI = /api/owners
       Parameters = {}
          Headers = [Content-Type:"application/json;charset=UTF-8", Content-Length:"152"]
             Body = {"firstName":"Fnadm","lastName":"Suradc","address":"790 Test Street","city":"Town791","telephone":"0400000792","postcode":"2000","sharesHousehold":true}
    Session Attrs = {SPRING_SECURITY_CONTEXT=SecurityContextImpl [Authentication=UsernamePasswordAuthenticationToken [Principal=org.springframework.security.core.userdetails.User [Username=acceptance-admin, Password=[PROTECTED], Enabled=true, AccountNonExpired=true, CredentialsNonExpired=true, AccountNonLocked=true, Granted Authorities=[ROLE_ADMIN, ROLE_OWNER_ADMIN, ROLE_VET_ADMIN]], Credentials=[PROTECTED], Authenticated=true, Details=null, Granted Authorities=[ROLE_ADMIN, ROLE_OWNER_ADMIN, ROLE_VET_ADMIN]]]}

Handler:
             Type = org.springframework.samples.petclinic.rest.controller.v1.OwnerRestControllerV1
           Method = org.springframework.samples.petclinic.rest.controller.v1.OwnerRestControllerV1#addOwner(OwnerFieldsDto)

Async:
    Async started = false
     Async result = null

Resolved Exception:
             Type = null

ModelAndView:
        View name = null
             View = null
            Model = null

FlashMap:
       Attributes = null

MockHttpServletResponse:
           Status = 201
    Error message = null
          Headers = [Vary:"Origin", "Access-Control-Request-Method", "Access-Control-Request-Headers", Location:"/api/owners/196", Content-Type:"application/json", Content-Length:"899", X-Content-Type-Options:"nosniff", X-XSS-Protection:"0", Cache-Control:"no-cache, no-store, max-age=0, must-revalidate", Pragma:"no-cache", Expires:"0", X-Frame-Options:"DENY"]
     Content type = application/json
             Body = {"firstName":"Fnadm","lastName":"Suradc","city":"Town791","telephone":"+61400000792","pets":[],"address":"790 TEST STREET","addressLine1":null,"addressLine2":null,"ageBand":null,"birthDate":null,"bulkSignupWarning":false,"capacityWarning":false,"contactPreference":"PHONE","deleted":false,"displayName":"Suradc, Fnadm","email":null,"fiscalYear":"FY26","householdId":"661089A2EA62","id":196,"identityKey":"7a63c0e91f1ba4a6f7ab84aa05498a1deb583a7954faf6c6f806d94e5adf4e50","initials":"F.S.","locality":"NSW","memberId":"NSW2642F1C6938","membershipLevel":1,"membershipPoints":1,"namesakeCount":0,"ownerSegment":"STANDARD_METRO","possibleDuplicate":false,"possibleDuplicateOf":null,"postcode":"2000","registrationDate":"2026-09-07","riskFlag":false,"salutation":"Suradc","selfLink":"/api/owners/196","sharesHousehold":null,"telephoneDisplay":"+61 400 000 792","timezone":"Australia/Sydney","title":null}
    Forwarded URL = null
   Redirected URL = /api/owners/196
          Cookies = []

MockHttpServletRequest:
      HTTP Method = POST
      Request URI = /api/owners
       Parameters = {}
          Headers = [Content-Type:"application/json;charset=UTF-8", Content-Length:"184"]
             Body = {"firstName":"Fnadr","lastName":"Suradc","address":"795 Test Street","city":"Town796","telephone":"0400000797","postcode":"2000","sharesHousehold":true,"email":"owner799@example.test"}
    Session Attrs = {SPRING_SECURITY_CONTEXT=SecurityContextImpl [Authentication=UsernamePasswordAuthenticationToken [Principal=org.springframework.security.core.userdetails.User [Username=acceptance-admin, Password=[PROTECTED], Enabled=true, AccountNonExpired=true, CredentialsNonExpired=true, AccountNonLocked=true, Granted Authorities=[ROLE_ADMIN, ROLE_OWNER_ADMIN, ROLE_VET_ADMIN]], Credentials=[PROTECTED], Authenticated=true, Details=null, Granted Authorities=[ROLE_ADMIN, ROLE_OWNER_ADMIN, ROLE_VET_ADMIN]]]}

Handler:
             Type = org.springframework.samples.petclinic.rest.controller.v1.OwnerRestControllerV1
           Method = org.springframework.samples.petclinic.rest.controller.v1.OwnerRestControllerV1#addOwner(OwnerFieldsDto)

Async:
    Async started = false
     Async result = null

Resolved Exception:
             Type = null

ModelAndView:
        View name = null
             View = null
            Model = null

FlashMap:
       Attributes = null

MockHttpServletResponse:
           Status = 201
    Error message = null
          Headers = [Vary:"Origin", "Access-Control-Request-Method", "Access-Control-Request-Headers", Location:"/api/owners/197", Content-Type:"application/json", Content-Length:"918", X-Content-Type-Options:"nosniff", X-XSS-Protection:"0", Cache-Control:"no-cache, no-store, max-age=0, must-revalidate", Pragma:"no-cache", Expires:"0", X-Frame-Options:"DENY"]
     Content type = application/json
             Body = {"firstName":"Fnadr","lastName":"Suradc","city":"Town796","telephone":"+61400000797","pets":[],"address":"795 TEST STREET","addressLine1":null,"addressLine2":null,"ageBand":null,"birthDate":null,"bulkSignupWarning":false,"capacityWarning":false,"contactPreference":"EMAIL","deleted":false,"displayName":"Suradc, Fnadr","email":"owner799@example.test","fiscalYear":"FY26","householdId":"661089A2EA62","id":197,"identityKey":"70d9d044acd64aa5cef1dc8efcca129e35590d4538de8b7a52c636cea0d727af","initials":"F.S.","locality":"NSW","memberId":"NSW2606D2A3F15","membershipLevel":2,"membershipPoints":3,"namesakeCount":0,"ownerSegment":"STANDARD_METRO","possibleDuplicate":false,"possibleDuplicateOf":null,"postcode":"2000","registrationDate":"2026-09-07","riskFlag":false,"salutation":"Suradc","selfLink":"/api/owners/197","sharesHousehold":null,"telephoneDisplay":"+61 400 000 797","timezone":"Australia/Sydney","title":null}
    Forwarded URL = null
   Redirected URL = /api/owners/197
          Cookies = []

MockHttpServletRequest:
      HTTP Method = GET
      Request URI = /api/owners/197
       Parameters = {}
          Headers = []
             Body = null
    Session Attrs = {SPRING_SECURITY_CONTEXT=SecurityContextImpl [Authentication=UsernamePasswordAuthenticationToken [Principal=org.springframework.security.core.userdetails.User [Username=acceptance-admin, Password=[PROTECTED], Enabled=true, AccountNonExpired=true, CredentialsNonExpired=true, AccountNonLocked=true, Granted Authorities=[ROLE_ADMIN, ROLE_OWNER_ADMIN, ROLE_VET_ADMIN]], Credentials=[PROTECTED], Authenticated=true, Details=null, Granted Authorities=[ROLE_ADMIN, ROLE_OWNER_ADMIN, ROLE_VET_ADMIN]]]}

Handler:
             Type = org.springframework.samples.petclinic.rest.controller.v1.OwnerRestControllerV1
           Method = org.springframework.samples.petclinic.rest.controller.v1.OwnerRestControllerV1#getOwner(Integer)

Async:
    Async started = false
     Async result = null

Resolved Exception:
             Type = null

ModelAndView:
        View name = null
             View = null
            Model = null

FlashMap:
       Attributes = null

MockHttpServletResponse:
           Status = 200
    Error message = null
          Headers = [Vary:"Origin", "Access-Control-Request-Method", "Access-Control-Request-Headers", Content-Type:"application/json", Content-Length:"918", X-Content-Type-Options:"nosniff", X-XSS-Protection:"0", Cache-Control:"no-cache, no-store, max-age=0, must-revalidate", Pragma:"no-cache", Expires:"0", X-Frame-Options:"DENY"]
     Content type = application/json
             Body = {"firstName":"Fnadr","lastName":"Suradc","city":"Town796","telephone":"+61400000797","pets":[],"address":"795 TEST STREET","addressLine1":null,"addressLine2":null,"ageBand":null,"birthDate":null,"bulkSignupWarning":false,"capacityWarning":false,"contactPreference":"EMAIL","deleted":false,"displayName":"Suradc, Fnadr","email":"owner799@example.test","fiscalYear":"FY26","householdId":"661089A2EA62","id":197,"identityKey":"70d9d044acd64aa5cef1dc8efcca129e35590d4538de8b7a52c636cea0d727af","initials":"F.S.","locality":"NSW","memberId":"NSW2606D2A3F15","membershipLevel":2,"membershipPoints":3,"namesakeCount":0,"ownerSegment":"STANDARD_METRO","possibleDuplicate":false,"possibleDuplicateOf":null,"postcode":"2000","registrationDate":"2026-09-07","riskFlag":false,"salutation":"Suradc","selfLink":"/api/owners/197","sharesHousehold":null,"telephoneDisplay":"+61 400 000 797","timezone":"Australia/Sydney","title":null}
    Forwarded URL = null
   Redirected URL = null
          Cookies = []
[ERROR] Tests run: 1, Failures: 1, Errors: 0, Skipped: 0, Time elapsed: 0.049 s <<< FAILURE! -- in org.springframework.samples.petclinic.acceptance.Cp23Tests
[ERROR] org.springframework.samples.petclinic.acceptance.Cp23Tests.coreHouseholdAddsPoints -- Time elapsed: 0.041 s <<< FAILURE!
java.lang.AssertionError: JSON path "$.membershipPoints" expected:<5> but was:<3>
	at org.springframework.test.util.AssertionErrors.fail(AssertionErrors.java:62)
	at org.springframework.test.util.AssertionErrors.assertEquals(AssertionErrors.java:129)
	at org.springframework.test.util.JsonPathExpectationsHelper.assertValue(JsonPathExpectationsHelper.java:172)
	at org.springframework.test.web.servlet.result.JsonPathResultMatchers.lambda$value$2(JsonPathResultMatchers.java:111)
	at org.springframework.test.web.servlet.MockMvc$1.andExpect(MockMvc.java:212)
	at org.springframework.samples.petclinic.acceptance.Cp23Tests.coreHouseholdAddsPoints(Cp23Tests.java:28)

INFO  AnnotationConfigContextLoaderUtils - Could not detect default configuration classes for test class [org.springframework.samples.petclinic.acceptance.Cp33Tests]: Cp33Tests does not declare any static, non-private, non-final, nested classes annotated with @Configuration.
INFO  SpringBootTestContextBootstrapper - Found @SpringBootConfiguration org.springframework.samples.petclinic.PetClinicApplication for test class org.springframework.samples.petclinic.acceptance.Cp33Tests
INFO  AnnotationConfigContextLoaderUtils - Could not detect default configuration classes for test class [org.springframework.samples.petclinic.acceptance.Cp33Tests]: Cp33Tests does not declare any static, non-private, non-final, nested classes annotated with @Configuration.
INFO  AnnotationConfigContextLoaderUtils - Could not detect default configuration classes for test class [org.springframework.samples.petclinic.acceptance.AcceptanceBase]: AcceptanceBase does not declare any static, non-private, non-final, nested classes annotated with @Configuration.
INFO  SpringBootTestContextBootstrapper - Found @SpringBootConfiguration org.springframework.samples.petclinic.PetClinicApplication for test class org.springframework.samples.petclinic.acceptance.Cp33Tests
DEBUG ExceptionControllerAdvice - Validation error at POST /api/owners: [Field error in object 'ownerFieldsDto' on field 'registrationDate': rejected value [2999-01-01]; codes [PastOrPresent.ownerFieldsDto.registrationDate,PastOrPresent.registrationDate,PastOrPresent.java.time.LocalDate,PastOrPresent]; arguments [org.springframework.context.support.DefaultMessageSourceResolvable: codes [ownerFieldsDto.registrationDate,registrationDate]; arguments []; default message [registrationDate]]; default message [must be a date in the past or in the present]]
INFO  AnnotationConfigContextLoaderUtils - Could not detect default configuration classes for test class [org.springframework.samples.petclinic.acceptance.Cp57Tests]: Cp57Tests does not declare any static, non-private, non-final, nested classes annotated with @Configuration.
INFO  SpringBootTestContextBootstrapper - Found @SpringBootConfiguration org.springframework.samples.petclinic.PetClinicApplication for test class org.springframework.samples.petclinic.acceptance.Cp57Tests
INFO  AnnotationConfigContextLoaderUtils - Could not detect default configuration classes for test class [org.springframework.samples.petclinic.acceptance.Cp57Tests]: Cp57Tests does not declare any static, non-private, non-final, nested classes annotated with @Configuration.
INFO  AnnotationConfigContextLoaderUtils - Could not detect default configuration classes for test class [org.springframework.samples.petclinic.acceptance.AcceptanceBase]: AcceptanceBase does not declare any static, non-private, non-final, nested classes annotated with @Configuration.
INFO  SpringBootTestContextBootstrapper - Found @SpringBootConfiguration org.springframework.samples.petclinic.PetClinicApplication for test class org.springframework.samples.petclinic.acceptance.Cp57Tests
INFO  AUDIT - owner id=198 memberId=NSW2629C06FA35 registrationDate=2026-09-07 membershipLevel=1
INFO  AUDIT - {"seq":188,"ownerId":198,"memberId":"NSW2629C06FA35","membershipLevel":"1","event":"OWNER_CREATED"}
INFO  NOTIFY - welcome owner id=198 memberId=NSW2629C06FA35
INFO  AnnotationConfigContextLoaderUtils - Could not detect default configuration classes for test class [org.springframework.samples.petclinic.acceptance.Cp20Tests]: Cp20Tests does not declare any static, non-private, non-final, nested classes annotated with @Configuration.
INFO  SpringBootTestContextBootstrapper - Found @SpringBootConfiguration org.springframework.samples.petclinic.PetClinicApplication for test class org.springframework.samples.petclinic.acceptance.Cp20Tests
INFO  AnnotationConfigContextLoaderUtils - Could not detect default configuration classes for test class [org.springframework.samples.petclinic.acceptance.Cp20Tests]: Cp20Tests does not declare any static, non-private, non-final, nested classes annotated with @Configuration.
INFO  AnnotationConfigContextLoaderUtils - Could not detect default configuration classes for test class [org.springframework.samples.petclinic.acceptance.AcceptanceBase]: AcceptanceBase does not declare any static, non-private, non-final, nested classes annotated with @Configuration.
INFO  SpringBootTestContextBootstrapper - Found @SpringBootConfiguration org.springframework.samples.petclinic.PetClinicApplication for test class org.springframework.samples.petclinic.acceptance.Cp20Tests
INFO  AUDIT - owner id=199 memberId=UNKNOWN262C66F4AC6 registrationDate=2026-09-07 membershipLevel=1
INFO  AUDIT - {"seq":189,"ownerId":199,"memberId":"UNKNOWN262C66F4AC6","membershipLevel":"1","event":"OWNER_CREATED"}
INFO  NOTIFY - welcome owner id=199 memberId=UNKNOWN262C66F4AC6
INFO  AnnotationConfigContextLoaderUtils - Could not detect default configuration classes for test class [org.springframework.samples.petclinic.acceptance.Cp15Tests]: Cp15Tests does not declare any static, non-private, non-final, nested classes annotated with @Configuration.
INFO  SpringBootTestContextBootstrapper - Found @SpringBootConfiguration org.springframework.samples.petclinic.PetClinicApplication for test class org.springframework.samples.petclinic.acceptance.Cp15Tests
INFO  AnnotationConfigContextLoaderUtils - Could not detect default configuration classes for test class [org.springframework.samples.petclinic.acceptance.Cp15Tests]: Cp15Tests does not declare any static, non-private, non-final, nested classes annotated with @Configuration.
INFO  AnnotationConfigContextLoaderUtils - Could not detect default configuration classes for test class [org.springframework.samples.petclinic.acceptance.AcceptanceBase]: AcceptanceBase does not declare any static, non-private, non-final, nested classes annotated with @Configuration.
INFO  SpringBootTestContextBootstrapper - Found @SpringBootConfiguration org.springframework.samples.petclinic.PetClinicApplication for test class org.springframework.samples.petclinic.acceptance.Cp15Tests
INFO  AUDIT - owner id=200 memberId=UNKNOWN261C2670BE6 registrationDate=2026-09-07 membershipLevel=2
INFO  AUDIT - {"seq":190,"ownerId":200,"memberId":"UNKNOWN261C2670BE6","membershipLevel":"2","event":"OWNER_CREATED"}
INFO  NOTIFY - welcome owner id=200 memberId=UNKNOWN261C2670BE6
INFO  AnnotationConfigContextLoaderUtils - Could not detect default configuration classes for test class [org.springframework.samples.petclinic.acceptance.Cp31Tests]: Cp31Tests does not declare any static, non-private, non-final, nested classes annotated with @Configuration.
INFO  SpringBootTestContextBootstrapper - Found @SpringBootConfiguration org.springframework.samples.petclinic.PetClinicApplication for test class org.springframework.samples.petclinic.acceptance.Cp31Tests
INFO  AnnotationConfigContextLoaderUtils - Could not detect default configuration classes for test class [org.springframework.samples.petclinic.acceptance.Cp31Tests]: Cp31Tests does not declare any static, non-private, non-final, nested classes annotated with @Configuration.
INFO  AnnotationConfigContextLoaderUtils - Could not detect default configuration classes for test class [org.springframework.samples.petclinic.acceptance.AcceptanceBase]: AcceptanceBase does not declare any static, non-private, non-final, nested classes annotated with @Configuration.
INFO  SpringBootTestContextBootstrapper - Found @SpringBootConfiguration org.springframework.samples.petclinic.PetClinicApplication for test class org.springframework.samples.petclinic.acceptance.Cp31Tests
INFO  AUDIT - owner id=201 memberId=NSW26DDD1FC1C2 registrationDate=2026-09-07 membershipLevel=1
INFO  AUDIT - {"seq":191,"ownerId":201,"memberId":"NSW26DDD1FC1C2","membershipLevel":"1","event":"OWNER_CREATED"}
INFO  NOTIFY - welcome owner id=201 memberId=NSW26DDD1FC1C2
INFO  AnnotationConfigContextLoaderUtils - Could not detect default configuration classes for test class [org.springframework.samples.petclinic.acceptance.Cp01Tests]: Cp01Tests does not declare any static, non-private, non-final, nested classes annotated with @Configuration.
INFO  SpringBootTestContextBootstrapper - Found @SpringBootConfiguration org.springframework.samples.petclinic.PetClinicApplication for test class org.springframework.samples.petclinic.acceptance.Cp01Tests
INFO  AnnotationConfigContextLoaderUtils - Could not detect default configuration classes for test class [org.springframework.samples.petclinic.acceptance.Cp01Tests]: Cp01Tests does not declare any static, non-private, non-final, nested classes annotated with @Configuration.
INFO  AnnotationConfigContextLoaderUtils - Could not detect default configuration classes for test class [org.springframework.samples.petclinic.acceptance.AcceptanceBase]: AcceptanceBase does not declare any static, non-private, non-final, nested classes annotated with @Configuration.
INFO  SpringBootTestContextBootstrapper - Found @SpringBootConfiguration org.springframework.samples.petclinic.PetClinicApplication for test class org.springframework.samples.petclinic.acceptance.Cp01Tests
INFO  AUDIT - owner id=202 memberId=NSW266089382B3 registrationDate=2026-09-07 membershipLevel=1
INFO  AUDIT - {"seq":192,"ownerId":202,"memberId":"NSW266089382B3","membershipLevel":"1","event":"OWNER_CREATED"}
INFO  NOTIFY - welcome owner id=202 memberId=NSW266089382B3

MockHttpServletRequest:
      HTTP Method = POST
      Request URI = /api/owners
       Parameters = {}
          Headers = [Content-Type:"application/json;charset=UTF-8", Content-Length:"100"]
             Body = {"firstName":"Test","lastName":"Suraep","city":"Town824","telephone":"0400000825","postcode":"2000"}
    Session Attrs = {SPRING_SECURITY_CONTEXT=SecurityContextImpl [Authentication=UsernamePasswordAuthenticationToken [Principal=org.springframework.security.core.userdetails.User [Username=acceptance-admin, Password=[PROTECTED], Enabled=true, AccountNonExpired=true, CredentialsNonExpired=true, AccountNonLocked=true, Granted Authorities=[ROLE_ADMIN, ROLE_OWNER_ADMIN, ROLE_VET_ADMIN]], Credentials=[PROTECTED], Authenticated=true, Details=null, Granted Authorities=[ROLE_ADMIN, ROLE_OWNER_ADMIN, ROLE_VET_ADMIN]]]}

Handler:
             Type = org.springframework.samples.petclinic.rest.controller.v1.OwnerRestControllerV1
           Method = org.springframework.samples.petclinic.rest.controller.v1.OwnerRestControllerV1#addOwner(OwnerFieldsDto)

Async:
    Async started = false
     Async result = null

Resolved Exception:
             Type = null

ModelAndView:
        View name = null
             View = null
            Model = null

FlashMap:
       Attributes = null

MockHttpServletResponse:
           Status = 201
    Error message = null
          Headers = [Vary:"Origin", "Access-Control-Request-Method", "Access-Control-Request-Headers", Location:"/api/owners/202", Content-Type:"application/json", Content-Length:"884", X-Content-Type-Options:"nosniff", X-XSS-Protection:"0", Cache-Control:"no-cache, no-store, max-age=0, must-revalidate", Pragma:"no-cache", Expires:"0", X-Frame-Options:"DENY"]
     Content type = application/json
             Body = {"firstName":"Test","lastName":"Suraep","city":"Town824","telephone":"+61400000825","pets":[],"address":null,"addressLine1":null,"addressLine2":null,"ageBand":null,"birthDate":null,"bulkSignupWarning":false,"capacityWarning":false,"contactPreference":"PHONE","deleted":false,"displayName":"Suraep, Test","email":null,"fiscalYear":"FY26","householdId":"DF8FABAC6917","id":202,"identityKey":"6444556f805ddfc1a144c2cf838627034281da8cb3bdffba10c5ffb5a140f553","initials":"T.S.","locality":"NSW","memberId":"NSW266089382B3","membershipLevel":1,"membershipPoints":1,"namesakeCount":0,"ownerSegment":"STANDARD_METRO","possibleDuplicate":false,"possibleDuplicateOf":null,"postcode":"2000","registrationDate":"2026-09-07","riskFlag":false,"salutation":"Suraep","selfLink":"/api/owners/202","sharesHousehold":null,"telephoneDisplay":"+61 400 000 825","timezone":"Australia/Sydney","title":null}
    Forwarded URL = null
   Redirected URL = /api/owners/202
          Cookies = []
DEBUG ExceptionControllerAdvice - Validation error at POST /api/owners: [Field error in object 'ownerFieldsDto' on field 'city': rejected value [null]; codes [NotNull.ownerFieldsDto.city,NotNull.city,NotNull.java.lang.String,NotNull]; arguments [org.springframework.context.support.DefaultMessageSourceResolvable: codes [ownerFieldsDto.city,city]; arguments []; default message [city]]; default message [must not be null]]
[ERROR] Tests run: 2, Failures: 1, Errors: 0, Skipped: 0, Time elapsed: 0.032 s <<< FAILURE! -- in org.springframework.samples.petclinic.acceptance.Cp01Tests
[ERROR] org.springframework.samples.petclinic.acceptance.Cp01Tests.coreRejectsWhenNoAddressAtAll -- Time elapsed: 0.018 s <<< FAILURE!
java.lang.AssertionError: Status expected:<400> but was:<201>
	at org.springframework.test.util.AssertionErrors.fail(AssertionErrors.java:62)
	at org.springframework.test.util.AssertionErrors.assertEquals(AssertionErrors.java:129)
	at org.springframework.test.web.servlet.result.StatusResultMatchers.lambda$matcher$0(StatusResultMatchers.java:600)
	at org.springframework.test.web.servlet.MockMvc$1.andExpect(MockMvc.java:212)
	at org.springframework.samples.petclinic.acceptance.Cp01Tests.coreRejectsWhenNoAddressAtAll(Cp01Tests.java:18)

INFO  AnnotationConfigContextLoaderUtils - Could not detect default configuration classes for test class [org.springframework.samples.petclinic.acceptance.Cp26Tests]: Cp26Tests does not declare any static, non-private, non-final, nested classes annotated with @Configuration.
INFO  SpringBootTestContextBootstrapper - Found @SpringBootConfiguration org.springframework.samples.petclinic.PetClinicApplication for test class org.springframework.samples.petclinic.acceptance.Cp26Tests
INFO  AnnotationConfigContextLoaderUtils - Could not detect default configuration classes for test class [org.springframework.samples.petclinic.acceptance.Cp26Tests]: Cp26Tests does not declare any static, non-private, non-final, nested classes annotated with @Configuration.
INFO  AnnotationConfigContextLoaderUtils - Could not detect default configuration classes for test class [org.springframework.samples.petclinic.acceptance.AcceptanceBase]: AcceptanceBase does not declare any static, non-private, non-final, nested classes annotated with @Configuration.
INFO  SpringBootTestContextBootstrapper - Found @SpringBootConfiguration org.springframework.samples.petclinic.PetClinicApplication for test class org.springframework.samples.petclinic.acceptance.Cp26Tests
INFO  AnnotationConfigContextLoaderUtils - Could not detect default configuration classes for test class [org.springframework.samples.petclinic.acceptance.Cp56Tests]: Cp56Tests does not declare any static, non-private, non-final, nested classes annotated with @Configuration.
INFO  SpringBootTestContextBootstrapper - Found @SpringBootConfiguration org.springframework.samples.petclinic.PetClinicApplication for test class org.springframework.samples.petclinic.acceptance.Cp56Tests
INFO  AnnotationConfigContextLoaderUtils - Could not detect default configuration classes for test class [org.springframework.samples.petclinic.acceptance.Cp56Tests]: Cp56Tests does not declare any static, non-private, non-final, nested classes annotated with @Configuration.
INFO  AnnotationConfigContextLoaderUtils - Could not detect default configuration classes for test class [org.springframework.samples.petclinic.acceptance.AcceptanceBase]: AcceptanceBase does not declare any static, non-private, non-final, nested classes annotated with @Configuration.
INFO  SpringBootTestContextBootstrapper - Found @SpringBootConfiguration org.springframework.samples.petclinic.PetClinicApplication for test class org.springframework.samples.petclinic.acceptance.Cp56Tests
INFO  AUDIT - owner id=203 memberId=NSW26C415EC7F9 registrationDate=2026-09-07 membershipLevel=1
INFO  AUDIT - {"seq":193,"ownerId":203,"memberId":"NSW26C415EC7F9","membershipLevel":"1","event":"OWNER_CREATED"}
INFO  NOTIFY - welcome owner id=203 memberId=NSW26C415EC7F9
INFO  AnnotationConfigContextLoaderUtils - Could not detect default configuration classes for test class [org.springframework.samples.petclinic.acceptance.Cp46Tests]: Cp46Tests does not declare any static, non-private, non-final, nested classes annotated with @Configuration.
INFO  SpringBootTestContextBootstrapper - Found @SpringBootConfiguration org.springframework.samples.petclinic.PetClinicApplication for test class org.springframework.samples.petclinic.acceptance.Cp46Tests
INFO  AnnotationConfigContextLoaderUtils - Could not detect default configuration classes for test class [org.springframework.samples.petclinic.acceptance.Cp46Tests]: Cp46Tests does not declare any static, non-private, non-final, nested classes annotated with @Configuration.
INFO  AnnotationConfigContextLoaderUtils - Could not detect default configuration classes for test class [org.springframework.samples.petclinic.acceptance.AcceptanceBase]: AcceptanceBase does not declare any static, non-private, non-final, nested classes annotated with @Configuration.
INFO  SpringBootTestContextBootstrapper - Found @SpringBootConfiguration org.springframework.samples.petclinic.PetClinicApplication for test class org.springframework.samples.petclinic.acceptance.Cp46Tests
INFO  AUDIT - owner id=204 memberId=NSW26F86CB3589 registrationDate=2026-09-07 membershipLevel=2
INFO  AUDIT - {"seq":194,"ownerId":204,"memberId":"NSW26F86CB3589","membershipLevel":"2","event":"OWNER_CREATED"}
INFO  NOTIFY - welcome owner id=204 memberId=NSW26F86CB3589
INFO  AUDIT - owner id=205 memberId=NSW26F86CB3589-2 registrationDate=2026-09-07 membershipLevel=2
INFO  AUDIT - {"seq":195,"ownerId":205,"memberId":"NSW26F86CB3589-2","membershipLevel":"2","event":"OWNER_CREATED"}
INFO  NOTIFY - welcome owner id=205 memberId=NSW26F86CB3589-2
INFO  AnnotationConfigContextLoaderUtils - Could not detect default configuration classes for test class [org.springframework.samples.petclinic.acceptance.Cp27Tests]: Cp27Tests does not declare any static, non-private, non-final, nested classes annotated with @Configuration.
INFO  SpringBootTestContextBootstrapper - Found @SpringBootConfiguration org.springframework.samples.petclinic.PetClinicApplication for test class org.springframework.samples.petclinic.acceptance.Cp27Tests
INFO  AnnotationConfigContextLoaderUtils - Could not detect default configuration classes for test class [org.springframework.samples.petclinic.acceptance.Cp27Tests]: Cp27Tests does not declare any static, non-private, non-final, nested classes annotated with @Configuration.
INFO  AnnotationConfigContextLoaderUtils - Could not detect default configuration classes for test class [org.springframework.samples.petclinic.acceptance.AcceptanceBase]: AcceptanceBase does not declare any static, non-private, non-final, nested classes annotated with @Configuration.
INFO  SpringBootTestContextBootstrapper - Found @SpringBootConfiguration org.springframework.samples.petclinic.PetClinicApplication for test class org.springframework.samples.petclinic.acceptance.Cp27Tests
INFO  AUDIT - owner id=206 memberId=UNKNOWN26BAA4DDA84 registrationDate=2026-09-07 membershipLevel=2
INFO  AUDIT - {"seq":196,"ownerId":206,"memberId":"UNKNOWN26BAA4DDA84","membershipLevel":"2","event":"OWNER_CREATED"}
INFO  NOTIFY - welcome owner id=206 memberId=UNKNOWN26BAA4DDA84
INFO  AUDIT - owner id=207 memberId=UNKNOWN26C96245B57 registrationDate=2026-09-07 membershipLevel=1
INFO  AUDIT - {"seq":197,"ownerId":207,"memberId":"UNKNOWN26C96245B57","membershipLevel":"1","event":"OWNER_CREATED"}
INFO  NOTIFY - welcome owner id=207 memberId=UNKNOWN26C96245B57
INFO  AnnotationConfigContextLoaderUtils - Could not detect default configuration classes for test class [org.springframework.samples.petclinic.acceptance.Cp22Tests]: Cp22Tests does not declare any static, non-private, non-final, nested classes annotated with @Configuration.
INFO  SpringBootTestContextBootstrapper - Found @SpringBootConfiguration org.springframework.samples.petclinic.PetClinicApplication for test class org.springframework.samples.petclinic.acceptance.Cp22Tests
INFO  AnnotationConfigContextLoaderUtils - Could not detect default configuration classes for test class [org.springframework.samples.petclinic.acceptance.Cp22Tests]: Cp22Tests does not declare any static, non-private, non-final, nested classes annotated with @Configuration.
INFO  AnnotationConfigContextLoaderUtils - Could not detect default configuration classes for test class [org.springframework.samples.petclinic.acceptance.AcceptanceBase]: AcceptanceBase does not declare any static, non-private, non-final, nested classes annotated with @Configuration.
INFO  SpringBootTestContextBootstrapper - Found @SpringBootConfiguration org.springframework.samples.petclinic.PetClinicApplication for test class org.springframework.samples.petclinic.acceptance.Cp22Tests
INFO  AUDIT - owner id=208 memberId=UNKNOWN26F9B223E44 registrationDate=2026-09-07 membershipLevel=1
INFO  AUDIT - {"seq":198,"ownerId":208,"memberId":"UNKNOWN26F9B223E44","membershipLevel":"1","event":"OWNER_CREATED"}
INFO  NOTIFY - welcome owner id=208 memberId=UNKNOWN26F9B223E44
INFO  AnnotationConfigContextLoaderUtils - Could not detect default configuration classes for test class [org.springframework.samples.petclinic.acceptance.Cp30Tests]: Cp30Tests does not declare any static, non-private, non-final, nested classes annotated with @Configuration.
INFO  SpringBootTestContextBootstrapper - Found @SpringBootConfiguration org.springframework.samples.petclinic.PetClinicApplication for test class org.springframework.samples.petclinic.acceptance.Cp30Tests
INFO  AnnotationConfigContextLoaderUtils - Could not detect default configuration classes for test class [org.springframework.samples.petclinic.acceptance.Cp30Tests]: Cp30Tests does not declare any static, non-private, non-final, nested classes annotated with @Configuration.
INFO  AnnotationConfigContextLoaderUtils - Could not detect default configuration classes for test class [org.springframework.samples.petclinic.acceptance.AcceptanceBase]: AcceptanceBase does not declare any static, non-private, non-final, nested classes annotated with @Configuration.
INFO  SpringBootTestContextBootstrapper - Found @SpringBootConfiguration org.springframework.samples.petclinic.PetClinicApplication for test class org.springframework.samples.petclinic.acceptance.Cp30Tests
INFO  AUDIT - owner id=209 memberId=NSW26B66B98FB0 registrationDate=2026-09-07 membershipLevel=1
INFO  AUDIT - {"seq":199,"ownerId":209,"memberId":"NSW26B66B98FB0","membershipLevel":"1","event":"OWNER_CREATED"}
INFO  NOTIFY - welcome owner id=209 memberId=NSW26B66B98FB0
INFO  AnnotationConfigContextLoaderUtils - Could not detect default configuration classes for test class [org.springframework.samples.petclinic.acceptance.Cp50Tests]: Cp50Tests does not declare any static, non-private, non-final, nested classes annotated with @Configuration.
INFO  SpringBootTestContextBootstrapper - Found @SpringBootConfiguration org.springframework.samples.petclinic.PetClinicApplication for test class org.springframework.samples.petclinic.acceptance.Cp50Tests
INFO  AnnotationConfigContextLoaderUtils - Could not detect default configuration classes for test class [org.springframework.samples.petclinic.acceptance.Cp50Tests]: Cp50Tests does not declare any static, non-private, non-final, nested classes annotated with @Configuration.
INFO  AnnotationConfigContextLoaderUtils - Could not detect default configuration classes for test class [org.springframework.samples.petclinic.acceptance.AcceptanceBase]: AcceptanceBase does not declare any static, non-private, non-final, nested classes annotated with @Configuration.
INFO  SpringBootTestContextBootstrapper - Found @SpringBootConfiguration org.springframework.samples.petclinic.PetClinicApplication for test class org.springframework.samples.petclinic.acceptance.Cp50Tests
INFO  AUDIT - owner id=210 memberId=NSW26138E34F00 registrationDate=2026-09-07 membershipLevel=1
INFO  AUDIT - {"seq":200,"ownerId":210,"memberId":"NSW26138E34F00","membershipLevel":"1","event":"OWNER_CREATED"}
INFO  NOTIFY - welcome owner id=210 memberId=NSW26138E34F00
INFO  AnnotationConfigContextLoaderUtils - Could not detect default configuration classes for test class [org.springframework.samples.petclinic.acceptance.Cp24Tests]: Cp24Tests does not declare any static, non-private, non-final, nested classes annotated with @Configuration.
INFO  SpringBootTestContextBootstrapper - Found @SpringBootConfiguration org.springframework.samples.petclinic.PetClinicApplication for test class org.springframework.samples.petclinic.acceptance.Cp24Tests
INFO  AnnotationConfigContextLoaderUtils - Could not detect default configuration classes for test class [org.springframework.samples.petclinic.acceptance.Cp24Tests]: Cp24Tests does not declare any static, non-private, non-final, nested classes annotated with @Configuration.
INFO  AnnotationConfigContextLoaderUtils - Could not detect default configuration classes for test class [org.springframework.samples.petclinic.acceptance.AcceptanceBase]: AcceptanceBase does not declare any static, non-private, non-final, nested classes annotated with @Configuration.
INFO  SpringBootTestContextBootstrapper - Found @SpringBootConfiguration org.springframework.samples.petclinic.PetClinicApplication for test class org.springframework.samples.petclinic.acceptance.Cp24Tests
INFO  AUDIT - owner id=211 memberId=NSW266C64298D2 registrationDate=2026-09-07 membershipLevel=2
INFO  AUDIT - {"seq":201,"ownerId":211,"memberId":"NSW266C64298D2","membershipLevel":"2","event":"OWNER_CREATED"}
INFO  NOTIFY - welcome owner id=211 memberId=NSW266C64298D2
INFO  AnnotationConfigContextLoaderUtils - Could not detect default configuration classes for test class [org.springframework.samples.petclinic.acceptance.Cp42Tests]: Cp42Tests does not declare any static, non-private, non-final, nested classes annotated with @Configuration.
INFO  SpringBootTestContextBootstrapper - Found @SpringBootConfiguration org.springframework.samples.petclinic.PetClinicApplication for test class org.springframework.samples.petclinic.acceptance.Cp42Tests
INFO  AnnotationConfigContextLoaderUtils - Could not detect default configuration classes for test class [org.springframework.samples.petclinic.acceptance.Cp42Tests]: Cp42Tests does not declare any static, non-private, non-final, nested classes annotated with @Configuration.
INFO  AnnotationConfigContextLoaderUtils - Could not detect default configuration classes for test class [org.springframework.samples.petclinic.acceptance.AcceptanceBase]: AcceptanceBase does not declare any static, non-private, non-final, nested classes annotated with @Configuration.
INFO  SpringBootTestContextBootstrapper - Found @SpringBootConfiguration org.springframework.samples.petclinic.PetClinicApplication for test class org.springframework.samples.petclinic.acceptance.Cp42Tests
INFO  AUDIT - owner id=212 memberId=NSW26F3C59C3F6 registrationDate=2026-09-07 membershipLevel=1
INFO  AUDIT - {"seq":202,"ownerId":212,"memberId":"NSW26F3C59C3F6","membershipLevel":"1","event":"OWNER_CREATED"}
INFO  NOTIFY - welcome owner id=212 memberId=NSW26F3C59C3F6
INFO  AnnotationConfigContextLoaderUtils - Could not detect default configuration classes for test class [org.springframework.samples.petclinic.acceptance.Cp41Tests]: Cp41Tests does not declare any static, non-private, non-final, nested classes annotated with @Configuration.
INFO  SpringBootTestContextBootstrapper - Found @SpringBootConfiguration org.springframework.samples.petclinic.PetClinicApplication for test class org.springframework.samples.petclinic.acceptance.Cp41Tests
INFO  AnnotationConfigContextLoaderUtils - Could not detect default configuration classes for test class [org.springframework.samples.petclinic.acceptance.Cp41Tests]: Cp41Tests does not declare any static, non-private, non-final, nested classes annotated with @Configuration.
INFO  AnnotationConfigContextLoaderUtils - Could not detect default configuration classes for test class [org.springframework.samples.petclinic.acceptance.AcceptanceBase]: AcceptanceBase does not declare any static, non-private, non-final, nested classes annotated with @Configuration.
INFO  SpringBootTestContextBootstrapper - Found @SpringBootConfiguration org.springframework.samples.petclinic.PetClinicApplication for test class org.springframework.samples.petclinic.acceptance.Cp41Tests
INFO  AUDIT - owner id=213 memberId=NSW26E142604C3 registrationDate=2026-09-07 membershipLevel=1
INFO  AUDIT - {"seq":203,"ownerId":213,"memberId":"NSW26E142604C3","membershipLevel":"1","event":"OWNER_CREATED"}
INFO  NOTIFY - welcome owner id=213 memberId=NSW26E142604C3
INFO  AUDIT - owner id=214 memberId=NSW2692430EF85 registrationDate=2026-09-07 membershipLevel=1
INFO  AUDIT - {"seq":204,"ownerId":214,"memberId":"NSW2692430EF85","membershipLevel":"1","event":"OWNER_CREATED"}
INFO  NOTIFY - welcome owner id=214 memberId=NSW2692430EF85
INFO  AnnotationConfigContextLoaderUtils - Could not detect default configuration classes for test class [org.springframework.samples.petclinic.acceptance.Cp32Tests]: Cp32Tests does not declare any static, non-private, non-final, nested classes annotated with @Configuration.
INFO  SpringBootTestContextBootstrapper - Found @SpringBootConfiguration org.springframework.samples.petclinic.PetClinicApplication for test class org.springframework.samples.petclinic.acceptance.Cp32Tests
INFO  AnnotationConfigContextLoaderUtils - Could not detect default configuration classes for test class [org.springframework.samples.petclinic.acceptance.Cp32Tests]: Cp32Tests does not declare any static, non-private, non-final, nested classes annotated with @Configuration.
INFO  AnnotationConfigContextLoaderUtils - Could not detect default configuration classes for test class [org.springframework.samples.petclinic.acceptance.AcceptanceBase]: AcceptanceBase does not declare any static, non-private, non-final, nested classes annotated with @Configuration.
INFO  SpringBootTestContextBootstrapper - Found @SpringBootConfiguration org.springframework.samples.petclinic.PetClinicApplication for test class org.springframework.samples.petclinic.acceptance.Cp32Tests
INFO  AUDIT - owner id=215 memberId=NSW26768623B90 registrationDate=2026-09-07 membershipLevel=1
INFO  AUDIT - {"seq":205,"ownerId":215,"memberId":"NSW26768623B90","membershipLevel":"1","event":"OWNER_CREATED"}
INFO  NOTIFY - welcome owner id=215 memberId=NSW26768623B90
INFO  AnnotationConfigContextLoaderUtils - Could not detect default configuration classes for test class [org.springframework.samples.petclinic.acceptance.Cp38Tests]: Cp38Tests does not declare any static, non-private, non-final, nested classes annotated with @Configuration.
INFO  SpringBootTestContextBootstrapper - Found @SpringBootConfiguration org.springframework.samples.petclinic.PetClinicApplication for test class org.springframework.samples.petclinic.acceptance.Cp38Tests
INFO  AnnotationConfigContextLoaderUtils - Could not detect default configuration classes for test class [org.springframework.samples.petclinic.acceptance.Cp38Tests]: Cp38Tests does not declare any static, non-private, non-final, nested classes annotated with @Configuration.
INFO  AnnotationConfigContextLoaderUtils - Could not detect default configuration classes for test class [org.springframework.samples.petclinic.acceptance.AcceptanceBase]: AcceptanceBase does not declare any static, non-private, non-final, nested classes annotated with @Configuration.
INFO  SpringBootTestContextBootstrapper - Found @SpringBootConfiguration org.springframework.samples.petclinic.PetClinicApplication for test class org.springframework.samples.petclinic.acceptance.Cp38Tests
INFO  AnnotationConfigContextLoaderUtils - Could not detect default configuration classes for test class [org.springframework.samples.petclinic.acceptance.Cp02Tests]: Cp02Tests does not declare any static, non-private, non-final, nested classes annotated with @Configuration.
INFO  SpringBootTestContextBootstrapper - Found @SpringBootConfiguration org.springframework.samples.petclinic.PetClinicApplication for test class org.springframework.samples.petclinic.acceptance.Cp02Tests
INFO  AnnotationConfigContextLoaderUtils - Could not detect default configuration classes for test class [org.springframework.samples.petclinic.acceptance.Cp02Tests]: Cp02Tests does not declare any static, non-private, non-final, nested classes annotated with @Configuration.
INFO  AnnotationConfigContextLoaderUtils - Could not detect default configuration classes for test class [org.springframework.samples.petclinic.acceptance.AcceptanceBase]: AcceptanceBase does not declare any static, non-private, non-final, nested classes annotated with @Configuration.
INFO  SpringBootTestContextBootstrapper - Found @SpringBootConfiguration org.springframework.samples.petclinic.PetClinicApplication for test class org.springframework.samples.petclinic.acceptance.Cp02Tests
INFO  AUDIT - owner id=216 memberId=UNKNOWN2667F104141 registrationDate=2026-09-07 membershipLevel=1
INFO  AUDIT - {"seq":206,"ownerId":216,"memberId":"UNKNOWN2667F104141","membershipLevel":"1","event":"OWNER_CREATED"}
INFO  NOTIFY - welcome owner id=216 memberId=UNKNOWN2667F104141
INFO  AnnotationConfigContextLoaderUtils - Could not detect default configuration classes for test class [org.springframework.samples.petclinic.acceptance.Cp49Tests]: Cp49Tests does not declare any static, non-private, non-final, nested classes annotated with @Configuration.
INFO  SpringBootTestContextBootstrapper - Found @SpringBootConfiguration org.springframework.samples.petclinic.PetClinicApplication for test class org.springframework.samples.petclinic.acceptance.Cp49Tests
INFO  AnnotationConfigContextLoaderUtils - Could not detect default configuration classes for test class [org.springframework.samples.petclinic.acceptance.Cp49Tests]: Cp49Tests does not declare any static, non-private, non-final, nested classes annotated with @Configuration.
INFO  AnnotationConfigContextLoaderUtils - Could not detect default configuration classes for test class [org.springframework.samples.petclinic.acceptance.AcceptanceBase]: AcceptanceBase does not declare any static, non-private, non-final, nested classes annotated with @Configuration.
INFO  SpringBootTestContextBootstrapper - Found @SpringBootConfiguration org.springframework.samples.petclinic.PetClinicApplication for test class org.springframework.samples.petclinic.acceptance.Cp49Tests
INFO  AUDIT - owner id=217 memberId=NSW265646902E6 registrationDate=2026-09-07 membershipLevel=1
INFO  AUDIT - {"seq":207,"ownerId":217,"memberId":"NSW265646902E6","membershipLevel":"1","event":"OWNER_CREATED"}
INFO  NOTIFY - welcome owner id=217 memberId=NSW265646902E6
INFO  AnnotationConfigContextLoaderUtils - Could not detect default configuration classes for test class [org.springframework.samples.petclinic.acceptance.Cp45Tests]: Cp45Tests does not declare any static, non-private, non-final, nested classes annotated with @Configuration.
INFO  SpringBootTestContextBootstrapper - Found @SpringBootConfiguration org.springframework.samples.petclinic.PetClinicApplication for test class org.springframework.samples.petclinic.acceptance.Cp45Tests
INFO  AnnotationConfigContextLoaderUtils - Could not detect default configuration classes for test class [org.springframework.samples.petclinic.acceptance.Cp45Tests]: Cp45Tests does not declare any static, non-private, non-final, nested classes annotated with @Configuration.
INFO  AnnotationConfigContextLoaderUtils - Could not detect default configuration classes for test class [org.springframework.samples.petclinic.acceptance.AcceptanceBase]: AcceptanceBase does not declare any static, non-private, non-final, nested classes annotated with @Configuration.
INFO  SpringBootTestContextBootstrapper - Found @SpringBootConfiguration org.springframework.samples.petclinic.PetClinicApplication for test class org.springframework.samples.petclinic.acceptance.Cp45Tests
INFO  AUDIT - owner id=218 memberId=NSW26826346E43 registrationDate=2026-09-07 membershipLevel=1
INFO  AUDIT - {"seq":208,"ownerId":218,"memberId":"NSW26826346E43","membershipLevel":"1","event":"OWNER_CREATED"}
INFO  NOTIFY - welcome owner id=218 memberId=NSW26826346E43
INFO  AnnotationConfigContextLoaderUtils - Could not detect default configuration classes for test class [org.springframework.samples.petclinic.acceptance.Cp14Tests]: Cp14Tests does not declare any static, non-private, non-final, nested classes annotated with @Configuration.
INFO  SpringBootTestContextBootstrapper - Found @SpringBootConfiguration org.springframework.samples.petclinic.PetClinicApplication for test class org.springframework.samples.petclinic.acceptance.Cp14Tests
INFO  AnnotationConfigContextLoaderUtils - Could not detect default configuration classes for test class [org.springframework.samples.petclinic.acceptance.Cp14Tests]: Cp14Tests does not declare any static, non-private, non-final, nested classes annotated with @Configuration.
INFO  AnnotationConfigContextLoaderUtils - Could not detect default configuration classes for test class [org.springframework.samples.petclinic.acceptance.AcceptanceBase]: AcceptanceBase does not declare any static, non-private, non-final, nested classes annotated with @Configuration.
INFO  SpringBootTestContextBootstrapper - Found @SpringBootConfiguration org.springframework.samples.petclinic.PetClinicApplication for test class org.springframework.samples.petclinic.acceptance.Cp14Tests
INFO  AUDIT - owner id=219 memberId=NSW2631A025A68 registrationDate=2026-09-07 membershipLevel=1
INFO  AUDIT - {"seq":209,"ownerId":219,"memberId":"NSW2631A025A68","membershipLevel":"1","event":"OWNER_CREATED"}
INFO  NOTIFY - welcome owner id=219 memberId=NSW2631A025A68
INFO  AnnotationConfigContextLoaderUtils - Could not detect default configuration classes for test class [org.springframework.samples.petclinic.acceptance.Cp48Tests]: Cp48Tests does not declare any static, non-private, non-final, nested classes annotated with @Configuration.
INFO  SpringBootTestContextBootstrapper - Found @SpringBootConfiguration org.springframework.samples.petclinic.PetClinicApplication for test class org.springframework.samples.petclinic.acceptance.Cp48Tests
INFO  AnnotationConfigContextLoaderUtils - Could not detect default configuration classes for test class [org.springframework.samples.petclinic.acceptance.Cp48Tests]: Cp48Tests does not declare any static, non-private, non-final, nested classes annotated with @Configuration.
INFO  AnnotationConfigContextLoaderUtils - Could not detect default configuration classes for test class [org.springframework.samples.petclinic.acceptance.AcceptanceBase]: AcceptanceBase does not declare any static, non-private, non-final, nested classes annotated with @Configuration.
INFO  SpringBootTestContextBootstrapper - Found @SpringBootConfiguration org.springframework.samples.petclinic.PetClinicApplication for test class org.springframework.samples.petclinic.acceptance.Cp48Tests
INFO  AUDIT - owner id=220 memberId=NSW26FDE174011 registrationDate=2026-09-07 membershipLevel=1
INFO  AUDIT - {"seq":210,"ownerId":220,"memberId":"NSW26FDE174011","membershipLevel":"1","event":"OWNER_CREATED"}
INFO  NOTIFY - welcome owner id=220 memberId=NSW26FDE174011
INFO  AnnotationConfigContextLoaderUtils - Could not detect default configuration classes for test class [org.springframework.samples.petclinic.acceptance.Cp44Tests]: Cp44Tests does not declare any static, non-private, non-final, nested classes annotated with @Configuration.
INFO  SpringBootTestContextBootstrapper - Found @SpringBootConfiguration org.springframework.samples.petclinic.PetClinicApplication for test class org.springframework.samples.petclinic.acceptance.Cp44Tests
INFO  AnnotationConfigContextLoaderUtils - Could not detect default configuration classes for test class [org.springframework.samples.petclinic.acceptance.Cp44Tests]: Cp44Tests does not declare any static, non-private, non-final, nested classes annotated with @Configuration.
INFO  AnnotationConfigContextLoaderUtils - Could not detect default configuration classes for test class [org.springframework.samples.petclinic.acceptance.AcceptanceBase]: AcceptanceBase does not declare any static, non-private, non-final, nested classes annotated with @Configuration.
INFO  SpringBootTestContextBootstrapper - Found @SpringBootConfiguration org.springframework.samples.petclinic.PetClinicApplication for test class org.springframework.samples.petclinic.acceptance.Cp44Tests
INFO  AUDIT - owner id=221 memberId=NSW26DFC42F9F1 registrationDate=2026-09-07 membershipLevel=1
INFO  AUDIT - {"seq":211,"ownerId":221,"memberId":"NSW26DFC42F9F1","membershipLevel":"1","event":"OWNER_CREATED"}
INFO  NOTIFY - welcome owner id=221 memberId=NSW26DFC42F9F1
INFO  AUDIT - owner id=222 memberId=UNKNOWN2691E29D5F6 registrationDate=2026-09-07 membershipLevel=1
INFO  AUDIT - {"seq":212,"ownerId":222,"memberId":"UNKNOWN2691E29D5F6","membershipLevel":"1","event":"OWNER_CREATED"}
INFO  NOTIFY - welcome owner id=222 memberId=UNKNOWN2691E29D5F6
INFO  AnnotationConfigContextLoaderUtils - Could not detect default configuration classes for test class [org.springframework.samples.petclinic.acceptance.Cp12Tests]: Cp12Tests does not declare any static, non-private, non-final, nested classes annotated with @Configuration.
INFO  SpringBootTestContextBootstrapper - Found @SpringBootConfiguration org.springframework.samples.petclinic.PetClinicApplication for test class org.springframework.samples.petclinic.acceptance.Cp12Tests
INFO  AnnotationConfigContextLoaderUtils - Could not detect default configuration classes for test class [org.springframework.samples.petclinic.acceptance.Cp12Tests]: Cp12Tests does not declare any static, non-private, non-final, nested classes annotated with @Configuration.
INFO  AnnotationConfigContextLoaderUtils - Could not detect default configuration classes for test class [org.springframework.samples.petclinic.acceptance.AcceptanceBase]: AcceptanceBase does not declare any static, non-private, non-final, nested classes annotated with @Configuration.
INFO  SpringBootTestContextBootstrapper - Found @SpringBootConfiguration org.springframework.samples.petclinic.PetClinicApplication for test class org.springframework.samples.petclinic.acceptance.Cp12Tests
INFO  AUDIT - owner id=223 memberId=NSW268D6CC7663 registrationDate=2026-09-07 membershipLevel=1
INFO  AUDIT - {"seq":213,"ownerId":223,"memberId":"NSW268D6CC7663","membershipLevel":"1","event":"OWNER_CREATED"}
INFO  NOTIFY - welcome owner id=223 memberId=NSW268D6CC7663
INFO  AnnotationConfigContextLoaderUtils - Could not detect default configuration classes for test class [org.springframework.samples.petclinic.acceptance.Cp54Tests]: Cp54Tests does not declare any static, non-private, non-final, nested classes annotated with @Configuration.
INFO  SpringBootTestContextBootstrapper - Found @SpringBootConfiguration org.springframework.samples.petclinic.PetClinicApplication for test class org.springframework.samples.petclinic.acceptance.Cp54Tests
INFO  AnnotationConfigContextLoaderUtils - Could not detect default configuration classes for test class [org.springframework.samples.petclinic.acceptance.Cp54Tests]: Cp54Tests does not declare any static, non-private, non-final, nested classes annotated with @Configuration.
INFO  AnnotationConfigContextLoaderUtils - Could not detect default configuration classes for test class [org.springframework.samples.petclinic.acceptance.AcceptanceBase]: AcceptanceBase does not declare any static, non-private, non-final, nested classes annotated with @Configuration.
INFO  SpringBootTestContextBootstrapper - Found @SpringBootConfiguration org.springframework.samples.petclinic.PetClinicApplication for test class org.springframework.samples.petclinic.acceptance.Cp54Tests
INFO  AUDIT - owner id=224 memberId=UNKNOWN264E5203635 registrationDate=2026-09-07 membershipLevel=1
INFO  AUDIT - {"seq":214,"ownerId":224,"memberId":"UNKNOWN264E5203635","membershipLevel":"1","event":"OWNER_CREATED"}
INFO  NOTIFY - welcome owner id=224 memberId=UNKNOWN264E5203635
INFO  AUDIT - owner id=225 memberId=UNKNOWN2642DBF0216 registrationDate=2026-09-07 membershipLevel=1
INFO  AUDIT - {"seq":215,"ownerId":225,"memberId":"UNKNOWN2642DBF0216","membershipLevel":"1","event":"OWNER_CREATED"}
INFO  NOTIFY - welcome owner id=225 memberId=UNKNOWN2642DBF0216
INFO  AUDIT - owner id=226 memberId=UNKNOWN26EA948A7E5 registrationDate=2026-09-07 membershipLevel=1
INFO  AUDIT - {"seq":216,"ownerId":226,"memberId":"UNKNOWN26EA948A7E5","membershipLevel":"1","event":"OWNER_CREATED"}
INFO  NOTIFY - welcome owner id=226 memberId=UNKNOWN26EA948A7E5
INFO  AUDIT - owner id=227 memberId=UNKNOWN26818F77821 registrationDate=2026-09-07 membershipLevel=1
INFO  AUDIT - {"seq":217,"ownerId":227,"memberId":"UNKNOWN26818F77821","membershipLevel":"1","event":"OWNER_CREATED"}
INFO  NOTIFY - welcome owner id=227 memberId=UNKNOWN26818F77821
INFO  AUDIT - owner id=228 memberId=UNKNOWN267539B4A68 registrationDate=2026-09-07 membershipLevel=1
INFO  AUDIT - {"seq":218,"ownerId":228,"memberId":"UNKNOWN267539B4A68","membershipLevel":"1","event":"OWNER_CREATED"}
INFO  NOTIFY - welcome owner id=228 memberId=UNKNOWN267539B4A68
INFO  AUDIT - owner id=229 memberId=UNKNOWN268982F11A3 registrationDate=2026-09-07 membershipLevel=1
INFO  AUDIT - {"seq":219,"ownerId":229,"memberId":"UNKNOWN268982F11A3","membershipLevel":"1","event":"OWNER_CREATED"}
INFO  NOTIFY - welcome owner id=229 memberId=UNKNOWN268982F11A3
INFO  AUDIT - owner id=230 memberId=UNKNOWN260DB13E0B0 registrationDate=2026-09-07 membershipLevel=1
INFO  AUDIT - {"seq":220,"ownerId":230,"memberId":"UNKNOWN260DB13E0B0","membershipLevel":"1","event":"OWNER_CREATED"}
INFO  NOTIFY - welcome owner id=230 memberId=UNKNOWN260DB13E0B0
INFO  AUDIT - owner id=231 memberId=UNKNOWN26EAC111526 registrationDate=2026-09-07 membershipLevel=1
INFO  AUDIT - {"seq":221,"ownerId":231,"memberId":"UNKNOWN26EAC111526","membershipLevel":"1","event":"OWNER_CREATED"}
INFO  NOTIFY - welcome owner id=231 memberId=UNKNOWN26EAC111526
INFO  AUDIT - owner id=232 memberId=UNKNOWN269787E1321 registrationDate=2026-09-07 membershipLevel=1
INFO  AUDIT - {"seq":222,"ownerId":232,"memberId":"UNKNOWN269787E1321","membershipLevel":"1","event":"OWNER_CREATED"}
INFO  NOTIFY - welcome owner id=232 memberId=UNKNOWN269787E1321
INFO  AUDIT - owner id=233 memberId=UNKNOWN26B66C1F5E4 registrationDate=2026-09-07 membershipLevel=1
INFO  AUDIT - {"seq":223,"ownerId":233,"memberId":"UNKNOWN26B66C1F5E4","membershipLevel":"1","event":"OWNER_CREATED"}
INFO  NOTIFY - welcome owner id=233 memberId=UNKNOWN26B66C1F5E4
INFO  AUDIT - owner id=234 memberId=UNKNOWN2660E39F866 registrationDate=2026-09-07 membershipLevel=1
INFO  AUDIT - {"seq":224,"ownerId":234,"memberId":"UNKNOWN2660E39F866","membershipLevel":"1","event":"OWNER_CREATED"}
INFO  NOTIFY - welcome owner id=234 memberId=UNKNOWN2660E39F866
INFO  AUDIT - owner id=235 memberId=UNKNOWN26FCCEC3723 registrationDate=2026-09-07 membershipLevel=1
INFO  AUDIT - {"seq":225,"ownerId":235,"memberId":"UNKNOWN26FCCEC3723","membershipLevel":"1","event":"OWNER_CREATED"}
INFO  NOTIFY - welcome owner id=235 memberId=UNKNOWN26FCCEC3723
INFO  AUDIT - owner id=236 memberId=UNKNOWN267CEA95E20 registrationDate=2026-09-07 membershipLevel=1
INFO  AUDIT - {"seq":226,"ownerId":236,"memberId":"UNKNOWN267CEA95E20","membershipLevel":"1","event":"OWNER_CREATED"}
INFO  NOTIFY - welcome owner id=236 memberId=UNKNOWN267CEA95E20
INFO  AUDIT - owner id=237 memberId=UNKNOWN26F8D145703 registrationDate=2026-09-07 membershipLevel=1
INFO  AUDIT - {"seq":227,"ownerId":237,"memberId":"UNKNOWN26F8D145703","membershipLevel":"1","event":"OWNER_CREATED"}
INFO  NOTIFY - welcome owner id=237 memberId=UNKNOWN26F8D145703
INFO  AUDIT - owner id=238 memberId=UNKNOWN261A239F784 registrationDate=2026-09-07 membershipLevel=1
INFO  AUDIT - {"seq":228,"ownerId":238,"memberId":"UNKNOWN261A239F784","membershipLevel":"1","event":"OWNER_CREATED"}
INFO  NOTIFY - welcome owner id=238 memberId=UNKNOWN261A239F784
INFO  AUDIT - owner id=239 memberId=UNKNOWN260BA1C99D5 registrationDate=2026-09-07 membershipLevel=1
INFO  AUDIT - {"seq":229,"ownerId":239,"memberId":"UNKNOWN260BA1C99D5","membershipLevel":"1","event":"OWNER_CREATED"}
INFO  NOTIFY - welcome owner id=239 memberId=UNKNOWN260BA1C99D5
INFO  AUDIT - owner id=240 memberId=UNKNOWN262FFD21CF2 registrationDate=2026-09-07 membershipLevel=1
INFO  AUDIT - {"seq":230,"ownerId":240,"memberId":"UNKNOWN262FFD21CF2","membershipLevel":"1","event":"OWNER_CREATED"}
INFO  NOTIFY - welcome owner id=240 memberId=UNKNOWN262FFD21CF2
INFO  AUDIT - owner id=241 memberId=UNKNOWN269E6FBE284 registrationDate=2026-09-07 membershipLevel=1
INFO  AUDIT - {"seq":231,"ownerId":241,"memberId":"UNKNOWN269E6FBE284","membershipLevel":"1","event":"OWNER_CREATED"}
INFO  NOTIFY - welcome owner id=241 memberId=UNKNOWN269E6FBE284
INFO  AUDIT - owner id=242 memberId=UNKNOWN26305060951 registrationDate=2026-09-07 membershipLevel=1
INFO  AUDIT - {"seq":232,"ownerId":242,"memberId":"UNKNOWN26305060951","membershipLevel":"1","event":"OWNER_CREATED"}
INFO  NOTIFY - welcome owner id=242 memberId=UNKNOWN26305060951
INFO  AUDIT - owner id=243 memberId=UNKNOWN264042197D6 registrationDate=2026-09-07 membershipLevel=1
INFO  AUDIT - {"seq":233,"ownerId":243,"memberId":"UNKNOWN264042197D6","membershipLevel":"1","event":"OWNER_CREATED"}
INFO  NOTIFY - welcome owner id=243 memberId=UNKNOWN264042197D6
INFO  AUDIT - owner id=244 memberId=UNKNOWN26E0584CCD8 registrationDate=2026-09-07 membershipLevel=1
INFO  AUDIT - {"seq":234,"ownerId":244,"memberId":"UNKNOWN26E0584CCD8","membershipLevel":"1","event":"OWNER_CREATED"}
INFO  NOTIFY - welcome owner id=244 memberId=UNKNOWN26E0584CCD8
INFO  AUDIT - owner id=245 memberId=UNKNOWN2663CF4AF33 registrationDate=2026-09-07 membershipLevel=1
INFO  AUDIT - {"seq":235,"ownerId":245,"memberId":"UNKNOWN2663CF4AF33","membershipLevel":"1","event":"OWNER_CREATED"}
INFO  NOTIFY - welcome owner id=245 memberId=UNKNOWN2663CF4AF33
INFO  AUDIT - owner id=246 memberId=UNKNOWN26531C8AF55 registrationDate=2026-09-07 membershipLevel=1
INFO  AUDIT - {"seq":236,"ownerId":246,"memberId":"UNKNOWN26531C8AF55","membershipLevel":"1","event":"OWNER_CREATED"}
INFO  NOTIFY - welcome owner id=246 memberId=UNKNOWN26531C8AF55
INFO  AUDIT - owner id=247 memberId=UNKNOWN262104A9747 registrationDate=2026-09-07 membershipLevel=1
INFO  AUDIT - {"seq":237,"ownerId":247,"memberId":"UNKNOWN262104A9747","membershipLevel":"1","event":"OWNER_CREATED"}
INFO  NOTIFY - welcome owner id=247 memberId=UNKNOWN262104A9747
INFO  AUDIT - owner id=248 memberId=UNKNOWN26FCE0AA7A0 registrationDate=2026-09-07 membershipLevel=1
INFO  AUDIT - {"seq":238,"ownerId":248,"memberId":"UNKNOWN26FCE0AA7A0","membershipLevel":"1","event":"OWNER_CREATED"}
INFO  NOTIFY - welcome owner id=248 memberId=UNKNOWN26FCE0AA7A0
INFO  AUDIT - owner id=249 memberId=UNKNOWN26C46FCA3F0 registrationDate=2026-09-07 membershipLevel=1
INFO  AUDIT - {"seq":239,"ownerId":249,"memberId":"UNKNOWN26C46FCA3F0","membershipLevel":"1","event":"OWNER_CREATED"}
INFO  NOTIFY - welcome owner id=249 memberId=UNKNOWN26C46FCA3F0
INFO  AUDIT - owner id=250 memberId=UNKNOWN262768540E3 registrationDate=2026-09-07 membershipLevel=1
INFO  AUDIT - {"seq":240,"ownerId":250,"memberId":"UNKNOWN262768540E3","membershipLevel":"1","event":"OWNER_CREATED"}
INFO  NOTIFY - welcome owner id=250 memberId=UNKNOWN262768540E3
INFO  AUDIT - owner id=251 memberId=UNKNOWN2699319A6C0 registrationDate=2026-09-07 membershipLevel=1
INFO  AUDIT - {"seq":241,"ownerId":251,"memberId":"UNKNOWN2699319A6C0","membershipLevel":"1","event":"OWNER_CREATED"}
INFO  NOTIFY - welcome owner id=251 memberId=UNKNOWN2699319A6C0
INFO  AUDIT - owner id=252 memberId=UNKNOWN263771BE4E3 registrationDate=2026-09-07 membershipLevel=1
INFO  AUDIT - {"seq":242,"ownerId":252,"memberId":"UNKNOWN263771BE4E3","membershipLevel":"1","event":"OWNER_CREATED"}
INFO  NOTIFY - welcome owner id=252 memberId=UNKNOWN263771BE4E3
INFO  AUDIT - owner id=253 memberId=UNKNOWN26D1A149611 registrationDate=2026-09-07 membershipLevel=1
INFO  AUDIT - {"seq":243,"ownerId":253,"memberId":"UNKNOWN26D1A149611","membershipLevel":"1","event":"OWNER_CREATED"}
INFO  NOTIFY - welcome owner id=253 memberId=UNKNOWN26D1A149611
INFO  AUDIT - owner id=254 memberId=UNKNOWN2661B926D73 registrationDate=2026-09-07 membershipLevel=1
INFO  AUDIT - {"seq":244,"ownerId":254,"memberId":"UNKNOWN2661B926D73","membershipLevel":"1","event":"OWNER_CREATED"}
INFO  NOTIFY - welcome owner id=254 memberId=UNKNOWN2661B926D73
INFO  AUDIT - owner id=255 memberId=UNKNOWN268D2F7C7A1 registrationDate=2026-09-07 membershipLevel=1
INFO  AUDIT - {"seq":245,"ownerId":255,"memberId":"UNKNOWN268D2F7C7A1","membershipLevel":"1","event":"OWNER_CREATED"}
INFO  NOTIFY - welcome owner id=255 memberId=UNKNOWN268D2F7C7A1
INFO  AUDIT - owner id=256 memberId=UNKNOWN265656D13C2 registrationDate=2026-09-07 membershipLevel=1
INFO  AUDIT - {"seq":246,"ownerId":256,"memberId":"UNKNOWN265656D13C2","membershipLevel":"1","event":"OWNER_CREATED"}
INFO  NOTIFY - welcome owner id=256 memberId=UNKNOWN265656D13C2
INFO  AUDIT - owner id=257 memberId=UNKNOWN26C250CB340 registrationDate=2026-09-07 membershipLevel=1
INFO  AUDIT - {"seq":247,"ownerId":257,"memberId":"UNKNOWN26C250CB340","membershipLevel":"1","event":"OWNER_CREATED"}
INFO  NOTIFY - welcome owner id=257 memberId=UNKNOWN26C250CB340
INFO  AUDIT - owner id=258 memberId=UNKNOWN26948423947 registrationDate=2026-09-07 membershipLevel=1
INFO  AUDIT - {"seq":248,"ownerId":258,"memberId":"UNKNOWN26948423947","membershipLevel":"1","event":"OWNER_CREATED"}
INFO  NOTIFY - welcome owner id=258 memberId=UNKNOWN26948423947
INFO  AUDIT - owner id=259 memberId=UNKNOWN266CA692E18 registrationDate=2026-09-07 membershipLevel=1
INFO  AUDIT - {"seq":249,"ownerId":259,"memberId":"UNKNOWN266CA692E18","membershipLevel":"1","event":"OWNER_CREATED"}
INFO  NOTIFY - welcome owner id=259 memberId=UNKNOWN266CA692E18
INFO  AUDIT - owner id=260 memberId=UNKNOWN26514B879A1 registrationDate=2026-09-07 membershipLevel=1
INFO  AUDIT - {"seq":250,"ownerId":260,"memberId":"UNKNOWN26514B879A1","membershipLevel":"1","event":"OWNER_CREATED"}
INFO  NOTIFY - welcome owner id=260 memberId=UNKNOWN26514B879A1
INFO  AUDIT - owner id=261 memberId=UNKNOWN260E66E1B00 registrationDate=2026-09-07 membershipLevel=1
INFO  AUDIT - {"seq":251,"ownerId":261,"memberId":"UNKNOWN260E66E1B00","membershipLevel":"1","event":"OWNER_CREATED"}
INFO  NOTIFY - welcome owner id=261 memberId=UNKNOWN260E66E1B00
INFO  AUDIT - owner id=262 memberId=UNKNOWN26CBED9B134 registrationDate=2026-09-07 membershipLevel=1
INFO  AUDIT - {"seq":252,"ownerId":262,"memberId":"UNKNOWN26CBED9B134","membershipLevel":"1","event":"OWNER_CREATED"}
INFO  NOTIFY - welcome owner id=262 memberId=UNKNOWN26CBED9B134
INFO  AUDIT - owner id=263 memberId=UNKNOWN26B36670D16 registrationDate=2026-09-07 membershipLevel=1
INFO  AUDIT - {"seq":253,"ownerId":263,"memberId":"UNKNOWN26B36670D16","membershipLevel":"1","event":"OWNER_CREATED"}
INFO  NOTIFY - welcome owner id=263 memberId=UNKNOWN26B36670D16
INFO  AUDIT - owner id=264 memberId=UNKNOWN269600046B8 registrationDate=2026-09-07 membershipLevel=1
INFO  AUDIT - {"seq":254,"ownerId":264,"memberId":"UNKNOWN269600046B8","membershipLevel":"1","event":"OWNER_CREATED"}
INFO  NOTIFY - welcome owner id=264 memberId=UNKNOWN269600046B8
INFO  AnnotationConfigContextLoaderUtils - Could not detect default configuration classes for test class [org.springframework.samples.petclinic.acceptance.Cp39Tests]: Cp39Tests does not declare any static, non-private, non-final, nested classes annotated with @Configuration.
INFO  SpringBootTestContextBootstrapper - Found @SpringBootConfiguration org.springframework.samples.petclinic.PetClinicApplication for test class org.springframework.samples.petclinic.acceptance.Cp39Tests
INFO  AnnotationConfigContextLoaderUtils - Could not detect default configuration classes for test class [org.springframework.samples.petclinic.acceptance.Cp39Tests]: Cp39Tests does not declare any static, non-private, non-final, nested classes annotated with @Configuration.
INFO  AnnotationConfigContextLoaderUtils - Could not detect default configuration classes for test class [org.springframework.samples.petclinic.acceptance.AcceptanceBase]: AcceptanceBase does not declare any static, non-private, non-final, nested classes annotated with @Configuration.
INFO  SpringBootTestContextBootstrapper - Found @SpringBootConfiguration org.springframework.samples.petclinic.PetClinicApplication for test class org.springframework.samples.petclinic.acceptance.Cp39Tests
INFO  AUDIT - owner id=265 memberId=NSW26103B779B0 registrationDate=2026-09-07 membershipLevel=1
INFO  AUDIT - {"seq":255,"ownerId":265,"memberId":"NSW26103B779B0","membershipLevel":"1","event":"OWNER_CREATED"}
INFO  NOTIFY - welcome owner id=265 memberId=NSW26103B779B0
INFO  AUDIT - owner id=266 memberId=NSW26D232DB0A5 registrationDate=2026-09-07 membershipLevel=1
INFO  AUDIT - {"seq":256,"ownerId":266,"memberId":"NSW26D232DB0A5","membershipLevel":"1","event":"OWNER_CREATED"}
INFO  NOTIFY - welcome owner id=266 memberId=NSW26D232DB0A5
INFO  AUDIT - owner id=267 memberId=NSW26AEE6D3474 registrationDate=2026-09-07 membershipLevel=2
INFO  AUDIT - {"seq":257,"ownerId":267,"memberId":"NSW26AEE6D3474","membershipLevel":"2","event":"OWNER_CREATED"}
INFO  NOTIFY - welcome owner id=267 memberId=NSW26AEE6D3474

MockHttpServletRequest:
      HTTP Method = POST
      Request URI = /api/owners
       Parameters = {}
          Headers = [Content-Type:"application/json;charset=UTF-8", Content-Length:"154"]
             Body = {"firstName":"Fnapn","lastName":"Surapi","address":"1103 Test Street","city":"Town1104","telephone":"0400001105","postcode":"2000","sharesHousehold":true}
    Session Attrs = {SPRING_SECURITY_CONTEXT=SecurityContextImpl [Authentication=UsernamePasswordAuthenticationToken [Principal=org.springframework.security.core.userdetails.User [Username=acceptance-admin, Password=[PROTECTED], Enabled=true, AccountNonExpired=true, CredentialsNonExpired=true, AccountNonLocked=true, Granted Authorities=[ROLE_ADMIN, ROLE_OWNER_ADMIN, ROLE_VET_ADMIN]], Credentials=[PROTECTED], Authenticated=true, Details=null, Granted Authorities=[ROLE_ADMIN, ROLE_OWNER_ADMIN, ROLE_VET_ADMIN]]]}

Handler:
             Type = org.springframework.samples.petclinic.rest.controller.v1.OwnerRestControllerV1
           Method = org.springframework.samples.petclinic.rest.controller.v1.OwnerRestControllerV1#addOwner(OwnerFieldsDto)

Async:
    Async started = false
     Async result = null

Resolved Exception:
             Type = null

ModelAndView:
        View name = null
             View = null
            Model = null

FlashMap:
       Attributes = null

MockHttpServletResponse:
           Status = 201
    Error message = null
          Headers = [Vary:"Origin", "Access-Control-Request-Method", "Access-Control-Request-Headers", Location:"/api/owners/265", Content-Type:"application/json", Content-Length:"901", X-Content-Type-Options:"nosniff", X-XSS-Protection:"0", Cache-Control:"no-cache, no-store, max-age=0, must-revalidate", Pragma:"no-cache", Expires:"0", X-Frame-Options:"DENY"]
     Content type = application/json
             Body = {"firstName":"Fnapn","lastName":"Surapi","city":"Town1104","telephone":"+61400001105","pets":[],"address":"1103 TEST STREET","addressLine1":null,"addressLine2":null,"ageBand":null,"birthDate":null,"bulkSignupWarning":false,"capacityWarning":false,"contactPreference":"PHONE","deleted":false,"displayName":"Surapi, Fnapn","email":null,"fiscalYear":"FY26","householdId":"1AFD0B38C571","id":265,"identityKey":"a488b7caa6ccee57b1f4224a68e837f61b3a05c89506f2ae65cd9d24c1cab1a3","initials":"F.S.","locality":"NSW","memberId":"NSW26103B779B0","membershipLevel":1,"membershipPoints":1,"namesakeCount":0,"ownerSegment":"STANDARD_METRO","possibleDuplicate":false,"possibleDuplicateOf":null,"postcode":"2000","registrationDate":"2026-09-07","riskFlag":false,"salutation":"Surapi","selfLink":"/api/owners/265","sharesHousehold":null,"telephoneDisplay":"+61 400 001 105","timezone":"Australia/Sydney","title":null}
    Forwarded URL = null
   Redirected URL = /api/owners/265
          Cookies = []

MockHttpServletRequest:
      HTTP Method = POST
      Request URI = /api/owners
       Parameters = {}
          Headers = [Content-Type:"application/json;charset=UTF-8", Content-Length:"154"]
             Body = {"firstName":"Fnaps","lastName":"Surapi","address":"1108 Test Street","city":"Town1109","telephone":"0400001110","postcode":"2000","sharesHousehold":true}
    Session Attrs = {SPRING_SECURITY_CONTEXT=SecurityContextImpl [Authentication=UsernamePasswordAuthenticationToken [Principal=org.springframework.security.core.userdetails.User [Username=acceptance-admin, Password=[PROTECTED], Enabled=true, AccountNonExpired=true, CredentialsNonExpired=true, AccountNonLocked=true, Granted Authorities=[ROLE_ADMIN, ROLE_OWNER_ADMIN, ROLE_VET_ADMIN]], Credentials=[PROTECTED], Authenticated=true, Details=null, Granted Authorities=[ROLE_ADMIN, ROLE_OWNER_ADMIN, ROLE_VET_ADMIN]]]}

Handler:
             Type = org.springframework.samples.petclinic.rest.controller.v1.OwnerRestControllerV1
           Method = org.springframework.samples.petclinic.rest.controller.v1.OwnerRestControllerV1#addOwner(OwnerFieldsDto)

Async:
    Async started = false
     Async result = null

Resolved Exception:
             Type = null

ModelAndView:
        View name = null
             View = null
            Model = null

FlashMap:
       Attributes = null

MockHttpServletResponse:
           Status = 201
    Error message = null
          Headers = [Vary:"Origin", "Access-Control-Request-Method", "Access-Control-Request-Headers", Location:"/api/owners/266", Content-Type:"application/json", Content-Length:"901", X-Content-Type-Options:"nosniff", X-XSS-Protection:"0", Cache-Control:"no-cache, no-store, max-age=0, must-revalidate", Pragma:"no-cache", Expires:"0", X-Frame-Options:"DENY"]
     Content type = application/json
             Body = {"firstName":"Fnaps","lastName":"Surapi","city":"Town1109","telephone":"+61400001110","pets":[],"address":"1108 TEST STREET","addressLine1":null,"addressLine2":null,"ageBand":null,"birthDate":null,"bulkSignupWarning":false,"capacityWarning":false,"contactPreference":"PHONE","deleted":false,"displayName":"Surapi, Fnaps","email":null,"fiscalYear":"FY26","householdId":"1AFD0B38C571","id":266,"identityKey":"548ad0f21622fbdc1289133300124e1987e41f676adb86ac026fd52600e5f892","initials":"F.S.","locality":"NSW","memberId":"NSW26D232DB0A5","membershipLevel":1,"membershipPoints":1,"namesakeCount":0,"ownerSegment":"STANDARD_METRO","possibleDuplicate":false,"possibleDuplicateOf":null,"postcode":"2000","registrationDate":"2026-09-07","riskFlag":false,"salutation":"Surapi","selfLink":"/api/owners/266","sharesHousehold":null,"telephoneDisplay":"+61 400 001 110","timezone":"Australia/Sydney","title":null}
    Forwarded URL = null
   Redirected URL = /api/owners/266
          Cookies = []

MockHttpServletRequest:
      HTTP Method = POST
      Request URI = /api/owners
       Parameters = {}
          Headers = [Content-Type:"application/json;charset=UTF-8", Content-Length:"187"]
             Body = {"firstName":"Fnapx","lastName":"Surapi","address":"1113 Test Street","city":"Town1114","telephone":"0400001115","postcode":"2000","sharesHousehold":true,"email":"owner1117@example.test"}
    Session Attrs = {SPRING_SECURITY_CONTEXT=SecurityContextImpl [Authentication=UsernamePasswordAuthenticationToken [Principal=org.springframework.security.core.userdetails.User [Username=acceptance-admin, Password=[PROTECTED], Enabled=true, AccountNonExpired=true, CredentialsNonExpired=true, AccountNonLocked=true, Granted Authorities=[ROLE_ADMIN, ROLE_OWNER_ADMIN, ROLE_VET_ADMIN]], Credentials=[PROTECTED], Authenticated=true, Details=null, Granted Authorities=[ROLE_ADMIN, ROLE_OWNER_ADMIN, ROLE_VET_ADMIN]]]}

Handler:
             Type = org.springframework.samples.petclinic.rest.controller.v1.OwnerRestControllerV1
           Method = org.springframework.samples.petclinic.rest.controller.v1.OwnerRestControllerV1#addOwner(OwnerFieldsDto)

Async:
    Async started = false
     Async result = null

Resolved Exception:
             Type = null

ModelAndView:
        View name = null
             View = null
            Model = null

FlashMap:
       Attributes = null

MockHttpServletResponse:
           Status = 201
    Error message = null
          Headers = [Vary:"Origin", "Access-Control-Request-Method", "Access-Control-Request-Headers", Location:"/api/owners/267", Content-Type:"application/json", Content-Length:"921", X-Content-Type-Options:"nosniff", X-XSS-Protection:"0", Cache-Control:"no-cache, no-store, max-age=0, must-revalidate", Pragma:"no-cache", Expires:"0", X-Frame-Options:"DENY"]
     Content type = application/json
             Body = {"firstName":"Fnapx","lastName":"Surapi","city":"Town1114","telephone":"+61400001115","pets":[],"address":"1113 TEST STREET","addressLine1":null,"addressLine2":null,"ageBand":null,"birthDate":null,"bulkSignupWarning":false,"capacityWarning":false,"contactPreference":"EMAIL","deleted":false,"displayName":"Surapi, Fnapx","email":"owner1117@example.test","fiscalYear":"FY26","householdId":"1AFD0B38C571","id":267,"identityKey":"59af4d62e13e0cd587368a73c8f380fa6e3646139dab064e7d2181bc4658ba69","initials":"F.S.","locality":"NSW","memberId":"NSW26AEE6D3474","membershipLevel":2,"membershipPoints":3,"namesakeCount":0,"ownerSegment":"STANDARD_METRO","possibleDuplicate":false,"possibleDuplicateOf":null,"postcode":"2000","registrationDate":"2026-09-07","riskFlag":false,"salutation":"Surapi","selfLink":"/api/owners/267","sharesHousehold":null,"telephoneDisplay":"+61 400 001 115","timezone":"Australia/Sydney","title":null}
    Forwarded URL = null
   Redirected URL = /api/owners/267
          Cookies = []

MockHttpServletRequest:
      HTTP Method = GET
      Request URI = /api/owners/267
       Parameters = {}
          Headers = []
             Body = null
    Session Attrs = {SPRING_SECURITY_CONTEXT=SecurityContextImpl [Authentication=UsernamePasswordAuthenticationToken [Principal=org.springframework.security.core.userdetails.User [Username=acceptance-admin, Password=[PROTECTED], Enabled=true, AccountNonExpired=true, CredentialsNonExpired=true, AccountNonLocked=true, Granted Authorities=[ROLE_ADMIN, ROLE_OWNER_ADMIN, ROLE_VET_ADMIN]], Credentials=[PROTECTED], Authenticated=true, Details=null, Granted Authorities=[ROLE_ADMIN, ROLE_OWNER_ADMIN, ROLE_VET_ADMIN]]]}

Handler:
             Type = org.springframework.samples.petclinic.rest.controller.v1.OwnerRestControllerV1
           Method = org.springframework.samples.petclinic.rest.controller.v1.OwnerRestControllerV1#getOwner(Integer)

Async:
    Async started = false
     Async result = null

Resolved Exception:
             Type = null

ModelAndView:
        View name = null
             View = null
            Model = null

FlashMap:
       Attributes = null

MockHttpServletResponse:
           Status = 200
    Error message = null
          Headers = [Vary:"Origin", "Access-Control-Request-Method", "Access-Control-Request-Headers", Content-Type:"application/json", Content-Length:"921", X-Content-Type-Options:"nosniff", X-XSS-Protection:"0", Cache-Control:"no-cache, no-store, max-age=0, must-revalidate", Pragma:"no-cache", Expires:"0", X-Frame-Options:"DENY"]
     Content type = application/json
             Body = {"firstName":"Fnapx","lastName":"Surapi","city":"Town1114","telephone":"+61400001115","pets":[],"address":"1113 TEST STREET","addressLine1":null,"addressLine2":null,"ageBand":null,"birthDate":null,"bulkSignupWarning":false,"capacityWarning":false,"contactPreference":"EMAIL","deleted":false,"displayName":"Surapi, Fnapx","email":"owner1117@example.test","fiscalYear":"FY26","householdId":"1AFD0B38C571","id":267,"identityKey":"59af4d62e13e0cd587368a73c8f380fa6e3646139dab064e7d2181bc4658ba69","initials":"F.S.","locality":"NSW","memberId":"NSW26AEE6D3474","membershipLevel":2,"membershipPoints":3,"namesakeCount":0,"ownerSegment":"STANDARD_METRO","possibleDuplicate":false,"possibleDuplicateOf":null,"postcode":"2000","registrationDate":"2026-09-07","riskFlag":false,"salutation":"Surapi","selfLink":"/api/owners/267","sharesHousehold":null,"telephoneDisplay":"+61 400 001 115","timezone":"Australia/Sydney","title":null}
    Forwarded URL = null
   Redirected URL = null
          Cookies = []
[ERROR] Tests run: 1, Failures: 1, Errors: 0, Skipped: 0, Time elapsed: 0.050 s <<< FAILURE! -- in org.springframework.samples.petclinic.acceptance.Cp39Tests
[ERROR] org.springframework.samples.petclinic.acceptance.Cp39Tests.coreNewOwnerCappedBelowFour -- Time elapsed: 0.043 s <<< FAILURE!
java.lang.AssertionError: JSON path "$.membershipLevel" expected:<3> but was:<2>
	at org.springframework.test.util.AssertionErrors.fail(AssertionErrors.java:62)
	at org.springframework.test.util.AssertionErrors.assertEquals(AssertionErrors.java:129)
	at org.springframework.test.util.JsonPathExpectationsHelper.assertValue(JsonPathExpectationsHelper.java:172)
	at org.springframework.test.web.servlet.result.JsonPathResultMatchers.lambda$value$2(JsonPathResultMatchers.java:111)
	at org.springframework.test.web.servlet.MockMvc$1.andExpect(MockMvc.java:212)
	at org.springframework.samples.petclinic.acceptance.Cp39Tests.coreNewOwnerCappedBelowFour(Cp39Tests.java:28)

INFO  AnnotationConfigContextLoaderUtils - Could not detect default configuration classes for test class [org.springframework.samples.petclinic.acceptance.Cp34Tests]: Cp34Tests does not declare any static, non-private, non-final, nested classes annotated with @Configuration.
INFO  SpringBootTestContextBootstrapper - Found @SpringBootConfiguration org.springframework.samples.petclinic.PetClinicApplication for test class org.springframework.samples.petclinic.acceptance.Cp34Tests
INFO  AnnotationConfigContextLoaderUtils - Could not detect default configuration classes for test class [org.springframework.samples.petclinic.acceptance.Cp34Tests]: Cp34Tests does not declare any static, non-private, non-final, nested classes annotated with @Configuration.
INFO  AnnotationConfigContextLoaderUtils - Could not detect default configuration classes for test class [org.springframework.samples.petclinic.acceptance.AcceptanceBase]: AcceptanceBase does not declare any static, non-private, non-final, nested classes annotated with @Configuration.
INFO  SpringBootTestContextBootstrapper - Found @SpringBootConfiguration org.springframework.samples.petclinic.PetClinicApplication for test class org.springframework.samples.petclinic.acceptance.Cp34Tests
INFO  AUDIT - owner id=268 memberId=UNKNOWN2615239EEB7 registrationDate=2026-09-07 membershipLevel=1
INFO  AUDIT - {"seq":258,"ownerId":268,"memberId":"UNKNOWN2615239EEB7","membershipLevel":"1","event":"OWNER_CREATED"}
INFO  NOTIFY - welcome owner id=268 memberId=UNKNOWN2615239EEB7
INFO  AnnotationConfigContextLoaderUtils - Could not detect default configuration classes for test class [org.springframework.samples.petclinic.acceptance.Cp04Tests]: Cp04Tests does not declare any static, non-private, non-final, nested classes annotated with @Configuration.
INFO  SpringBootTestContextBootstrapper - Found @SpringBootConfiguration org.springframework.samples.petclinic.PetClinicApplication for test class org.springframework.samples.petclinic.acceptance.Cp04Tests
INFO  AnnotationConfigContextLoaderUtils - Could not detect default configuration classes for test class [org.springframework.samples.petclinic.acceptance.Cp04Tests]: Cp04Tests does not declare any static, non-private, non-final, nested classes annotated with @Configuration.
INFO  AnnotationConfigContextLoaderUtils - Could not detect default configuration classes for test class [org.springframework.samples.petclinic.acceptance.AcceptanceBase]: AcceptanceBase does not declare any static, non-private, non-final, nested classes annotated with @Configuration.
INFO  SpringBootTestContextBootstrapper - Found @SpringBootConfiguration org.springframework.samples.petclinic.PetClinicApplication for test class org.springframework.samples.petclinic.acceptance.Cp04Tests
DEBUG ExceptionControllerAdvice - Validation error at POST /api/owners: [Field error in object 'ownerFieldsDto' on field 'email': rejected value [not-an-email]; codes [Email.ownerFieldsDto.email,Email.email,Email.java.lang.String,Email]; arguments [org.springframework.context.support.DefaultMessageSourceResolvable: codes [ownerFieldsDto.email,email]; arguments []; default message [email],[Ljakarta.validation.constraints.Pattern$Flag;@59c09d4a,.*]; default message [must be a well-formed email address]]
INFO  AUDIT - owner id=269 memberId=UNKNOWN263DAC4FE26 registrationDate=2026-09-07 membershipLevel=1
INFO  AUDIT - {"seq":259,"ownerId":269,"memberId":"UNKNOWN263DAC4FE26","membershipLevel":"1","event":"OWNER_CREATED"}
INFO  NOTIFY - welcome owner id=269 memberId=UNKNOWN263DAC4FE26
INFO  AUDIT - owner id=270 memberId=UNKNOWN26F071E5E55 registrationDate=2026-09-07 membershipLevel=2
INFO  AUDIT - {"seq":260,"ownerId":270,"memberId":"UNKNOWN26F071E5E55","membershipLevel":"2","event":"OWNER_CREATED"}
INFO  NOTIFY - welcome owner id=270 memberId=UNKNOWN26F071E5E55
INFO  AnnotationConfigContextLoaderUtils - Could not detect default configuration classes for test class [org.springframework.samples.petclinic.acceptance.Cp16Tests]: Cp16Tests does not declare any static, non-private, non-final, nested classes annotated with @Configuration.
INFO  SpringBootTestContextBootstrapper - Found @SpringBootConfiguration org.springframework.samples.petclinic.PetClinicApplication for test class org.springframework.samples.petclinic.acceptance.Cp16Tests
INFO  AnnotationConfigContextLoaderUtils - Could not detect default configuration classes for test class [org.springframework.samples.petclinic.acceptance.Cp16Tests]: Cp16Tests does not declare any static, non-private, non-final, nested classes annotated with @Configuration.
INFO  AnnotationConfigContextLoaderUtils - Could not detect default configuration classes for test class [org.springframework.samples.petclinic.acceptance.AcceptanceBase]: AcceptanceBase does not declare any static, non-private, non-final, nested classes annotated with @Configuration.
INFO  SpringBootTestContextBootstrapper - Found @SpringBootConfiguration org.springframework.samples.petclinic.PetClinicApplication for test class org.springframework.samples.petclinic.acceptance.Cp16Tests
INFO  AUDIT - owner id=271 memberId=NSW264FE4F6A23 registrationDate=2026-09-07 membershipLevel=1
INFO  AUDIT - {"seq":261,"ownerId":271,"memberId":"NSW264FE4F6A23","membershipLevel":"1","event":"OWNER_CREATED"}
INFO  NOTIFY - welcome owner id=271 memberId=NSW264FE4F6A23
INFO  AnnotationConfigContextLoaderUtils - Could not detect default configuration classes for test class [org.springframework.samples.petclinic.acceptance.Cp43Tests]: Cp43Tests does not declare any static, non-private, non-final, nested classes annotated with @Configuration.
INFO  SpringBootTestContextBootstrapper - Found @SpringBootConfiguration org.springframework.samples.petclinic.PetClinicApplication for test class org.springframework.samples.petclinic.acceptance.Cp43Tests
INFO  AnnotationConfigContextLoaderUtils - Could not detect default configuration classes for test class [org.springframework.samples.petclinic.acceptance.Cp43Tests]: Cp43Tests does not declare any static, non-private, non-final, nested classes annotated with @Configuration.
INFO  AnnotationConfigContextLoaderUtils - Could not detect default configuration classes for test class [org.springframework.samples.petclinic.acceptance.AcceptanceBase]: AcceptanceBase does not declare any static, non-private, non-final, nested classes annotated with @Configuration.
INFO  SpringBootTestContextBootstrapper - Found @SpringBootConfiguration org.springframework.samples.petclinic.PetClinicApplication for test class org.springframework.samples.petclinic.acceptance.Cp43Tests
INFO  AUDIT - owner id=272 memberId=NSW261CA912414 registrationDate=2026-09-07 membershipLevel=2
INFO  AUDIT - {"seq":262,"ownerId":272,"memberId":"NSW261CA912414","membershipLevel":"2","event":"OWNER_CREATED"}
INFO  NOTIFY - welcome owner id=272 memberId=NSW261CA912414
[ERROR] Failures: 
[ERROR]   Cp01Tests.coreRejectsWhenNoAddressAtAll:18 Status expected:<400> but was:<201>
[ERROR]   Cp23Tests.coreHouseholdAddsPoints:28 JSON path "$.membershipPoints" expected:<5> but was:<3>
[ERROR]   Cp39Tests.coreNewOwnerCappedBelowFour:28 JSON path "$.membershipLevel" expected:<3> but was:<2>
[ERROR] Tests run: 71, Failures: 3, Errors: 0, Skipped: 0
[ERROR] Failed to execute goal org.apache.maven.plugins:maven-surefire-plugin:3.5.6:test (default-test) on project spring-petclinic-rest: There are test failures.
[ERROR] 
[ERROR] See /home/daniel/sandbox/target/surefire-reports for the individual test results.
[ERROR] See dump files (if any exist) [date].dump, [date]-jvmRun[N].dump and [date].dumpstream.
[ERROR] -> [Help 1]
[ERROR] 
[ERROR] To see the full stack trace of the errors, re-run Maven with the -e switch.
[ERROR] Re-run Maven using the -X switch to enable full debug logging.
[ERROR] 
[ERROR] For more information about the errors and possible solutions, please read the following articles:
[ERROR] [Help 1] http://cwiki.apache.org/confluence/display/MAVEN/MojoFailureException
OpenJDK 64-Bit Server VM warning: Sharing is only supported for boot loader classes because bootstrap classpath has been appended
