$ ./mvnw -q -B -DskipTests test-compile
############################################################################################
# Thanks for using OpenAPI Generator.                                                      #
# We appreciate your support! Please consider donation to help us maintain this project.   #
# https://opencollective.com/openapi_generator/donate                                      #
############################################################################################

$ ./mvnw -q -B -Dgroups=cp01,cp02,cp03,cp04,cp05,cp06,cp07,cp08,cp09,cp10,cp11,cp12,cp13,cp14,cp15,cp16,cp17,cp18,cp19,cp20,cp21,cp22,cp23,cp24,cp25,cp26,cp27,cp28,cp29,cp30,cp31,cp32,cp33,cp34,cp35,cp36,cp37,cp38,cp39,cp40,cp41,cp42,cp43,cp44,cp45,cp46,cp47,cp48,cp49,cp50,cp51,cp52,cp53,cp54,cp55,cp56,cp57,cp58,cp59,cp60 test
############################################################################################
# Thanks for using OpenAPI Generator.                                                      #
# We appreciate your support! Please consider donation to help us maintain this project.   #
# https://opencollective.com/openapi_generator/donate                                      #
############################################################################################
INFO  AnnotationConfigContextLoaderUtils - Could not detect default configuration classes for test class [org.springframework.samples.petclinic.acceptance.Cp53Tests]: Cp53Tests does not declare any static, non-private, non-final, nested classes annotated with @Configuration.
INFO  SpringBootTestContextBootstrapper - Found @SpringBootConfiguration org.springframework.samples.petclinic.PetClinicApplication for test class org.springframework.samples.petclinic.acceptance.Cp53Tests
INFO  AnnotationConfigContextLoaderUtils - Could not detect default configuration classes for test class [org.springframework.samples.petclinic.acceptance.Cp53Tests]: Cp53Tests does not declare any static, non-private, non-final, nested classes annotated with @Configuration.
INFO  AnnotationConfigContextLoaderUtils - Could not detect default configuration classes for test class [org.springframework.samples.petclinic.acceptance.AcceptanceBase]: AcceptanceBase does not declare any static, non-private, non-final, nested classes annotated with @Configuration.
INFO  SpringBootTestContextBootstrapper - Found @SpringBootConfiguration org.springframework.samples.petclinic.PetClinicApplication for test class org.springframework.samples.petclinic.acceptance.Cp53Tests

  .   ____          _            __ _ _
 /\\ / ___'_ __ _ _(_)_ __  __ _ \ \ \ \
( ( )\___ | '_ | '_| | '_ \/ _` | \ \ \ \
 \\/  ___)| |_)| | | | | || (_| |  ) ) ) )
  '  |____| .__|_| |_|_| |_\__, | / / / /
 =========|_|==============|___/=/_/_/_/

 :: Spring Boot ::                (v4.1.0)

INFO  Cp53Tests - Starting Cp53Tests using Java 17.0.20 with PID 1504197 (started by daniel in /home/daniel/sandbox)
DEBUG Cp53Tests - Running with Spring Boot v4.1.0, Spring v7.0.8
INFO  Cp53Tests - The following 2 profiles are active: "hsqldb", "spring-data-jpa"
INFO  Version - HV000001: Hibernate Validator 9.1.0.Final
INFO  RepositoryConfigurationDelegate - Bootstrapping Spring Data JPA repositories in DEFAULT mode.
INFO  RepositoryConfigurationDelegate - Finished Spring Data repository scanning in 72 ms. Found 7 JPA repository interfaces.
INFO  HikariDataSource - HikariPool-1 - Starting...
INFO  PoolBase - HikariPool-1 - Driver does not support get/set network timeout for connections. (feature not supported)
INFO  HikariPool - HikariPool-1 - Added connection org.hsqldb.jdbc.JDBCConnection@27bbd688
INFO  HikariDataSource - HikariPool-1 - Start completed.
INFO  jpa - HHH008540: Processing PersistenceUnitInfo [name: default]
INFO  core - HHH000001: Hibernate ORM core version 7.4.1.Final
INFO  SpringPersistenceUnitInfo - No LoadTimeWeaver setup: ignoring JPA class transformer
INFO  pooling - HHH10001005: Database info:
	Database JDBC URL [jdbc:hsqldb:mem:petclinic]
	Database driver: HSQL Database Engine Driver
	Database dialect: HSQLDialect
	Database version: 2.7.3
	Default catalog/schema: PUBLIC/PUBLIC
	Autocommit mode: undefined/unknown
	Isolation level: READ_COMMITTED [default READ_COMMITTED]
	JDBC fetch size: none
	Pool: DataSourceConnectionProvider
	Minimum pool size: undefined/unknown
	Maximum pool size: undefined/unknown
INFO  core - HHH000489: No JTA platform available (set 'hibernate.transaction.jta.platform' to enable JTA platform integration)
INFO  LocalContainerEntityManagerFactoryBean - Initialized JPA EntityManagerFactory for persistence unit 'default'
INFO  QueryEnhancerFactories - Hibernate is in classpath; If applicable, HQL parser will be used.
WARN  InitializeUserDetailsBeanManagerConfigurer$InitializeUserDetailsManagerConfigurer - Global AuthenticationManager configured with an AuthenticationProvider bean. UserDetailsService beans will not be used by Spring Security for automatically configuring username/password login. Consider removing the AuthenticationProvider bean. Alternatively, consider using the UserDetailsService in a manually instantiated DaoAuthenticationProvider. If the current configuration is intentional, to turn off this warning, increase the logging level of 'org.springframework.security.config.annotation.authentication.configuration.InitializeUserDetailsBeanManagerConfigurer' to ERROR
WARN  UserDetailsServiceAutoConfiguration - 

Using generated security password: 90b19c86-e105-49ac-ad1e-0941cd7a7898

This generated password is for development use only. Your security configuration must be updated before running your application in production.

INFO  SpringBootMockServletContext - Initializing Spring TestDispatcherServlet ''
INFO  TestDispatcherServlet - Initializing Servlet ''
INFO  EndpointLinksResolver - Exposing 1 endpoint beneath base path '/actuator'
INFO  TestDispatcherServlet - Completed initialization in 21 ms
INFO  Cp53Tests - Started Cp53Tests in 7.55 seconds (process running for 9.497)
WARN  SpringDocAppInitializer - SpringDoc /v3/api-docs endpoint is enabled by default. To disable it in production, set the property 'springdoc.api-docs.enabled=false'
WARN  SpringDocAppInitializer - SpringDoc /swagger-ui.html endpoint is enabled by default. To disable it in production, set the property 'springdoc.swagger-ui.enabled=false'
INFO  AUDIT - Owner created: id=11 memberId=V2NSW2616E6609E9 registrationDate=2026-09-18 membershipLevel=1
INFO  AUDIT - {"seq":1,"schemaVersion":2,"ownerId":11,"memberId":"V2NSW2616E6609E9","membershipLevel":1,"ownerSegment":"STANDARD_METRO","event":"OWNER_CREATED"}
INFO  NOTIFY - Welcome notification enqueued: id=11 memberId=V2NSW2616E6609E9
INFO  AnnotationConfigContextLoaderUtils - Could not detect default configuration classes for test class [org.springframework.samples.petclinic.acceptance.Cp17Tests]: Cp17Tests does not declare any static, non-private, non-final, nested classes annotated with @Configuration.
INFO  SpringBootTestContextBootstrapper - Found @SpringBootConfiguration org.springframework.samples.petclinic.PetClinicApplication for test class org.springframework.samples.petclinic.acceptance.Cp17Tests
INFO  AnnotationConfigContextLoaderUtils - Could not detect default configuration classes for test class [org.springframework.samples.petclinic.acceptance.Cp17Tests]: Cp17Tests does not declare any static, non-private, non-final, nested classes annotated with @Configuration.
INFO  AnnotationConfigContextLoaderUtils - Could not detect default configuration classes for test class [org.springframework.samples.petclinic.acceptance.AcceptanceBase]: AcceptanceBase does not declare any static, non-private, non-final, nested classes annotated with @Configuration.
INFO  SpringBootTestContextBootstrapper - Found @SpringBootConfiguration org.springframework.samples.petclinic.PetClinicApplication for test class org.springframework.samples.petclinic.acceptance.Cp17Tests
INFO  AUDIT - Owner created: id=12 memberId=V2NSW26F4F6FF624 registrationDate=2026-09-18 membershipLevel=1
INFO  AUDIT - {"seq":2,"schemaVersion":2,"ownerId":12,"memberId":"V2NSW26F4F6FF624","membershipLevel":1,"ownerSegment":"STANDARD_METRO","event":"OWNER_CREATED"}
INFO  NOTIFY - Welcome notification enqueued: id=12 memberId=V2NSW26F4F6FF624
INFO  AnnotationConfigContextLoaderUtils - Could not detect default configuration classes for test class [org.springframework.samples.petclinic.acceptance.Cp10Tests]: Cp10Tests does not declare any static, non-private, non-final, nested classes annotated with @Configuration.
INFO  SpringBootTestContextBootstrapper - Found @SpringBootConfiguration org.springframework.samples.petclinic.PetClinicApplication for test class org.springframework.samples.petclinic.acceptance.Cp10Tests
INFO  AnnotationConfigContextLoaderUtils - Could not detect default configuration classes for test class [org.springframework.samples.petclinic.acceptance.Cp10Tests]: Cp10Tests does not declare any static, non-private, non-final, nested classes annotated with @Configuration.
INFO  AnnotationConfigContextLoaderUtils - Could not detect default configuration classes for test class [org.springframework.samples.petclinic.acceptance.AcceptanceBase]: AcceptanceBase does not declare any static, non-private, non-final, nested classes annotated with @Configuration.
INFO  SpringBootTestContextBootstrapper - Found @SpringBootConfiguration org.springframework.samples.petclinic.PetClinicApplication for test class org.springframework.samples.petclinic.acceptance.Cp10Tests
INFO  AUDIT - Owner created: id=13 memberId=V2NSW26A67F74807 registrationDate=2026-09-18 membershipLevel=1
INFO  AUDIT - {"seq":3,"schemaVersion":2,"ownerId":13,"memberId":"V2NSW26A67F74807","membershipLevel":1,"ownerSegment":"STANDARD_METRO","event":"OWNER_CREATED"}
INFO  NOTIFY - Welcome notification enqueued: id=13 memberId=V2NSW26A67F74807
INFO  AUDIT - Owner created: id=14 memberId=V2NSW268F040A645 registrationDate=2026-09-18 membershipLevel=1
INFO  AUDIT - {"seq":4,"schemaVersion":2,"ownerId":14,"memberId":"V2NSW268F040A645","membershipLevel":1,"ownerSegment":"STANDARD_METRO","event":"OWNER_CREATED"}
INFO  NOTIFY - Welcome notification enqueued: id=14 memberId=V2NSW268F040A645
INFO  AnnotationConfigContextLoaderUtils - Could not detect default configuration classes for test class [org.springframework.samples.petclinic.acceptance.Cp29Tests]: Cp29Tests does not declare any static, non-private, non-final, nested classes annotated with @Configuration.
INFO  SpringBootTestContextBootstrapper - Found @SpringBootConfiguration org.springframework.samples.petclinic.PetClinicApplication for test class org.springframework.samples.petclinic.acceptance.Cp29Tests
INFO  AnnotationConfigContextLoaderUtils - Could not detect default configuration classes for test class [org.springframework.samples.petclinic.acceptance.Cp29Tests]: Cp29Tests does not declare any static, non-private, non-final, nested classes annotated with @Configuration.
INFO  AnnotationConfigContextLoaderUtils - Could not detect default configuration classes for test class [org.springframework.samples.petclinic.acceptance.AcceptanceBase]: AcceptanceBase does not declare any static, non-private, non-final, nested classes annotated with @Configuration.
INFO  SpringBootTestContextBootstrapper - Found @SpringBootConfiguration org.springframework.samples.petclinic.PetClinicApplication for test class org.springframework.samples.petclinic.acceptance.Cp29Tests
INFO  AUDIT - Owner created: id=15 memberId=V2NSW26E64BA08C0 registrationDate=2026-09-18 membershipLevel=1
INFO  AUDIT - {"seq":5,"schemaVersion":2,"ownerId":15,"memberId":"V2NSW26E64BA08C0","membershipLevel":1,"ownerSegment":"STANDARD_METRO","event":"OWNER_CREATED"}
INFO  NOTIFY - Welcome notification enqueued: id=15 memberId=V2NSW26E64BA08C0
DEBUG ExceptionControllerAdvice - Validation error at POST /api/owners: [Field error in object 'ownerFieldsDto' on field 'postcode': rejected value [3000]; codes [postcode.invalid.ownerFieldsDto.postcode,postcode.invalid.postcode,postcode.invalid.java.lang.String,postcode.invalid]; arguments []; default message [must be a valid postcode for the city]]
INFO  AnnotationConfigContextLoaderUtils - Could not detect default configuration classes for test class [org.springframework.samples.petclinic.acceptance.Cp11Tests]: Cp11Tests does not declare any static, non-private, non-final, nested classes annotated with @Configuration.
INFO  SpringBootTestContextBootstrapper - Found @SpringBootConfiguration org.springframework.samples.petclinic.PetClinicApplication for test class org.springframework.samples.petclinic.acceptance.Cp11Tests
INFO  AnnotationConfigContextLoaderUtils - Could not detect default configuration classes for test class [org.springframework.samples.petclinic.acceptance.Cp11Tests]: Cp11Tests does not declare any static, non-private, non-final, nested classes annotated with @Configuration.
INFO  AnnotationConfigContextLoaderUtils - Could not detect default configuration classes for test class [org.springframework.samples.petclinic.acceptance.AcceptanceBase]: AcceptanceBase does not declare any static, non-private, non-final, nested classes annotated with @Configuration.
INFO  SpringBootTestContextBootstrapper - Found @SpringBootConfiguration org.springframework.samples.petclinic.PetClinicApplication for test class org.springframework.samples.petclinic.acceptance.Cp11Tests
INFO  AUDIT - Owner created: id=16 memberId=V2NSW26295193D84 registrationDate=2026-09-18 membershipLevel=1
INFO  AUDIT - {"seq":6,"schemaVersion":2,"ownerId":16,"memberId":"V2NSW26295193D84","membershipLevel":1,"ownerSegment":"STANDARD_METRO","event":"OWNER_CREATED"}
INFO  NOTIFY - Welcome notification enqueued: id=16 memberId=V2NSW26295193D84
INFO  AUDIT - Owner created: id=17 memberId=V2NSW269832ED2E9 registrationDate=2026-09-18 membershipLevel=1
INFO  AUDIT - {"seq":7,"schemaVersion":2,"ownerId":17,"memberId":"V2NSW269832ED2E9","membershipLevel":1,"ownerSegment":"STANDARD_METRO","event":"OWNER_CREATED"}
INFO  NOTIFY - Welcome notification enqueued: id=17 memberId=V2NSW269832ED2E9
INFO  AnnotationConfigContextLoaderUtils - Could not detect default configuration classes for test class [org.springframework.samples.petclinic.acceptance.Cp21Tests]: Cp21Tests does not declare any static, non-private, non-final, nested classes annotated with @Configuration.
INFO  SpringBootTestContextBootstrapper - Found @SpringBootConfiguration org.springframework.samples.petclinic.PetClinicApplication for test class org.springframework.samples.petclinic.acceptance.Cp21Tests
INFO  AnnotationConfigContextLoaderUtils - Could not detect default configuration classes for test class [org.springframework.samples.petclinic.acceptance.Cp21Tests]: Cp21Tests does not declare any static, non-private, non-final, nested classes annotated with @Configuration.
INFO  AnnotationConfigContextLoaderUtils - Could not detect default configuration classes for test class [org.springframework.samples.petclinic.acceptance.AcceptanceBase]: AcceptanceBase does not declare any static, non-private, non-final, nested classes annotated with @Configuration.
INFO  SpringBootTestContextBootstrapper - Found @SpringBootConfiguration org.springframework.samples.petclinic.PetClinicApplication for test class org.springframework.samples.petclinic.acceptance.Cp21Tests
INFO  AUDIT - Owner created: id=18 memberId=V2NSW26240822099 registrationDate=2026-09-18 membershipLevel=1
INFO  AUDIT - {"seq":8,"schemaVersion":2,"ownerId":18,"memberId":"V2NSW26240822099","membershipLevel":1,"ownerSegment":"STANDARD_METRO","event":"OWNER_CREATED"}
INFO  NOTIFY - Welcome notification enqueued: id=18 memberId=V2NSW26240822099
INFO  AnnotationConfigContextLoaderUtils - Could not detect default configuration classes for test class [org.springframework.samples.petclinic.acceptance.Cp06Tests]: Cp06Tests does not declare any static, non-private, non-final, nested classes annotated with @Configuration.
INFO  SpringBootTestContextBootstrapper - Found @SpringBootConfiguration org.springframework.samples.petclinic.PetClinicApplication for test class org.springframework.samples.petclinic.acceptance.Cp06Tests
INFO  AnnotationConfigContextLoaderUtils - Could not detect default configuration classes for test class [org.springframework.samples.petclinic.acceptance.Cp06Tests]: Cp06Tests does not declare any static, non-private, non-final, nested classes annotated with @Configuration.
INFO  AnnotationConfigContextLoaderUtils - Could not detect default configuration classes for test class [org.springframework.samples.petclinic.acceptance.AcceptanceBase]: AcceptanceBase does not declare any static, non-private, non-final, nested classes annotated with @Configuration.
INFO  SpringBootTestContextBootstrapper - Found @SpringBootConfiguration org.springframework.samples.petclinic.PetClinicApplication for test class org.springframework.samples.petclinic.acceptance.Cp06Tests
INFO  AUDIT - Owner created: id=19 memberId=V2UNKNOWN26B93CA1AF4 registrationDate=2026-09-18 membershipLevel=1
INFO  AUDIT - {"seq":9,"schemaVersion":2,"ownerId":19,"memberId":"V2UNKNOWN26B93CA1AF4","membershipLevel":1,"ownerSegment":"STANDARD_REGIONAL","event":"OWNER_CREATED"}
INFO  NOTIFY - Welcome notification enqueued: id=19 memberId=V2UNKNOWN26B93CA1AF4
INFO  AnnotationConfigContextLoaderUtils - Could not detect default configuration classes for test class [org.springframework.samples.petclinic.acceptance.Cp03Tests]: Cp03Tests does not declare any static, non-private, non-final, nested classes annotated with @Configuration.
INFO  SpringBootTestContextBootstrapper - Found @SpringBootConfiguration org.springframework.samples.petclinic.PetClinicApplication for test class org.springframework.samples.petclinic.acceptance.Cp03Tests
INFO  AnnotationConfigContextLoaderUtils - Could not detect default configuration classes for test class [org.springframework.samples.petclinic.acceptance.Cp03Tests]: Cp03Tests does not declare any static, non-private, non-final, nested classes annotated with @Configuration.
INFO  AnnotationConfigContextLoaderUtils - Could not detect default configuration classes for test class [org.springframework.samples.petclinic.acceptance.AcceptanceBase]: AcceptanceBase does not declare any static, non-private, non-final, nested classes annotated with @Configuration.
INFO  SpringBootTestContextBootstrapper - Found @SpringBootConfiguration org.springframework.samples.petclinic.PetClinicApplication for test class org.springframework.samples.petclinic.acceptance.Cp03Tests
INFO  AUDIT - Owner created: id=20 memberId=V2UNKNOWN26E3C63BB10 registrationDate=2026-09-18 membershipLevel=1
INFO  AUDIT - {"seq":10,"schemaVersion":2,"ownerId":20,"memberId":"V2UNKNOWN26E3C63BB10","membershipLevel":1,"ownerSegment":"STANDARD_REGIONAL","event":"OWNER_CREATED"}
INFO  NOTIFY - Welcome notification enqueued: id=20 memberId=V2UNKNOWN26E3C63BB10
WARN  ExceptionControllerAdvice - Request rejected at POST /api/owners: An owner with the same identity already exists
INFO  AnnotationConfigContextLoaderUtils - Could not detect default configuration classes for test class [org.springframework.samples.petclinic.acceptance.Cp13Tests]: Cp13Tests does not declare any static, non-private, non-final, nested classes annotated with @Configuration.
INFO  SpringBootTestContextBootstrapper - Found @SpringBootConfiguration org.springframework.samples.petclinic.PetClinicApplication for test class org.springframework.samples.petclinic.acceptance.Cp13Tests
INFO  AnnotationConfigContextLoaderUtils - Could not detect default configuration classes for test class [org.springframework.samples.petclinic.acceptance.Cp13Tests]: Cp13Tests does not declare any static, non-private, non-final, nested classes annotated with @Configuration.
INFO  AnnotationConfigContextLoaderUtils - Could not detect default configuration classes for test class [org.springframework.samples.petclinic.acceptance.AcceptanceBase]: AcceptanceBase does not declare any static, non-private, non-final, nested classes annotated with @Configuration.
INFO  SpringBootTestContextBootstrapper - Found @SpringBootConfiguration org.springframework.samples.petclinic.PetClinicApplication for test class org.springframework.samples.petclinic.acceptance.Cp13Tests
INFO  AUDIT - Owner created: id=21 memberId=V2NSW26C034A6A43 registrationDate=2026-09-18 membershipLevel=1
INFO  AUDIT - {"seq":11,"schemaVersion":2,"ownerId":21,"memberId":"V2NSW26C034A6A43","membershipLevel":1,"ownerSegment":"STANDARD_METRO","event":"OWNER_CREATED"}
INFO  NOTIFY - Welcome notification enqueued: id=21 memberId=V2NSW26C034A6A43
INFO  AUDIT - Owner created: id=22 memberId=V2NSW26FF4C72F00 registrationDate=2026-09-18 membershipLevel=1
INFO  AUDIT - {"seq":12,"schemaVersion":2,"ownerId":22,"memberId":"V2NSW26FF4C72F00","membershipLevel":1,"ownerSegment":"STANDARD_METRO","event":"OWNER_CREATED"}
INFO  NOTIFY - Welcome notification enqueued: id=22 memberId=V2NSW26FF4C72F00
INFO  AnnotationConfigContextLoaderUtils - Could not detect default configuration classes for test class [org.springframework.samples.petclinic.acceptance.Cp19Tests]: Cp19Tests does not declare any static, non-private, non-final, nested classes annotated with @Configuration.
INFO  SpringBootTestContextBootstrapper - Found @SpringBootConfiguration org.springframework.samples.petclinic.PetClinicApplication for test class org.springframework.samples.petclinic.acceptance.Cp19Tests
INFO  AnnotationConfigContextLoaderUtils - Could not detect default configuration classes for test class [org.springframework.samples.petclinic.acceptance.Cp19Tests]: Cp19Tests does not declare any static, non-private, non-final, nested classes annotated with @Configuration.
INFO  AnnotationConfigContextLoaderUtils - Could not detect default configuration classes for test class [org.springframework.samples.petclinic.acceptance.AcceptanceBase]: AcceptanceBase does not declare any static, non-private, non-final, nested classes annotated with @Configuration.
INFO  SpringBootTestContextBootstrapper - Found @SpringBootConfiguration org.springframework.samples.petclinic.PetClinicApplication for test class org.springframework.samples.petclinic.acceptance.Cp19Tests
INFO  AUDIT - Owner created: id=23 memberId=V2UNKNOWN26C76EDE2D3 registrationDate=2026-09-18 membershipLevel=1
INFO  AUDIT - {"seq":13,"schemaVersion":2,"ownerId":23,"memberId":"V2UNKNOWN26C76EDE2D3","membershipLevel":1,"ownerSegment":"STANDARD_REGIONAL","event":"OWNER_CREATED"}
INFO  NOTIFY - Welcome notification enqueued: id=23 memberId=V2UNKNOWN26C76EDE2D3
INFO  AUDIT - Owner created: id=24 memberId=V2UNKNOWN26AA45DBC70 registrationDate=2026-09-18 membershipLevel=1
INFO  AUDIT - {"seq":14,"schemaVersion":2,"ownerId":24,"memberId":"V2UNKNOWN26AA45DBC70","membershipLevel":1,"ownerSegment":"STANDARD_REGIONAL","event":"OWNER_CREATED"}
INFO  NOTIFY - Welcome notification enqueued: id=24 memberId=V2UNKNOWN26AA45DBC70
INFO  AUDIT - Owner created: id=25 memberId=V2UNKNOWN264433B2D73 registrationDate=2026-09-18 membershipLevel=1
INFO  AUDIT - {"seq":15,"schemaVersion":2,"ownerId":25,"memberId":"V2UNKNOWN264433B2D73","membershipLevel":1,"ownerSegment":"STANDARD_REGIONAL","event":"OWNER_CREATED"}
INFO  NOTIFY - Welcome notification enqueued: id=25 memberId=V2UNKNOWN264433B2D73
INFO  AUDIT - Owner created: id=26 memberId=V2UNKNOWN2692BD52A87 registrationDate=2026-09-18 membershipLevel=1
INFO  AUDIT - {"seq":16,"schemaVersion":2,"ownerId":26,"memberId":"V2UNKNOWN2692BD52A87","membershipLevel":1,"ownerSegment":"STANDARD_REGIONAL","event":"OWNER_CREATED"}
INFO  NOTIFY - Welcome notification enqueued: id=26 memberId=V2UNKNOWN2692BD52A87
INFO  AUDIT - Owner created: id=27 memberId=V2UNKNOWN26E95C8E742 registrationDate=2026-09-18 membershipLevel=1
INFO  AUDIT - {"seq":17,"schemaVersion":2,"ownerId":27,"memberId":"V2UNKNOWN26E95C8E742","membershipLevel":1,"ownerSegment":"STANDARD_REGIONAL","event":"OWNER_CREATED"}
INFO  NOTIFY - Welcome notification enqueued: id=27 memberId=V2UNKNOWN26E95C8E742
INFO  AUDIT - Owner created: id=28 memberId=V2UNKNOWN2651B5496A9 registrationDate=2026-09-18 membershipLevel=1
INFO  AUDIT - {"seq":18,"schemaVersion":2,"ownerId":28,"memberId":"V2UNKNOWN2651B5496A9","membershipLevel":1,"ownerSegment":"STANDARD_REGIONAL","event":"OWNER_CREATED"}
INFO  NOTIFY - Welcome notification enqueued: id=28 memberId=V2UNKNOWN2651B5496A9
INFO  AUDIT - Owner created: id=29 memberId=V2UNKNOWN2685A8142E4 registrationDate=2026-09-18 membershipLevel=1
INFO  AUDIT - {"seq":19,"schemaVersion":2,"ownerId":29,"memberId":"V2UNKNOWN2685A8142E4","membershipLevel":1,"ownerSegment":"STANDARD_REGIONAL","event":"OWNER_CREATED"}
INFO  NOTIFY - Welcome notification enqueued: id=29 memberId=V2UNKNOWN2685A8142E4
INFO  AUDIT - Owner created: id=30 memberId=V2UNKNOWN263FAD054F5 registrationDate=2026-09-18 membershipLevel=1
INFO  AUDIT - {"seq":20,"schemaVersion":2,"ownerId":30,"memberId":"V2UNKNOWN263FAD054F5","membershipLevel":1,"ownerSegment":"STANDARD_REGIONAL","event":"OWNER_CREATED"}
INFO  NOTIFY - Welcome notification enqueued: id=30 memberId=V2UNKNOWN263FAD054F5
INFO  AUDIT - Owner created: id=31 memberId=V2UNKNOWN26428C0A930 registrationDate=2026-09-18 membershipLevel=1
INFO  AUDIT - {"seq":21,"schemaVersion":2,"ownerId":31,"memberId":"V2UNKNOWN26428C0A930","membershipLevel":1,"ownerSegment":"STANDARD_REGIONAL","event":"OWNER_CREATED"}
INFO  NOTIFY - Welcome notification enqueued: id=31 memberId=V2UNKNOWN26428C0A930
INFO  AUDIT - Owner created: id=32 memberId=V2UNKNOWN26F57FC58B9 registrationDate=2026-09-18 membershipLevel=1
INFO  AUDIT - {"seq":22,"schemaVersion":2,"ownerId":32,"memberId":"V2UNKNOWN26F57FC58B9","membershipLevel":1,"ownerSegment":"STANDARD_REGIONAL","event":"OWNER_CREATED"}
INFO  NOTIFY - Welcome notification enqueued: id=32 memberId=V2UNKNOWN26F57FC58B9
INFO  AUDIT - Owner created: id=33 memberId=V2UNKNOWN2676811EB26 registrationDate=2026-09-18 membershipLevel=1
INFO  AUDIT - {"seq":23,"schemaVersion":2,"ownerId":33,"memberId":"V2UNKNOWN2676811EB26","membershipLevel":1,"ownerSegment":"STANDARD_REGIONAL","event":"OWNER_CREATED"}
INFO  NOTIFY - Welcome notification enqueued: id=33 memberId=V2UNKNOWN2676811EB26
INFO  AUDIT - Owner created: id=34 memberId=V2UNKNOWN26B26417C11 registrationDate=2026-09-18 membershipLevel=1
INFO  AUDIT - {"seq":24,"schemaVersion":2,"ownerId":34,"memberId":"V2UNKNOWN26B26417C11","membershipLevel":1,"ownerSegment":"STANDARD_REGIONAL","event":"OWNER_CREATED"}
INFO  NOTIFY - Welcome notification enqueued: id=34 memberId=V2UNKNOWN26B26417C11
INFO  AUDIT - Owner created: id=35 memberId=V2UNKNOWN26C493C16D1 registrationDate=2026-09-18 membershipLevel=1
INFO  AUDIT - {"seq":25,"schemaVersion":2,"ownerId":35,"memberId":"V2UNKNOWN26C493C16D1","membershipLevel":1,"ownerSegment":"STANDARD_REGIONAL","event":"OWNER_CREATED"}
INFO  NOTIFY - Welcome notification enqueued: id=35 memberId=V2UNKNOWN26C493C16D1
INFO  AUDIT - Owner created: id=36 memberId=V2UNKNOWN2623F961A75 registrationDate=2026-09-18 membershipLevel=1
INFO  AUDIT - {"seq":26,"schemaVersion":2,"ownerId":36,"memberId":"V2UNKNOWN2623F961A75","membershipLevel":1,"ownerSegment":"STANDARD_REGIONAL","event":"OWNER_CREATED"}
INFO  NOTIFY - Welcome notification enqueued: id=36 memberId=V2UNKNOWN2623F961A75
INFO  AUDIT - Owner created: id=37 memberId=V2UNKNOWN26E8F27F9D3 registrationDate=2026-09-18 membershipLevel=1
INFO  AUDIT - {"seq":27,"schemaVersion":2,"ownerId":37,"memberId":"V2UNKNOWN26E8F27F9D3","membershipLevel":1,"ownerSegment":"STANDARD_REGIONAL","event":"OWNER_CREATED"}
INFO  NOTIFY - Welcome notification enqueued: id=37 memberId=V2UNKNOWN26E8F27F9D3
INFO  AUDIT - Owner created: id=38 memberId=V2UNKNOWN26C69823C01 registrationDate=2026-09-18 membershipLevel=1
INFO  AUDIT - {"seq":28,"schemaVersion":2,"ownerId":38,"memberId":"V2UNKNOWN26C69823C01","membershipLevel":1,"ownerSegment":"STANDARD_REGIONAL","event":"OWNER_CREATED"}
INFO  NOTIFY - Welcome notification enqueued: id=38 memberId=V2UNKNOWN26C69823C01
INFO  AUDIT - Owner created: id=39 memberId=V2UNKNOWN26CA3A83EA8 registrationDate=2026-09-18 membershipLevel=1
INFO  AUDIT - {"seq":29,"schemaVersion":2,"ownerId":39,"memberId":"V2UNKNOWN26CA3A83EA8","membershipLevel":1,"ownerSegment":"STANDARD_REGIONAL","event":"OWNER_CREATED"}
INFO  NOTIFY - Welcome notification enqueued: id=39 memberId=V2UNKNOWN26CA3A83EA8
INFO  AUDIT - Owner created: id=40 memberId=V2UNKNOWN26A01F92C06 registrationDate=2026-09-18 membershipLevel=1
INFO  AUDIT - {"seq":30,"schemaVersion":2,"ownerId":40,"memberId":"V2UNKNOWN26A01F92C06","membershipLevel":1,"ownerSegment":"STANDARD_REGIONAL","event":"OWNER_CREATED"}
INFO  NOTIFY - Welcome notification enqueued: id=40 memberId=V2UNKNOWN26A01F92C06
INFO  AUDIT - Owner created: id=41 memberId=V2UNKNOWN2604D172423 registrationDate=2026-09-18 membershipLevel=1
INFO  AUDIT - {"seq":31,"schemaVersion":2,"ownerId":41,"memberId":"V2UNKNOWN2604D172423","membershipLevel":1,"ownerSegment":"STANDARD_REGIONAL","event":"OWNER_CREATED"}
INFO  NOTIFY - Welcome notification enqueued: id=41 memberId=V2UNKNOWN2604D172423
INFO  AUDIT - Owner created: id=42 memberId=V2UNKNOWN2651CECC848 registrationDate=2026-09-18 membershipLevel=1
INFO  AUDIT - {"seq":32,"schemaVersion":2,"ownerId":42,"memberId":"V2UNKNOWN2651CECC848","membershipLevel":1,"ownerSegment":"STANDARD_REGIONAL","event":"OWNER_CREATED"}
INFO  NOTIFY - Welcome notification enqueued: id=42 memberId=V2UNKNOWN2651CECC848
INFO  AUDIT - Owner created: id=43 memberId=V2UNKNOWN26A84F713B5 registrationDate=2026-09-18 membershipLevel=1
INFO  AUDIT - {"seq":33,"schemaVersion":2,"ownerId":43,"memberId":"V2UNKNOWN26A84F713B5","membershipLevel":1,"ownerSegment":"STANDARD_REGIONAL","event":"OWNER_CREATED"}
INFO  NOTIFY - Welcome notification enqueued: id=43 memberId=V2UNKNOWN26A84F713B5
INFO  AUDIT - Owner created: id=44 memberId=V2UNKNOWN26FC21E9AD4 registrationDate=2026-09-18 membershipLevel=1
INFO  AUDIT - {"seq":34,"schemaVersion":2,"ownerId":44,"memberId":"V2UNKNOWN26FC21E9AD4","membershipLevel":1,"ownerSegment":"STANDARD_REGIONAL","event":"OWNER_CREATED"}
INFO  NOTIFY - Welcome notification enqueued: id=44 memberId=V2UNKNOWN26FC21E9AD4
INFO  AUDIT - Owner created: id=45 memberId=V2UNKNOWN268BC7E59B4 registrationDate=2026-09-18 membershipLevel=1
INFO  AUDIT - {"seq":35,"schemaVersion":2,"ownerId":45,"memberId":"V2UNKNOWN268BC7E59B4","membershipLevel":1,"ownerSegment":"STANDARD_REGIONAL","event":"OWNER_CREATED"}
INFO  NOTIFY - Welcome notification enqueued: id=45 memberId=V2UNKNOWN268BC7E59B4
INFO  AUDIT - Owner created: id=46 memberId=V2UNKNOWN26663D25C83 registrationDate=2026-09-18 membershipLevel=1
INFO  AUDIT - {"seq":36,"schemaVersion":2,"ownerId":46,"memberId":"V2UNKNOWN26663D25C83","membershipLevel":1,"ownerSegment":"STANDARD_REGIONAL","event":"OWNER_CREATED"}
INFO  NOTIFY - Welcome notification enqueued: id=46 memberId=V2UNKNOWN26663D25C83
INFO  AUDIT - Owner created: id=47 memberId=V2UNKNOWN26BC72DFC27 registrationDate=2026-09-18 membershipLevel=1
INFO  AUDIT - {"seq":37,"schemaVersion":2,"ownerId":47,"memberId":"V2UNKNOWN26BC72DFC27","membershipLevel":1,"ownerSegment":"STANDARD_REGIONAL","event":"OWNER_CREATED"}
INFO  NOTIFY - Welcome notification enqueued: id=47 memberId=V2UNKNOWN26BC72DFC27
INFO  AUDIT - Owner created: id=48 memberId=V2UNKNOWN2687F415CE4 registrationDate=2026-09-18 membershipLevel=1
INFO  AUDIT - {"seq":38,"schemaVersion":2,"ownerId":48,"memberId":"V2UNKNOWN2687F415CE4","membershipLevel":1,"ownerSegment":"STANDARD_REGIONAL","event":"OWNER_CREATED"}
INFO  NOTIFY - Welcome notification enqueued: id=48 memberId=V2UNKNOWN2687F415CE4
INFO  AUDIT - Owner created: id=49 memberId=V2UNKNOWN266525BF8E4 registrationDate=2026-09-18 membershipLevel=1
INFO  AUDIT - {"seq":39,"schemaVersion":2,"ownerId":49,"memberId":"V2UNKNOWN266525BF8E4","membershipLevel":1,"ownerSegment":"STANDARD_REGIONAL","event":"OWNER_CREATED"}
INFO  NOTIFY - Welcome notification enqueued: id=49 memberId=V2UNKNOWN266525BF8E4
INFO  AUDIT - Owner created: id=50 memberId=V2UNKNOWN26236EEB974 registrationDate=2026-09-18 membershipLevel=1
INFO  AUDIT - {"seq":40,"schemaVersion":2,"ownerId":50,"memberId":"V2UNKNOWN26236EEB974","membershipLevel":1,"ownerSegment":"STANDARD_REGIONAL","event":"OWNER_CREATED"}
INFO  NOTIFY - Welcome notification enqueued: id=50 memberId=V2UNKNOWN26236EEB974
INFO  AUDIT - Owner created: id=51 memberId=V2UNKNOWN26609E63491 registrationDate=2026-09-18 membershipLevel=1
INFO  AUDIT - {"seq":41,"schemaVersion":2,"ownerId":51,"memberId":"V2UNKNOWN26609E63491","membershipLevel":1,"ownerSegment":"STANDARD_REGIONAL","event":"OWNER_CREATED"}
INFO  NOTIFY - Welcome notification enqueued: id=51 memberId=V2UNKNOWN26609E63491
INFO  AUDIT - Owner created: id=52 memberId=V2UNKNOWN261E3D13CA7 registrationDate=2026-09-18 membershipLevel=1
INFO  AUDIT - {"seq":42,"schemaVersion":2,"ownerId":52,"memberId":"V2UNKNOWN261E3D13CA7","membershipLevel":1,"ownerSegment":"STANDARD_REGIONAL","event":"OWNER_CREATED"}
INFO  NOTIFY - Welcome notification enqueued: id=52 memberId=V2UNKNOWN261E3D13CA7
INFO  AUDIT - Owner created: id=53 memberId=V2UNKNOWN26FCAA2D6F6 registrationDate=2026-09-18 membershipLevel=1
INFO  AUDIT - {"seq":43,"schemaVersion":2,"ownerId":53,"memberId":"V2UNKNOWN26FCAA2D6F6","membershipLevel":1,"ownerSegment":"STANDARD_REGIONAL","event":"OWNER_CREATED"}
INFO  NOTIFY - Welcome notification enqueued: id=53 memberId=V2UNKNOWN26FCAA2D6F6
INFO  AUDIT - Owner created: id=54 memberId=V2UNKNOWN264EC50D8B9 registrationDate=2026-09-18 membershipLevel=1
INFO  AUDIT - {"seq":44,"schemaVersion":2,"ownerId":54,"memberId":"V2UNKNOWN264EC50D8B9","membershipLevel":1,"ownerSegment":"STANDARD_REGIONAL","event":"OWNER_CREATED"}
INFO  NOTIFY - Welcome notification enqueued: id=54 memberId=V2UNKNOWN264EC50D8B9
INFO  AUDIT - Owner created: id=55 memberId=V2UNKNOWN26409E23102 registrationDate=2026-09-18 membershipLevel=1
INFO  AUDIT - {"seq":45,"schemaVersion":2,"ownerId":55,"memberId":"V2UNKNOWN26409E23102","membershipLevel":1,"ownerSegment":"STANDARD_REGIONAL","event":"OWNER_CREATED"}
INFO  NOTIFY - Welcome notification enqueued: id=55 memberId=V2UNKNOWN26409E23102
INFO  AUDIT - Owner created: id=56 memberId=V2UNKNOWN265BBC5BAD5 registrationDate=2026-09-18 membershipLevel=1
INFO  AUDIT - {"seq":46,"schemaVersion":2,"ownerId":56,"memberId":"V2UNKNOWN265BBC5BAD5","membershipLevel":1,"ownerSegment":"STANDARD_REGIONAL","event":"OWNER_CREATED"}
INFO  NOTIFY - Welcome notification enqueued: id=56 memberId=V2UNKNOWN265BBC5BAD5
INFO  AUDIT - Owner created: id=57 memberId=V2UNKNOWN26937448604 registrationDate=2026-09-18 membershipLevel=1
INFO  AUDIT - {"seq":47,"schemaVersion":2,"ownerId":57,"memberId":"V2UNKNOWN26937448604","membershipLevel":1,"ownerSegment":"STANDARD_REGIONAL","event":"OWNER_CREATED"}
INFO  NOTIFY - Welcome notification enqueued: id=57 memberId=V2UNKNOWN26937448604
INFO  AUDIT - Owner created: id=58 memberId=V2UNKNOWN26433415A26 registrationDate=2026-09-18 membershipLevel=1
INFO  AUDIT - {"seq":48,"schemaVersion":2,"ownerId":58,"memberId":"V2UNKNOWN26433415A26","membershipLevel":1,"ownerSegment":"STANDARD_REGIONAL","event":"OWNER_CREATED"}
INFO  NOTIFY - Welcome notification enqueued: id=58 memberId=V2UNKNOWN26433415A26
INFO  AUDIT - Owner created: id=59 memberId=V2UNKNOWN262D1AA66C8 registrationDate=2026-09-18 membershipLevel=1
INFO  AUDIT - {"seq":49,"schemaVersion":2,"ownerId":59,"memberId":"V2UNKNOWN262D1AA66C8","membershipLevel":1,"ownerSegment":"STANDARD_REGIONAL","event":"OWNER_CREATED"}
INFO  NOTIFY - Welcome notification enqueued: id=59 memberId=V2UNKNOWN262D1AA66C8
INFO  AUDIT - Owner created: id=60 memberId=V2UNKNOWN26D03356555 registrationDate=2026-09-18 membershipLevel=1
INFO  AUDIT - {"seq":50,"schemaVersion":2,"ownerId":60,"memberId":"V2UNKNOWN26D03356555","membershipLevel":1,"ownerSegment":"STANDARD_REGIONAL","event":"OWNER_CREATED"}
INFO  NOTIFY - Welcome notification enqueued: id=60 memberId=V2UNKNOWN26D03356555
INFO  AUDIT - Owner created: id=61 memberId=V2UNKNOWN26803FDE4E2 registrationDate=2026-09-18 membershipLevel=1
INFO  AUDIT - {"seq":51,"schemaVersion":2,"ownerId":61,"memberId":"V2UNKNOWN26803FDE4E2","membershipLevel":1,"ownerSegment":"STANDARD_REGIONAL","event":"OWNER_CREATED"}
INFO  NOTIFY - Welcome notification enqueued: id=61 memberId=V2UNKNOWN26803FDE4E2
INFO  AUDIT - Owner created: id=62 memberId=V2UNKNOWN269EEEF39F7 registrationDate=2026-09-18 membershipLevel=1
INFO  AUDIT - {"seq":52,"schemaVersion":2,"ownerId":62,"memberId":"V2UNKNOWN269EEEF39F7","membershipLevel":1,"ownerSegment":"STANDARD_REGIONAL","event":"OWNER_CREATED"}
INFO  NOTIFY - Welcome notification enqueued: id=62 memberId=V2UNKNOWN269EEEF39F7
INFO  AUDIT - Owner created: id=63 memberId=V2UNKNOWN26A30CDCB69 registrationDate=2026-09-18 membershipLevel=1
INFO  AUDIT - {"seq":53,"schemaVersion":2,"ownerId":63,"memberId":"V2UNKNOWN26A30CDCB69","membershipLevel":1,"ownerSegment":"STANDARD_REGIONAL","event":"OWNER_CREATED"}
INFO  NOTIFY - Welcome notification enqueued: id=63 memberId=V2UNKNOWN26A30CDCB69
INFO  AUDIT - Owner created: id=64 memberId=V2UNKNOWN26F1CE0F364 registrationDate=2026-09-18 membershipLevel=1
INFO  AUDIT - {"seq":54,"schemaVersion":2,"ownerId":64,"memberId":"V2UNKNOWN26F1CE0F364","membershipLevel":1,"ownerSegment":"STANDARD_REGIONAL","event":"OWNER_CREATED"}
INFO  NOTIFY - Welcome notification enqueued: id=64 memberId=V2UNKNOWN26F1CE0F364
INFO  AUDIT - Owner created: id=65 memberId=V2UNKNOWN269267E57F7 registrationDate=2026-09-18 membershipLevel=1
INFO  AUDIT - {"seq":55,"schemaVersion":2,"ownerId":65,"memberId":"V2UNKNOWN269267E57F7","membershipLevel":1,"ownerSegment":"STANDARD_REGIONAL","event":"OWNER_CREATED"}
INFO  NOTIFY - Welcome notification enqueued: id=65 memberId=V2UNKNOWN269267E57F7
INFO  AUDIT - Owner created: id=66 memberId=V2UNKNOWN26E00942548 registrationDate=2026-09-18 membershipLevel=1
INFO  AUDIT - {"seq":56,"schemaVersion":2,"ownerId":66,"memberId":"V2UNKNOWN26E00942548","membershipLevel":1,"ownerSegment":"STANDARD_REGIONAL","event":"OWNER_CREATED"}
INFO  NOTIFY - Welcome notification enqueued: id=66 memberId=V2UNKNOWN26E00942548
INFO  AUDIT - Owner created: id=67 memberId=V2UNKNOWN26F130EC235 registrationDate=2026-09-18 membershipLevel=1
INFO  AUDIT - {"seq":57,"schemaVersion":2,"ownerId":67,"memberId":"V2UNKNOWN26F130EC235","membershipLevel":1,"ownerSegment":"STANDARD_REGIONAL","event":"OWNER_CREATED"}
INFO  NOTIFY - Welcome notification enqueued: id=67 memberId=V2UNKNOWN26F130EC235
INFO  AUDIT - Owner created: id=68 memberId=V2UNKNOWN26A57861CB5 registrationDate=2026-09-18 membershipLevel=1
INFO  AUDIT - {"seq":58,"schemaVersion":2,"ownerId":68,"memberId":"V2UNKNOWN26A57861CB5","membershipLevel":1,"ownerSegment":"STANDARD_REGIONAL","event":"OWNER_CREATED"}
INFO  NOTIFY - Welcome notification enqueued: id=68 memberId=V2UNKNOWN26A57861CB5
INFO  AUDIT - Owner created: id=69 memberId=V2UNKNOWN2632BCA90B5 registrationDate=2026-09-18 membershipLevel=1
INFO  AUDIT - {"seq":59,"schemaVersion":2,"ownerId":69,"memberId":"V2UNKNOWN2632BCA90B5","membershipLevel":1,"ownerSegment":"STANDARD_REGIONAL","event":"OWNER_CREATED"}
INFO  NOTIFY - Welcome notification enqueued: id=69 memberId=V2UNKNOWN2632BCA90B5
INFO  AUDIT - Owner created: id=70 memberId=V2UNKNOWN265A2B86E10 registrationDate=2026-09-18 membershipLevel=1
INFO  AUDIT - {"seq":60,"schemaVersion":2,"ownerId":70,"memberId":"V2UNKNOWN265A2B86E10","membershipLevel":1,"ownerSegment":"STANDARD_REGIONAL","event":"OWNER_CREATED"}
INFO  NOTIFY - Welcome notification enqueued: id=70 memberId=V2UNKNOWN265A2B86E10
INFO  AUDIT - Owner created: id=71 memberId=V2UNKNOWN26C7D9ED7B9 registrationDate=2026-09-18 membershipLevel=1
INFO  AUDIT - {"seq":61,"schemaVersion":2,"ownerId":71,"memberId":"V2UNKNOWN26C7D9ED7B9","membershipLevel":1,"ownerSegment":"STANDARD_REGIONAL","event":"OWNER_CREATED"}
INFO  NOTIFY - Welcome notification enqueued: id=71 memberId=V2UNKNOWN26C7D9ED7B9
INFO  AUDIT - Owner created: id=72 memberId=V2UNKNOWN260FA7AF5C0 registrationDate=2026-09-18 membershipLevel=1
INFO  AUDIT - {"seq":62,"schemaVersion":2,"ownerId":72,"memberId":"V2UNKNOWN260FA7AF5C0","membershipLevel":1,"ownerSegment":"STANDARD_REGIONAL","event":"OWNER_CREATED"}
INFO  NOTIFY - Welcome notification enqueued: id=72 memberId=V2UNKNOWN260FA7AF5C0
INFO  AUDIT - Owner created: id=73 memberId=V2UNKNOWN2617732EBB7 registrationDate=2026-09-18 membershipLevel=1
INFO  AUDIT - {"seq":63,"schemaVersion":2,"ownerId":73,"memberId":"V2UNKNOWN2617732EBB7","membershipLevel":1,"ownerSegment":"STANDARD_REGIONAL","event":"OWNER_CREATED"}
INFO  NOTIFY - Welcome notification enqueued: id=73 memberId=V2UNKNOWN2617732EBB7
INFO  AUDIT - Owner created: id=74 memberId=V2UNKNOWN263CD22D709 registrationDate=2026-09-18 membershipLevel=1
INFO  AUDIT - {"seq":64,"schemaVersion":2,"ownerId":74,"memberId":"V2UNKNOWN263CD22D709","membershipLevel":1,"ownerSegment":"STANDARD_REGIONAL","event":"OWNER_CREATED"}
INFO  NOTIFY - Welcome notification enqueued: id=74 memberId=V2UNKNOWN263CD22D709
INFO  AUDIT - Owner created: id=75 memberId=V2UNKNOWN26D5F294E77 registrationDate=2026-09-18 membershipLevel=1
INFO  AUDIT - {"seq":65,"schemaVersion":2,"ownerId":75,"memberId":"V2UNKNOWN26D5F294E77","membershipLevel":1,"ownerSegment":"STANDARD_REGIONAL","event":"OWNER_CREATED"}
INFO  NOTIFY - Welcome notification enqueued: id=75 memberId=V2UNKNOWN26D5F294E77
INFO  AUDIT - Owner created: id=76 memberId=V2UNKNOWN268F7E4B5F3 registrationDate=2026-09-18 membershipLevel=1
INFO  AUDIT - {"seq":66,"schemaVersion":2,"ownerId":76,"memberId":"V2UNKNOWN268F7E4B5F3","membershipLevel":1,"ownerSegment":"STANDARD_REGIONAL","event":"OWNER_CREATED"}
INFO  NOTIFY - Welcome notification enqueued: id=76 memberId=V2UNKNOWN268F7E4B5F3
INFO  AUDIT - Owner created: id=77 memberId=V2UNKNOWN261806A7A78 registrationDate=2026-09-18 membershipLevel=1
INFO  AUDIT - {"seq":67,"schemaVersion":2,"ownerId":77,"memberId":"V2UNKNOWN261806A7A78","membershipLevel":1,"ownerSegment":"STANDARD_REGIONAL","event":"OWNER_CREATED"}
INFO  NOTIFY - Welcome notification enqueued: id=77 memberId=V2UNKNOWN261806A7A78
INFO  AUDIT - Owner created: id=78 memberId=V2UNKNOWN26B75838183 registrationDate=2026-09-18 membershipLevel=1
INFO  AUDIT - {"seq":68,"schemaVersion":2,"ownerId":78,"memberId":"V2UNKNOWN26B75838183","membershipLevel":1,"ownerSegment":"STANDARD_REGIONAL","event":"OWNER_CREATED"}
INFO  NOTIFY - Welcome notification enqueued: id=78 memberId=V2UNKNOWN26B75838183
INFO  AUDIT - Owner created: id=79 memberId=V2UNKNOWN26E2AC6C4B0 registrationDate=2026-09-18 membershipLevel=1
INFO  AUDIT - {"seq":69,"schemaVersion":2,"ownerId":79,"memberId":"V2UNKNOWN26E2AC6C4B0","membershipLevel":1,"ownerSegment":"STANDARD_REGIONAL","event":"OWNER_CREATED"}
INFO  NOTIFY - Welcome notification enqueued: id=79 memberId=V2UNKNOWN26E2AC6C4B0
INFO  AUDIT - Owner created: id=80 memberId=V2UNKNOWN26CEEC2F0C9 registrationDate=2026-09-18 membershipLevel=1
INFO  AUDIT - {"seq":70,"schemaVersion":2,"ownerId":80,"memberId":"V2UNKNOWN26CEEC2F0C9","membershipLevel":1,"ownerSegment":"STANDARD_REGIONAL","event":"OWNER_CREATED"}
INFO  NOTIFY - Welcome notification enqueued: id=80 memberId=V2UNKNOWN26CEEC2F0C9
INFO  AUDIT - Owner created: id=81 memberId=V2UNKNOWN266871E8483 registrationDate=2026-09-18 membershipLevel=1
INFO  AUDIT - {"seq":71,"schemaVersion":2,"ownerId":81,"memberId":"V2UNKNOWN266871E8483","membershipLevel":1,"ownerSegment":"STANDARD_REGIONAL","event":"OWNER_CREATED"}
INFO  NOTIFY - Welcome notification enqueued: id=81 memberId=V2UNKNOWN266871E8483
INFO  AUDIT - Owner created: id=82 memberId=V2UNKNOWN264313AD0F2 registrationDate=2026-09-18 membershipLevel=1
INFO  AUDIT - {"seq":72,"schemaVersion":2,"ownerId":82,"memberId":"V2UNKNOWN264313AD0F2","membershipLevel":1,"ownerSegment":"STANDARD_REGIONAL","event":"OWNER_CREATED"}
INFO  NOTIFY - Welcome notification enqueued: id=82 memberId=V2UNKNOWN264313AD0F2
INFO  AUDIT - Owner created: id=83 memberId=V2UNKNOWN26FB86C8FE8 registrationDate=2026-09-18 membershipLevel=1
INFO  AUDIT - {"seq":73,"schemaVersion":2,"ownerId":83,"memberId":"V2UNKNOWN26FB86C8FE8","membershipLevel":1,"ownerSegment":"STANDARD_REGIONAL","event":"OWNER_CREATED"}
INFO  NOTIFY - Welcome notification enqueued: id=83 memberId=V2UNKNOWN26FB86C8FE8
INFO  AUDIT - Owner created: id=84 memberId=V2UNKNOWN2659E4C5E05 registrationDate=2026-09-18 membershipLevel=1
INFO  AUDIT - {"seq":74,"schemaVersion":2,"ownerId":84,"memberId":"V2UNKNOWN2659E4C5E05","membershipLevel":1,"ownerSegment":"STANDARD_REGIONAL","event":"OWNER_CREATED"}
INFO  NOTIFY - Welcome notification enqueued: id=84 memberId=V2UNKNOWN2659E4C5E05
INFO  AUDIT - Owner created: id=85 memberId=V2UNKNOWN26264D80F54 registrationDate=2026-09-18 membershipLevel=1
INFO  AUDIT - {"seq":75,"schemaVersion":2,"ownerId":85,"memberId":"V2UNKNOWN26264D80F54","membershipLevel":1,"ownerSegment":"STANDARD_REGIONAL","event":"OWNER_CREATED"}
INFO  NOTIFY - Welcome notification enqueued: id=85 memberId=V2UNKNOWN26264D80F54
INFO  AUDIT - Owner created: id=86 memberId=V2UNKNOWN2646C5A7CA4 registrationDate=2026-09-18 membershipLevel=1
INFO  AUDIT - {"seq":76,"schemaVersion":2,"ownerId":86,"memberId":"V2UNKNOWN2646C5A7CA4","membershipLevel":1,"ownerSegment":"STANDARD_REGIONAL","event":"OWNER_CREATED"}
INFO  NOTIFY - Welcome notification enqueued: id=86 memberId=V2UNKNOWN2646C5A7CA4
INFO  AUDIT - Owner created: id=87 memberId=V2UNKNOWN26726E1CEF2 registrationDate=2026-09-18 membershipLevel=1
INFO  AUDIT - {"seq":77,"schemaVersion":2,"ownerId":87,"memberId":"V2UNKNOWN26726E1CEF2","membershipLevel":1,"ownerSegment":"STANDARD_REGIONAL","event":"OWNER_CREATED"}
INFO  NOTIFY - Welcome notification enqueued: id=87 memberId=V2UNKNOWN26726E1CEF2
INFO  AUDIT - Owner created: id=88 memberId=V2UNKNOWN264FE7BCDD2 registrationDate=2026-09-18 membershipLevel=1
INFO  AUDIT - {"seq":78,"schemaVersion":2,"ownerId":88,"memberId":"V2UNKNOWN264FE7BCDD2","membershipLevel":1,"ownerSegment":"STANDARD_REGIONAL","event":"OWNER_CREATED"}
INFO  NOTIFY - Welcome notification enqueued: id=88 memberId=V2UNKNOWN264FE7BCDD2
INFO  AUDIT - Owner created: id=89 memberId=V2UNKNOWN268FB3D0396 registrationDate=2026-09-18 membershipLevel=1
INFO  AUDIT - {"seq":79,"schemaVersion":2,"ownerId":89,"memberId":"V2UNKNOWN268FB3D0396","membershipLevel":1,"ownerSegment":"STANDARD_REGIONAL","event":"OWNER_CREATED"}
INFO  NOTIFY - Welcome notification enqueued: id=89 memberId=V2UNKNOWN268FB3D0396
INFO  AUDIT - Owner created: id=90 memberId=V2UNKNOWN26149F043D3 registrationDate=2026-09-18 membershipLevel=1
INFO  AUDIT - {"seq":80,"schemaVersion":2,"ownerId":90,"memberId":"V2UNKNOWN26149F043D3","membershipLevel":1,"ownerSegment":"STANDARD_REGIONAL","event":"OWNER_CREATED"}
INFO  NOTIFY - Welcome notification enqueued: id=90 memberId=V2UNKNOWN26149F043D3
INFO  AUDIT - Owner created: id=91 memberId=V2UNKNOWN269DAA7DC36 registrationDate=2026-09-18 membershipLevel=1
INFO  AUDIT - {"seq":81,"schemaVersion":2,"ownerId":91,"memberId":"V2UNKNOWN269DAA7DC36","membershipLevel":1,"ownerSegment":"STANDARD_REGIONAL","event":"OWNER_CREATED"}
INFO  NOTIFY - Welcome notification enqueued: id=91 memberId=V2UNKNOWN269DAA7DC36
INFO  AUDIT - Owner created: id=92 memberId=V2UNKNOWN26F93631C86 registrationDate=2026-09-18 membershipLevel=1
INFO  AUDIT - {"seq":82,"schemaVersion":2,"ownerId":92,"memberId":"V2UNKNOWN26F93631C86","membershipLevel":1,"ownerSegment":"STANDARD_REGIONAL","event":"OWNER_CREATED"}
INFO  NOTIFY - Welcome notification enqueued: id=92 memberId=V2UNKNOWN26F93631C86
INFO  AUDIT - Owner created: id=93 memberId=V2UNKNOWN261BDC95A06 registrationDate=2026-09-18 membershipLevel=1
INFO  AUDIT - {"seq":83,"schemaVersion":2,"ownerId":93,"memberId":"V2UNKNOWN261BDC95A06","membershipLevel":1,"ownerSegment":"STANDARD_REGIONAL","event":"OWNER_CREATED"}
INFO  NOTIFY - Welcome notification enqueued: id=93 memberId=V2UNKNOWN261BDC95A06
INFO  AUDIT - Owner created: id=94 memberId=V2UNKNOWN268B03DD1F8 registrationDate=2026-09-18 membershipLevel=1
INFO  AUDIT - {"seq":84,"schemaVersion":2,"ownerId":94,"memberId":"V2UNKNOWN268B03DD1F8","membershipLevel":1,"ownerSegment":"STANDARD_REGIONAL","event":"OWNER_CREATED"}
INFO  NOTIFY - Welcome notification enqueued: id=94 memberId=V2UNKNOWN268B03DD1F8
INFO  AUDIT - Owner created: id=95 memberId=V2UNKNOWN26FD31948F1 registrationDate=2026-09-18 membershipLevel=1
INFO  AUDIT - {"seq":85,"schemaVersion":2,"ownerId":95,"memberId":"V2UNKNOWN26FD31948F1","membershipLevel":1,"ownerSegment":"STANDARD_REGIONAL","event":"OWNER_CREATED"}
INFO  NOTIFY - Welcome notification enqueued: id=95 memberId=V2UNKNOWN26FD31948F1
INFO  AUDIT - Owner created: id=96 memberId=V2UNKNOWN261FE8D9BB9 registrationDate=2026-09-18 membershipLevel=1
INFO  AUDIT - {"seq":86,"schemaVersion":2,"ownerId":96,"memberId":"V2UNKNOWN261FE8D9BB9","membershipLevel":1,"ownerSegment":"STANDARD_REGIONAL","event":"OWNER_CREATED"}
INFO  NOTIFY - Welcome notification enqueued: id=96 memberId=V2UNKNOWN261FE8D9BB9
INFO  AUDIT - Owner created: id=97 memberId=V2UNKNOWN26529EC06F3 registrationDate=2026-09-18 membershipLevel=1
INFO  AUDIT - {"seq":87,"schemaVersion":2,"ownerId":97,"memberId":"V2UNKNOWN26529EC06F3","membershipLevel":1,"ownerSegment":"STANDARD_REGIONAL","event":"OWNER_CREATED"}
INFO  NOTIFY - Welcome notification enqueued: id=97 memberId=V2UNKNOWN26529EC06F3
INFO  AUDIT - Owner created: id=98 memberId=V2UNKNOWN26BE115AFA4 registrationDate=2026-09-18 membershipLevel=1
INFO  AUDIT - {"seq":88,"schemaVersion":2,"ownerId":98,"memberId":"V2UNKNOWN26BE115AFA4","membershipLevel":1,"ownerSegment":"STANDARD_REGIONAL","event":"OWNER_CREATED"}
INFO  NOTIFY - Welcome notification enqueued: id=98 memberId=V2UNKNOWN26BE115AFA4
INFO  AUDIT - Owner created: id=99 memberId=V2UNKNOWN26CF83970F2 registrationDate=2026-09-18 membershipLevel=1
INFO  AUDIT - {"seq":89,"schemaVersion":2,"ownerId":99,"memberId":"V2UNKNOWN26CF83970F2","membershipLevel":1,"ownerSegment":"STANDARD_REGIONAL","event":"OWNER_CREATED"}
INFO  NOTIFY - Welcome notification enqueued: id=99 memberId=V2UNKNOWN26CF83970F2
INFO  AUDIT - Owner created: id=100 memberId=V2UNKNOWN2655217EA95 registrationDate=2026-09-18 membershipLevel=1
INFO  AUDIT - {"seq":90,"schemaVersion":2,"ownerId":100,"memberId":"V2UNKNOWN2655217EA95","membershipLevel":1,"ownerSegment":"STANDARD_REGIONAL","event":"OWNER_CREATED"}
INFO  NOTIFY - Welcome notification enqueued: id=100 memberId=V2UNKNOWN2655217EA95
INFO  AUDIT - Owner created: id=101 memberId=V2UNKNOWN26ABB9E8E43 registrationDate=2026-09-18 membershipLevel=1
INFO  AUDIT - {"seq":91,"schemaVersion":2,"ownerId":101,"memberId":"V2UNKNOWN26ABB9E8E43","membershipLevel":1,"ownerSegment":"STANDARD_REGIONAL","event":"OWNER_CREATED"}
INFO  NOTIFY - Welcome notification enqueued: id=101 memberId=V2UNKNOWN26ABB9E8E43
INFO  AUDIT - Owner created: id=102 memberId=V2UNKNOWN26D41A0A7D0 registrationDate=2026-09-18 membershipLevel=1
INFO  AUDIT - {"seq":92,"schemaVersion":2,"ownerId":102,"memberId":"V2UNKNOWN26D41A0A7D0","membershipLevel":1,"ownerSegment":"STANDARD_REGIONAL","event":"OWNER_CREATED"}
INFO  NOTIFY - Welcome notification enqueued: id=102 memberId=V2UNKNOWN26D41A0A7D0
INFO  AUDIT - Owner created: id=103 memberId=V2UNKNOWN263B26E0677 registrationDate=2026-09-18 membershipLevel=1
INFO  AUDIT - {"seq":93,"schemaVersion":2,"ownerId":103,"memberId":"V2UNKNOWN263B26E0677","membershipLevel":1,"ownerSegment":"STANDARD_REGIONAL","event":"OWNER_CREATED"}
INFO  NOTIFY - Welcome notification enqueued: id=103 memberId=V2UNKNOWN263B26E0677
INFO  AUDIT - Owner created: id=104 memberId=V2UNKNOWN26813ADA061 registrationDate=2026-09-18 membershipLevel=1
INFO  AUDIT - {"seq":94,"schemaVersion":2,"ownerId":104,"memberId":"V2UNKNOWN26813ADA061","membershipLevel":1,"ownerSegment":"STANDARD_REGIONAL","event":"OWNER_CREATED"}
INFO  NOTIFY - Welcome notification enqueued: id=104 memberId=V2UNKNOWN26813ADA061
INFO  AUDIT - Owner created: id=105 memberId=V2UNKNOWN267D59CF8B7 registrationDate=2026-09-18 membershipLevel=1
INFO  AUDIT - {"seq":95,"schemaVersion":2,"ownerId":105,"memberId":"V2UNKNOWN267D59CF8B7","membershipLevel":1,"ownerSegment":"STANDARD_REGIONAL","event":"OWNER_CREATED"}
INFO  NOTIFY - Welcome notification enqueued: id=105 memberId=V2UNKNOWN267D59CF8B7
INFO  AUDIT - Owner created: id=106 memberId=V2UNKNOWN2612125B652 registrationDate=2026-09-18 membershipLevel=1
INFO  AUDIT - {"seq":96,"schemaVersion":2,"ownerId":106,"memberId":"V2UNKNOWN2612125B652","membershipLevel":1,"ownerSegment":"STANDARD_REGIONAL","event":"OWNER_CREATED"}
INFO  NOTIFY - Welcome notification enqueued: id=106 memberId=V2UNKNOWN2612125B652
INFO  AUDIT - Owner created: id=107 memberId=V2UNKNOWN262547FC165 registrationDate=2026-09-18 membershipLevel=1
INFO  AUDIT - {"seq":97,"schemaVersion":2,"ownerId":107,"memberId":"V2UNKNOWN262547FC165","membershipLevel":1,"ownerSegment":"STANDARD_REGIONAL","event":"OWNER_CREATED"}
INFO  NOTIFY - Welcome notification enqueued: id=107 memberId=V2UNKNOWN262547FC165
INFO  AUDIT - Owner created: id=108 memberId=V2UNKNOWN2655FC1F224 registrationDate=2026-09-18 membershipLevel=1
INFO  AUDIT - {"seq":98,"schemaVersion":2,"ownerId":108,"memberId":"V2UNKNOWN2655FC1F224","membershipLevel":1,"ownerSegment":"STANDARD_REGIONAL","event":"OWNER_CREATED"}
INFO  NOTIFY - Welcome notification enqueued: id=108 memberId=V2UNKNOWN2655FC1F224
INFO  AUDIT - Owner created: id=109 memberId=V2UNKNOWN26E10839FD7 registrationDate=2026-09-18 membershipLevel=1
INFO  AUDIT - {"seq":99,"schemaVersion":2,"ownerId":109,"memberId":"V2UNKNOWN26E10839FD7","membershipLevel":1,"ownerSegment":"STANDARD_REGIONAL","event":"OWNER_CREATED"}
INFO  NOTIFY - Welcome notification enqueued: id=109 memberId=V2UNKNOWN26E10839FD7
INFO  AUDIT - Owner created: id=110 memberId=V2UNKNOWN2612810B667 registrationDate=2026-09-18 membershipLevel=1
INFO  AUDIT - {"seq":100,"schemaVersion":2,"ownerId":110,"memberId":"V2UNKNOWN2612810B667","membershipLevel":1,"ownerSegment":"STANDARD_REGIONAL","event":"OWNER_CREATED"}
INFO  NOTIFY - Welcome notification enqueued: id=110 memberId=V2UNKNOWN2612810B667
INFO  AUDIT - Owner created: id=111 memberId=V2UNKNOWN26A20F658D9 registrationDate=2026-09-18 membershipLevel=1
INFO  AUDIT - {"seq":101,"schemaVersion":2,"ownerId":111,"memberId":"V2UNKNOWN26A20F658D9","membershipLevel":1,"ownerSegment":"STANDARD_REGIONAL","event":"OWNER_CREATED"}
INFO  NOTIFY - Welcome notification enqueued: id=111 memberId=V2UNKNOWN26A20F658D9
INFO  AUDIT - Owner created: id=112 memberId=V2UNKNOWN26AAA6E0492 registrationDate=2026-09-18 membershipLevel=1
INFO  AUDIT - {"seq":102,"schemaVersion":2,"ownerId":112,"memberId":"V2UNKNOWN26AAA6E0492","membershipLevel":1,"ownerSegment":"STANDARD_REGIONAL","event":"OWNER_CREATED"}
INFO  NOTIFY - Welcome notification enqueued: id=112 memberId=V2UNKNOWN26AAA6E0492
INFO  AUDIT - Owner created: id=113 memberId=V2UNKNOWN264C6669B89 registrationDate=2026-09-18 membershipLevel=1
INFO  AUDIT - {"seq":103,"schemaVersion":2,"ownerId":113,"memberId":"V2UNKNOWN264C6669B89","membershipLevel":1,"ownerSegment":"STANDARD_REGIONAL","event":"OWNER_CREATED"}
INFO  NOTIFY - Welcome notification enqueued: id=113 memberId=V2UNKNOWN264C6669B89
INFO  AUDIT - Owner created: id=114 memberId=V2UNKNOWN26225009C69 registrationDate=2026-09-18 membershipLevel=1
INFO  AUDIT - {"seq":104,"schemaVersion":2,"ownerId":114,"memberId":"V2UNKNOWN26225009C69","membershipLevel":1,"ownerSegment":"STANDARD_REGIONAL","event":"OWNER_CREATED"}
INFO  NOTIFY - Welcome notification enqueued: id=114 memberId=V2UNKNOWN26225009C69
INFO  AUDIT - Owner created: id=115 memberId=V2UNKNOWN26C7F844B94 registrationDate=2026-09-18 membershipLevel=1
INFO  AUDIT - {"seq":105,"schemaVersion":2,"ownerId":115,"memberId":"V2UNKNOWN26C7F844B94","membershipLevel":1,"ownerSegment":"STANDARD_REGIONAL","event":"OWNER_CREATED"}
INFO  NOTIFY - Welcome notification enqueued: id=115 memberId=V2UNKNOWN26C7F844B94
INFO  AUDIT - Owner created: id=116 memberId=V2UNKNOWN269071210A8 registrationDate=2026-09-18 membershipLevel=1
INFO  AUDIT - {"seq":106,"schemaVersion":2,"ownerId":116,"memberId":"V2UNKNOWN269071210A8","membershipLevel":1,"ownerSegment":"STANDARD_REGIONAL","event":"OWNER_CREATED"}
INFO  NOTIFY - Welcome notification enqueued: id=116 memberId=V2UNKNOWN269071210A8
INFO  AUDIT - Owner created: id=117 memberId=V2UNKNOWN268C95896F0 registrationDate=2026-09-18 membershipLevel=1
INFO  AUDIT - {"seq":107,"schemaVersion":2,"ownerId":117,"memberId":"V2UNKNOWN268C95896F0","membershipLevel":1,"ownerSegment":"STANDARD_REGIONAL","event":"OWNER_CREATED"}
INFO  NOTIFY - Welcome notification enqueued: id=117 memberId=V2UNKNOWN268C95896F0
INFO  AUDIT - Owner created: id=118 memberId=V2UNKNOWN26457B4AC06 registrationDate=2026-09-18 membershipLevel=1
INFO  AUDIT - {"seq":108,"schemaVersion":2,"ownerId":118,"memberId":"V2UNKNOWN26457B4AC06","membershipLevel":1,"ownerSegment":"STANDARD_REGIONAL","event":"OWNER_CREATED"}
INFO  NOTIFY - Welcome notification enqueued: id=118 memberId=V2UNKNOWN26457B4AC06
INFO  AUDIT - Owner created: id=119 memberId=V2UNKNOWN26F88FE5820 registrationDate=2026-09-18 membershipLevel=1
INFO  AUDIT - {"seq":109,"schemaVersion":2,"ownerId":119,"memberId":"V2UNKNOWN26F88FE5820","membershipLevel":1,"ownerSegment":"STANDARD_REGIONAL","event":"OWNER_CREATED"}
INFO  NOTIFY - Welcome notification enqueued: id=119 memberId=V2UNKNOWN26F88FE5820
INFO  AUDIT - Owner created: id=120 memberId=V2UNKNOWN26E25648A06 registrationDate=2026-09-18 membershipLevel=1
INFO  AUDIT - {"seq":110,"schemaVersion":2,"ownerId":120,"memberId":"V2UNKNOWN26E25648A06","membershipLevel":1,"ownerSegment":"STANDARD_REGIONAL","event":"OWNER_CREATED"}
INFO  NOTIFY - Welcome notification enqueued: id=120 memberId=V2UNKNOWN26E25648A06
INFO  AUDIT - Owner created: id=121 memberId=V2UNKNOWN26DECE90838 registrationDate=2026-09-18 membershipLevel=1
INFO  AUDIT - {"seq":111,"schemaVersion":2,"ownerId":121,"memberId":"V2UNKNOWN26DECE90838","membershipLevel":1,"ownerSegment":"STANDARD_REGIONAL","event":"OWNER_CREATED"}
INFO  NOTIFY - Welcome notification enqueued: id=121 memberId=V2UNKNOWN26DECE90838
INFO  AUDIT - Owner created: id=122 memberId=V2UNKNOWN26CA0AFF7B6 registrationDate=2026-09-18 membershipLevel=1
INFO  AUDIT - {"seq":112,"schemaVersion":2,"ownerId":122,"memberId":"V2UNKNOWN26CA0AFF7B6","membershipLevel":1,"ownerSegment":"STANDARD_REGIONAL","event":"OWNER_CREATED"}
INFO  NOTIFY - Welcome notification enqueued: id=122 memberId=V2UNKNOWN26CA0AFF7B6
WARN  ExceptionControllerAdvice - Request rejected at POST /api/owners: The daily owner registration limit has been reached
INFO  AnnotationConfigContextLoaderUtils - Could not detect default configuration classes for test class [org.springframework.samples.petclinic.acceptance.Cp28Tests]: Cp28Tests does not declare any static, non-private, non-final, nested classes annotated with @Configuration.
INFO  SpringBootTestContextBootstrapper - Found @SpringBootConfiguration org.springframework.samples.petclinic.PetClinicApplication for test class org.springframework.samples.petclinic.acceptance.Cp28Tests
INFO  AnnotationConfigContextLoaderUtils - Could not detect default configuration classes for test class [org.springframework.samples.petclinic.acceptance.Cp28Tests]: Cp28Tests does not declare any static, non-private, non-final, nested classes annotated with @Configuration.
INFO  AnnotationConfigContextLoaderUtils - Could not detect default configuration classes for test class [org.springframework.samples.petclinic.acceptance.AcceptanceBase]: AcceptanceBase does not declare any static, non-private, non-final, nested classes annotated with @Configuration.
INFO  SpringBootTestContextBootstrapper - Found @SpringBootConfiguration org.springframework.samples.petclinic.PetClinicApplication for test class org.springframework.samples.petclinic.acceptance.Cp28Tests
INFO  AUDIT - Owner created: id=123 memberId=V2NSW26511D93207 registrationDate=2026-09-18 membershipLevel=1
INFO  AUDIT - {"seq":113,"schemaVersion":2,"ownerId":123,"memberId":"V2NSW26511D93207","membershipLevel":1,"ownerSegment":"STANDARD_METRO","event":"OWNER_CREATED"}
INFO  NOTIFY - Welcome notification enqueued: id=123 memberId=V2NSW26511D93207
INFO  AnnotationConfigContextLoaderUtils - Could not detect default configuration classes for test class [org.springframework.samples.petclinic.acceptance.Cp18Tests]: Cp18Tests does not declare any static, non-private, non-final, nested classes annotated with @Configuration.
INFO  SpringBootTestContextBootstrapper - Found @SpringBootConfiguration org.springframework.samples.petclinic.PetClinicApplication for test class org.springframework.samples.petclinic.acceptance.Cp18Tests
INFO  AnnotationConfigContextLoaderUtils - Could not detect default configuration classes for test class [org.springframework.samples.petclinic.acceptance.Cp18Tests]: Cp18Tests does not declare any static, non-private, non-final, nested classes annotated with @Configuration.
INFO  AnnotationConfigContextLoaderUtils - Could not detect default configuration classes for test class [org.springframework.samples.petclinic.acceptance.AcceptanceBase]: AcceptanceBase does not declare any static, non-private, non-final, nested classes annotated with @Configuration.
INFO  SpringBootTestContextBootstrapper - Found @SpringBootConfiguration org.springframework.samples.petclinic.PetClinicApplication for test class org.springframework.samples.petclinic.acceptance.Cp18Tests
INFO  AUDIT - Owner created: id=124 memberId=V2UNKNOWN26FEC026060 registrationDate=2026-09-18 membershipLevel=1
INFO  AUDIT - {"seq":114,"schemaVersion":2,"ownerId":124,"memberId":"V2UNKNOWN26FEC026060","membershipLevel":1,"ownerSegment":"STANDARD_REGIONAL","event":"OWNER_CREATED"}
INFO  NOTIFY - Welcome notification enqueued: id=124 memberId=V2UNKNOWN26FEC026060
INFO  AUDIT - Owner created: id=125 memberId=V2UNKNOWN268D6D57208 registrationDate=2026-09-18 membershipLevel=1
INFO  AUDIT - {"seq":115,"schemaVersion":2,"ownerId":125,"memberId":"V2UNKNOWN268D6D57208","membershipLevel":1,"ownerSegment":"STANDARD_REGIONAL","event":"OWNER_CREATED"}
INFO  NOTIFY - Welcome notification enqueued: id=125 memberId=V2UNKNOWN268D6D57208
INFO  AUDIT - Owner created: id=126 memberId=V2UNKNOWN26F08741470 registrationDate=2026-09-18 membershipLevel=1
INFO  AUDIT - {"seq":116,"schemaVersion":2,"ownerId":126,"memberId":"V2UNKNOWN26F08741470","membershipLevel":1,"ownerSegment":"STANDARD_REGIONAL","event":"OWNER_CREATED"}
INFO  NOTIFY - Welcome notification enqueued: id=126 memberId=V2UNKNOWN26F08741470
INFO  AUDIT - Owner created: id=127 memberId=V2UNKNOWN265F2F80145 registrationDate=2026-09-18 membershipLevel=1
INFO  AUDIT - {"seq":117,"schemaVersion":2,"ownerId":127,"memberId":"V2UNKNOWN265F2F80145","membershipLevel":1,"ownerSegment":"STANDARD_REGIONAL","event":"OWNER_CREATED"}
INFO  NOTIFY - Welcome notification enqueued: id=127 memberId=V2UNKNOWN265F2F80145
INFO  AUDIT - Owner created: id=128 memberId=V2UNKNOWN26711657859 registrationDate=2026-09-18 membershipLevel=1
INFO  AUDIT - {"seq":118,"schemaVersion":2,"ownerId":128,"memberId":"V2UNKNOWN26711657859","membershipLevel":1,"ownerSegment":"STANDARD_REGIONAL","event":"OWNER_CREATED"}
INFO  NOTIFY - Welcome notification enqueued: id=128 memberId=V2UNKNOWN26711657859
INFO  AUDIT - Owner created: id=129 memberId=V2UNKNOWN26F4F36ABF4 registrationDate=2026-09-18 membershipLevel=1
INFO  AUDIT - {"seq":119,"schemaVersion":2,"ownerId":129,"memberId":"V2UNKNOWN26F4F36ABF4","membershipLevel":1,"ownerSegment":"STANDARD_REGIONAL","event":"OWNER_CREATED"}
INFO  NOTIFY - Welcome notification enqueued: id=129 memberId=V2UNKNOWN26F4F36ABF4
INFO  AUDIT - Owner created: id=130 memberId=V2UNKNOWN26C02C61058 registrationDate=2026-09-18 membershipLevel=1
INFO  AUDIT - {"seq":120,"schemaVersion":2,"ownerId":130,"memberId":"V2UNKNOWN26C02C61058","membershipLevel":1,"ownerSegment":"STANDARD_REGIONAL","event":"OWNER_CREATED"}
INFO  NOTIFY - Welcome notification enqueued: id=130 memberId=V2UNKNOWN26C02C61058
INFO  AUDIT - Owner created: id=131 memberId=V2UNKNOWN26410811559 registrationDate=2026-09-18 membershipLevel=1
INFO  AUDIT - {"seq":121,"schemaVersion":2,"ownerId":131,"memberId":"V2UNKNOWN26410811559","membershipLevel":1,"ownerSegment":"STANDARD_REGIONAL","event":"OWNER_CREATED"}
INFO  NOTIFY - Welcome notification enqueued: id=131 memberId=V2UNKNOWN26410811559
INFO  AUDIT - Owner created: id=132 memberId=V2UNKNOWN261E13E3A06 registrationDate=2026-09-18 membershipLevel=1
INFO  AUDIT - {"seq":122,"schemaVersion":2,"ownerId":132,"memberId":"V2UNKNOWN261E13E3A06","membershipLevel":1,"ownerSegment":"STANDARD_REGIONAL","event":"OWNER_CREATED"}
INFO  NOTIFY - Welcome notification enqueued: id=132 memberId=V2UNKNOWN261E13E3A06
INFO  AUDIT - Owner created: id=133 memberId=V2UNKNOWN26521C669A3 registrationDate=2026-09-18 membershipLevel=1
INFO  AUDIT - {"seq":123,"schemaVersion":2,"ownerId":133,"memberId":"V2UNKNOWN26521C669A3","membershipLevel":1,"ownerSegment":"STANDARD_REGIONAL","event":"OWNER_CREATED"}
INFO  NOTIFY - Welcome notification enqueued: id=133 memberId=V2UNKNOWN26521C669A3
INFO  AUDIT - Owner created: id=134 memberId=V2UNKNOWN266BEF25A48 registrationDate=2026-09-18 membershipLevel=1
INFO  AUDIT - {"seq":124,"schemaVersion":2,"ownerId":134,"memberId":"V2UNKNOWN266BEF25A48","membershipLevel":1,"ownerSegment":"STANDARD_REGIONAL","event":"OWNER_CREATED"}
INFO  NOTIFY - Welcome notification enqueued: id=134 memberId=V2UNKNOWN266BEF25A48
INFO  AUDIT - Owner created: id=135 memberId=V2UNKNOWN2620D713B98 registrationDate=2026-09-18 membershipLevel=1
INFO  AUDIT - {"seq":125,"schemaVersion":2,"ownerId":135,"memberId":"V2UNKNOWN2620D713B98","membershipLevel":1,"ownerSegment":"STANDARD_REGIONAL","event":"OWNER_CREATED"}
INFO  NOTIFY - Welcome notification enqueued: id=135 memberId=V2UNKNOWN2620D713B98
INFO  AUDIT - Owner created: id=136 memberId=V2UNKNOWN2636CAC12F0 registrationDate=2026-09-18 membershipLevel=1
INFO  AUDIT - {"seq":126,"schemaVersion":2,"ownerId":136,"memberId":"V2UNKNOWN2636CAC12F0","membershipLevel":1,"ownerSegment":"STANDARD_REGIONAL","event":"OWNER_CREATED"}
INFO  NOTIFY - Welcome notification enqueued: id=136 memberId=V2UNKNOWN2636CAC12F0
INFO  AUDIT - Owner created: id=137 memberId=V2UNKNOWN2672263E7B7 registrationDate=2026-09-18 membershipLevel=1
INFO  AUDIT - {"seq":127,"schemaVersion":2,"ownerId":137,"memberId":"V2UNKNOWN2672263E7B7","membershipLevel":1,"ownerSegment":"STANDARD_REGIONAL","event":"OWNER_CREATED"}
INFO  NOTIFY - Welcome notification enqueued: id=137 memberId=V2UNKNOWN2672263E7B7
INFO  AUDIT - Owner created: id=138 memberId=V2UNKNOWN261DEE84992 registrationDate=2026-09-18 membershipLevel=1
INFO  AUDIT - {"seq":128,"schemaVersion":2,"ownerId":138,"memberId":"V2UNKNOWN261DEE84992","membershipLevel":1,"ownerSegment":"STANDARD_REGIONAL","event":"OWNER_CREATED"}
INFO  NOTIFY - Welcome notification enqueued: id=138 memberId=V2UNKNOWN261DEE84992
INFO  AUDIT - Owner created: id=139 memberId=V2UNKNOWN267AD146AF5 registrationDate=2026-09-18 membershipLevel=1
INFO  AUDIT - {"seq":129,"schemaVersion":2,"ownerId":139,"memberId":"V2UNKNOWN267AD146AF5","membershipLevel":1,"ownerSegment":"STANDARD_REGIONAL","event":"OWNER_CREATED"}
INFO  NOTIFY - Welcome notification enqueued: id=139 memberId=V2UNKNOWN267AD146AF5
INFO  AUDIT - Owner created: id=140 memberId=V2UNKNOWN26E888A8B99 registrationDate=2026-09-18 membershipLevel=1
INFO  AUDIT - {"seq":130,"schemaVersion":2,"ownerId":140,"memberId":"V2UNKNOWN26E888A8B99","membershipLevel":1,"ownerSegment":"STANDARD_REGIONAL","event":"OWNER_CREATED"}
INFO  NOTIFY - Welcome notification enqueued: id=140 memberId=V2UNKNOWN26E888A8B99
INFO  AUDIT - Owner created: id=141 memberId=V2UNKNOWN26E9D6C50D4 registrationDate=2026-09-18 membershipLevel=1
INFO  AUDIT - {"seq":131,"schemaVersion":2,"ownerId":141,"memberId":"V2UNKNOWN26E9D6C50D4","membershipLevel":1,"ownerSegment":"STANDARD_REGIONAL","event":"OWNER_CREATED"}
INFO  NOTIFY - Welcome notification enqueued: id=141 memberId=V2UNKNOWN26E9D6C50D4
INFO  AUDIT - Owner created: id=142 memberId=V2UNKNOWN26CDB31B444 registrationDate=2026-09-18 membershipLevel=1
INFO  AUDIT - {"seq":132,"schemaVersion":2,"ownerId":142,"memberId":"V2UNKNOWN26CDB31B444","membershipLevel":1,"ownerSegment":"STANDARD_REGIONAL","event":"OWNER_CREATED"}
INFO  NOTIFY - Welcome notification enqueued: id=142 memberId=V2UNKNOWN26CDB31B444
INFO  AUDIT - Owner created: id=143 memberId=V2UNKNOWN260CF5738C8 registrationDate=2026-09-18 membershipLevel=1
INFO  AUDIT - {"seq":133,"schemaVersion":2,"ownerId":143,"memberId":"V2UNKNOWN260CF5738C8","membershipLevel":1,"ownerSegment":"STANDARD_REGIONAL","event":"OWNER_CREATED"}
INFO  NOTIFY - Welcome notification enqueued: id=143 memberId=V2UNKNOWN260CF5738C8
INFO  AUDIT - Owner created: id=144 memberId=V2UNKNOWN26ED164D8E6 registrationDate=2026-09-18 membershipLevel=1
INFO  AUDIT - {"seq":134,"schemaVersion":2,"ownerId":144,"memberId":"V2UNKNOWN26ED164D8E6","membershipLevel":1,"ownerSegment":"STANDARD_REGIONAL","event":"OWNER_CREATED"}
INFO  NOTIFY - Welcome notification enqueued: id=144 memberId=V2UNKNOWN26ED164D8E6
INFO  AUDIT - Owner created: id=145 memberId=V2UNKNOWN26763B67F65 registrationDate=2026-09-18 membershipLevel=1
INFO  AUDIT - {"seq":135,"schemaVersion":2,"ownerId":145,"memberId":"V2UNKNOWN26763B67F65","membershipLevel":1,"ownerSegment":"STANDARD_REGIONAL","event":"OWNER_CREATED"}
INFO  NOTIFY - Welcome notification enqueued: id=145 memberId=V2UNKNOWN26763B67F65
INFO  AUDIT - Owner created: id=146 memberId=V2UNKNOWN2694628A6D3 registrationDate=2026-09-18 membershipLevel=1
INFO  AUDIT - {"seq":136,"schemaVersion":2,"ownerId":146,"memberId":"V2UNKNOWN2694628A6D3","membershipLevel":1,"ownerSegment":"STANDARD_REGIONAL","event":"OWNER_CREATED"}
INFO  NOTIFY - Welcome notification enqueued: id=146 memberId=V2UNKNOWN2694628A6D3
INFO  AUDIT - Owner created: id=147 memberId=V2UNKNOWN26E0D1322F5 registrationDate=2026-09-18 membershipLevel=1
INFO  AUDIT - {"seq":137,"schemaVersion":2,"ownerId":147,"memberId":"V2UNKNOWN26E0D1322F5","membershipLevel":1,"ownerSegment":"STANDARD_REGIONAL","event":"OWNER_CREATED"}
INFO  NOTIFY - Welcome notification enqueued: id=147 memberId=V2UNKNOWN26E0D1322F5
INFO  AUDIT - Owner created: id=148 memberId=V2UNKNOWN26161E4C446 registrationDate=2026-09-18 membershipLevel=1
INFO  AUDIT - {"seq":138,"schemaVersion":2,"ownerId":148,"memberId":"V2UNKNOWN26161E4C446","membershipLevel":1,"ownerSegment":"STANDARD_REGIONAL","event":"OWNER_CREATED"}
INFO  NOTIFY - Welcome notification enqueued: id=148 memberId=V2UNKNOWN26161E4C446
INFO  AUDIT - Owner created: id=149 memberId=V2UNKNOWN26966BA0227 registrationDate=2026-09-18 membershipLevel=1
INFO  AUDIT - {"seq":139,"schemaVersion":2,"ownerId":149,"memberId":"V2UNKNOWN26966BA0227","membershipLevel":1,"ownerSegment":"STANDARD_REGIONAL","event":"OWNER_CREATED"}
INFO  NOTIFY - Welcome notification enqueued: id=149 memberId=V2UNKNOWN26966BA0227
INFO  AUDIT - Owner created: id=150 memberId=V2UNKNOWN26B86D0A690 registrationDate=2026-09-18 membershipLevel=1
INFO  AUDIT - {"seq":140,"schemaVersion":2,"ownerId":150,"memberId":"V2UNKNOWN26B86D0A690","membershipLevel":1,"ownerSegment":"STANDARD_REGIONAL","event":"OWNER_CREATED"}
INFO  NOTIFY - Welcome notification enqueued: id=150 memberId=V2UNKNOWN26B86D0A690
INFO  AUDIT - Owner created: id=151 memberId=V2UNKNOWN26BD81023C2 registrationDate=2026-09-18 membershipLevel=1
INFO  AUDIT - {"seq":141,"schemaVersion":2,"ownerId":151,"memberId":"V2UNKNOWN26BD81023C2","membershipLevel":1,"ownerSegment":"STANDARD_REGIONAL","event":"OWNER_CREATED"}
INFO  NOTIFY - Welcome notification enqueued: id=151 memberId=V2UNKNOWN26BD81023C2
INFO  AUDIT - Owner created: id=152 memberId=V2UNKNOWN2648A6A4BC6 registrationDate=2026-09-18 membershipLevel=1
INFO  AUDIT - {"seq":142,"schemaVersion":2,"ownerId":152,"memberId":"V2UNKNOWN2648A6A4BC6","membershipLevel":1,"ownerSegment":"STANDARD_REGIONAL","event":"OWNER_CREATED"}
INFO  NOTIFY - Welcome notification enqueued: id=152 memberId=V2UNKNOWN2648A6A4BC6
INFO  AUDIT - Owner created: id=153 memberId=V2UNKNOWN26D225D8A37 registrationDate=2026-09-18 membershipLevel=1
INFO  AUDIT - {"seq":143,"schemaVersion":2,"ownerId":153,"memberId":"V2UNKNOWN26D225D8A37","membershipLevel":1,"ownerSegment":"STANDARD_REGIONAL","event":"OWNER_CREATED"}
INFO  NOTIFY - Welcome notification enqueued: id=153 memberId=V2UNKNOWN26D225D8A37
INFO  AUDIT - Owner created: id=154 memberId=V2UNKNOWN269AD220E11 registrationDate=2026-09-18 membershipLevel=1
INFO  AUDIT - {"seq":144,"schemaVersion":2,"ownerId":154,"memberId":"V2UNKNOWN269AD220E11","membershipLevel":1,"ownerSegment":"STANDARD_REGIONAL","event":"OWNER_CREATED"}
INFO  NOTIFY - Welcome notification enqueued: id=154 memberId=V2UNKNOWN269AD220E11
INFO  AUDIT - Owner created: id=155 memberId=V2UNKNOWN26850726D09 registrationDate=2026-09-18 membershipLevel=1
INFO  AUDIT - {"seq":145,"schemaVersion":2,"ownerId":155,"memberId":"V2UNKNOWN26850726D09","membershipLevel":1,"ownerSegment":"STANDARD_REGIONAL","event":"OWNER_CREATED"}
INFO  NOTIFY - Welcome notification enqueued: id=155 memberId=V2UNKNOWN26850726D09
INFO  AUDIT - Owner created: id=156 memberId=V2UNKNOWN26185F5A171 registrationDate=2026-09-18 membershipLevel=1
INFO  AUDIT - {"seq":146,"schemaVersion":2,"ownerId":156,"memberId":"V2UNKNOWN26185F5A171","membershipLevel":1,"ownerSegment":"STANDARD_REGIONAL","event":"OWNER_CREATED"}
INFO  NOTIFY - Welcome notification enqueued: id=156 memberId=V2UNKNOWN26185F5A171
INFO  AUDIT - Owner created: id=157 memberId=V2UNKNOWN26C72106F52 registrationDate=2026-09-18 membershipLevel=1
INFO  AUDIT - {"seq":147,"schemaVersion":2,"ownerId":157,"memberId":"V2UNKNOWN26C72106F52","membershipLevel":1,"ownerSegment":"STANDARD_REGIONAL","event":"OWNER_CREATED"}
INFO  NOTIFY - Welcome notification enqueued: id=157 memberId=V2UNKNOWN26C72106F52
INFO  AUDIT - Owner created: id=158 memberId=V2UNKNOWN26201C78D88 registrationDate=2026-09-18 membershipLevel=1
INFO  AUDIT - {"seq":148,"schemaVersion":2,"ownerId":158,"memberId":"V2UNKNOWN26201C78D88","membershipLevel":1,"ownerSegment":"STANDARD_REGIONAL","event":"OWNER_CREATED"}
INFO  NOTIFY - Welcome notification enqueued: id=158 memberId=V2UNKNOWN26201C78D88
INFO  AUDIT - Owner created: id=159 memberId=V2UNKNOWN26A5FF30B26 registrationDate=2026-09-18 membershipLevel=1
INFO  AUDIT - {"seq":149,"schemaVersion":2,"ownerId":159,"memberId":"V2UNKNOWN26A5FF30B26","membershipLevel":1,"ownerSegment":"STANDARD_REGIONAL","event":"OWNER_CREATED"}
INFO  NOTIFY - Welcome notification enqueued: id=159 memberId=V2UNKNOWN26A5FF30B26
INFO  AUDIT - Owner created: id=160 memberId=V2UNKNOWN26868A37A58 registrationDate=2026-09-18 membershipLevel=1
INFO  AUDIT - {"seq":150,"schemaVersion":2,"ownerId":160,"memberId":"V2UNKNOWN26868A37A58","membershipLevel":1,"ownerSegment":"STANDARD_REGIONAL","event":"OWNER_CREATED"}
INFO  NOTIFY - Welcome notification enqueued: id=160 memberId=V2UNKNOWN26868A37A58
INFO  AUDIT - Owner created: id=161 memberId=V2UNKNOWN2658BCFCB17 registrationDate=2026-09-18 membershipLevel=1
INFO  AUDIT - {"seq":151,"schemaVersion":2,"ownerId":161,"memberId":"V2UNKNOWN2658BCFCB17","membershipLevel":1,"ownerSegment":"STANDARD_REGIONAL","event":"OWNER_CREATED"}
INFO  NOTIFY - Welcome notification enqueued: id=161 memberId=V2UNKNOWN2658BCFCB17
INFO  AUDIT - Owner created: id=162 memberId=V2UNKNOWN2634BA7CF78 registrationDate=2026-09-18 membershipLevel=1
INFO  AUDIT - {"seq":152,"schemaVersion":2,"ownerId":162,"memberId":"V2UNKNOWN2634BA7CF78","membershipLevel":1,"ownerSegment":"STANDARD_REGIONAL","event":"OWNER_CREATED"}
INFO  NOTIFY - Welcome notification enqueued: id=162 memberId=V2UNKNOWN2634BA7CF78
INFO  AUDIT - Owner created: id=163 memberId=V2UNKNOWN2604F126668 registrationDate=2026-09-18 membershipLevel=1
INFO  AUDIT - {"seq":153,"schemaVersion":2,"ownerId":163,"memberId":"V2UNKNOWN2604F126668","membershipLevel":1,"ownerSegment":"STANDARD_REGIONAL","event":"OWNER_CREATED"}
INFO  NOTIFY - Welcome notification enqueued: id=163 memberId=V2UNKNOWN2604F126668
INFO  AUDIT - Owner created: id=164 memberId=V2UNKNOWN266B39FC7F5 registrationDate=2026-09-18 membershipLevel=1
INFO  AUDIT - {"seq":154,"schemaVersion":2,"ownerId":164,"memberId":"V2UNKNOWN266B39FC7F5","membershipLevel":1,"ownerSegment":"STANDARD_REGIONAL","event":"OWNER_CREATED"}
INFO  NOTIFY - Welcome notification enqueued: id=164 memberId=V2UNKNOWN266B39FC7F5
INFO  AUDIT - Owner created: id=165 memberId=V2UNKNOWN26C093C08B6 registrationDate=2026-09-18 membershipLevel=1
INFO  AUDIT - {"seq":155,"schemaVersion":2,"ownerId":165,"memberId":"V2UNKNOWN26C093C08B6","membershipLevel":1,"ownerSegment":"STANDARD_REGIONAL","event":"OWNER_CREATED"}
INFO  NOTIFY - Welcome notification enqueued: id=165 memberId=V2UNKNOWN26C093C08B6
INFO  AUDIT - Owner created: id=166 memberId=V2UNKNOWN262B56DBBC6 registrationDate=2026-09-18 membershipLevel=1
INFO  AUDIT - {"seq":156,"schemaVersion":2,"ownerId":166,"memberId":"V2UNKNOWN262B56DBBC6","membershipLevel":1,"ownerSegment":"STANDARD_REGIONAL","event":"OWNER_CREATED"}
INFO  NOTIFY - Welcome notification enqueued: id=166 memberId=V2UNKNOWN262B56DBBC6
INFO  AUDIT - Owner created: id=167 memberId=V2UNKNOWN260D3B23D73 registrationDate=2026-09-18 membershipLevel=1
INFO  AUDIT - {"seq":157,"schemaVersion":2,"ownerId":167,"memberId":"V2UNKNOWN260D3B23D73","membershipLevel":1,"ownerSegment":"STANDARD_REGIONAL","event":"OWNER_CREATED"}
INFO  NOTIFY - Welcome notification enqueued: id=167 memberId=V2UNKNOWN260D3B23D73
INFO  AUDIT - Owner created: id=168 memberId=V2UNKNOWN265697E6A11 registrationDate=2026-09-18 membershipLevel=1
INFO  AUDIT - {"seq":158,"schemaVersion":2,"ownerId":168,"memberId":"V2UNKNOWN265697E6A11","membershipLevel":1,"ownerSegment":"STANDARD_REGIONAL","event":"OWNER_CREATED"}
INFO  NOTIFY - Welcome notification enqueued: id=168 memberId=V2UNKNOWN265697E6A11
INFO  AUDIT - Owner created: id=169 memberId=V2UNKNOWN26F3D46FFF5 registrationDate=2026-09-18 membershipLevel=1
INFO  AUDIT - {"seq":159,"schemaVersion":2,"ownerId":169,"memberId":"V2UNKNOWN26F3D46FFF5","membershipLevel":1,"ownerSegment":"STANDARD_REGIONAL","event":"OWNER_CREATED"}
INFO  NOTIFY - Welcome notification enqueued: id=169 memberId=V2UNKNOWN26F3D46FFF5
INFO  AUDIT - Owner created: id=170 memberId=V2UNKNOWN264DC793CA7 registrationDate=2026-09-18 membershipLevel=1
INFO  AUDIT - {"seq":160,"schemaVersion":2,"ownerId":170,"memberId":"V2UNKNOWN264DC793CA7","membershipLevel":1,"ownerSegment":"STANDARD_REGIONAL","event":"OWNER_CREATED"}
INFO  NOTIFY - Welcome notification enqueued: id=170 memberId=V2UNKNOWN264DC793CA7
INFO  AUDIT - Owner created: id=171 memberId=V2UNKNOWN269852482D8 registrationDate=2026-09-18 membershipLevel=1
INFO  AUDIT - {"seq":161,"schemaVersion":2,"ownerId":171,"memberId":"V2UNKNOWN269852482D8","membershipLevel":1,"ownerSegment":"STANDARD_REGIONAL","event":"OWNER_CREATED"}
INFO  NOTIFY - Welcome notification enqueued: id=171 memberId=V2UNKNOWN269852482D8
INFO  AUDIT - Owner created: id=172 memberId=V2UNKNOWN26F4B02ADC6 registrationDate=2026-09-18 membershipLevel=1
INFO  AUDIT - {"seq":162,"schemaVersion":2,"ownerId":172,"memberId":"V2UNKNOWN26F4B02ADC6","membershipLevel":1,"ownerSegment":"STANDARD_REGIONAL","event":"OWNER_CREATED"}
INFO  NOTIFY - Welcome notification enqueued: id=172 memberId=V2UNKNOWN26F4B02ADC6
INFO  AUDIT - Owner created: id=173 memberId=V2UNKNOWN26FBA375723 registrationDate=2026-09-18 membershipLevel=1
INFO  AUDIT - {"seq":163,"schemaVersion":2,"ownerId":173,"memberId":"V2UNKNOWN26FBA375723","membershipLevel":1,"ownerSegment":"STANDARD_REGIONAL","event":"OWNER_CREATED"}
INFO  NOTIFY - Welcome notification enqueued: id=173 memberId=V2UNKNOWN26FBA375723
WARN  ExceptionControllerAdvice - Request rejected at POST /api/owners: The owner's city has reached its owner capacity
INFO  AnnotationConfigContextLoaderUtils - Could not detect default configuration classes for test class [org.springframework.samples.petclinic.acceptance.Cp59Tests]: Cp59Tests does not declare any static, non-private, non-final, nested classes annotated with @Configuration.
INFO  SpringBootTestContextBootstrapper - Found @SpringBootConfiguration org.springframework.samples.petclinic.PetClinicApplication for test class org.springframework.samples.petclinic.acceptance.Cp59Tests
INFO  AnnotationConfigContextLoaderUtils - Could not detect default configuration classes for test class [org.springframework.samples.petclinic.acceptance.Cp59Tests]: Cp59Tests does not declare any static, non-private, non-final, nested classes annotated with @Configuration.
INFO  AnnotationConfigContextLoaderUtils - Could not detect default configuration classes for test class [org.springframework.samples.petclinic.acceptance.AcceptanceBase]: AcceptanceBase does not declare any static, non-private, non-final, nested classes annotated with @Configuration.
INFO  SpringBootTestContextBootstrapper - Found @SpringBootConfiguration org.springframework.samples.petclinic.PetClinicApplication for test class org.springframework.samples.petclinic.acceptance.Cp59Tests
DEBUG ExceptionControllerAdvice - Validation error at POST /api/owners: [Field error in object 'ownerFieldsDto' on field 'city': rejected value [null]; codes [NotNull.ownerFieldsDto.city,NotNull.city,NotNull.java.lang.String,NotNull]; arguments [org.springframework.context.support.DefaultMessageSourceResolvable: codes [ownerFieldsDto.city,city]; arguments []; default message [city]]; default message [must not be null], Field error in object 'ownerFieldsDto' on field 'city': rejected value [null]; codes [required.ownerFieldsDto.city,required.city,required.java.lang.String,required]; arguments []; default message [must not be blank]]
INFO  AnnotationConfigContextLoaderUtils - Could not detect default configuration classes for test class [org.springframework.samples.petclinic.acceptance.Cp58Tests]: Cp58Tests does not declare any static, non-private, non-final, nested classes annotated with @Configuration.
INFO  SpringBootTestContextBootstrapper - Found @SpringBootConfiguration org.springframework.samples.petclinic.PetClinicApplication for test class org.springframework.samples.petclinic.acceptance.Cp58Tests
INFO  AnnotationConfigContextLoaderUtils - Could not detect default configuration classes for test class [org.springframework.samples.petclinic.acceptance.Cp58Tests]: Cp58Tests does not declare any static, non-private, non-final, nested classes annotated with @Configuration.
INFO  AnnotationConfigContextLoaderUtils - Could not detect default configuration classes for test class [org.springframework.samples.petclinic.acceptance.AcceptanceBase]: AcceptanceBase does not declare any static, non-private, non-final, nested classes annotated with @Configuration.
INFO  SpringBootTestContextBootstrapper - Found @SpringBootConfiguration org.springframework.samples.petclinic.PetClinicApplication for test class org.springframework.samples.petclinic.acceptance.Cp58Tests
INFO  AUDIT - Owner created: id=174 memberId=V2NSW2650918E0D7 registrationDate=2026-09-18 membershipLevel=1
INFO  AUDIT - {"seq":164,"schemaVersion":2,"ownerId":174,"memberId":"V2NSW2650918E0D7","membershipLevel":1,"ownerSegment":"STANDARD_METRO","event":"OWNER_CREATED"}
INFO  NOTIFY - Welcome notification enqueued: id=174 memberId=V2NSW2650918E0D7
INFO  AnnotationConfigContextLoaderUtils - Could not detect default configuration classes for test class [org.springframework.samples.petclinic.acceptance.Cp08Tests]: Cp08Tests does not declare any static, non-private, non-final, nested classes annotated with @Configuration.
INFO  SpringBootTestContextBootstrapper - Found @SpringBootConfiguration org.springframework.samples.petclinic.PetClinicApplication for test class org.springframework.samples.petclinic.acceptance.Cp08Tests
INFO  AnnotationConfigContextLoaderUtils - Could not detect default configuration classes for test class [org.springframework.samples.petclinic.acceptance.Cp08Tests]: Cp08Tests does not declare any static, non-private, non-final, nested classes annotated with @Configuration.
INFO  AnnotationConfigContextLoaderUtils - Could not detect default configuration classes for test class [org.springframework.samples.petclinic.acceptance.AcceptanceBase]: AcceptanceBase does not declare any static, non-private, non-final, nested classes annotated with @Configuration.
INFO  SpringBootTestContextBootstrapper - Found @SpringBootConfiguration org.springframework.samples.petclinic.PetClinicApplication for test class org.springframework.samples.petclinic.acceptance.Cp08Tests
INFO  AUDIT - Owner created: id=175 memberId=V2UNKNOWN26841BCD7F9 registrationDate=2026-09-18 membershipLevel=1
INFO  AUDIT - {"seq":165,"schemaVersion":2,"ownerId":175,"memberId":"V2UNKNOWN26841BCD7F9","membershipLevel":1,"ownerSegment":"STANDARD_REGIONAL","event":"OWNER_CREATED"}
INFO  NOTIFY - Welcome notification enqueued: id=175 memberId=V2UNKNOWN26841BCD7F9
DEBUG ExceptionControllerAdvice - Validation error at POST /api/owners: [Field error in object 'ownerFieldsDto' on field 'telephone': rejected value [12]; codes [telephone.invalid.ownerFieldsDto.telephone,telephone.invalid.telephone,telephone.invalid.java.lang.String,telephone.invalid]; arguments []; default message [must be a valid telephone number in E.164 form]]
INFO  AUDIT - Owner created: id=176 memberId=V2UNKNOWN2611F1DFF07 registrationDate=2026-09-18 membershipLevel=1
INFO  AUDIT - {"seq":166,"schemaVersion":2,"ownerId":176,"memberId":"V2UNKNOWN2611F1DFF07","membershipLevel":1,"ownerSegment":"STANDARD_REGIONAL","event":"OWNER_CREATED"}
INFO  NOTIFY - Welcome notification enqueued: id=176 memberId=V2UNKNOWN2611F1DFF07
INFO  AnnotationConfigContextLoaderUtils - Could not detect default configuration classes for test class [org.springframework.samples.petclinic.acceptance.Cp07Tests]: Cp07Tests does not declare any static, non-private, non-final, nested classes annotated with @Configuration.
INFO  SpringBootTestContextBootstrapper - Found @SpringBootConfiguration org.springframework.samples.petclinic.PetClinicApplication for test class org.springframework.samples.petclinic.acceptance.Cp07Tests
INFO  AnnotationConfigContextLoaderUtils - Could not detect default configuration classes for test class [org.springframework.samples.petclinic.acceptance.Cp07Tests]: Cp07Tests does not declare any static, non-private, non-final, nested classes annotated with @Configuration.
INFO  AnnotationConfigContextLoaderUtils - Could not detect default configuration classes for test class [org.springframework.samples.petclinic.acceptance.AcceptanceBase]: AcceptanceBase does not declare any static, non-private, non-final, nested classes annotated with @Configuration.
INFO  SpringBootTestContextBootstrapper - Found @SpringBootConfiguration org.springframework.samples.petclinic.PetClinicApplication for test class org.springframework.samples.petclinic.acceptance.Cp07Tests
INFO  AUDIT - Owner created: id=177 memberId=V2UNKNOWN25B5D9DBB74 registrationDate=2026-01-06 membershipLevel=1
INFO  AUDIT - {"seq":167,"schemaVersion":2,"ownerId":177,"memberId":"V2UNKNOWN25B5D9DBB74","membershipLevel":1,"ownerSegment":"STANDARD_REGIONAL","event":"OWNER_CREATED"}
INFO  NOTIFY - Welcome notification enqueued: id=177 memberId=V2UNKNOWN25B5D9DBB74
INFO  AUDIT - Owner created: id=178 memberId=V2UNKNOWN259B60C4C67 registrationDate=2026-01-05 membershipLevel=1
INFO  AUDIT - {"seq":168,"schemaVersion":2,"ownerId":178,"memberId":"V2UNKNOWN259B60C4C67","membershipLevel":1,"ownerSegment":"STANDARD_REGIONAL","event":"OWNER_CREATED"}
INFO  NOTIFY - Welcome notification enqueued: id=178 memberId=V2UNKNOWN259B60C4C67
INFO  AnnotationConfigContextLoaderUtils - Could not detect default configuration classes for test class [org.springframework.samples.petclinic.acceptance.Cp36Tests]: Cp36Tests does not declare any static, non-private, non-final, nested classes annotated with @Configuration.
INFO  SpringBootTestContextBootstrapper - Found @SpringBootConfiguration org.springframework.samples.petclinic.PetClinicApplication for test class org.springframework.samples.petclinic.acceptance.Cp36Tests
INFO  AnnotationConfigContextLoaderUtils - Could not detect default configuration classes for test class [org.springframework.samples.petclinic.acceptance.Cp36Tests]: Cp36Tests does not declare any static, non-private, non-final, nested classes annotated with @Configuration.
INFO  AnnotationConfigContextLoaderUtils - Could not detect default configuration classes for test class [org.springframework.samples.petclinic.acceptance.AcceptanceBase]: AcceptanceBase does not declare any static, non-private, non-final, nested classes annotated with @Configuration.
INFO  SpringBootTestContextBootstrapper - Found @SpringBootConfiguration org.springframework.samples.petclinic.PetClinicApplication for test class org.springframework.samples.petclinic.acceptance.Cp36Tests
INFO  AUDIT - Owner created: id=179 memberId=V2NSW261F0750EF6 registrationDate=2026-09-18 membershipLevel=1
INFO  AUDIT - {"seq":169,"schemaVersion":2,"ownerId":179,"memberId":"V2NSW261F0750EF6","membershipLevel":1,"ownerSegment":"STANDARD_METRO","event":"OWNER_CREATED"}
INFO  NOTIFY - Welcome notification enqueued: id=179 memberId=V2NSW261F0750EF6
INFO  AnnotationConfigContextLoaderUtils - Could not detect default configuration classes for test class [org.springframework.samples.petclinic.acceptance.Cp37Tests]: Cp37Tests does not declare any static, non-private, non-final, nested classes annotated with @Configuration.
INFO  SpringBootTestContextBootstrapper - Found @SpringBootConfiguration org.springframework.samples.petclinic.PetClinicApplication for test class org.springframework.samples.petclinic.acceptance.Cp37Tests
INFO  AnnotationConfigContextLoaderUtils - Could not detect default configuration classes for test class [org.springframework.samples.petclinic.acceptance.Cp37Tests]: Cp37Tests does not declare any static, non-private, non-final, nested classes annotated with @Configuration.
INFO  AnnotationConfigContextLoaderUtils - Could not detect default configuration classes for test class [org.springframework.samples.petclinic.acceptance.AcceptanceBase]: AcceptanceBase does not declare any static, non-private, non-final, nested classes annotated with @Configuration.
INFO  SpringBootTestContextBootstrapper - Found @SpringBootConfiguration org.springframework.samples.petclinic.PetClinicApplication for test class org.springframework.samples.petclinic.acceptance.Cp37Tests
INFO  AUDIT - Owner created: id=180 memberId=V2UNKNOWN26365190CD9 registrationDate=2026-09-18 membershipLevel=1
INFO  AUDIT - {"seq":170,"schemaVersion":2,"ownerId":180,"memberId":"V2UNKNOWN26365190CD9","membershipLevel":1,"ownerSegment":"STANDARD_REGIONAL","event":"OWNER_CREATED"}
INFO  NOTIFY - Welcome notification enqueued: id=180 memberId=V2UNKNOWN26365190CD9
INFO  AnnotationConfigContextLoaderUtils - Could not detect default configuration classes for test class [org.springframework.samples.petclinic.acceptance.Cp40Tests]: Cp40Tests does not declare any static, non-private, non-final, nested classes annotated with @Configuration.
INFO  SpringBootTestContextBootstrapper - Found @SpringBootConfiguration org.springframework.samples.petclinic.PetClinicApplication for test class org.springframework.samples.petclinic.acceptance.Cp40Tests
INFO  AnnotationConfigContextLoaderUtils - Could not detect default configuration classes for test class [org.springframework.samples.petclinic.acceptance.Cp40Tests]: Cp40Tests does not declare any static, non-private, non-final, nested classes annotated with @Configuration.
INFO  AnnotationConfigContextLoaderUtils - Could not detect default configuration classes for test class [org.springframework.samples.petclinic.acceptance.AcceptanceBase]: AcceptanceBase does not declare any static, non-private, non-final, nested classes annotated with @Configuration.
INFO  SpringBootTestContextBootstrapper - Found @SpringBootConfiguration org.springframework.samples.petclinic.PetClinicApplication for test class org.springframework.samples.petclinic.acceptance.Cp40Tests
INFO  AUDIT - Owner created: id=181 memberId=V2NSW26CC3C73F83 registrationDate=2026-09-18 membershipLevel=2
INFO  AUDIT - {"seq":171,"schemaVersion":2,"ownerId":181,"memberId":"V2NSW26CC3C73F83","membershipLevel":2,"ownerSegment":"STANDARD_METRO","event":"OWNER_CREATED"}
INFO  NOTIFY - Welcome notification enqueued: id=181 memberId=V2NSW26CC3C73F83
INFO  AnnotationConfigContextLoaderUtils - Could not detect default configuration classes for test class [org.springframework.samples.petclinic.acceptance.Cp55Tests]: Cp55Tests does not declare any static, non-private, non-final, nested classes annotated with @Configuration.
INFO  SpringBootTestContextBootstrapper - Found @SpringBootConfiguration org.springframework.samples.petclinic.PetClinicApplication for test class org.springframework.samples.petclinic.acceptance.Cp55Tests
INFO  AnnotationConfigContextLoaderUtils - Could not detect default configuration classes for test class [org.springframework.samples.petclinic.acceptance.Cp55Tests]: Cp55Tests does not declare any static, non-private, non-final, nested classes annotated with @Configuration.
INFO  AnnotationConfigContextLoaderUtils - Could not detect default configuration classes for test class [org.springframework.samples.petclinic.acceptance.AcceptanceBase]: AcceptanceBase does not declare any static, non-private, non-final, nested classes annotated with @Configuration.
INFO  SpringBootTestContextBootstrapper - Found @SpringBootConfiguration org.springframework.samples.petclinic.PetClinicApplication for test class org.springframework.samples.petclinic.acceptance.Cp55Tests
INFO  AUDIT - Owner created: id=182 memberId=V2NSW26E2B08E5C0 registrationDate=2026-09-18 membershipLevel=2
INFO  AUDIT - {"seq":172,"schemaVersion":2,"ownerId":182,"memberId":"V2NSW26E2B08E5C0","membershipLevel":2,"ownerSegment":"STANDARD_METRO","event":"OWNER_CREATED"}
INFO  NOTIFY - Welcome notification enqueued: id=182 memberId=V2NSW26E2B08E5C0
INFO  AnnotationConfigContextLoaderUtils - Could not detect default configuration classes for test class [org.springframework.samples.petclinic.acceptance.Cp25Tests]: Cp25Tests does not declare any static, non-private, non-final, nested classes annotated with @Configuration.
INFO  SpringBootTestContextBootstrapper - Found @SpringBootConfiguration org.springframework.samples.petclinic.PetClinicApplication for test class org.springframework.samples.petclinic.acceptance.Cp25Tests
INFO  AnnotationConfigContextLoaderUtils - Could not detect default configuration classes for test class [org.springframework.samples.petclinic.acceptance.Cp25Tests]: Cp25Tests does not declare any static, non-private, non-final, nested classes annotated with @Configuration.
INFO  AnnotationConfigContextLoaderUtils - Could not detect default configuration classes for test class [org.springframework.samples.petclinic.acceptance.AcceptanceBase]: AcceptanceBase does not declare any static, non-private, non-final, nested classes annotated with @Configuration.
INFO  SpringBootTestContextBootstrapper - Found @SpringBootConfiguration org.springframework.samples.petclinic.PetClinicApplication for test class org.springframework.samples.petclinic.acceptance.Cp25Tests
INFO  AUDIT - Owner created: id=183 memberId=V2UNKNOWN2639D910185 registrationDate=2026-09-18 membershipLevel=2
INFO  AUDIT - {"seq":173,"schemaVersion":2,"ownerId":183,"memberId":"V2UNKNOWN2639D910185","membershipLevel":2,"ownerSegment":"STANDARD_REGIONAL","event":"OWNER_CREATED"}
INFO  NOTIFY - Welcome notification enqueued: id=183 memberId=V2UNKNOWN2639D910185
WARN  ExceptionControllerAdvice - Request rejected at POST /api/owners: An owner with the same identity already exists
INFO  AnnotationConfigContextLoaderUtils - Could not detect default configuration classes for test class [org.springframework.samples.petclinic.acceptance.Cp35Tests]: Cp35Tests does not declare any static, non-private, non-final, nested classes annotated with @Configuration.
INFO  SpringBootTestContextBootstrapper - Found @SpringBootConfiguration org.springframework.samples.petclinic.PetClinicApplication for test class org.springframework.samples.petclinic.acceptance.Cp35Tests
INFO  AnnotationConfigContextLoaderUtils - Could not detect default configuration classes for test class [org.springframework.samples.petclinic.acceptance.Cp35Tests]: Cp35Tests does not declare any static, non-private, non-final, nested classes annotated with @Configuration.
INFO  AnnotationConfigContextLoaderUtils - Could not detect default configuration classes for test class [org.springframework.samples.petclinic.acceptance.AcceptanceBase]: AcceptanceBase does not declare any static, non-private, non-final, nested classes annotated with @Configuration.
INFO  SpringBootTestContextBootstrapper - Found @SpringBootConfiguration org.springframework.samples.petclinic.PetClinicApplication for test class org.springframework.samples.petclinic.acceptance.Cp35Tests
INFO  AUDIT - Owner created: id=184 memberId=V2NSW2603483B383 registrationDate=2026-09-18 membershipLevel=1
INFO  AUDIT - {"seq":174,"schemaVersion":2,"ownerId":184,"memberId":"V2NSW2603483B383","membershipLevel":1,"ownerSegment":"STANDARD_METRO","event":"OWNER_CREATED"}
INFO  NOTIFY - Welcome notification enqueued: id=184 memberId=V2NSW2603483B383
INFO  AUDIT - Owner created: id=185 memberId=V2NSW26C3B1C26A1 registrationDate=2026-09-18 membershipLevel=1
INFO  AUDIT - {"seq":175,"schemaVersion":2,"ownerId":185,"memberId":"V2NSW26C3B1C26A1","membershipLevel":1,"ownerSegment":"STANDARD_METRO","event":"OWNER_CREATED"}
INFO  NOTIFY - Welcome notification enqueued: id=185 memberId=V2NSW26C3B1C26A1
INFO  AnnotationConfigContextLoaderUtils - Could not detect default configuration classes for test class [org.springframework.samples.petclinic.acceptance.Cp05Tests]: Cp05Tests does not declare any static, non-private, non-final, nested classes annotated with @Configuration.
INFO  SpringBootTestContextBootstrapper - Found @SpringBootConfiguration org.springframework.samples.petclinic.PetClinicApplication for test class org.springframework.samples.petclinic.acceptance.Cp05Tests
INFO  AnnotationConfigContextLoaderUtils - Could not detect default configuration classes for test class [org.springframework.samples.petclinic.acceptance.Cp05Tests]: Cp05Tests does not declare any static, non-private, non-final, nested classes annotated with @Configuration.
INFO  AnnotationConfigContextLoaderUtils - Could not detect default configuration classes for test class [org.springframework.samples.petclinic.acceptance.AcceptanceBase]: AcceptanceBase does not declare any static, non-private, non-final, nested classes annotated with @Configuration.
INFO  SpringBootTestContextBootstrapper - Found @SpringBootConfiguration org.springframework.samples.petclinic.PetClinicApplication for test class org.springframework.samples.petclinic.acceptance.Cp05Tests
INFO  AUDIT - Owner created: id=186 memberId=V2UNKNOWN26ADD2DD319 registrationDate=2026-09-18 membershipLevel=1
INFO  AUDIT - {"seq":176,"schemaVersion":2,"ownerId":186,"memberId":"V2UNKNOWN26ADD2DD319","membershipLevel":1,"ownerSegment":"STANDARD_REGIONAL","event":"OWNER_CREATED"}
INFO  NOTIFY - Welcome notification enqueued: id=186 memberId=V2UNKNOWN26ADD2DD319
INFO  AnnotationConfigContextLoaderUtils - Could not detect default configuration classes for test class [org.springframework.samples.petclinic.acceptance.Cp51Tests]: Cp51Tests does not declare any static, non-private, non-final, nested classes annotated with @Configuration.
INFO  SpringBootTestContextBootstrapper - Found @SpringBootConfiguration org.springframework.samples.petclinic.PetClinicApplication for test class org.springframework.samples.petclinic.acceptance.Cp51Tests
INFO  AnnotationConfigContextLoaderUtils - Could not detect default configuration classes for test class [org.springframework.samples.petclinic.acceptance.Cp51Tests]: Cp51Tests does not declare any static, non-private, non-final, nested classes annotated with @Configuration.
INFO  AnnotationConfigContextLoaderUtils - Could not detect default configuration classes for test class [org.springframework.samples.petclinic.acceptance.AcceptanceBase]: AcceptanceBase does not declare any static, non-private, non-final, nested classes annotated with @Configuration.
INFO  SpringBootTestContextBootstrapper - Found @SpringBootConfiguration org.springframework.samples.petclinic.PetClinicApplication for test class org.springframework.samples.petclinic.acceptance.Cp51Tests
INFO  AUDIT - Owner created: id=187 memberId=V2NSW268FE986D90 registrationDate=2026-09-18 membershipLevel=1
INFO  AUDIT - {"seq":177,"schemaVersion":2,"ownerId":187,"memberId":"V2NSW268FE986D90","membershipLevel":1,"ownerSegment":"STANDARD_METRO","event":"OWNER_CREATED"}
INFO  NOTIFY - Welcome notification enqueued: id=187 memberId=V2NSW268FE986D90
INFO  AUDIT - Owner created: id=188 memberId=V2NSW266B7F74781 registrationDate=2026-09-18 membershipLevel=2
INFO  AUDIT - {"seq":178,"schemaVersion":2,"ownerId":188,"memberId":"V2NSW266B7F74781","membershipLevel":2,"ownerSegment":"STANDARD_METRO","event":"OWNER_CREATED"}
INFO  NOTIFY - Welcome notification enqueued: id=188 memberId=V2NSW266B7F74781
INFO  AnnotationConfigContextLoaderUtils - Could not detect default configuration classes for test class [org.springframework.samples.petclinic.acceptance.Cp47Tests]: Cp47Tests does not declare any static, non-private, non-final, nested classes annotated with @Configuration.
INFO  SpringBootTestContextBootstrapper - Found @SpringBootConfiguration org.springframework.samples.petclinic.PetClinicApplication for test class org.springframework.samples.petclinic.acceptance.Cp47Tests
INFO  AnnotationConfigContextLoaderUtils - Could not detect default configuration classes for test class [org.springframework.samples.petclinic.acceptance.Cp47Tests]: Cp47Tests does not declare any static, non-private, non-final, nested classes annotated with @Configuration.
INFO  AnnotationConfigContextLoaderUtils - Could not detect default configuration classes for test class [org.springframework.samples.petclinic.acceptance.AcceptanceBase]: AcceptanceBase does not declare any static, non-private, non-final, nested classes annotated with @Configuration.
INFO  SpringBootTestContextBootstrapper - Found @SpringBootConfiguration org.springframework.samples.petclinic.PetClinicApplication for test class org.springframework.samples.petclinic.acceptance.Cp47Tests
INFO  AUDIT - Owner created: id=189 memberId=V2NSW266A7789113 registrationDate=2026-09-18 membershipLevel=1
INFO  AUDIT - {"seq":179,"schemaVersion":2,"ownerId":189,"memberId":"V2NSW266A7789113","membershipLevel":1,"ownerSegment":"STANDARD_METRO","event":"OWNER_CREATED"}
INFO  NOTIFY - Welcome notification enqueued: id=189 memberId=V2NSW266A7789113
INFO  AnnotationConfigContextLoaderUtils - Could not detect default configuration classes for test class [org.springframework.samples.petclinic.acceptance.Cp09Tests]: Cp09Tests does not declare any static, non-private, non-final, nested classes annotated with @Configuration.
INFO  SpringBootTestContextBootstrapper - Found @SpringBootConfiguration org.springframework.samples.petclinic.PetClinicApplication for test class org.springframework.samples.petclinic.acceptance.Cp09Tests
INFO  AnnotationConfigContextLoaderUtils - Could not detect default configuration classes for test class [org.springframework.samples.petclinic.acceptance.Cp09Tests]: Cp09Tests does not declare any static, non-private, non-final, nested classes annotated with @Configuration.
INFO  AnnotationConfigContextLoaderUtils - Could not detect default configuration classes for test class [org.springframework.samples.petclinic.acceptance.AcceptanceBase]: AcceptanceBase does not declare any static, non-private, non-final, nested classes annotated with @Configuration.
INFO  SpringBootTestContextBootstrapper - Found @SpringBootConfiguration org.springframework.samples.petclinic.PetClinicApplication for test class org.springframework.samples.petclinic.acceptance.Cp09Tests
INFO  AUDIT - Owner created: id=190 memberId=V2NSW261A91DA518 registrationDate=2026-09-18 membershipLevel=1
INFO  AUDIT - {"seq":180,"schemaVersion":2,"ownerId":190,"memberId":"V2NSW261A91DA518","membershipLevel":1,"ownerSegment":"STANDARD_METRO","event":"OWNER_CREATED"}
INFO  NOTIFY - Welcome notification enqueued: id=190 memberId=V2NSW261A91DA518
INFO  AnnotationConfigContextLoaderUtils - Could not detect default configuration classes for test class [org.springframework.samples.petclinic.acceptance.Cp52Tests]: Cp52Tests does not declare any static, non-private, non-final, nested classes annotated with @Configuration.
INFO  SpringBootTestContextBootstrapper - Found @SpringBootConfiguration org.springframework.samples.petclinic.PetClinicApplication for test class org.springframework.samples.petclinic.acceptance.Cp52Tests
INFO  AnnotationConfigContextLoaderUtils - Could not detect default configuration classes for test class [org.springframework.samples.petclinic.acceptance.Cp52Tests]: Cp52Tests does not declare any static, non-private, non-final, nested classes annotated with @Configuration.
INFO  AnnotationConfigContextLoaderUtils - Could not detect default configuration classes for test class [org.springframework.samples.petclinic.acceptance.AcceptanceBase]: AcceptanceBase does not declare any static, non-private, non-final, nested classes annotated with @Configuration.
INFO  SpringBootTestContextBootstrapper - Found @SpringBootConfiguration org.springframework.samples.petclinic.PetClinicApplication for test class org.springframework.samples.petclinic.acceptance.Cp52Tests
INFO  AUDIT - Owner created: id=191 memberId=V2NSW2646001E7C8 registrationDate=2026-09-18 membershipLevel=1
INFO  AUDIT - {"seq":181,"schemaVersion":2,"ownerId":191,"memberId":"V2NSW2646001E7C8","membershipLevel":1,"ownerSegment":"STANDARD_METRO","event":"OWNER_CREATED"}
INFO  NOTIFY - Welcome notification enqueued: id=191 memberId=V2NSW2646001E7C8
INFO  AnnotationConfigContextLoaderUtils - Could not detect default configuration classes for test class [org.springframework.samples.petclinic.acceptance.Cp23Tests]: Cp23Tests does not declare any static, non-private, non-final, nested classes annotated with @Configuration.
INFO  SpringBootTestContextBootstrapper - Found @SpringBootConfiguration org.springframework.samples.petclinic.PetClinicApplication for test class org.springframework.samples.petclinic.acceptance.Cp23Tests
INFO  AnnotationConfigContextLoaderUtils - Could not detect default configuration classes for test class [org.springframework.samples.petclinic.acceptance.Cp23Tests]: Cp23Tests does not declare any static, non-private, non-final, nested classes annotated with @Configuration.
INFO  AnnotationConfigContextLoaderUtils - Could not detect default configuration classes for test class [org.springframework.samples.petclinic.acceptance.AcceptanceBase]: AcceptanceBase does not declare any static, non-private, non-final, nested classes annotated with @Configuration.
INFO  SpringBootTestContextBootstrapper - Found @SpringBootConfiguration org.springframework.samples.petclinic.PetClinicApplication for test class org.springframework.samples.petclinic.acceptance.Cp23Tests
INFO  AUDIT - Owner created: id=192 memberId=V2NSW26D9A3821F5 registrationDate=2026-09-18 membershipLevel=1
INFO  AUDIT - {"seq":182,"schemaVersion":2,"ownerId":192,"memberId":"V2NSW26D9A3821F5","membershipLevel":1,"ownerSegment":"STANDARD_METRO","event":"OWNER_CREATED"}
INFO  NOTIFY - Welcome notification enqueued: id=192 memberId=V2NSW26D9A3821F5
INFO  AUDIT - Owner created: id=193 memberId=V2NSW2616EC24965 registrationDate=2026-09-18 membershipLevel=1
INFO  AUDIT - {"seq":183,"schemaVersion":2,"ownerId":193,"memberId":"V2NSW2616EC24965","membershipLevel":1,"ownerSegment":"STANDARD_METRO","event":"OWNER_CREATED"}
INFO  NOTIFY - Welcome notification enqueued: id=193 memberId=V2NSW2616EC24965
INFO  AUDIT - Owner created: id=194 memberId=V2NSW2624AC9EA28 registrationDate=2026-09-18 membershipLevel=2
INFO  AUDIT - {"seq":184,"schemaVersion":2,"ownerId":194,"memberId":"V2NSW2624AC9EA28","membershipLevel":2,"ownerSegment":"STANDARD_METRO","event":"OWNER_CREATED"}
INFO  NOTIFY - Welcome notification enqueued: id=194 memberId=V2NSW2624AC9EA28

MockHttpServletRequest:
      HTTP Method = POST
      Request URI = /api/owners
       Parameters = {}
          Headers = [Content-Type:"application/json;charset=UTF-8", Content-Length:"152"]
             Body = {"firstName":"Fnacr","lastName":"Suracm","address":"769 Test Street","city":"Town770","telephone":"0400000771","postcode":"2000","sharesHousehold":true}
    Session Attrs = {SPRING_SECURITY_CONTEXT=SecurityContextImpl [Authentication=UsernamePasswordAuthenticationToken [Principal=org.springframework.security.core.userdetails.User [Username=acceptance-admin, Password=[PROTECTED], Enabled=true, AccountNonExpired=true, CredentialsNonExpired=true, AccountNonLocked=true, Granted Authorities=[ROLE_ADMIN, ROLE_OWNER_ADMIN, ROLE_VET_ADMIN]], Credentials=[PROTECTED], Authenticated=true, Details=null, Granted Authorities=[ROLE_ADMIN, ROLE_OWNER_ADMIN, ROLE_VET_ADMIN]]]}

Handler:
             Type = org.springframework.samples.petclinic.rest.controller.v1.OwnerRestControllerV1
           Method = org.springframework.samples.petclinic.rest.controller.v1.OwnerRestControllerV1#addOwner(OwnerFieldsDto, String)

Async:
    Async started = false
     Async result = null

Resolved Exception:
             Type = null

ModelAndView:
        View name = null
             View = null
            Model = null

FlashMap:
       Attributes = null

MockHttpServletResponse:
           Status = 201
    Error message = null
          Headers = [Vary:"Origin", "Access-Control-Request-Method", "Access-Control-Request-Headers", Location:"/api/owners/192", Content-Type:"application/json", X-Content-Type-Options:"nosniff", X-XSS-Protection:"0", Cache-Control:"no-cache, no-store, max-age=0, must-revalidate", Pragma:"no-cache", Expires:"0", X-Frame-Options:"DENY"]
     Content type = application/json
             Body = {"firstName":"Fnacr","lastName":"Suracm","city":"Town770","telephone":"+61400000771","pets":[],"address":"769 TEST STREET","addressLine1":null,"addressLine2":null,"ageBand":null,"apiVersion":2,"birthDate":null,"bulkSignupWarning":false,"capacityWarning":false,"contactPreference":"PHONE","deleted":false,"displayName":"Suracm, Fnacr","email":null,"fiscalYear":"FY26","id":192,"identity":{"householdId":"928BB0071C63","identityKey":"fe8b809c130f69dabc6e6e71393e76a01cb9feefd9a4b2dceb9d9eb891880600","memberId":"V2NSW26D9A3821F5"},"initials":"F.S.","locality":"NSW","membershipLevel":1,"membershipPoints":1,"namesakeCount":0,"ownerSegment":"STANDARD_METRO","possibleDuplicate":false,"possibleDuplicateOf":null,"postcode":"2000","registrationDate":"2026-09-18","riskFlag":false,"salutation":"Suracm","selfLink":"/api/owners/192","sharesHousehold":null,"telephoneDisplay":"+61 400 000 771","timezone":"Australia/Sydney","title":null}
    Forwarded URL = null
   Redirected URL = /api/owners/192
          Cookies = []

MockHttpServletRequest:
      HTTP Method = POST
      Request URI = /api/owners
       Parameters = {}
          Headers = [Content-Type:"application/json;charset=UTF-8", Content-Length:"152"]
             Body = {"firstName":"Fnacw","lastName":"Suracm","address":"774 Test Street","city":"Town775","telephone":"0400000776","postcode":"2000","sharesHousehold":true}
    Session Attrs = {SPRING_SECURITY_CONTEXT=SecurityContextImpl [Authentication=UsernamePasswordAuthenticationToken [Principal=org.springframework.security.core.userdetails.User [Username=acceptance-admin, Password=[PROTECTED], Enabled=true, AccountNonExpired=true, CredentialsNonExpired=true, AccountNonLocked=true, Granted Authorities=[ROLE_ADMIN, ROLE_OWNER_ADMIN, ROLE_VET_ADMIN]], Credentials=[PROTECTED], Authenticated=true, Details=null, Granted Authorities=[ROLE_ADMIN, ROLE_OWNER_ADMIN, ROLE_VET_ADMIN]]]}

Handler:
             Type = org.springframework.samples.petclinic.rest.controller.v1.OwnerRestControllerV1
           Method = org.springframework.samples.petclinic.rest.controller.v1.OwnerRestControllerV1#addOwner(OwnerFieldsDto, String)

Async:
    Async started = false
     Async result = null

Resolved Exception:
             Type = null

ModelAndView:
        View name = null
             View = null
            Model = null

FlashMap:
       Attributes = null

MockHttpServletResponse:
           Status = 201
    Error message = null
          Headers = [Vary:"Origin", "Access-Control-Request-Method", "Access-Control-Request-Headers", Location:"/api/owners/193", Content-Type:"application/json", X-Content-Type-Options:"nosniff", X-XSS-Protection:"0", Cache-Control:"no-cache, no-store, max-age=0, must-revalidate", Pragma:"no-cache", Expires:"0", X-Frame-Options:"DENY"]
     Content type = application/json
             Body = {"firstName":"Fnacw","lastName":"Suracm","city":"Town775","telephone":"+61400000776","pets":[],"address":"774 TEST STREET","addressLine1":null,"addressLine2":null,"ageBand":null,"apiVersion":2,"birthDate":null,"bulkSignupWarning":false,"capacityWarning":false,"contactPreference":"PHONE","deleted":false,"displayName":"Suracm, Fnacw","email":null,"fiscalYear":"FY26","id":193,"identity":{"householdId":"928BB0071C63","identityKey":"5632faf0439f2a81feeab11505f0c30f58e7dcabca9b4f54a026370010f345be","memberId":"V2NSW2616EC24965"},"initials":"F.S.","locality":"NSW","membershipLevel":1,"membershipPoints":1,"namesakeCount":0,"ownerSegment":"STANDARD_METRO","possibleDuplicate":false,"possibleDuplicateOf":null,"postcode":"2000","registrationDate":"2026-09-18","riskFlag":false,"salutation":"Suracm","selfLink":"/api/owners/193","sharesHousehold":null,"telephoneDisplay":"+61 400 000 776","timezone":"Australia/Sydney","title":null}
    Forwarded URL = null
   Redirected URL = /api/owners/193
          Cookies = []

MockHttpServletRequest:
      HTTP Method = POST
      Request URI = /api/owners
       Parameters = {}
          Headers = [Content-Type:"application/json;charset=UTF-8", Content-Length:"184"]
             Body = {"firstName":"Fnadb","lastName":"Suracm","address":"779 Test Street","city":"Town780","telephone":"0400000781","postcode":"2000","sharesHousehold":true,"email":"owner783@example.test"}
    Session Attrs = {SPRING_SECURITY_CONTEXT=SecurityContextImpl [Authentication=UsernamePasswordAuthenticationToken [Principal=org.springframework.security.core.userdetails.User [Username=acceptance-admin, Password=[PROTECTED], Enabled=true, AccountNonExpired=true, CredentialsNonExpired=true, AccountNonLocked=true, Granted Authorities=[ROLE_ADMIN, ROLE_OWNER_ADMIN, ROLE_VET_ADMIN]], Credentials=[PROTECTED], Authenticated=true, Details=null, Granted Authorities=[ROLE_ADMIN, ROLE_OWNER_ADMIN, ROLE_VET_ADMIN]]]}

Handler:
             Type = org.springframework.samples.petclinic.rest.controller.v1.OwnerRestControllerV1
           Method = org.springframework.samples.petclinic.rest.controller.v1.OwnerRestControllerV1#addOwner(OwnerFieldsDto, String)

Async:
    Async started = false
     Async result = null

Resolved Exception:
             Type = null

ModelAndView:
        View name = null
             View = null
            Model = null

FlashMap:
       Attributes = null

MockHttpServletResponse:
           Status = 201
    Error message = null
          Headers = [Vary:"Origin", "Access-Control-Request-Method", "Access-Control-Request-Headers", Location:"/api/owners/194", Content-Type:"application/json", X-Content-Type-Options:"nosniff", X-XSS-Protection:"0", Cache-Control:"no-cache, no-store, max-age=0, must-revalidate", Pragma:"no-cache", Expires:"0", X-Frame-Options:"DENY"]
     Content type = application/json
             Body = {"firstName":"Fnadb","lastName":"Suracm","city":"Town780","telephone":"+61400000781","pets":[],"address":"779 TEST STREET","addressLine1":null,"addressLine2":null,"ageBand":null,"apiVersion":2,"birthDate":null,"bulkSignupWarning":false,"capacityWarning":false,"contactPreference":"EMAIL","deleted":false,"displayName":"Suracm, Fnadb","email":"owner783@example.test","fiscalYear":"FY26","id":194,"identity":{"householdId":"928BB0071C63","identityKey":"71f0fb8d1efd0cd4d829ec8caa68c337e68b27b332180f0d805cf3b1b72bf0cb","memberId":"V2NSW2624AC9EA28"},"initials":"F.S.","locality":"NSW","membershipLevel":2,"membershipPoints":5,"namesakeCount":0,"ownerSegment":"STANDARD_METRO","possibleDuplicate":false,"possibleDuplicateOf":null,"postcode":"2000","registrationDate":"2026-09-18","riskFlag":false,"salutation":"Suracm","selfLink":"/api/owners/194","sharesHousehold":null,"telephoneDisplay":"+61 400 000 781","timezone":"Australia/Sydney","title":null}
    Forwarded URL = null
   Redirected URL = /api/owners/194
          Cookies = []

MockHttpServletRequest:
      HTTP Method = GET
      Request URI = /api/owners/194
       Parameters = {}
          Headers = []
             Body = null
    Session Attrs = {SPRING_SECURITY_CONTEXT=SecurityContextImpl [Authentication=UsernamePasswordAuthenticationToken [Principal=org.springframework.security.core.userdetails.User [Username=acceptance-admin, Password=[PROTECTED], Enabled=true, AccountNonExpired=true, CredentialsNonExpired=true, AccountNonLocked=true, Granted Authorities=[ROLE_ADMIN, ROLE_OWNER_ADMIN, ROLE_VET_ADMIN]], Credentials=[PROTECTED], Authenticated=true, Details=null, Granted Authorities=[ROLE_ADMIN, ROLE_OWNER_ADMIN, ROLE_VET_ADMIN]]]}

Handler:
             Type = org.springframework.samples.petclinic.rest.controller.v1.OwnerRestControllerV1
           Method = org.springframework.samples.petclinic.rest.controller.v1.OwnerRestControllerV1#getOwner(Integer)

Async:
    Async started = false
     Async result = null

Resolved Exception:
             Type = null

ModelAndView:
        View name = null
             View = null
            Model = null

FlashMap:
       Attributes = null

MockHttpServletResponse:
           Status = 200
    Error message = null
          Headers = [Vary:"Origin", "Access-Control-Request-Method", "Access-Control-Request-Headers", Content-Type:"application/json", X-Content-Type-Options:"nosniff", X-XSS-Protection:"0", Cache-Control:"no-cache, no-store, max-age=0, must-revalidate", Pragma:"no-cache", Expires:"0", X-Frame-Options:"DENY"]
     Content type = application/json
             Body = {"firstName":"Fnadb","lastName":"Suracm","city":"Town780","telephone":"+61400000781","pets":[],"address":"779 TEST STREET","addressLine1":null,"addressLine2":null,"ageBand":null,"apiVersion":2,"birthDate":null,"bulkSignupWarning":false,"capacityWarning":false,"contactPreference":"EMAIL","deleted":false,"displayName":"Suracm, Fnadb","email":"owner783@example.test","fiscalYear":"FY26","id":194,"identity":{"householdId":"928BB0071C63","identityKey":"71f0fb8d1efd0cd4d829ec8caa68c337e68b27b332180f0d805cf3b1b72bf0cb","memberId":"V2NSW2624AC9EA28"},"initials":"F.S.","locality":"NSW","membershipLevel":2,"membershipPoints":5,"namesakeCount":0,"ownerSegment":"STANDARD_METRO","possibleDuplicate":false,"possibleDuplicateOf":null,"postcode":"2000","registrationDate":"2026-09-18","riskFlag":false,"salutation":"Suracm","selfLink":"/api/owners/194","sharesHousehold":null,"telephoneDisplay":"+61 400 000 781","timezone":"Australia/Sydney","title":null}
    Forwarded URL = null
   Redirected URL = null
          Cookies = []
[ERROR] Tests run: 1, Failures: 1, Errors: 0, Skipped: 0, Time elapsed: 0.048 s <<< FAILURE! -- in org.springframework.samples.petclinic.acceptance.Cp23Tests
[ERROR] org.springframework.samples.petclinic.acceptance.Cp23Tests.coreHouseholdAddsPoints -- Time elapsed: 0.040 s <<< FAILURE!
java.lang.AssertionError: JSON path "$.membershipLevel" expected:<3> but was:<2>
	at org.springframework.test.util.AssertionErrors.fail(AssertionErrors.java:62)
	at org.springframework.test.util.AssertionErrors.assertEquals(AssertionErrors.java:129)
	at org.springframework.test.util.JsonPathExpectationsHelper.assertValue(JsonPathExpectationsHelper.java:172)
	at org.springframework.test.web.servlet.result.JsonPathResultMatchers.lambda$value$2(JsonPathResultMatchers.java:111)
	at org.springframework.test.web.servlet.MockMvc$1.andExpect(MockMvc.java:212)
	at org.springframework.samples.petclinic.acceptance.Cp23Tests.coreHouseholdAddsPoints(Cp23Tests.java:29)

INFO  AnnotationConfigContextLoaderUtils - Could not detect default configuration classes for test class [org.springframework.samples.petclinic.acceptance.Cp33Tests]: Cp33Tests does not declare any static, non-private, non-final, nested classes annotated with @Configuration.
INFO  SpringBootTestContextBootstrapper - Found @SpringBootConfiguration org.springframework.samples.petclinic.PetClinicApplication for test class org.springframework.samples.petclinic.acceptance.Cp33Tests
INFO  AnnotationConfigContextLoaderUtils - Could not detect default configuration classes for test class [org.springframework.samples.petclinic.acceptance.Cp33Tests]: Cp33Tests does not declare any static, non-private, non-final, nested classes annotated with @Configuration.
INFO  AnnotationConfigContextLoaderUtils - Could not detect default configuration classes for test class [org.springframework.samples.petclinic.acceptance.AcceptanceBase]: AcceptanceBase does not declare any static, non-private, non-final, nested classes annotated with @Configuration.
INFO  SpringBootTestContextBootstrapper - Found @SpringBootConfiguration org.springframework.samples.petclinic.PetClinicApplication for test class org.springframework.samples.petclinic.acceptance.Cp33Tests
DEBUG ExceptionControllerAdvice - Validation error at POST /api/owners: [Field error in object 'ownerFieldsDto' on field 'registrationDate': rejected value [2999-01-01]; codes [registrationDate.future.ownerFieldsDto.registrationDate,registrationDate.future.registrationDate,registrationDate.future.java.time.LocalDate,registrationDate.future]; arguments []; default message [must not be later than the current date]]
INFO  AnnotationConfigContextLoaderUtils - Could not detect default configuration classes for test class [org.springframework.samples.petclinic.acceptance.Cp57Tests]: Cp57Tests does not declare any static, non-private, non-final, nested classes annotated with @Configuration.
INFO  SpringBootTestContextBootstrapper - Found @SpringBootConfiguration org.springframework.samples.petclinic.PetClinicApplication for test class org.springframework.samples.petclinic.acceptance.Cp57Tests
INFO  AnnotationConfigContextLoaderUtils - Could not detect default configuration classes for test class [org.springframework.samples.petclinic.acceptance.Cp57Tests]: Cp57Tests does not declare any static, non-private, non-final, nested classes annotated with @Configuration.
INFO  AnnotationConfigContextLoaderUtils - Could not detect default configuration classes for test class [org.springframework.samples.petclinic.acceptance.AcceptanceBase]: AcceptanceBase does not declare any static, non-private, non-final, nested classes annotated with @Configuration.
INFO  SpringBootTestContextBootstrapper - Found @SpringBootConfiguration org.springframework.samples.petclinic.PetClinicApplication for test class org.springframework.samples.petclinic.acceptance.Cp57Tests
INFO  AUDIT - Owner created: id=195 memberId=V2NSW26B2EF56576 registrationDate=2026-09-18 membershipLevel=1
INFO  AUDIT - {"seq":185,"schemaVersion":2,"ownerId":195,"memberId":"V2NSW26B2EF56576","membershipLevel":1,"ownerSegment":"STANDARD_METRO","event":"OWNER_CREATED"}
INFO  NOTIFY - Welcome notification enqueued: id=195 memberId=V2NSW26B2EF56576
INFO  AnnotationConfigContextLoaderUtils - Could not detect default configuration classes for test class [org.springframework.samples.petclinic.acceptance.Cp20Tests]: Cp20Tests does not declare any static, non-private, non-final, nested classes annotated with @Configuration.
INFO  SpringBootTestContextBootstrapper - Found @SpringBootConfiguration org.springframework.samples.petclinic.PetClinicApplication for test class org.springframework.samples.petclinic.acceptance.Cp20Tests
INFO  AnnotationConfigContextLoaderUtils - Could not detect default configuration classes for test class [org.springframework.samples.petclinic.acceptance.Cp20Tests]: Cp20Tests does not declare any static, non-private, non-final, nested classes annotated with @Configuration.
INFO  AnnotationConfigContextLoaderUtils - Could not detect default configuration classes for test class [org.springframework.samples.petclinic.acceptance.AcceptanceBase]: AcceptanceBase does not declare any static, non-private, non-final, nested classes annotated with @Configuration.
INFO  SpringBootTestContextBootstrapper - Found @SpringBootConfiguration org.springframework.samples.petclinic.PetClinicApplication for test class org.springframework.samples.petclinic.acceptance.Cp20Tests
INFO  AUDIT - Owner created: id=196 memberId=V2UNKNOWN26CE62E33A2 registrationDate=2026-09-18 membershipLevel=1
INFO  AUDIT - {"seq":186,"schemaVersion":2,"ownerId":196,"memberId":"V2UNKNOWN26CE62E33A2","membershipLevel":1,"ownerSegment":"STANDARD_REGIONAL","event":"OWNER_CREATED"}
INFO  NOTIFY - Welcome notification enqueued: id=196 memberId=V2UNKNOWN26CE62E33A2
INFO  AnnotationConfigContextLoaderUtils - Could not detect default configuration classes for test class [org.springframework.samples.petclinic.acceptance.Cp15Tests]: Cp15Tests does not declare any static, non-private, non-final, nested classes annotated with @Configuration.
INFO  SpringBootTestContextBootstrapper - Found @SpringBootConfiguration org.springframework.samples.petclinic.PetClinicApplication for test class org.springframework.samples.petclinic.acceptance.Cp15Tests
INFO  AnnotationConfigContextLoaderUtils - Could not detect default configuration classes for test class [org.springframework.samples.petclinic.acceptance.Cp15Tests]: Cp15Tests does not declare any static, non-private, non-final, nested classes annotated with @Configuration.
INFO  AnnotationConfigContextLoaderUtils - Could not detect default configuration classes for test class [org.springframework.samples.petclinic.acceptance.AcceptanceBase]: AcceptanceBase does not declare any static, non-private, non-final, nested classes annotated with @Configuration.
INFO  SpringBootTestContextBootstrapper - Found @SpringBootConfiguration org.springframework.samples.petclinic.PetClinicApplication for test class org.springframework.samples.petclinic.acceptance.Cp15Tests
INFO  AUDIT - Owner created: id=197 memberId=V2UNKNOWN2647203A748 registrationDate=2026-09-18 membershipLevel=2
INFO  AUDIT - {"seq":187,"schemaVersion":2,"ownerId":197,"memberId":"V2UNKNOWN2647203A748","membershipLevel":2,"ownerSegment":"STANDARD_REGIONAL","event":"OWNER_CREATED"}
INFO  NOTIFY - Welcome notification enqueued: id=197 memberId=V2UNKNOWN2647203A748
INFO  AnnotationConfigContextLoaderUtils - Could not detect default configuration classes for test class [org.springframework.samples.petclinic.acceptance.Cp31Tests]: Cp31Tests does not declare any static, non-private, non-final, nested classes annotated with @Configuration.
INFO  SpringBootTestContextBootstrapper - Found @SpringBootConfiguration org.springframework.samples.petclinic.PetClinicApplication for test class org.springframework.samples.petclinic.acceptance.Cp31Tests
INFO  AnnotationConfigContextLoaderUtils - Could not detect default configuration classes for test class [org.springframework.samples.petclinic.acceptance.Cp31Tests]: Cp31Tests does not declare any static, non-private, non-final, nested classes annotated with @Configuration.
INFO  AnnotationConfigContextLoaderUtils - Could not detect default configuration classes for test class [org.springframework.samples.petclinic.acceptance.AcceptanceBase]: AcceptanceBase does not declare any static, non-private, non-final, nested classes annotated with @Configuration.
INFO  SpringBootTestContextBootstrapper - Found @SpringBootConfiguration org.springframework.samples.petclinic.PetClinicApplication for test class org.springframework.samples.petclinic.acceptance.Cp31Tests
INFO  AUDIT - Owner created: id=198 memberId=V2NSW26B7EF62649 registrationDate=2026-09-18 membershipLevel=1
INFO  AUDIT - {"seq":188,"schemaVersion":2,"ownerId":198,"memberId":"V2NSW26B7EF62649","membershipLevel":1,"ownerSegment":"STANDARD_METRO","event":"OWNER_CREATED"}
INFO  NOTIFY - Welcome notification enqueued: id=198 memberId=V2NSW26B7EF62649
INFO  AnnotationConfigContextLoaderUtils - Could not detect default configuration classes for test class [org.springframework.samples.petclinic.acceptance.Cp01Tests]: Cp01Tests does not declare any static, non-private, non-final, nested classes annotated with @Configuration.
INFO  SpringBootTestContextBootstrapper - Found @SpringBootConfiguration org.springframework.samples.petclinic.PetClinicApplication for test class org.springframework.samples.petclinic.acceptance.Cp01Tests
INFO  AnnotationConfigContextLoaderUtils - Could not detect default configuration classes for test class [org.springframework.samples.petclinic.acceptance.Cp01Tests]: Cp01Tests does not declare any static, non-private, non-final, nested classes annotated with @Configuration.
INFO  AnnotationConfigContextLoaderUtils - Could not detect default configuration classes for test class [org.springframework.samples.petclinic.acceptance.AcceptanceBase]: AcceptanceBase does not declare any static, non-private, non-final, nested classes annotated with @Configuration.
INFO  SpringBootTestContextBootstrapper - Found @SpringBootConfiguration org.springframework.samples.petclinic.PetClinicApplication for test class org.springframework.samples.petclinic.acceptance.Cp01Tests
DEBUG ExceptionControllerAdvice - Validation error at POST /api/owners: [Field error in object 'ownerFieldsDto' on field 'address': rejected value []; codes [required.ownerFieldsDto.address,required.address,required.java.lang.String,required]; arguments []; default message [must not be blank]]
DEBUG ExceptionControllerAdvice - Validation error at POST /api/owners: [Field error in object 'ownerFieldsDto' on field 'city': rejected value [null]; codes [NotNull.ownerFieldsDto.city,NotNull.city,NotNull.java.lang.String,NotNull]; arguments [org.springframework.context.support.DefaultMessageSourceResolvable: codes [ownerFieldsDto.city,city]; arguments []; default message [city]]; default message [must not be null], Field error in object 'ownerFieldsDto' on field 'city': rejected value [null]; codes [required.ownerFieldsDto.city,required.city,required.java.lang.String,required]; arguments []; default message [must not be blank]]
INFO  AnnotationConfigContextLoaderUtils - Could not detect default configuration classes for test class [org.springframework.samples.petclinic.acceptance.Cp26Tests]: Cp26Tests does not declare any static, non-private, non-final, nested classes annotated with @Configuration.
INFO  SpringBootTestContextBootstrapper - Found @SpringBootConfiguration org.springframework.samples.petclinic.PetClinicApplication for test class org.springframework.samples.petclinic.acceptance.Cp26Tests
INFO  AnnotationConfigContextLoaderUtils - Could not detect default configuration classes for test class [org.springframework.samples.petclinic.acceptance.Cp26Tests]: Cp26Tests does not declare any static, non-private, non-final, nested classes annotated with @Configuration.
INFO  AnnotationConfigContextLoaderUtils - Could not detect default configuration classes for test class [org.springframework.samples.petclinic.acceptance.AcceptanceBase]: AcceptanceBase does not declare any static, non-private, non-final, nested classes annotated with @Configuration.
INFO  SpringBootTestContextBootstrapper - Found @SpringBootConfiguration org.springframework.samples.petclinic.PetClinicApplication for test class org.springframework.samples.petclinic.acceptance.Cp26Tests
DEBUG ExceptionControllerAdvice - Validation error at POST /api/owners: [Field error in object 'ownerFieldsDto' on field 'telephone': rejected value [+61 123]; codes [telephone.invalid.ownerFieldsDto.telephone,telephone.invalid.telephone,telephone.invalid.java.lang.String,telephone.invalid]; arguments []; default message [must be a valid telephone number in E.164 form]]
INFO  AnnotationConfigContextLoaderUtils - Could not detect default configuration classes for test class [org.springframework.samples.petclinic.acceptance.Cp56Tests]: Cp56Tests does not declare any static, non-private, non-final, nested classes annotated with @Configuration.
INFO  SpringBootTestContextBootstrapper - Found @SpringBootConfiguration org.springframework.samples.petclinic.PetClinicApplication for test class org.springframework.samples.petclinic.acceptance.Cp56Tests
INFO  AnnotationConfigContextLoaderUtils - Could not detect default configuration classes for test class [org.springframework.samples.petclinic.acceptance.Cp56Tests]: Cp56Tests does not declare any static, non-private, non-final, nested classes annotated with @Configuration.
INFO  AnnotationConfigContextLoaderUtils - Could not detect default configuration classes for test class [org.springframework.samples.petclinic.acceptance.AcceptanceBase]: AcceptanceBase does not declare any static, non-private, non-final, nested classes annotated with @Configuration.
INFO  SpringBootTestContextBootstrapper - Found @SpringBootConfiguration org.springframework.samples.petclinic.PetClinicApplication for test class org.springframework.samples.petclinic.acceptance.Cp56Tests
INFO  AUDIT - Owner created: id=199 memberId=V2NSW26AB1F59754 registrationDate=2026-09-18 membershipLevel=1
INFO  AUDIT - {"seq":189,"schemaVersion":2,"ownerId":199,"memberId":"V2NSW26AB1F59754","membershipLevel":1,"ownerSegment":"STANDARD_METRO","event":"OWNER_CREATED"}
INFO  NOTIFY - Welcome notification enqueued: id=199 memberId=V2NSW26AB1F59754
INFO  AnnotationConfigContextLoaderUtils - Could not detect default configuration classes for test class [org.springframework.samples.petclinic.acceptance.Cp46Tests]: Cp46Tests does not declare any static, non-private, non-final, nested classes annotated with @Configuration.
INFO  SpringBootTestContextBootstrapper - Found @SpringBootConfiguration org.springframework.samples.petclinic.PetClinicApplication for test class org.springframework.samples.petclinic.acceptance.Cp46Tests
INFO  AnnotationConfigContextLoaderUtils - Could not detect default configuration classes for test class [org.springframework.samples.petclinic.acceptance.Cp46Tests]: Cp46Tests does not declare any static, non-private, non-final, nested classes annotated with @Configuration.
INFO  AnnotationConfigContextLoaderUtils - Could not detect default configuration classes for test class [org.springframework.samples.petclinic.acceptance.AcceptanceBase]: AcceptanceBase does not declare any static, non-private, non-final, nested classes annotated with @Configuration.
INFO  SpringBootTestContextBootstrapper - Found @SpringBootConfiguration org.springframework.samples.petclinic.PetClinicApplication for test class org.springframework.samples.petclinic.acceptance.Cp46Tests
INFO  AUDIT - Owner created: id=200 memberId=V2NSW262CADE5B66 registrationDate=2026-09-18 membershipLevel=2
INFO  AUDIT - {"seq":190,"schemaVersion":2,"ownerId":200,"memberId":"V2NSW262CADE5B66","membershipLevel":2,"ownerSegment":"STANDARD_METRO","event":"OWNER_CREATED"}
INFO  NOTIFY - Welcome notification enqueued: id=200 memberId=V2NSW262CADE5B66
INFO  AUDIT - Owner created: id=201 memberId=V2NSW262CADE5B66-2 registrationDate=2026-09-18 membershipLevel=2
INFO  AUDIT - {"seq":191,"schemaVersion":2,"ownerId":201,"memberId":"V2NSW262CADE5B66-2","membershipLevel":2,"ownerSegment":"STANDARD_METRO","event":"OWNER_CREATED"}
INFO  NOTIFY - Welcome notification enqueued: id=201 memberId=V2NSW262CADE5B66-2
INFO  AnnotationConfigContextLoaderUtils - Could not detect default configuration classes for test class [org.springframework.samples.petclinic.acceptance.Cp27Tests]: Cp27Tests does not declare any static, non-private, non-final, nested classes annotated with @Configuration.
INFO  SpringBootTestContextBootstrapper - Found @SpringBootConfiguration org.springframework.samples.petclinic.PetClinicApplication for test class org.springframework.samples.petclinic.acceptance.Cp27Tests
INFO  AnnotationConfigContextLoaderUtils - Could not detect default configuration classes for test class [org.springframework.samples.petclinic.acceptance.Cp27Tests]: Cp27Tests does not declare any static, non-private, non-final, nested classes annotated with @Configuration.
INFO  AnnotationConfigContextLoaderUtils - Could not detect default configuration classes for test class [org.springframework.samples.petclinic.acceptance.AcceptanceBase]: AcceptanceBase does not declare any static, non-private, non-final, nested classes annotated with @Configuration.
INFO  SpringBootTestContextBootstrapper - Found @SpringBootConfiguration org.springframework.samples.petclinic.PetClinicApplication for test class org.springframework.samples.petclinic.acceptance.Cp27Tests
INFO  AUDIT - Owner created: id=202 memberId=V2UNKNOWN2625CBC67A7 registrationDate=2026-09-18 membershipLevel=2
INFO  AUDIT - {"seq":192,"schemaVersion":2,"ownerId":202,"memberId":"V2UNKNOWN2625CBC67A7","membershipLevel":2,"ownerSegment":"STANDARD_REGIONAL","event":"OWNER_CREATED"}
INFO  NOTIFY - Welcome notification enqueued: id=202 memberId=V2UNKNOWN2625CBC67A7
INFO  AUDIT - Owner created: id=203 memberId=V2UNKNOWN26404274699 registrationDate=2026-09-18 membershipLevel=1
INFO  AUDIT - {"seq":193,"schemaVersion":2,"ownerId":203,"memberId":"V2UNKNOWN26404274699","membershipLevel":1,"ownerSegment":"STANDARD_REGIONAL","event":"OWNER_CREATED"}
INFO  NOTIFY - Welcome notification enqueued: id=203 memberId=V2UNKNOWN26404274699
INFO  AnnotationConfigContextLoaderUtils - Could not detect default configuration classes for test class [org.springframework.samples.petclinic.acceptance.Cp22Tests]: Cp22Tests does not declare any static, non-private, non-final, nested classes annotated with @Configuration.
INFO  SpringBootTestContextBootstrapper - Found @SpringBootConfiguration org.springframework.samples.petclinic.PetClinicApplication for test class org.springframework.samples.petclinic.acceptance.Cp22Tests
INFO  AnnotationConfigContextLoaderUtils - Could not detect default configuration classes for test class [org.springframework.samples.petclinic.acceptance.Cp22Tests]: Cp22Tests does not declare any static, non-private, non-final, nested classes annotated with @Configuration.
INFO  AnnotationConfigContextLoaderUtils - Could not detect default configuration classes for test class [org.springframework.samples.petclinic.acceptance.AcceptanceBase]: AcceptanceBase does not declare any static, non-private, non-final, nested classes annotated with @Configuration.
INFO  SpringBootTestContextBootstrapper - Found @SpringBootConfiguration org.springframework.samples.petclinic.PetClinicApplication for test class org.springframework.samples.petclinic.acceptance.Cp22Tests
INFO  AUDIT - Owner created: id=204 memberId=V2UNKNOWN26BEA31B758 registrationDate=2026-09-18 membershipLevel=1
INFO  AUDIT - {"seq":194,"schemaVersion":2,"ownerId":204,"memberId":"V2UNKNOWN26BEA31B758","membershipLevel":1,"ownerSegment":"STANDARD_REGIONAL","event":"OWNER_CREATED"}
INFO  NOTIFY - Welcome notification enqueued: id=204 memberId=V2UNKNOWN26BEA31B758
INFO  AnnotationConfigContextLoaderUtils - Could not detect default configuration classes for test class [org.springframework.samples.petclinic.acceptance.Cp30Tests]: Cp30Tests does not declare any static, non-private, non-final, nested classes annotated with @Configuration.
INFO  SpringBootTestContextBootstrapper - Found @SpringBootConfiguration org.springframework.samples.petclinic.PetClinicApplication for test class org.springframework.samples.petclinic.acceptance.Cp30Tests
INFO  AnnotationConfigContextLoaderUtils - Could not detect default configuration classes for test class [org.springframework.samples.petclinic.acceptance.Cp30Tests]: Cp30Tests does not declare any static, non-private, non-final, nested classes annotated with @Configuration.
INFO  AnnotationConfigContextLoaderUtils - Could not detect default configuration classes for test class [org.springframework.samples.petclinic.acceptance.AcceptanceBase]: AcceptanceBase does not declare any static, non-private, non-final, nested classes annotated with @Configuration.
INFO  SpringBootTestContextBootstrapper - Found @SpringBootConfiguration org.springframework.samples.petclinic.PetClinicApplication for test class org.springframework.samples.petclinic.acceptance.Cp30Tests
INFO  AUDIT - Owner created: id=205 memberId=V2NSW266390DC596 registrationDate=2026-09-18 membershipLevel=1
INFO  AUDIT - {"seq":195,"schemaVersion":2,"ownerId":205,"memberId":"V2NSW266390DC596","membershipLevel":1,"ownerSegment":"STANDARD_METRO","event":"OWNER_CREATED"}
INFO  NOTIFY - Welcome notification enqueued: id=205 memberId=V2NSW266390DC596
INFO  AnnotationConfigContextLoaderUtils - Could not detect default configuration classes for test class [org.springframework.samples.petclinic.acceptance.Cp50Tests]: Cp50Tests does not declare any static, non-private, non-final, nested classes annotated with @Configuration.
INFO  SpringBootTestContextBootstrapper - Found @SpringBootConfiguration org.springframework.samples.petclinic.PetClinicApplication for test class org.springframework.samples.petclinic.acceptance.Cp50Tests
INFO  AnnotationConfigContextLoaderUtils - Could not detect default configuration classes for test class [org.springframework.samples.petclinic.acceptance.Cp50Tests]: Cp50Tests does not declare any static, non-private, non-final, nested classes annotated with @Configuration.
INFO  AnnotationConfigContextLoaderUtils - Could not detect default configuration classes for test class [org.springframework.samples.petclinic.acceptance.AcceptanceBase]: AcceptanceBase does not declare any static, non-private, non-final, nested classes annotated with @Configuration.
INFO  SpringBootTestContextBootstrapper - Found @SpringBootConfiguration org.springframework.samples.petclinic.PetClinicApplication for test class org.springframework.samples.petclinic.acceptance.Cp50Tests
INFO  AUDIT - Owner created: id=206 memberId=V2NSW26C59B81EC7 registrationDate=2026-09-18 membershipLevel=1
INFO  AUDIT - {"seq":196,"schemaVersion":2,"ownerId":206,"memberId":"V2NSW26C59B81EC7","membershipLevel":1,"ownerSegment":"STANDARD_METRO","event":"OWNER_CREATED"}
INFO  NOTIFY - Welcome notification enqueued: id=206 memberId=V2NSW26C59B81EC7
INFO  AnnotationConfigContextLoaderUtils - Could not detect default configuration classes for test class [org.springframework.samples.petclinic.acceptance.Cp24Tests]: Cp24Tests does not declare any static, non-private, non-final, nested classes annotated with @Configuration.
INFO  SpringBootTestContextBootstrapper - Found @SpringBootConfiguration org.springframework.samples.petclinic.PetClinicApplication for test class org.springframework.samples.petclinic.acceptance.Cp24Tests
INFO  AnnotationConfigContextLoaderUtils - Could not detect default configuration classes for test class [org.springframework.samples.petclinic.acceptance.Cp24Tests]: Cp24Tests does not declare any static, non-private, non-final, nested classes annotated with @Configuration.
INFO  AnnotationConfigContextLoaderUtils - Could not detect default configuration classes for test class [org.springframework.samples.petclinic.acceptance.AcceptanceBase]: AcceptanceBase does not declare any static, non-private, non-final, nested classes annotated with @Configuration.
INFO  SpringBootTestContextBootstrapper - Found @SpringBootConfiguration org.springframework.samples.petclinic.PetClinicApplication for test class org.springframework.samples.petclinic.acceptance.Cp24Tests
INFO  AUDIT - Owner created: id=207 memberId=V2NSW26B5E2FB960 registrationDate=2026-09-18 membershipLevel=2
INFO  AUDIT - {"seq":197,"schemaVersion":2,"ownerId":207,"memberId":"V2NSW26B5E2FB960","membershipLevel":2,"ownerSegment":"STANDARD_METRO","event":"OWNER_CREATED"}
INFO  NOTIFY - Welcome notification enqueued: id=207 memberId=V2NSW26B5E2FB960
INFO  AnnotationConfigContextLoaderUtils - Could not detect default configuration classes for test class [org.springframework.samples.petclinic.acceptance.Cp42Tests]: Cp42Tests does not declare any static, non-private, non-final, nested classes annotated with @Configuration.
INFO  SpringBootTestContextBootstrapper - Found @SpringBootConfiguration org.springframework.samples.petclinic.PetClinicApplication for test class org.springframework.samples.petclinic.acceptance.Cp42Tests
INFO  AnnotationConfigContextLoaderUtils - Could not detect default configuration classes for test class [org.springframework.samples.petclinic.acceptance.Cp42Tests]: Cp42Tests does not declare any static, non-private, non-final, nested classes annotated with @Configuration.
INFO  AnnotationConfigContextLoaderUtils - Could not detect default configuration classes for test class [org.springframework.samples.petclinic.acceptance.AcceptanceBase]: AcceptanceBase does not declare any static, non-private, non-final, nested classes annotated with @Configuration.
INFO  SpringBootTestContextBootstrapper - Found @SpringBootConfiguration org.springframework.samples.petclinic.PetClinicApplication for test class org.springframework.samples.petclinic.acceptance.Cp42Tests
INFO  AUDIT - Owner created: id=208 memberId=V2NSW26B66B98FB6 registrationDate=2026-09-18 membershipLevel=1
INFO  AUDIT - {"seq":198,"schemaVersion":2,"ownerId":208,"memberId":"V2NSW26B66B98FB6","membershipLevel":1,"ownerSegment":"STANDARD_METRO","event":"OWNER_CREATED"}
INFO  NOTIFY - Welcome notification enqueued: id=208 memberId=V2NSW26B66B98FB6
INFO  AnnotationConfigContextLoaderUtils - Could not detect default configuration classes for test class [org.springframework.samples.petclinic.acceptance.Cp41Tests]: Cp41Tests does not declare any static, non-private, non-final, nested classes annotated with @Configuration.
INFO  SpringBootTestContextBootstrapper - Found @SpringBootConfiguration org.springframework.samples.petclinic.PetClinicApplication for test class org.springframework.samples.petclinic.acceptance.Cp41Tests
INFO  AnnotationConfigContextLoaderUtils - Could not detect default configuration classes for test class [org.springframework.samples.petclinic.acceptance.Cp41Tests]: Cp41Tests does not declare any static, non-private, non-final, nested classes annotated with @Configuration.
INFO  AnnotationConfigContextLoaderUtils - Could not detect default configuration classes for test class [org.springframework.samples.petclinic.acceptance.AcceptanceBase]: AcceptanceBase does not declare any static, non-private, non-final, nested classes annotated with @Configuration.
INFO  SpringBootTestContextBootstrapper - Found @SpringBootConfiguration org.springframework.samples.petclinic.PetClinicApplication for test class org.springframework.samples.petclinic.acceptance.Cp41Tests
INFO  AUDIT - Owner created: id=209 memberId=V2NSW266AAE2B9C4 registrationDate=2026-09-18 membershipLevel=1
INFO  AUDIT - {"seq":199,"schemaVersion":2,"ownerId":209,"memberId":"V2NSW266AAE2B9C4","membershipLevel":1,"ownerSegment":"STANDARD_METRO","event":"OWNER_CREATED"}
INFO  NOTIFY - Welcome notification enqueued: id=209 memberId=V2NSW266AAE2B9C4
INFO  AUDIT - Owner created: id=210 memberId=V2NSW26A8BE21B73 registrationDate=2026-09-18 membershipLevel=1
INFO  AUDIT - {"seq":200,"schemaVersion":2,"ownerId":210,"memberId":"V2NSW26A8BE21B73","membershipLevel":1,"ownerSegment":"STANDARD_METRO","event":"OWNER_CREATED"}
INFO  NOTIFY - Welcome notification enqueued: id=210 memberId=V2NSW26A8BE21B73
INFO  AnnotationConfigContextLoaderUtils - Could not detect default configuration classes for test class [org.springframework.samples.petclinic.acceptance.Cp32Tests]: Cp32Tests does not declare any static, non-private, non-final, nested classes annotated with @Configuration.
INFO  SpringBootTestContextBootstrapper - Found @SpringBootConfiguration org.springframework.samples.petclinic.PetClinicApplication for test class org.springframework.samples.petclinic.acceptance.Cp32Tests
INFO  AnnotationConfigContextLoaderUtils - Could not detect default configuration classes for test class [org.springframework.samples.petclinic.acceptance.Cp32Tests]: Cp32Tests does not declare any static, non-private, non-final, nested classes annotated with @Configuration.
INFO  AnnotationConfigContextLoaderUtils - Could not detect default configuration classes for test class [org.springframework.samples.petclinic.acceptance.AcceptanceBase]: AcceptanceBase does not declare any static, non-private, non-final, nested classes annotated with @Configuration.
INFO  SpringBootTestContextBootstrapper - Found @SpringBootConfiguration org.springframework.samples.petclinic.PetClinicApplication for test class org.springframework.samples.petclinic.acceptance.Cp32Tests
INFO  AUDIT - Owner created: id=211 memberId=V2NSW2638A83E122 registrationDate=2026-09-18 membershipLevel=1
INFO  AUDIT - {"seq":201,"schemaVersion":2,"ownerId":211,"memberId":"V2NSW2638A83E122","membershipLevel":1,"ownerSegment":"STANDARD_METRO","event":"OWNER_CREATED"}
INFO  NOTIFY - Welcome notification enqueued: id=211 memberId=V2NSW2638A83E122
INFO  AnnotationConfigContextLoaderUtils - Could not detect default configuration classes for test class [org.springframework.samples.petclinic.acceptance.Cp38Tests]: Cp38Tests does not declare any static, non-private, non-final, nested classes annotated with @Configuration.
INFO  SpringBootTestContextBootstrapper - Found @SpringBootConfiguration org.springframework.samples.petclinic.PetClinicApplication for test class org.springframework.samples.petclinic.acceptance.Cp38Tests
INFO  AnnotationConfigContextLoaderUtils - Could not detect default configuration classes for test class [org.springframework.samples.petclinic.acceptance.Cp38Tests]: Cp38Tests does not declare any static, non-private, non-final, nested classes annotated with @Configuration.
INFO  AnnotationConfigContextLoaderUtils - Could not detect default configuration classes for test class [org.springframework.samples.petclinic.acceptance.AcceptanceBase]: AcceptanceBase does not declare any static, non-private, non-final, nested classes annotated with @Configuration.
INFO  SpringBootTestContextBootstrapper - Found @SpringBootConfiguration org.springframework.samples.petclinic.PetClinicApplication for test class org.springframework.samples.petclinic.acceptance.Cp38Tests
DEBUG ExceptionControllerAdvice - Validation error at POST /api/owners: [Field error in object 'ownerFieldsDto' on field 'email': rejected value [x@mailinator.com]; codes [email.disposable.ownerFieldsDto.email,email.disposable.email,email.disposable.java.lang.String,email.disposable]; arguments []; default message [must not use a disposable email domain]]
INFO  AnnotationConfigContextLoaderUtils - Could not detect default configuration classes for test class [org.springframework.samples.petclinic.acceptance.Cp02Tests]: Cp02Tests does not declare any static, non-private, non-final, nested classes annotated with @Configuration.
INFO  SpringBootTestContextBootstrapper - Found @SpringBootConfiguration org.springframework.samples.petclinic.PetClinicApplication for test class org.springframework.samples.petclinic.acceptance.Cp02Tests
INFO  AnnotationConfigContextLoaderUtils - Could not detect default configuration classes for test class [org.springframework.samples.petclinic.acceptance.Cp02Tests]: Cp02Tests does not declare any static, non-private, non-final, nested classes annotated with @Configuration.
INFO  AnnotationConfigContextLoaderUtils - Could not detect default configuration classes for test class [org.springframework.samples.petclinic.acceptance.AcceptanceBase]: AcceptanceBase does not declare any static, non-private, non-final, nested classes annotated with @Configuration.
INFO  SpringBootTestContextBootstrapper - Found @SpringBootConfiguration org.springframework.samples.petclinic.PetClinicApplication for test class org.springframework.samples.petclinic.acceptance.Cp02Tests
INFO  AUDIT - Owner created: id=212 memberId=V2UNKNOWN2679CF05A90 registrationDate=2026-09-18 membershipLevel=1
INFO  AUDIT - {"seq":202,"schemaVersion":2,"ownerId":212,"memberId":"V2UNKNOWN2679CF05A90","membershipLevel":1,"ownerSegment":"STANDARD_REGIONAL","event":"OWNER_CREATED"}
INFO  NOTIFY - Welcome notification enqueued: id=212 memberId=V2UNKNOWN2679CF05A90
DEBUG ExceptionControllerAdvice - Validation error at POST /api/owners: [Field error in object 'ownerFieldsDto' on field 'telephone': rejected value [12]; codes [telephone.invalid.ownerFieldsDto.telephone,telephone.invalid.telephone,telephone.invalid.java.lang.String,telephone.invalid]; arguments []; default message [must be a valid telephone number in E.164 form]]
INFO  AnnotationConfigContextLoaderUtils - Could not detect default configuration classes for test class [org.springframework.samples.petclinic.acceptance.Cp49Tests]: Cp49Tests does not declare any static, non-private, non-final, nested classes annotated with @Configuration.
INFO  SpringBootTestContextBootstrapper - Found @SpringBootConfiguration org.springframework.samples.petclinic.PetClinicApplication for test class org.springframework.samples.petclinic.acceptance.Cp49Tests
INFO  AnnotationConfigContextLoaderUtils - Could not detect default configuration classes for test class [org.springframework.samples.petclinic.acceptance.Cp49Tests]: Cp49Tests does not declare any static, non-private, non-final, nested classes annotated with @Configuration.
INFO  AnnotationConfigContextLoaderUtils - Could not detect default configuration classes for test class [org.springframework.samples.petclinic.acceptance.AcceptanceBase]: AcceptanceBase does not declare any static, non-private, non-final, nested classes annotated with @Configuration.
INFO  SpringBootTestContextBootstrapper - Found @SpringBootConfiguration org.springframework.samples.petclinic.PetClinicApplication for test class org.springframework.samples.petclinic.acceptance.Cp49Tests
INFO  AUDIT - Owner created: id=213 memberId=V2NSW26EF1402305 registrationDate=2026-09-18 membershipLevel=1
INFO  AUDIT - {"seq":203,"schemaVersion":2,"ownerId":213,"memberId":"V2NSW26EF1402305","membershipLevel":1,"ownerSegment":"STANDARD_METRO","event":"OWNER_CREATED"}
INFO  NOTIFY - Welcome notification enqueued: id=213 memberId=V2NSW26EF1402305
INFO  AnnotationConfigContextLoaderUtils - Could not detect default configuration classes for test class [org.springframework.samples.petclinic.acceptance.Cp45Tests]: Cp45Tests does not declare any static, non-private, non-final, nested classes annotated with @Configuration.
INFO  SpringBootTestContextBootstrapper - Found @SpringBootConfiguration org.springframework.samples.petclinic.PetClinicApplication for test class org.springframework.samples.petclinic.acceptance.Cp45Tests
INFO  AnnotationConfigContextLoaderUtils - Could not detect default configuration classes for test class [org.springframework.samples.petclinic.acceptance.Cp45Tests]: Cp45Tests does not declare any static, non-private, non-final, nested classes annotated with @Configuration.
INFO  AnnotationConfigContextLoaderUtils - Could not detect default configuration classes for test class [org.springframework.samples.petclinic.acceptance.AcceptanceBase]: AcceptanceBase does not declare any static, non-private, non-final, nested classes annotated with @Configuration.
INFO  SpringBootTestContextBootstrapper - Found @SpringBootConfiguration org.springframework.samples.petclinic.PetClinicApplication for test class org.springframework.samples.petclinic.acceptance.Cp45Tests
INFO  AUDIT - Owner created: id=214 memberId=V2NSW26273C2D8F2 registrationDate=2026-09-18 membershipLevel=1
INFO  AUDIT - {"seq":204,"schemaVersion":2,"ownerId":214,"memberId":"V2NSW26273C2D8F2","membershipLevel":1,"ownerSegment":"STANDARD_METRO","event":"OWNER_CREATED"}
INFO  NOTIFY - Welcome notification enqueued: id=214 memberId=V2NSW26273C2D8F2
INFO  AnnotationConfigContextLoaderUtils - Could not detect default configuration classes for test class [org.springframework.samples.petclinic.acceptance.Cp14Tests]: Cp14Tests does not declare any static, non-private, non-final, nested classes annotated with @Configuration.
INFO  SpringBootTestContextBootstrapper - Found @SpringBootConfiguration org.springframework.samples.petclinic.PetClinicApplication for test class org.springframework.samples.petclinic.acceptance.Cp14Tests
INFO  AnnotationConfigContextLoaderUtils - Could not detect default configuration classes for test class [org.springframework.samples.petclinic.acceptance.Cp14Tests]: Cp14Tests does not declare any static, non-private, non-final, nested classes annotated with @Configuration.
INFO  AnnotationConfigContextLoaderUtils - Could not detect default configuration classes for test class [org.springframework.samples.petclinic.acceptance.AcceptanceBase]: AcceptanceBase does not declare any static, non-private, non-final, nested classes annotated with @Configuration.
INFO  SpringBootTestContextBootstrapper - Found @SpringBootConfiguration org.springframework.samples.petclinic.PetClinicApplication for test class org.springframework.samples.petclinic.acceptance.Cp14Tests
INFO  AUDIT - Owner created: id=215 memberId=V2NSW26C92BCB008 registrationDate=2026-09-18 membershipLevel=1
INFO  AUDIT - {"seq":205,"schemaVersion":2,"ownerId":215,"memberId":"V2NSW26C92BCB008","membershipLevel":1,"ownerSegment":"STANDARD_METRO","event":"OWNER_CREATED"}
INFO  NOTIFY - Welcome notification enqueued: id=215 memberId=V2NSW26C92BCB008
INFO  AnnotationConfigContextLoaderUtils - Could not detect default configuration classes for test class [org.springframework.samples.petclinic.acceptance.Cp60Tests]: Cp60Tests does not declare any static, non-private, non-final, nested classes annotated with @Configuration.
INFO  SpringBootTestContextBootstrapper - Found @SpringBootConfiguration org.springframework.samples.petclinic.PetClinicApplication for test class org.springframework.samples.petclinic.acceptance.Cp60Tests
INFO  AnnotationConfigContextLoaderUtils - Could not detect default configuration classes for test class [org.springframework.samples.petclinic.acceptance.Cp60Tests]: Cp60Tests does not declare any static, non-private, non-final, nested classes annotated with @Configuration.
INFO  AnnotationConfigContextLoaderUtils - Could not detect default configuration classes for test class [org.springframework.samples.petclinic.acceptance.AcceptanceBase]: AcceptanceBase does not declare any static, non-private, non-final, nested classes annotated with @Configuration.
INFO  SpringBootTestContextBootstrapper - Found @SpringBootConfiguration org.springframework.samples.petclinic.PetClinicApplication for test class org.springframework.samples.petclinic.acceptance.Cp60Tests
INFO  AUDIT - Owner created: id=216 memberId=V2NSW26E2746CB60 registrationDate=2026-09-18 membershipLevel=1
INFO  AUDIT - {"seq":206,"schemaVersion":2,"ownerId":216,"memberId":"V2NSW26E2746CB60","membershipLevel":1,"ownerSegment":"STANDARD_METRO","event":"OWNER_CREATED"}
INFO  NOTIFY - Welcome notification enqueued: id=216 memberId=V2NSW26E2746CB60
INFO  AnnotationConfigContextLoaderUtils - Could not detect default configuration classes for test class [org.springframework.samples.petclinic.acceptance.Cp48Tests]: Cp48Tests does not declare any static, non-private, non-final, nested classes annotated with @Configuration.
INFO  SpringBootTestContextBootstrapper - Found @SpringBootConfiguration org.springframework.samples.petclinic.PetClinicApplication for test class org.springframework.samples.petclinic.acceptance.Cp48Tests
INFO  AnnotationConfigContextLoaderUtils - Could not detect default configuration classes for test class [org.springframework.samples.petclinic.acceptance.Cp48Tests]: Cp48Tests does not declare any static, non-private, non-final, nested classes annotated with @Configuration.
INFO  AnnotationConfigContextLoaderUtils - Could not detect default configuration classes for test class [org.springframework.samples.petclinic.acceptance.AcceptanceBase]: AcceptanceBase does not declare any static, non-private, non-final, nested classes annotated with @Configuration.
INFO  SpringBootTestContextBootstrapper - Found @SpringBootConfiguration org.springframework.samples.petclinic.PetClinicApplication for test class org.springframework.samples.petclinic.acceptance.Cp48Tests
INFO  AUDIT - Owner created: id=217 memberId=V2NSW26D72436B04 registrationDate=2026-09-18 membershipLevel=1
INFO  AUDIT - {"seq":207,"schemaVersion":2,"ownerId":217,"memberId":"V2NSW26D72436B04","membershipLevel":1,"ownerSegment":"STANDARD_METRO","event":"OWNER_CREATED"}
INFO  NOTIFY - Welcome notification enqueued: id=217 memberId=V2NSW26D72436B04
INFO  AnnotationConfigContextLoaderUtils - Could not detect default configuration classes for test class [org.springframework.samples.petclinic.acceptance.Cp44Tests]: Cp44Tests does not declare any static, non-private, non-final, nested classes annotated with @Configuration.
INFO  SpringBootTestContextBootstrapper - Found @SpringBootConfiguration org.springframework.samples.petclinic.PetClinicApplication for test class org.springframework.samples.petclinic.acceptance.Cp44Tests
INFO  AnnotationConfigContextLoaderUtils - Could not detect default configuration classes for test class [org.springframework.samples.petclinic.acceptance.Cp44Tests]: Cp44Tests does not declare any static, non-private, non-final, nested classes annotated with @Configuration.
INFO  AnnotationConfigContextLoaderUtils - Could not detect default configuration classes for test class [org.springframework.samples.petclinic.acceptance.AcceptanceBase]: AcceptanceBase does not declare any static, non-private, non-final, nested classes annotated with @Configuration.
INFO  SpringBootTestContextBootstrapper - Found @SpringBootConfiguration org.springframework.samples.petclinic.PetClinicApplication for test class org.springframework.samples.petclinic.acceptance.Cp44Tests
INFO  AUDIT - Owner created: id=218 memberId=V2NSW26B6387B2C4 registrationDate=2026-09-18 membershipLevel=1
INFO  AUDIT - {"seq":208,"schemaVersion":2,"ownerId":218,"memberId":"V2NSW26B6387B2C4","membershipLevel":1,"ownerSegment":"STANDARD_METRO","event":"OWNER_CREATED"}
INFO  NOTIFY - Welcome notification enqueued: id=218 memberId=V2NSW26B6387B2C4
INFO  AUDIT - Owner created: id=219 memberId=V2UNKNOWN2640A597EA5 registrationDate=2026-09-18 membershipLevel=1
INFO  AUDIT - {"seq":209,"schemaVersion":2,"ownerId":219,"memberId":"V2UNKNOWN2640A597EA5","membershipLevel":1,"ownerSegment":"STANDARD_REGIONAL","event":"OWNER_CREATED"}
INFO  NOTIFY - Welcome notification enqueued: id=219 memberId=V2UNKNOWN2640A597EA5
INFO  AnnotationConfigContextLoaderUtils - Could not detect default configuration classes for test class [org.springframework.samples.petclinic.acceptance.Cp12Tests]: Cp12Tests does not declare any static, non-private, non-final, nested classes annotated with @Configuration.
INFO  SpringBootTestContextBootstrapper - Found @SpringBootConfiguration org.springframework.samples.petclinic.PetClinicApplication for test class org.springframework.samples.petclinic.acceptance.Cp12Tests
INFO  AnnotationConfigContextLoaderUtils - Could not detect default configuration classes for test class [org.springframework.samples.petclinic.acceptance.Cp12Tests]: Cp12Tests does not declare any static, non-private, non-final, nested classes annotated with @Configuration.
INFO  AnnotationConfigContextLoaderUtils - Could not detect default configuration classes for test class [org.springframework.samples.petclinic.acceptance.AcceptanceBase]: AcceptanceBase does not declare any static, non-private, non-final, nested classes annotated with @Configuration.
INFO  SpringBootTestContextBootstrapper - Found @SpringBootConfiguration org.springframework.samples.petclinic.PetClinicApplication for test class org.springframework.samples.petclinic.acceptance.Cp12Tests
INFO  AUDIT - Owner created: id=220 memberId=V2NSW268963254B9 registrationDate=2026-09-18 membershipLevel=1
INFO  AUDIT - {"seq":210,"schemaVersion":2,"ownerId":220,"memberId":"V2NSW268963254B9","membershipLevel":1,"ownerSegment":"STANDARD_METRO","event":"OWNER_CREATED"}
INFO  NOTIFY - Welcome notification enqueued: id=220 memberId=V2NSW268963254B9
INFO  AnnotationConfigContextLoaderUtils - Could not detect default configuration classes for test class [org.springframework.samples.petclinic.acceptance.Cp54Tests]: Cp54Tests does not declare any static, non-private, non-final, nested classes annotated with @Configuration.
INFO  SpringBootTestContextBootstrapper - Found @SpringBootConfiguration org.springframework.samples.petclinic.PetClinicApplication for test class org.springframework.samples.petclinic.acceptance.Cp54Tests
INFO  AnnotationConfigContextLoaderUtils - Could not detect default configuration classes for test class [org.springframework.samples.petclinic.acceptance.Cp54Tests]: Cp54Tests does not declare any static, non-private, non-final, nested classes annotated with @Configuration.
INFO  AnnotationConfigContextLoaderUtils - Could not detect default configuration classes for test class [org.springframework.samples.petclinic.acceptance.AcceptanceBase]: AcceptanceBase does not declare any static, non-private, non-final, nested classes annotated with @Configuration.
INFO  SpringBootTestContextBootstrapper - Found @SpringBootConfiguration org.springframework.samples.petclinic.PetClinicApplication for test class org.springframework.samples.petclinic.acceptance.Cp54Tests
INFO  AUDIT - Owner created: id=221 memberId=V2UNKNOWN2691E29D5F4 registrationDate=2026-09-18 membershipLevel=1
INFO  AUDIT - {"seq":211,"schemaVersion":2,"ownerId":221,"memberId":"V2UNKNOWN2691E29D5F4","membershipLevel":1,"ownerSegment":"STANDARD_REGIONAL","event":"OWNER_CREATED"}
INFO  NOTIFY - Welcome notification enqueued: id=221 memberId=V2UNKNOWN2691E29D5F4
INFO  AUDIT - Owner created: id=222 memberId=V2UNKNOWN268D6CC7661 registrationDate=2026-09-18 membershipLevel=1
INFO  AUDIT - {"seq":212,"schemaVersion":2,"ownerId":222,"memberId":"V2UNKNOWN268D6CC7661","membershipLevel":1,"ownerSegment":"STANDARD_REGIONAL","event":"OWNER_CREATED"}
INFO  NOTIFY - Welcome notification enqueued: id=222 memberId=V2UNKNOWN268D6CC7661
INFO  AUDIT - Owner created: id=223 memberId=V2UNKNOWN2683CCB9694 registrationDate=2026-09-18 membershipLevel=1
INFO  AUDIT - {"seq":213,"schemaVersion":2,"ownerId":223,"memberId":"V2UNKNOWN2683CCB9694","membershipLevel":1,"ownerSegment":"STANDARD_REGIONAL","event":"OWNER_CREATED"}
INFO  NOTIFY - Welcome notification enqueued: id=223 memberId=V2UNKNOWN2683CCB9694
INFO  AUDIT - Owner created: id=224 memberId=V2UNKNOWN26A413AEB85 registrationDate=2026-09-18 membershipLevel=1
INFO  AUDIT - {"seq":214,"schemaVersion":2,"ownerId":224,"memberId":"V2UNKNOWN26A413AEB85","membershipLevel":1,"ownerSegment":"STANDARD_REGIONAL","event":"OWNER_CREATED"}
INFO  NOTIFY - Welcome notification enqueued: id=224 memberId=V2UNKNOWN26A413AEB85
INFO  AUDIT - Owner created: id=225 memberId=V2UNKNOWN2650DEBFD64 registrationDate=2026-09-18 membershipLevel=1
INFO  AUDIT - {"seq":215,"schemaVersion":2,"ownerId":225,"memberId":"V2UNKNOWN2650DEBFD64","membershipLevel":1,"ownerSegment":"STANDARD_REGIONAL","event":"OWNER_CREATED"}
INFO  NOTIFY - Welcome notification enqueued: id=225 memberId=V2UNKNOWN2650DEBFD64
INFO  AUDIT - Owner created: id=226 memberId=V2UNKNOWN26BFFF59064 registrationDate=2026-09-18 membershipLevel=1
INFO  AUDIT - {"seq":216,"schemaVersion":2,"ownerId":226,"memberId":"V2UNKNOWN26BFFF59064","membershipLevel":1,"ownerSegment":"STANDARD_REGIONAL","event":"OWNER_CREATED"}
INFO  NOTIFY - Welcome notification enqueued: id=226 memberId=V2UNKNOWN26BFFF59064
INFO  AUDIT - Owner created: id=227 memberId=V2UNKNOWN260C7C844E2 registrationDate=2026-09-18 membershipLevel=1
INFO  AUDIT - {"seq":217,"schemaVersion":2,"ownerId":227,"memberId":"V2UNKNOWN260C7C844E2","membershipLevel":1,"ownerSegment":"STANDARD_REGIONAL","event":"OWNER_CREATED"}
INFO  NOTIFY - Welcome notification enqueued: id=227 memberId=V2UNKNOWN260C7C844E2
INFO  AUDIT - Owner created: id=228 memberId=V2UNKNOWN26A67E108C9 registrationDate=2026-09-18 membershipLevel=1
INFO  AUDIT - {"seq":218,"schemaVersion":2,"ownerId":228,"memberId":"V2UNKNOWN26A67E108C9","membershipLevel":1,"ownerSegment":"STANDARD_REGIONAL","event":"OWNER_CREATED"}
INFO  NOTIFY - Welcome notification enqueued: id=228 memberId=V2UNKNOWN26A67E108C9
INFO  AUDIT - Owner created: id=229 memberId=V2UNKNOWN2613952BD36 registrationDate=2026-09-18 membershipLevel=1
INFO  AUDIT - {"seq":219,"schemaVersion":2,"ownerId":229,"memberId":"V2UNKNOWN2613952BD36","membershipLevel":1,"ownerSegment":"STANDARD_REGIONAL","event":"OWNER_CREATED"}
INFO  NOTIFY - Welcome notification enqueued: id=229 memberId=V2UNKNOWN2613952BD36
INFO  AUDIT - Owner created: id=230 memberId=V2UNKNOWN26945D2DF36 registrationDate=2026-09-18 membershipLevel=1
INFO  AUDIT - {"seq":220,"schemaVersion":2,"ownerId":230,"memberId":"V2UNKNOWN26945D2DF36","membershipLevel":1,"ownerSegment":"STANDARD_REGIONAL","event":"OWNER_CREATED"}
INFO  NOTIFY - Welcome notification enqueued: id=230 memberId=V2UNKNOWN26945D2DF36
INFO  AUDIT - Owner created: id=231 memberId=V2UNKNOWN26A9B23BB39 registrationDate=2026-09-18 membershipLevel=1
INFO  AUDIT - {"seq":221,"schemaVersion":2,"ownerId":231,"memberId":"V2UNKNOWN26A9B23BB39","membershipLevel":1,"ownerSegment":"STANDARD_REGIONAL","event":"OWNER_CREATED"}
INFO  NOTIFY - Welcome notification enqueued: id=231 memberId=V2UNKNOWN26A9B23BB39
INFO  AUDIT - Owner created: id=232 memberId=V2UNKNOWN2655ECEA989 registrationDate=2026-09-18 membershipLevel=1
INFO  AUDIT - {"seq":222,"schemaVersion":2,"ownerId":232,"memberId":"V2UNKNOWN2655ECEA989","membershipLevel":1,"ownerSegment":"STANDARD_REGIONAL","event":"OWNER_CREATED"}
INFO  NOTIFY - Welcome notification enqueued: id=232 memberId=V2UNKNOWN2655ECEA989
INFO  AUDIT - Owner created: id=233 memberId=V2UNKNOWN2607E74AF28 registrationDate=2026-09-18 membershipLevel=1
INFO  AUDIT - {"seq":223,"schemaVersion":2,"ownerId":233,"memberId":"V2UNKNOWN2607E74AF28","membershipLevel":1,"ownerSegment":"STANDARD_REGIONAL","event":"OWNER_CREATED"}
INFO  NOTIFY - Welcome notification enqueued: id=233 memberId=V2UNKNOWN2607E74AF28
INFO  AUDIT - Owner created: id=234 memberId=V2UNKNOWN26C1202C101 registrationDate=2026-09-18 membershipLevel=1
INFO  AUDIT - {"seq":224,"schemaVersion":2,"ownerId":234,"memberId":"V2UNKNOWN26C1202C101","membershipLevel":1,"ownerSegment":"STANDARD_REGIONAL","event":"OWNER_CREATED"}
INFO  NOTIFY - Welcome notification enqueued: id=234 memberId=V2UNKNOWN26C1202C101
INFO  AUDIT - Owner created: id=235 memberId=V2UNKNOWN2623F1FC850 registrationDate=2026-09-18 membershipLevel=1
INFO  AUDIT - {"seq":225,"schemaVersion":2,"ownerId":235,"memberId":"V2UNKNOWN2623F1FC850","membershipLevel":1,"ownerSegment":"STANDARD_REGIONAL","event":"OWNER_CREATED"}
INFO  NOTIFY - Welcome notification enqueued: id=235 memberId=V2UNKNOWN2623F1FC850
INFO  AUDIT - Owner created: id=236 memberId=V2UNKNOWN26FD841C195 registrationDate=2026-09-18 membershipLevel=1
INFO  AUDIT - {"seq":226,"schemaVersion":2,"ownerId":236,"memberId":"V2UNKNOWN26FD841C195","membershipLevel":1,"ownerSegment":"STANDARD_REGIONAL","event":"OWNER_CREATED"}
INFO  NOTIFY - Welcome notification enqueued: id=236 memberId=V2UNKNOWN26FD841C195
INFO  AUDIT - Owner created: id=237 memberId=V2UNKNOWN262CB8DC556 registrationDate=2026-09-18 membershipLevel=1
INFO  AUDIT - {"seq":227,"schemaVersion":2,"ownerId":237,"memberId":"V2UNKNOWN262CB8DC556","membershipLevel":1,"ownerSegment":"STANDARD_REGIONAL","event":"OWNER_CREATED"}
INFO  NOTIFY - Welcome notification enqueued: id=237 memberId=V2UNKNOWN262CB8DC556
INFO  AUDIT - Owner created: id=238 memberId=V2UNKNOWN26C87B4ECF6 registrationDate=2026-09-18 membershipLevel=1
INFO  AUDIT - {"seq":228,"schemaVersion":2,"ownerId":238,"memberId":"V2UNKNOWN26C87B4ECF6","membershipLevel":1,"ownerSegment":"STANDARD_REGIONAL","event":"OWNER_CREATED"}
INFO  NOTIFY - Welcome notification enqueued: id=238 memberId=V2UNKNOWN26C87B4ECF6
INFO  AUDIT - Owner created: id=239 memberId=V2UNKNOWN2647A4F2129 registrationDate=2026-09-18 membershipLevel=1
INFO  AUDIT - {"seq":229,"schemaVersion":2,"ownerId":239,"memberId":"V2UNKNOWN2647A4F2129","membershipLevel":1,"ownerSegment":"STANDARD_REGIONAL","event":"OWNER_CREATED"}
INFO  NOTIFY - Welcome notification enqueued: id=239 memberId=V2UNKNOWN2647A4F2129
INFO  AUDIT - Owner created: id=240 memberId=V2UNKNOWN2617DB54E87 registrationDate=2026-09-18 membershipLevel=1
INFO  AUDIT - {"seq":230,"schemaVersion":2,"ownerId":240,"memberId":"V2UNKNOWN2617DB54E87","membershipLevel":1,"ownerSegment":"STANDARD_REGIONAL","event":"OWNER_CREATED"}
INFO  NOTIFY - Welcome notification enqueued: id=240 memberId=V2UNKNOWN2617DB54E87
INFO  AUDIT - Owner created: id=241 memberId=V2UNKNOWN26D8302AA30 registrationDate=2026-09-18 membershipLevel=1
INFO  AUDIT - {"seq":231,"schemaVersion":2,"ownerId":241,"memberId":"V2UNKNOWN26D8302AA30","membershipLevel":1,"ownerSegment":"STANDARD_REGIONAL","event":"OWNER_CREATED"}
INFO  NOTIFY - Welcome notification enqueued: id=241 memberId=V2UNKNOWN26D8302AA30
INFO  AUDIT - Owner created: id=242 memberId=V2UNKNOWN26D1366FFC5 registrationDate=2026-09-18 membershipLevel=1
INFO  AUDIT - {"seq":232,"schemaVersion":2,"ownerId":242,"memberId":"V2UNKNOWN26D1366FFC5","membershipLevel":1,"ownerSegment":"STANDARD_REGIONAL","event":"OWNER_CREATED"}
INFO  NOTIFY - Welcome notification enqueued: id=242 memberId=V2UNKNOWN26D1366FFC5
INFO  AUDIT - Owner created: id=243 memberId=V2UNKNOWN26AB92131C0 registrationDate=2026-09-18 membershipLevel=1
INFO  AUDIT - {"seq":233,"schemaVersion":2,"ownerId":243,"memberId":"V2UNKNOWN26AB92131C0","membershipLevel":1,"ownerSegment":"STANDARD_REGIONAL","event":"OWNER_CREATED"}
INFO  NOTIFY - Welcome notification enqueued: id=243 memberId=V2UNKNOWN26AB92131C0
INFO  AUDIT - Owner created: id=244 memberId=V2UNKNOWN260F84C2667 registrationDate=2026-09-18 membershipLevel=1
INFO  AUDIT - {"seq":234,"schemaVersion":2,"ownerId":244,"memberId":"V2UNKNOWN260F84C2667","membershipLevel":1,"ownerSegment":"STANDARD_REGIONAL","event":"OWNER_CREATED"}
INFO  NOTIFY - Welcome notification enqueued: id=244 memberId=V2UNKNOWN260F84C2667
INFO  AUDIT - Owner created: id=245 memberId=V2UNKNOWN260C84FC7B5 registrationDate=2026-09-18 membershipLevel=1
INFO  AUDIT - {"seq":235,"schemaVersion":2,"ownerId":245,"memberId":"V2UNKNOWN260C84FC7B5","membershipLevel":1,"ownerSegment":"STANDARD_REGIONAL","event":"OWNER_CREATED"}
INFO  NOTIFY - Welcome notification enqueued: id=245 memberId=V2UNKNOWN260C84FC7B5
INFO  AUDIT - Owner created: id=246 memberId=V2UNKNOWN2631E570DA3 registrationDate=2026-09-18 membershipLevel=1
INFO  AUDIT - {"seq":236,"schemaVersion":2,"ownerId":246,"memberId":"V2UNKNOWN2631E570DA3","membershipLevel":1,"ownerSegment":"STANDARD_REGIONAL","event":"OWNER_CREATED"}
INFO  NOTIFY - Welcome notification enqueued: id=246 memberId=V2UNKNOWN2631E570DA3
INFO  AUDIT - Owner created: id=247 memberId=V2UNKNOWN263CB70FF86 registrationDate=2026-09-18 membershipLevel=1
INFO  AUDIT - {"seq":237,"schemaVersion":2,"ownerId":247,"memberId":"V2UNKNOWN263CB70FF86","membershipLevel":1,"ownerSegment":"STANDARD_REGIONAL","event":"OWNER_CREATED"}
INFO  NOTIFY - Welcome notification enqueued: id=247 memberId=V2UNKNOWN263CB70FF86
INFO  AUDIT - Owner created: id=248 memberId=V2UNKNOWN261711CCE71 registrationDate=2026-09-18 membershipLevel=1
INFO  AUDIT - {"seq":238,"schemaVersion":2,"ownerId":248,"memberId":"V2UNKNOWN261711CCE71","membershipLevel":1,"ownerSegment":"STANDARD_REGIONAL","event":"OWNER_CREATED"}
INFO  NOTIFY - Welcome notification enqueued: id=248 memberId=V2UNKNOWN261711CCE71
INFO  AUDIT - Owner created: id=249 memberId=V2UNKNOWN26B2FFDBE33 registrationDate=2026-09-18 membershipLevel=1
INFO  AUDIT - {"seq":239,"schemaVersion":2,"ownerId":249,"memberId":"V2UNKNOWN26B2FFDBE33","membershipLevel":1,"ownerSegment":"STANDARD_REGIONAL","event":"OWNER_CREATED"}
INFO  NOTIFY - Welcome notification enqueued: id=249 memberId=V2UNKNOWN26B2FFDBE33
INFO  AUDIT - Owner created: id=250 memberId=V2UNKNOWN265FD97EDB3 registrationDate=2026-09-18 membershipLevel=1
INFO  AUDIT - {"seq":240,"schemaVersion":2,"ownerId":250,"memberId":"V2UNKNOWN265FD97EDB3","membershipLevel":1,"ownerSegment":"STANDARD_REGIONAL","event":"OWNER_CREATED"}
INFO  NOTIFY - Welcome notification enqueued: id=250 memberId=V2UNKNOWN265FD97EDB3
INFO  AUDIT - Owner created: id=251 memberId=V2UNKNOWN265E1FE4F26 registrationDate=2026-09-18 membershipLevel=1
INFO  AUDIT - {"seq":241,"schemaVersion":2,"ownerId":251,"memberId":"V2UNKNOWN265E1FE4F26","membershipLevel":1,"ownerSegment":"STANDARD_REGIONAL","event":"OWNER_CREATED"}
INFO  NOTIFY - Welcome notification enqueued: id=251 memberId=V2UNKNOWN265E1FE4F26
INFO  AUDIT - Owner created: id=252 memberId=V2UNKNOWN26238BDBAE4 registrationDate=2026-09-18 membershipLevel=1
INFO  AUDIT - {"seq":242,"schemaVersion":2,"ownerId":252,"memberId":"V2UNKNOWN26238BDBAE4","membershipLevel":1,"ownerSegment":"STANDARD_REGIONAL","event":"OWNER_CREATED"}
INFO  NOTIFY - Welcome notification enqueued: id=252 memberId=V2UNKNOWN26238BDBAE4
INFO  AUDIT - Owner created: id=253 memberId=V2UNKNOWN26BD288D298 registrationDate=2026-09-18 membershipLevel=1
INFO  AUDIT - {"seq":243,"schemaVersion":2,"ownerId":253,"memberId":"V2UNKNOWN26BD288D298","membershipLevel":1,"ownerSegment":"STANDARD_REGIONAL","event":"OWNER_CREATED"}
INFO  NOTIFY - Welcome notification enqueued: id=253 memberId=V2UNKNOWN26BD288D298
INFO  AUDIT - Owner created: id=254 memberId=V2UNKNOWN2640302AED0 registrationDate=2026-09-18 membershipLevel=1
INFO  AUDIT - {"seq":244,"schemaVersion":2,"ownerId":254,"memberId":"V2UNKNOWN2640302AED0","membershipLevel":1,"ownerSegment":"STANDARD_REGIONAL","event":"OWNER_CREATED"}
INFO  NOTIFY - Welcome notification enqueued: id=254 memberId=V2UNKNOWN2640302AED0
INFO  AUDIT - Owner created: id=255 memberId=V2UNKNOWN261AE6D7930 registrationDate=2026-09-18 membershipLevel=1
INFO  AUDIT - {"seq":245,"schemaVersion":2,"ownerId":255,"memberId":"V2UNKNOWN261AE6D7930","membershipLevel":1,"ownerSegment":"STANDARD_REGIONAL","event":"OWNER_CREATED"}
INFO  NOTIFY - Welcome notification enqueued: id=255 memberId=V2UNKNOWN261AE6D7930
INFO  AUDIT - Owner created: id=256 memberId=V2UNKNOWN2617349CB05 registrationDate=2026-09-18 membershipLevel=1
INFO  AUDIT - {"seq":246,"schemaVersion":2,"ownerId":256,"memberId":"V2UNKNOWN2617349CB05","membershipLevel":1,"ownerSegment":"STANDARD_REGIONAL","event":"OWNER_CREATED"}
INFO  NOTIFY - Welcome notification enqueued: id=256 memberId=V2UNKNOWN2617349CB05
INFO  AUDIT - Owner created: id=257 memberId=V2UNKNOWN26B503665E3 registrationDate=2026-09-18 membershipLevel=1
INFO  AUDIT - {"seq":247,"schemaVersion":2,"ownerId":257,"memberId":"V2UNKNOWN26B503665E3","membershipLevel":1,"ownerSegment":"STANDARD_REGIONAL","event":"OWNER_CREATED"}
INFO  NOTIFY - Welcome notification enqueued: id=257 memberId=V2UNKNOWN26B503665E3
INFO  AUDIT - Owner created: id=258 memberId=V2UNKNOWN26E5D7186D7 registrationDate=2026-09-18 membershipLevel=1
INFO  AUDIT - {"seq":248,"schemaVersion":2,"ownerId":258,"memberId":"V2UNKNOWN26E5D7186D7","membershipLevel":1,"ownerSegment":"STANDARD_REGIONAL","event":"OWNER_CREATED"}
INFO  NOTIFY - Welcome notification enqueued: id=258 memberId=V2UNKNOWN26E5D7186D7
INFO  AUDIT - Owner created: id=259 memberId=V2UNKNOWN268A0AA05F2 registrationDate=2026-09-18 membershipLevel=1
INFO  AUDIT - {"seq":249,"schemaVersion":2,"ownerId":259,"memberId":"V2UNKNOWN268A0AA05F2","membershipLevel":1,"ownerSegment":"STANDARD_REGIONAL","event":"OWNER_CREATED"}
INFO  NOTIFY - Welcome notification enqueued: id=259 memberId=V2UNKNOWN268A0AA05F2
INFO  AUDIT - Owner created: id=260 memberId=V2UNKNOWN2618E4446C4 registrationDate=2026-09-18 membershipLevel=1
INFO  AUDIT - {"seq":250,"schemaVersion":2,"ownerId":260,"memberId":"V2UNKNOWN2618E4446C4","membershipLevel":1,"ownerSegment":"STANDARD_REGIONAL","event":"OWNER_CREATED"}
INFO  NOTIFY - Welcome notification enqueued: id=260 memberId=V2UNKNOWN2618E4446C4
INFO  AUDIT - Owner created: id=261 memberId=V2UNKNOWN26FD8E44A19 registrationDate=2026-09-18 membershipLevel=1
INFO  AUDIT - {"seq":251,"schemaVersion":2,"ownerId":261,"memberId":"V2UNKNOWN26FD8E44A19","membershipLevel":1,"ownerSegment":"STANDARD_REGIONAL","event":"OWNER_CREATED"}
INFO  NOTIFY - Welcome notification enqueued: id=261 memberId=V2UNKNOWN26FD8E44A19
INFO  AnnotationConfigContextLoaderUtils - Could not detect default configuration classes for test class [org.springframework.samples.petclinic.acceptance.Cp39Tests]: Cp39Tests does not declare any static, non-private, non-final, nested classes annotated with @Configuration.
INFO  SpringBootTestContextBootstrapper - Found @SpringBootConfiguration org.springframework.samples.petclinic.PetClinicApplication for test class org.springframework.samples.petclinic.acceptance.Cp39Tests
INFO  AnnotationConfigContextLoaderUtils - Could not detect default configuration classes for test class [org.springframework.samples.petclinic.acceptance.Cp39Tests]: Cp39Tests does not declare any static, non-private, non-final, nested classes annotated with @Configuration.
INFO  AnnotationConfigContextLoaderUtils - Could not detect default configuration classes for test class [org.springframework.samples.petclinic.acceptance.AcceptanceBase]: AcceptanceBase does not declare any static, non-private, non-final, nested classes annotated with @Configuration.
INFO  SpringBootTestContextBootstrapper - Found @SpringBootConfiguration org.springframework.samples.petclinic.PetClinicApplication for test class org.springframework.samples.petclinic.acceptance.Cp39Tests
INFO  AUDIT - Owner created: id=262 memberId=V2NSW26786E13D55 registrationDate=2026-09-18 membershipLevel=1
INFO  AUDIT - {"seq":252,"schemaVersion":2,"ownerId":262,"memberId":"V2NSW26786E13D55","membershipLevel":1,"ownerSegment":"STANDARD_METRO","event":"OWNER_CREATED"}
INFO  NOTIFY - Welcome notification enqueued: id=262 memberId=V2NSW26786E13D55
INFO  AUDIT - Owner created: id=263 memberId=V2NSW26DF0AE3B05 registrationDate=2026-09-18 membershipLevel=1
INFO  AUDIT - {"seq":253,"schemaVersion":2,"ownerId":263,"memberId":"V2NSW26DF0AE3B05","membershipLevel":1,"ownerSegment":"STANDARD_METRO","event":"OWNER_CREATED"}
INFO  NOTIFY - Welcome notification enqueued: id=263 memberId=V2NSW26DF0AE3B05
INFO  AUDIT - Owner created: id=264 memberId=V2NSW262D30059F9 registrationDate=2026-09-18 membershipLevel=2
INFO  AUDIT - {"seq":254,"schemaVersion":2,"ownerId":264,"memberId":"V2NSW262D30059F9","membershipLevel":2,"ownerSegment":"STANDARD_METRO","event":"OWNER_CREATED"}
INFO  NOTIFY - Welcome notification enqueued: id=264 memberId=V2NSW262D30059F9

MockHttpServletRequest:
      HTTP Method = POST
      Request URI = /api/owners
       Parameters = {}
          Headers = [Content-Type:"application/json;charset=UTF-8", Content-Length:"154"]
             Body = {"firstName":"Fnapd","lastName":"Suraoy","address":"1093 Test Street","city":"Town1094","telephone":"0400001095","postcode":"2000","sharesHousehold":true}
    Session Attrs = {SPRING_SECURITY_CONTEXT=SecurityContextImpl [Authentication=UsernamePasswordAuthenticationToken [Principal=org.springframework.security.core.userdetails.User [Username=acceptance-admin, Password=[PROTECTED], Enabled=true, AccountNonExpired=true, CredentialsNonExpired=true, AccountNonLocked=true, Granted Authorities=[ROLE_ADMIN, ROLE_OWNER_ADMIN, ROLE_VET_ADMIN]], Credentials=[PROTECTED], Authenticated=true, Details=null, Granted Authorities=[ROLE_ADMIN, ROLE_OWNER_ADMIN, ROLE_VET_ADMIN]]]}

Handler:
             Type = org.springframework.samples.petclinic.rest.controller.v1.OwnerRestControllerV1
           Method = org.springframework.samples.petclinic.rest.controller.v1.OwnerRestControllerV1#addOwner(OwnerFieldsDto, String)

Async:
    Async started = false
     Async result = null

Resolved Exception:
             Type = null

ModelAndView:
        View name = null
             View = null
            Model = null

FlashMap:
       Attributes = null

MockHttpServletResponse:
           Status = 201
    Error message = null
          Headers = [Vary:"Origin", "Access-Control-Request-Method", "Access-Control-Request-Headers", Location:"/api/owners/262", Content-Type:"application/json", X-Content-Type-Options:"nosniff", X-XSS-Protection:"0", Cache-Control:"no-cache, no-store, max-age=0, must-revalidate", Pragma:"no-cache", Expires:"0", X-Frame-Options:"DENY"]
     Content type = application/json
             Body = {"firstName":"Fnapd","lastName":"Suraoy","city":"Town1094","telephone":"+61400001095","pets":[],"address":"1093 TEST STREET","addressLine1":null,"addressLine2":null,"ageBand":null,"apiVersion":2,"birthDate":null,"bulkSignupWarning":false,"capacityWarning":false,"contactPreference":"PHONE","deleted":false,"displayName":"Suraoy, Fnapd","email":null,"fiscalYear":"FY26","id":262,"identity":{"householdId":"2FFFEFA95832","identityKey":"69cbddc55afb307a0e5705d446ff9723255990bdc8f3ffaa74fadb06a0e0a1c4","memberId":"V2NSW26786E13D55"},"initials":"F.S.","locality":"NSW","membershipLevel":1,"membershipPoints":1,"namesakeCount":0,"ownerSegment":"STANDARD_METRO","possibleDuplicate":false,"possibleDuplicateOf":null,"postcode":"2000","registrationDate":"2026-09-18","riskFlag":false,"salutation":"Suraoy","selfLink":"/api/owners/262","sharesHousehold":null,"telephoneDisplay":"+61 400 001 095","timezone":"Australia/Sydney","title":null}
    Forwarded URL = null
   Redirected URL = /api/owners/262
          Cookies = []

MockHttpServletRequest:
      HTTP Method = POST
      Request URI = /api/owners
       Parameters = {}
          Headers = [Content-Type:"application/json;charset=UTF-8", Content-Length:"154"]
             Body = {"firstName":"Fnapi","lastName":"Suraoy","address":"1098 Test Street","city":"Town1099","telephone":"0400001100","postcode":"2000","sharesHousehold":true}
    Session Attrs = {SPRING_SECURITY_CONTEXT=SecurityContextImpl [Authentication=UsernamePasswordAuthenticationToken [Principal=org.springframework.security.core.userdetails.User [Username=acceptance-admin, Password=[PROTECTED], Enabled=true, AccountNonExpired=true, CredentialsNonExpired=true, AccountNonLocked=true, Granted Authorities=[ROLE_ADMIN, ROLE_OWNER_ADMIN, ROLE_VET_ADMIN]], Credentials=[PROTECTED], Authenticated=true, Details=null, Granted Authorities=[ROLE_ADMIN, ROLE_OWNER_ADMIN, ROLE_VET_ADMIN]]]}

Handler:
             Type = org.springframework.samples.petclinic.rest.controller.v1.OwnerRestControllerV1
           Method = org.springframework.samples.petclinic.rest.controller.v1.OwnerRestControllerV1#addOwner(OwnerFieldsDto, String)

Async:
    Async started = false
     Async result = null

Resolved Exception:
             Type = null

ModelAndView:
        View name = null
             View = null
            Model = null

FlashMap:
       Attributes = null

MockHttpServletResponse:
           Status = 201
    Error message = null
          Headers = [Vary:"Origin", "Access-Control-Request-Method", "Access-Control-Request-Headers", Location:"/api/owners/263", Content-Type:"application/json", X-Content-Type-Options:"nosniff", X-XSS-Protection:"0", Cache-Control:"no-cache, no-store, max-age=0, must-revalidate", Pragma:"no-cache", Expires:"0", X-Frame-Options:"DENY"]
     Content type = application/json
             Body = {"firstName":"Fnapi","lastName":"Suraoy","city":"Town1099","telephone":"+61400001100","pets":[],"address":"1098 TEST STREET","addressLine1":null,"addressLine2":null,"ageBand":null,"apiVersion":2,"birthDate":null,"bulkSignupWarning":false,"capacityWarning":false,"contactPreference":"PHONE","deleted":false,"displayName":"Suraoy, Fnapi","email":null,"fiscalYear":"FY26","id":263,"identity":{"householdId":"2FFFEFA95832","identityKey":"f70f73845be8979b6939b73294754894d8cf47bef210ef0cc16f281c7027958a","memberId":"V2NSW26DF0AE3B05"},"initials":"F.S.","locality":"NSW","membershipLevel":1,"membershipPoints":1,"namesakeCount":0,"ownerSegment":"STANDARD_METRO","possibleDuplicate":false,"possibleDuplicateOf":null,"postcode":"2000","registrationDate":"2026-09-18","riskFlag":false,"salutation":"Suraoy","selfLink":"/api/owners/263","sharesHousehold":null,"telephoneDisplay":"+61 400 001 100","timezone":"Australia/Sydney","title":null}
    Forwarded URL = null
   Redirected URL = /api/owners/263
          Cookies = []

MockHttpServletRequest:
      HTTP Method = POST
      Request URI = /api/owners
       Parameters = {}
          Headers = [Content-Type:"application/json;charset=UTF-8", Content-Length:"187"]
             Body = {"firstName":"Fnapn","lastName":"Suraoy","address":"1103 Test Street","city":"Town1104","telephone":"0400001105","postcode":"2000","sharesHousehold":true,"email":"owner1107@example.test"}
    Session Attrs = {SPRING_SECURITY_CONTEXT=SecurityContextImpl [Authentication=UsernamePasswordAuthenticationToken [Principal=org.springframework.security.core.userdetails.User [Username=acceptance-admin, Password=[PROTECTED], Enabled=true, AccountNonExpired=true, CredentialsNonExpired=true, AccountNonLocked=true, Granted Authorities=[ROLE_ADMIN, ROLE_OWNER_ADMIN, ROLE_VET_ADMIN]], Credentials=[PROTECTED], Authenticated=true, Details=null, Granted Authorities=[ROLE_ADMIN, ROLE_OWNER_ADMIN, ROLE_VET_ADMIN]]]}

Handler:
             Type = org.springframework.samples.petclinic.rest.controller.v1.OwnerRestControllerV1
           Method = org.springframework.samples.petclinic.rest.controller.v1.OwnerRestControllerV1#addOwner(OwnerFieldsDto, String)

Async:
    Async started = false
     Async result = null

Resolved Exception:
             Type = null

ModelAndView:
        View name = null
             View = null
            Model = null

FlashMap:
       Attributes = null

MockHttpServletResponse:
           Status = 201
    Error message = null
          Headers = [Vary:"Origin", "Access-Control-Request-Method", "Access-Control-Request-Headers", Location:"/api/owners/264", Content-Type:"application/json", X-Content-Type-Options:"nosniff", X-XSS-Protection:"0", Cache-Control:"no-cache, no-store, max-age=0, must-revalidate", Pragma:"no-cache", Expires:"0", X-Frame-Options:"DENY"]
     Content type = application/json
             Body = {"firstName":"Fnapn","lastName":"Suraoy","city":"Town1104","telephone":"+61400001105","pets":[],"address":"1103 TEST STREET","addressLine1":null,"addressLine2":null,"ageBand":null,"apiVersion":2,"birthDate":null,"bulkSignupWarning":false,"capacityWarning":false,"contactPreference":"EMAIL","deleted":false,"displayName":"Suraoy, Fnapn","email":"owner1107@example.test","fiscalYear":"FY26","id":264,"identity":{"householdId":"2FFFEFA95832","identityKey":"752d83e9c75285e3f254f4a376aab2582a81b692b8d8282ae268081dc6a12786","memberId":"V2NSW262D30059F9"},"initials":"F.S.","locality":"NSW","membershipLevel":2,"membershipPoints":5,"namesakeCount":0,"ownerSegment":"STANDARD_METRO","possibleDuplicate":false,"possibleDuplicateOf":null,"postcode":"2000","registrationDate":"2026-09-18","riskFlag":false,"salutation":"Suraoy","selfLink":"/api/owners/264","sharesHousehold":null,"telephoneDisplay":"+61 400 001 105","timezone":"Australia/Sydney","title":null}
    Forwarded URL = null
   Redirected URL = /api/owners/264
          Cookies = []

MockHttpServletRequest:
      HTTP Method = GET
      Request URI = /api/owners/264
       Parameters = {}
          Headers = []
             Body = null
    Session Attrs = {SPRING_SECURITY_CONTEXT=SecurityContextImpl [Authentication=UsernamePasswordAuthenticationToken [Principal=org.springframework.security.core.userdetails.User [Username=acceptance-admin, Password=[PROTECTED], Enabled=true, AccountNonExpired=true, CredentialsNonExpired=true, AccountNonLocked=true, Granted Authorities=[ROLE_ADMIN, ROLE_OWNER_ADMIN, ROLE_VET_ADMIN]], Credentials=[PROTECTED], Authenticated=true, Details=null, Granted Authorities=[ROLE_ADMIN, ROLE_OWNER_ADMIN, ROLE_VET_ADMIN]]]}

Handler:
             Type = org.springframework.samples.petclinic.rest.controller.v1.OwnerRestControllerV1
           Method = org.springframework.samples.petclinic.rest.controller.v1.OwnerRestControllerV1#getOwner(Integer)

Async:
    Async started = false
     Async result = null

Resolved Exception:
             Type = null

ModelAndView:
        View name = null
             View = null
            Model = null

FlashMap:
       Attributes = null

MockHttpServletResponse:
           Status = 200
    Error message = null
          Headers = [Vary:"Origin", "Access-Control-Request-Method", "Access-Control-Request-Headers", Content-Type:"application/json", X-Content-Type-Options:"nosniff", X-XSS-Protection:"0", Cache-Control:"no-cache, no-store, max-age=0, must-revalidate", Pragma:"no-cache", Expires:"0", X-Frame-Options:"DENY"]
     Content type = application/json
             Body = {"firstName":"Fnapn","lastName":"Suraoy","city":"Town1104","telephone":"+61400001105","pets":[],"address":"1103 TEST STREET","addressLine1":null,"addressLine2":null,"ageBand":null,"apiVersion":2,"birthDate":null,"bulkSignupWarning":false,"capacityWarning":false,"contactPreference":"EMAIL","deleted":false,"displayName":"Suraoy, Fnapn","email":"owner1107@example.test","fiscalYear":"FY26","id":264,"identity":{"householdId":"2FFFEFA95832","identityKey":"752d83e9c75285e3f254f4a376aab2582a81b692b8d8282ae268081dc6a12786","memberId":"V2NSW262D30059F9"},"initials":"F.S.","locality":"NSW","membershipLevel":2,"membershipPoints":5,"namesakeCount":0,"ownerSegment":"STANDARD_METRO","possibleDuplicate":false,"possibleDuplicateOf":null,"postcode":"2000","registrationDate":"2026-09-18","riskFlag":false,"salutation":"Suraoy","selfLink":"/api/owners/264","sharesHousehold":null,"telephoneDisplay":"+61 400 001 105","timezone":"Australia/Sydney","title":null}
    Forwarded URL = null
   Redirected URL = null
          Cookies = []
[ERROR] Tests run: 1, Failures: 1, Errors: 0, Skipped: 0, Time elapsed: 0.042 s <<< FAILURE! -- in org.springframework.samples.petclinic.acceptance.Cp39Tests
[ERROR] org.springframework.samples.petclinic.acceptance.Cp39Tests.coreNewOwnerCappedBelowFour -- Time elapsed: 0.037 s <<< FAILURE!
java.lang.AssertionError: JSON path "$.membershipLevel" expected:<3> but was:<2>
	at org.springframework.test.util.AssertionErrors.fail(AssertionErrors.java:62)
	at org.springframework.test.util.AssertionErrors.assertEquals(AssertionErrors.java:129)
	at org.springframework.test.util.JsonPathExpectationsHelper.assertValue(JsonPathExpectationsHelper.java:172)
	at org.springframework.test.web.servlet.result.JsonPathResultMatchers.lambda$value$2(JsonPathResultMatchers.java:111)
	at org.springframework.test.web.servlet.MockMvc$1.andExpect(MockMvc.java:212)
	at org.springframework.samples.petclinic.acceptance.Cp39Tests.coreNewOwnerCappedBelowFour(Cp39Tests.java:28)

INFO  AnnotationConfigContextLoaderUtils - Could not detect default configuration classes for test class [org.springframework.samples.petclinic.acceptance.Cp34Tests]: Cp34Tests does not declare any static, non-private, non-final, nested classes annotated with @Configuration.
INFO  SpringBootTestContextBootstrapper - Found @SpringBootConfiguration org.springframework.samples.petclinic.PetClinicApplication for test class org.springframework.samples.petclinic.acceptance.Cp34Tests
INFO  AnnotationConfigContextLoaderUtils - Could not detect default configuration classes for test class [org.springframework.samples.petclinic.acceptance.Cp34Tests]: Cp34Tests does not declare any static, non-private, non-final, nested classes annotated with @Configuration.
INFO  AnnotationConfigContextLoaderUtils - Could not detect default configuration classes for test class [org.springframework.samples.petclinic.acceptance.AcceptanceBase]: AcceptanceBase does not declare any static, non-private, non-final, nested classes annotated with @Configuration.
INFO  SpringBootTestContextBootstrapper - Found @SpringBootConfiguration org.springframework.samples.petclinic.PetClinicApplication for test class org.springframework.samples.petclinic.acceptance.Cp34Tests
INFO  AUDIT - Owner created: id=265 memberId=V2UNKNOWN2627CE98D91 registrationDate=2026-09-18 membershipLevel=1
INFO  AUDIT - {"seq":255,"schemaVersion":2,"ownerId":265,"memberId":"V2UNKNOWN2627CE98D91","membershipLevel":1,"ownerSegment":"STANDARD_REGIONAL","event":"OWNER_CREATED"}
INFO  NOTIFY - Welcome notification enqueued: id=265 memberId=V2UNKNOWN2627CE98D91
INFO  AnnotationConfigContextLoaderUtils - Could not detect default configuration classes for test class [org.springframework.samples.petclinic.acceptance.Cp04Tests]: Cp04Tests does not declare any static, non-private, non-final, nested classes annotated with @Configuration.
INFO  SpringBootTestContextBootstrapper - Found @SpringBootConfiguration org.springframework.samples.petclinic.PetClinicApplication for test class org.springframework.samples.petclinic.acceptance.Cp04Tests
INFO  AnnotationConfigContextLoaderUtils - Could not detect default configuration classes for test class [org.springframework.samples.petclinic.acceptance.Cp04Tests]: Cp04Tests does not declare any static, non-private, non-final, nested classes annotated with @Configuration.
INFO  AnnotationConfigContextLoaderUtils - Could not detect default configuration classes for test class [org.springframework.samples.petclinic.acceptance.AcceptanceBase]: AcceptanceBase does not declare any static, non-private, non-final, nested classes annotated with @Configuration.
INFO  SpringBootTestContextBootstrapper - Found @SpringBootConfiguration org.springframework.samples.petclinic.PetClinicApplication for test class org.springframework.samples.petclinic.acceptance.Cp04Tests
DEBUG ExceptionControllerAdvice - Validation error at POST /api/owners: [Field error in object 'ownerFieldsDto' on field 'email': rejected value [not-an-email]; codes [email.invalid.ownerFieldsDto.email,email.invalid.email,email.invalid.java.lang.String,email.invalid]; arguments []; default message [must be a valid email address]]
INFO  AUDIT - Owner created: id=266 memberId=V2UNKNOWN268F3CF3564 registrationDate=2026-09-18 membershipLevel=1
INFO  AUDIT - {"seq":256,"schemaVersion":2,"ownerId":266,"memberId":"V2UNKNOWN268F3CF3564","membershipLevel":1,"ownerSegment":"STANDARD_REGIONAL","event":"OWNER_CREATED"}
INFO  NOTIFY - Welcome notification enqueued: id=266 memberId=V2UNKNOWN268F3CF3564
INFO  AUDIT - Owner created: id=267 memberId=V2UNKNOWN26E1FBB8A65 registrationDate=2026-09-18 membershipLevel=2
INFO  AUDIT - {"seq":257,"schemaVersion":2,"ownerId":267,"memberId":"V2UNKNOWN26E1FBB8A65","membershipLevel":2,"ownerSegment":"STANDARD_REGIONAL","event":"OWNER_CREATED"}
INFO  NOTIFY - Welcome notification enqueued: id=267 memberId=V2UNKNOWN26E1FBB8A65
INFO  AnnotationConfigContextLoaderUtils - Could not detect default configuration classes for test class [org.springframework.samples.petclinic.acceptance.Cp16Tests]: Cp16Tests does not declare any static, non-private, non-final, nested classes annotated with @Configuration.
INFO  SpringBootTestContextBootstrapper - Found @SpringBootConfiguration org.springframework.samples.petclinic.PetClinicApplication for test class org.springframework.samples.petclinic.acceptance.Cp16Tests
INFO  AnnotationConfigContextLoaderUtils - Could not detect default configuration classes for test class [org.springframework.samples.petclinic.acceptance.Cp16Tests]: Cp16Tests does not declare any static, non-private, non-final, nested classes annotated with @Configuration.
INFO  AnnotationConfigContextLoaderUtils - Could not detect default configuration classes for test class [org.springframework.samples.petclinic.acceptance.AcceptanceBase]: AcceptanceBase does not declare any static, non-private, non-final, nested classes annotated with @Configuration.
INFO  SpringBootTestContextBootstrapper - Found @SpringBootConfiguration org.springframework.samples.petclinic.PetClinicApplication for test class org.springframework.samples.petclinic.acceptance.Cp16Tests
INFO  AUDIT - Owner created: id=268 memberId=V2NSW26115268EB6 registrationDate=2026-09-18 membershipLevel=1
INFO  AUDIT - {"seq":258,"schemaVersion":2,"ownerId":268,"memberId":"V2NSW26115268EB6","membershipLevel":1,"ownerSegment":"STANDARD_METRO","event":"OWNER_CREATED"}
INFO  NOTIFY - Welcome notification enqueued: id=268 memberId=V2NSW26115268EB6
INFO  AnnotationConfigContextLoaderUtils - Could not detect default configuration classes for test class [org.springframework.samples.petclinic.acceptance.Cp43Tests]: Cp43Tests does not declare any static, non-private, non-final, nested classes annotated with @Configuration.
INFO  SpringBootTestContextBootstrapper - Found @SpringBootConfiguration org.springframework.samples.petclinic.PetClinicApplication for test class org.springframework.samples.petclinic.acceptance.Cp43Tests
INFO  AnnotationConfigContextLoaderUtils - Could not detect default configuration classes for test class [org.springframework.samples.petclinic.acceptance.Cp43Tests]: Cp43Tests does not declare any static, non-private, non-final, nested classes annotated with @Configuration.
INFO  AnnotationConfigContextLoaderUtils - Could not detect default configuration classes for test class [org.springframework.samples.petclinic.acceptance.AcceptanceBase]: AcceptanceBase does not declare any static, non-private, non-final, nested classes annotated with @Configuration.
INFO  SpringBootTestContextBootstrapper - Found @SpringBootConfiguration org.springframework.samples.petclinic.PetClinicApplication for test class org.springframework.samples.petclinic.acceptance.Cp43Tests
INFO  AUDIT - Owner created: id=269 memberId=V2NSW26E31088279 registrationDate=2026-09-18 membershipLevel=2
INFO  AUDIT - {"seq":259,"schemaVersion":2,"ownerId":269,"memberId":"V2NSW26E31088279","membershipLevel":2,"ownerSegment":"STANDARD_METRO","event":"OWNER_CREATED"}
INFO  NOTIFY - Welcome notification enqueued: id=269 memberId=V2NSW26E31088279
[ERROR] Failures: 
[ERROR]   Cp23Tests.coreHouseholdAddsPoints:29 JSON path "$.membershipLevel" expected:<3> but was:<2>
[ERROR]   Cp39Tests.coreNewOwnerCappedBelowFour:28 JSON path "$.membershipLevel" expected:<3> but was:<2>
[ERROR] Tests run: 70, Failures: 2, Errors: 0, Skipped: 0
[ERROR] Failed to execute goal org.apache.maven.plugins:maven-surefire-plugin:3.5.6:test (default-test) on project spring-petclinic-rest: There are test failures.
[ERROR] 
[ERROR] See /home/daniel/sandbox/target/surefire-reports for the individual test results.
[ERROR] See dump files (if any exist) [date].dump, [date]-jvmRun[N].dump and [date].dumpstream.
[ERROR] -> [Help 1]
[ERROR] 
[ERROR] To see the full stack trace of the errors, re-run Maven with the -e switch.
[ERROR] Re-run Maven using the -X switch to enable full debug logging.
[ERROR] 
[ERROR] For more information about the errors and possible solutions, please read the following articles:
[ERROR] [Help 1] http://cwiki.apache.org/confluence/display/MAVEN/MojoFailureException
OpenJDK 64-Bit Server VM warning: Sharing is only supported for boot loader classes because bootstrap classpath has been appended
